Username,Password
aadams,b00MDbxy&G
aadams1,&5YGox1GDn
aadams2,xU6JvB)i%0
aadkins,l4pBAswI&K
aaguilar,4Z3!0Vxd#0
aaguilar1,3$6KExUb1E
aalexander,+7j+XYql4o
aali,T8%5vRiil%
aallen,j9U0hwr%!5
aallen1,Vrzyr1Ug+6
aalvarez,4KD9b581)5
aalvarez1,4gtcG0Sq)1
aanderson,(9gMisLvzu
aanderson1,(VWSyLYw5N
aarellano,ijcHIoJc+8
aaron01,f7I&W4!F^z
aaron04,l6VjgcSA((
aaron11,jU(11BhYQ)
aaron23,*5HvR$fh!V
aaron27,0+*6*0VQHt
aaron271,^#8yhGf_wR
aaron28,#(3PYo9PRh
aaron281,Q9QezY7j%D
aaron30,no0WiKTq%S
aaron34,$hRxeSi%7q
aaron43,*8d6ShKrwy
aaron45,%16*qjFqJ0
aaron46,i23A8wH4^y
aaron47,0@Z2DRtf7p
aaron48,3FkVGXZv&3
aaron55,_3gV24rauf
aaron57,(G^09IzTv#
aaron62,_a0Nv#%981
aaron65,S5VXFU3q&c
aaron66,4V7yKE#a(A
aaron75,(34gYhz2Hl
aaron78,c@1bKZ2i(&
aaron79,%4kdY%4c2p
aaron82,c6_GYLk6#H
aaron85,lM5hOkQp!a
aaron86,8_Z91Mx_Yl
aaron861,q+5ODoV6I$
aaron87,^D0P^Ic2cO
aaron88,1FdU1XVn@X
aaronadams,2hstT#Hp^f
aaronallen,4iVO9DVe&7
aaronarellano,b%6fpP7s$V
aaronarroyo,Pi9Gi^1_!&
aaronbennett,V)9&nZ3ueF
aaronburns,A+2NN84oCR
aaroncamacho,#6CJ&veqJn
aaroncastillo,4wYZdQsq+f
aaroncherry,@jcEZYau5j
aaronclark,VpA84X#zN)
aaronevans,e8mEy&b&+D
aarongonzalez,__@x7MnaIV
aarongrant,0RC3YwtT)$
aarongraves,z6!LHHfc**
aaronjohnson,5z&+UYEt(7
aaronkelly,w(MrO5Dd%8
aaronklein,(c6V8HnlD9
aaronkrause,xKaVocGK^0
aaronlamb,1$a9XimAE^
aaronlewis,q5#$7qMk$4
aaronlutz,d^51PaeJ8F
aaronmann,D!5BxH^p^f
aaronmartin,T8J%6aGqsN
aaronmason,z)AZ3IfqV(
aaronmcdonald,Hp9kVdncw#
aaronnicholson,8iDUs(BV!*
aaronnielsen,sh3Gwsba@W
aaronpalmer,8Y1ZWBsgx@
aaronpeters,6h54sVb(^0
aaronroberts,_h8TlK(A!x
aaronrobinson,%rIb(8fa6f
aaronrobinson1,9*L34JJly3
aaronroy,_8Nqzcoz3d
aaronsmith,e8BzDfbW$T
aaronthompson,k$6rLwsBS%
aaronwalton,(V6LMxC!7y
aaronwhite,9s9YjpLC(w
aaronwilliams,+3u8To&b9L
abailey,U@Q2CreKD#
abaird,#aW@9f4o9q
abarber,)tMD$Olao6
abarber1,)sl8RR^j$j
abarber2,9auHhsXB@8
abarnes,_aETBvGb18
abarnett,S05V%7Jg!T
abarr,HdIkNA&k)0
abarrett,#lXcWrb2i5
abates,%2bPAlni$j
abbottcathy,#4XnnAdJGM
abbottjames,gC!9EebcZ(
abbottjohn,*R(_6Ad3&I
abbottjoyce,O#2QAvF2sv
abbottkevin,i5VGD5E6@M
abbottmark,(7Hi@fgBi5
abbottmatthew,P3jYVd9o^5
abbottnancy,XI+XX8Wr&&
abbottrandall,6i$9EAVw&K
abell,ug6W#VYw_#
abenson,B4OymXO#@q
abernard,9_0q(Dmh98
abigail04,%6j&x^xYYw
abigail15,$@G0detIa8
abigail24,+3MfdDZe&1
abigail39,!RPLLKIz12
abigail42,X1XnOwzI!e
abigail50,H%4EqLs9Pq
abigail70,o!zL7Dr1Aj
abigail73,O1W2+Sbl_q
abigail81,_ZzsbKo*4x
abigail97,8y0qTfqi#T
abigailgregory,M4(0&2AinC
abigailhansen,^AFD7Jbt+&
abigailhorn,%7!2KmTo5#
abigailjennings,1ii&XDp))V
abigailmartin,A(46TiWeHV
abigailmelton,&id(KKmFZ1
abigailsmith,a7VNYc@E$2
abigailsmith1,#odCqMXbu2
abigailstephens,WAJ(1dYfbL
abigailwilson,u4#6JZ4h%g
abigailwu,FR7G4rUw!K
ablack,+jTC$I3k+8
ablake,EF4X*blW$)
abonilla,!8Pi%Qlt3O
abooth,NKn)0j2k_@
abowen,b*q5Sd+zzo
abradley,*)1oLSCcK*
abrady,D9Pf)!Lo!G
abrennan,r7R*Hxxq%C
abrennan1,Lx3BH&Oj&L
abriggs,J!#nb9Gdfu
abrown,^iXLMRElW1
abrown1,Gc#O7L_g(A
abrown2,)@Z7PSnBK9
aburns,@&dGzkkp0#
abutler,FJ1RCsne+0
abutler1,(*hH!5Zakw
acalderon,gl6vNkg(^v
acantrell,_5LSduvZcW
acarr,17g+LKLsm)
acarrillo,m&6KAwjKEV
acarter,A)UY3Jc3%K
acarter1,_xM*Jinm1s
acastro,L4BUPOyi$^
acevedoaaron,$*I1tpBhqy
acevedobradley,^73PFTpnmE
achambers,#z2QnLmfu)
achan,x#4FZYsS@l
achapman,ea2Sblyb&a
acharles,(5AJxfCawH
acherry,(8!VmIIpBU
achoi,)_V34^q5$V
achristensen,z4VDnqqt(7
aclark,(LfH3Q2oH0
aclark1,mGGjd33c&&
acobb,S17ZpKMr#p
acollins,!XMYsHp!6^
aconley,#7U8l@ca#@
aconley1,9S8Ace4Q#@
acook,kg$z7DHZ#0
acostaadam,b#QWywbj$5
acostaamanda,49nbtUhq%S
acostaholly,JK@4V#qHr)
acostajason,BD3UU#kb_j
acostajohn,_4FdFU@%qi
acostakevin,%*c6qWirN2
acostakimberly,)coQE)Le2S
acostamary,GJ8Kq@jo^u
acox,7jCOzAHC(O
acraig,#sd_xeJ72d
acraig1,*(S1Ou2j_3
acrawford,#_0RbCfAZb
acruz,*%B4HszaA1
acurry,!3ZEFk6*(g
adam08,e^uix7SvxE
adam10,&nr2Sd5as(
adam16,N(6yEaDB%H
adam17,p&55WciG19
adam22,vf2KIoyRi$
adam25,Re29OsNlQ)
adam26,mnrc7HC7A%
adam28,Q1FoFJvi+T
adam30,+J%43FpS(l
adam301,)_iG4R9drQ
adam36,@EF93E)c8u
adam39,@%4OIDpTqF
adam40,2y8vSHj6_S
adam41,y$M0EFygVz
adam43,&I4joLzDnq
adam431,)0CA62X&Eh
adam44,$9H5wB8gJ!
adam48,O9KQBJzR!e
adam50,BhOQ7Kxw%+
adam53,v0CUhgEq#t
adam55,Fx$6yUHPP)
adam551,pB0TAxXvx(
adam552,w)KVp@hs(5
adam59,0VKQlKh&!J
adam63,w_9(Dd7)(m
adam73,_8RS%Xq)9v
adam77,HFa1vrk+U$
adam79,b&5kjH#mGe
adam791,fMvSY4WkQ)
adam80,c^Oq2hCrsP
adam83,eq55)K^w1(
adam85,r4Aa1&xM!a
adam88,$w(hInJB25
adam90,O+1cyKipi_
adam96,l7Qf&mLo$)
adam99,!SQmwIXa&5
adamadams,#Zp8Npm4c7
adambaker,uWU@IAdV$1
adambrown,Pj7nAqqGh(
adamcardenas,!9r16Jj)Qp
adamconrad,v7(QdgYm!8
adamcrane,i+(u+9n1mN
adamdavis,+zFE2AEsh3
adamespinoza,X&Q0xVRjy^
adamfrazier,7+BUdLNJ_0
adamgray,GX%Ja#sE$6
adamhill,T$3ZElvMj#
adamjones,$t3UZPMo5z
adamlee,u!GAcaRK$5
adamlynn,GM@PvUy5^2
adammarsh,3hPDjeKV@T
adammcguire,@QIg!Yz4@2
adammiller,x0oo#Emq##
adammiller1,8@JS8Y*bG$
adammiller2,H@3@YmFiLb
adammontgomery,44dkjHGv#E
adamnelson,BK%EfQ%K*3
adamnolan,)s8JPZ#h!0
adamoliver,!DL@5&Dz@v
adampatterson,_55KhIvk4f
adamrichard,o*6bhWLniH
adamrobinson,e!5OeailPV
adamross,%orfbHicW7
adamsaustin,%D01OB%o5b
adamsbonnie,*r4r&Xmpw@
adamsbrandon,@!5CglnrGk
adamsbrian,vjX2Sv5dV*
adamscarol,hNt9aNfJ+(
adamschmitt,()hIwY#jB7
adamscody,06O&Ozhc%C
adamscott,d_gZ4U)eW^
adamsdavid,ZFe4Vnjo$1
adamsdavid1,)9UfkSp!eW
adamsdustin,^8Y7fBfgbf
adamsheather,u%9hTqglt^
adamsjennifer,@*8HJBGcSE
adamsjonathan,^+GDc3Uy5(
adamskara,f+b1W)Sk^*
adamskimberly,#obG2ECnCz
adamskristina,XZL6I10tl)
adamslaura,9Gd4PdGnK_
adamsmarcus,+7uV8u&RBe
adamsmark,jD1%Z0eT(*
adamspatricia,urykqX)f_8
adamspaula,O$K8zPEt!Z
adamsrachel,z(9LS&RmN*
adamsrebecca,G^9eNSAczD
adamsrichard,O2FtQb)d_p
adamsrobert,&44ZE7cu*P
adamsrobert1,Ry_3KtRjcr
adamsrobin,a5NOIqje)o
adamssara,*onX3mRp37
adamsshane,+meHmx8f5j
adamsshari,!Z$*+Ebx66
adamsshawn,_2E&XeCzNQ
adamsteresa,Du3$BB&n@8
adamstheodore,32Ic%kSe*P
adamstina,9q2*Gs5oy*
adamstonya,n8PoRPuY!N
adamstyler,o@NIp4Lh@y
adamswanson,3J_0HmpEuy
adamtaylor,+6@yAfBHXo
adamthompson,+2P1uUaj2(
adamvega,Q21RSukv0*
adamward,u6Csi1sj$2
adamwright,+wrM9QHxO4
adamyoung,J_@lVkNbx3
adavenport,)z0G6iFiRP
adavenport1,GKa2Eerk^8
adavis,_6eFu6E4)N
adavis1,u)QN1ZpC&7
adavis2,_1pZZ^Kpp@
adavis3,^NzAa)6)58
adavis4,Vn5tR1S9t#
adavis5,#96AP#r$A$
adavis6,eBw63rNf)^
adavis7,2RIrinW2(j
adawson,Jt6*$JKj)1
adean,*7aiGc9HCb
adean1,!68VOuKx&g
adeleon,8c1Rn_(&@l
adennis,#3tpMYXe(!
adennis1,+hE(TwRz1b
adkinsaaron,)54VUlutDM
adkinsdevin,y@_4OsT51w
adkinsjessica,Q3jD3I%h#1
adkinsjo,rZ7R@3Rz2@
adkinskari,)p_CnS^vu6
adkinsmary,l5jSteaO&x
adkinstracy,RF8Q6gp@##
adouglas,Ylz4Y!mi@&
adrian20,vP8AaZrl)M
adrian22,n7Jd5AxO@+
adrian35,4ZRS41Igq)
adrian98,*3(4FKOyg3
adriana34,@aW1LDGcFJ
adriana59,spB6cWZ)6%
adrianapatterso,%&*4F^Yy^P
adrianasanford,1&1UFxbs(*
adrianasmith,_9GBeWKrNY
adrianfernandez,+Mp0dD#uk%
adrianhines,Nw$V4UHon%
adrianholt,_8_UCqvkW2
adrianking,VM(9Lc4K$0
adrianreeves,3%tA%lk&%H
adrianthomas,0!O9WZ4f*c
adrianthomas1,a@*6iGzfh6
adrienne25,(uD5W3ONj0
adrienne57,#A_(6MxuZ_
adrienne92,@o!P1Yus%q
adriennebates,@C4#nMCyg)
adriennehudson,e(SI%4t(JR
adrienneking,#K)7AeOlz@
adurham,j%3IbWuMV7
aedwards,*mb2TlwTT$
aelliott,G(G8yA@Nxx
aestrada,_0OtGA5eaW
afarrell,2+Q0K9pcYw
afernandez,&SlRxT$EE6
afernandez1,$7VvVxS@9Y
afisher,six*1SXqgn
afleming,eyzO6bAt*C
aflores,3^NSdbft*t
aflores1,q0+%BChj#(
afloyd,@Fv0XVVt+)
aforbes,(a8a2GFm@C
aforbes1,0j&+%(rU#T
afoster,s9^5hRNv&@
afoster1,Lg0QkCcFU(
afranklin,yHx2YV)aH(
afuller,7upXuAs$)T
agarcia,n5vVkHr2#M
agarcia1,I3ZZoLF))i
agarcia2,X66AEGe5#t
agarcia3,$62MnX*wX4
agarcia4,wqwFRZRn*5
agarcia5,5#lbW#pf#$
agarcia6,_0V8WrI#T2
agarcia7,%*7NxpAOod
agardner,N$Sf6Wyl+8
agarrett,Ia)5F4Bvmx
agarrett1,yFqZ@1UuEA
agarrison,+e%K5H6k#m
agarza,A3S6FX5ak+
ageorge,(OpQuQTn2Q
agill,^^eOmh*pV8
agill1,@4QUtiqvmi
aglover,&M0J3ChNDT
aglover1,+oRD3HVtiC
agomez,$9L)EAta!6
agomez1,l0Ko_K$L$v
agonzales,exl972Zj^+
agonzales1,$C!qUJh8i2
agonzales2,%JV4ZFc45M
agoodman,#qK%jEB!9Z
agraham,XM+3YSdzD*
agraham1,F2CciQU5!Z
agrant,ZbISsJd*^9
agraves,HNx0mQuy8*
agray,&4pLOe(a*t
agreen,_NUzrrG!7M
agreen1,WDGrrhku@7
agreen2,XOhKt&y9!2
agreen3,o$2zIwSk00
agriffin,+c1VS2bQ1#
agriffin1,DtZYOeWq^7
agriffin2,r1U)3Jufc@
agriffith,!Kh4uWNvzq
aguerrero,#sd10UypvS
aguilarashlee,!wpeTCBiH6
aguilarashley,D1r3X%Ps@p
aguilardenise,rlH7YmOZ5&
aguilardylan,*2JivCH&32
aguilarjill,+p+1IWx*$B
aguilarmichael,)OtFBGhXk4
aguilarshelby,1#^0GErUT^
aguirrediana,gAhPT5Cp(@
aguirrehannah,$0FFrnEvmq
aguirrejulia,^GFyCwQgF5
aguirrekatie,8c+3YKfr%^
aguirrekevin,5yD3Pouny@
aguzman,SH6$8QOkC%
ahale,dTgvd4Xwk#
ahall,PY(f8JUfG8
ahall1,u%V9bN)Myq
ahamilton,76xEH5oq#S
ahampton,9u4^N7Ngw$
ahanson,L)9ef4Ak9S
aharper,#%+$8ZpfGH
aharris,#2Ucmk#x+4
ahawkins,*U@6KjTksX
ahenry,@wmTvPBum7
ahenry1,u$^6XAxNJv
ahenry2,$U3FC@bE9v
ahernandez,u(F@nPlP&7
ahernandez1,l8zNZQ7y)1
ahernandez2,A(46XsqYuw
aherrera,+rnc+0Sok2
aherrera1,)L0aKmAHJz
ahicks,LL0sFReg&8
ahill,&GfdBAFut3
ahoward,%7&e3&Wezk
ahuber,!4)Pxmb@9*
ahuerta,)6vAw)*hU^
ahuffman,92%AHNeU_y
ahunter,OKF^o7Ry@y
ahurst,Ue6SqoQz+y
ahuynh,#aHlU%Ig9N
aimee00,AbIWYrcs+6
aimee001,)bNb#1^Y1)
aimee45,FO259)Hqt$
aimee69,WO9bG)e+@$
aimeedavis,ZwDtJT)E(5
ajackson,#9fCi#mo6A
ajackson1,%5WEke0qcs
ajackson2,!(*1FP8Quf
ajackson3,!8Tr*u+22D
ajames,_AAGEeGNv6
ajames1,OC6GgVFUO&
ajenkins,n2b6AOad^X
ajenkins1,OH7ODIJr$)
ajimenez,JY*D7Fihl3
ajohns,)0GyGTp!6N
ajohnson,c(5lQav2kx
ajohnson1,(HbLgqjdf1
ajohnson2,@h^)Z5GqpC
ajones,@8)UOezZ@9
ajones1,CF5GZ6$m*J
akim,%_)9OhEzQq
alambert,2_RMR8Ia+Y
alan00,d0g3VLx)X%
alan03,+)WCG7Eit!
alan05,^0kNSeu26H
alan16,!f*JJdRl3A
alan19,I0r93Hv$u$
alan24,%WbDarfeM4
alan26,Pu2JBpPxI#
alan27,8EU3K8r7^t
alan38,OK!2Zpsx$+
alan39,9%4CE0bT^E
alan47,y$)j3Y8f(2
alan471,Jv7ZIDqJ&0
alan62,U!UQ+sVB!1
alan81,r39fEzF@&B
alan92,mV)8JcG9T7
alan97,E1z!y9Jj#Y
alan98,p4Bu8W%l*I
alanayala,$8(YJXyDi8
alanbaker,*3DXii1OQk
alancopeland,S!34UyAu%e
alangay,4(8o8UsXRz
alanhughes,^8OFoE(lU_
alanmcintosh,%CJefsIv#1
alanmurphy,iE8j2Cmx1$
alanneal,&hQ8!)Zu$f
alanpaul,^0$ZIuBRz1
alanperez,m2RWsGx!^h
alanvasquez,#8cmKXNhu(
alanwashington,4$E4nJcuK)
alara,a_RQTsBJ!7
alawrence,_g2rPvm#h5
alawson,6k^2+JXo7_
albert32,@3bcL&&eNG
albert45,U$0SVllrU5
albert57,1&0WF0Cu^2
albert68,lWe6&Gds^g
albert89,FNV!E0Wwyn
albert98,M9GT(HyH)k
albertcastro,+_b1Ix)hg+
albertgarcia,*9Rh)l8qSd
alberthill,o*1SFSwbp4
albertpadilla,#!n&4AzqYG
alberttran,^ONOl@a(3w
albertyang,&cf7kMT5Q3
aleach,+3X_H7Iu9W
alec33,H&0LC%kU_C
alec70,2G9Xn+ws@+
alec77,@0+3VkUh2G
alec87,W20JgyhQ!i
alecelliott,b+&k$2WtQ8
alecflores,#M)6B)oQF5
alechorn,!S2NXXd%L!
alecparker,vMwPY8Ie_s
alejandra99,OqR3Yw5^a)
alejandrahughes,(%5HCNb#(_
alejandrajackso,33IAa%rx%k
alejandrasmith,&!2T4TbXwn
alejandro00,7IC9S@%js$
alejandro01,)59A06AkV^
alejandro07,%z2&4ZDkNw
alejandro37,V2MIcbOO(n
alejandro41,m74lteGe9#
alejandro65,C91%P(i_!5
alejandro74,Dj_OR1Pia4
alejandro80,z!2mKQmf)#
alejandro81,_7(IUrh%s+
alejandro86,rh$i4PUrdB
alejandrochambe,H+@3KdrSY8
alejandrohall,_ZU6VYvjP2
alejandrohanna,4%5XDWkpub
alejandrokelly,#FxWM1nbH3
alejandromartin,YM+3^2PlVZ
alejandromartin1,RvFXHufA*2
alejandromitche,x^5#DIts$1
alejandrorodrig,J&h0Ff!P)Z
aleon,^s93O3ffwg
alewis,gY3uGOp_k*
alewis1,1D3PM5f9^_
alex11,zR1fL2dH&D
alex16,#d54Lvt()F
alex31,M0$1KfzoX&
alex48,e%Nd3kJgD)
alex75,@RC%41yOs(
alex82,5sS5*Ax#^a
alex88,TMdFY9Qfe&
alexa05,h*9fJIbTW#
alexa21,j@_G5Zl9_!
alexa59,9(L0AF3jeT
alexa62,&q!ItKpjf4
alexander03,)6%Gj0L!(b
alexander09,e+g2zFAtA$
alexander16,M4xJ$zTn@k
alexander17,_Uq3eX3bL6
alexander19,z1Utgi*p$&
alexander191,#!uz3I#n&4
alexander24,ma+1hCk48v
alexander27,#g1T0ebD&g
alexander271,R^F4CNgbc@
alexander31,!1ru%UBd#h
alexander38,8w3_8XjK&&
alexander44,%_ERtv2dI7
alexander441,%Q5C7IYhUI
alexander48,o948Yts*%1
alexander57,jD2iRYqp#k
alexander59,+bC0FmrLNP
alexander591,A!9Xl5dg8W
alexander61,)w9XM!9D8q
alexander611,_7ja^Iie#2
alexander62,_VL03!LzBS
alexander63,&bTtnzMfT7
alexander67,2D6H7SBl(C
alexander71,9EC2at0%(a
alexander83,^1AnR7Ip__
alexander831,6s8FWgB1!3
alexander85,a2UptAVx_c
alexander92,%97JJbDTq$
alexander96,*8Uasv6H30
alexander961,&+^1Bft67a
alexanderadam,_o$9lWxf_Z
alexanderamy,#^8HjtZv%g
alexanderashley,J7)SQVln!u
alexanderaustin,e)Q75PZ!Jm
alexanderbaraja,KbeM5MIq(F
alexanderbrown,jPMV5Xrxx*
alexanderbryan,t$31zdNhBg
alexandercarlos,o)Z4aMvwo2
alexandercaroly,3+%2eKvEN&
alexanderday,ZxZfW7IO(9
alexanderedward,O!WB83KuA1
alexanderemily,^X5NxXeb17
alexanderfitzge,#Vqzt5ilo@
alexandergarcia,$SVslOczj9
alexanderharvey,J#l81Gq%er
alexanderhayes,*6AOqdYrV3
alexanderhernan,itAr58Cp*5
alexanderhicks,8R0Lruep@b
alexanderhicks1,!3bEKgHbi1
alexanderjason,A@9V#jcDKk
alexanderkaiser,#ZRvBgTC4!
alexanderleslie,)0kSJQz@n0
alexandermejia,wi2U1iphd&
alexandermichae,^1XKQlhVR(
alexandermichae1,g_+44Vhp!R
alexandermolly,gP1F1Z)vI$
alexandermorris,DzEMw6Qf@g
alexandermyers,^77EyQdg8@
alexanderodom,GC17Sylm(p
alexanderryan,$5NEkKpsxJ
alexandershea,twVrJ*7L*0
alexandersimpso,3+FCIRTh$#
alexandertaylor,5&887NVkoc
alexanderthomps,k^40L#Kf90
alexandertyler,oc1YGEVMk&
alexandertyler1,45WLiiw9*n
alexanderwatson,M#39Bmz^VW
alexanderyang,gM&7ZkHxK%
alexanderzuniga,HP44@XhC%b
alexandra00,f@&1V3qwzd
alexandra08,$#e7MfxjAD
alexandra21,5vW@IMxi@m
alexandra22,Wi1Ey8Mvl_
alexandra33,Z73y%GfUA#
alexandra38,Z(5HQz8CWy
alexandra46,7WBsPLtr$T
alexandra48,Vg02XgOK4)
alexandra51,*5Rmshu^Ma
alexandra56,(0FHmNaR5E
alexandra77,E7+(v7Ukwp
alexandra80,@r43WoAkR+
alexandra97,)f99E7pTh^
alexandrablack,B+(!#faZ@0
alexandrabrown,qw7O0EXk!5
alexandracrawfo,&)2ST(FuUS
alexandragreen,M0ZjGy2I(w
alexandragutier,6^q3Sn9qOY
alexandramaldon,^x64DpBf#2
alexandramunoz,5yIc4OhV*h
alexandrapeters,99%P9X3jpH
alexandrastewar,*cNj179vx4
alexandraterrel,0@a*GRSa&C
alexandravelez,nv9beJ0xh)
alexandrawillis,)6mXfRf@q_
alexandria26,%1T%4FKwIr
alexandria32,_cNRjGRc9Z
alexandria45,kha6H7&b_k
alexandria88,M+Wt77Nnki
alexandria92,#3TOHHPaRc
alexandriacook,92eMecBu!r
alexandriaherna,#4v0JFmcAy
alexandriajones,P)0GeK42EK
alexandriasolis,1Z+itD5x#K
alexarose,&zURk37rF1
alexayoung,20a9uwEpM!
alexbeck,eu6qID$U*6
alexbernard,1mx1Ct6zN!
alexcobb,@p7$CG(w(p
alexdowns,Vj+58Rqu7*
alexfletcher,_897FcidD1
alexfuller,+_3Of7#0$8
alexgarcia,Vq#4FnGvam
alexhill,Pn0Ikd_DY@
alexis00,r#7Ne5obg^
alexis02,2)M_)tKN(b
alexis05,2$5Dn$YaV!
alexis07,rL8yGi5oA(
alexis09,@9bNRxCgkj
alexis091,1p1*#5Cg&X
alexis10,&%@dMqd1Q2
alexis14,5+z*9LLlMb
alexis20,P79E7#bHz^
alexis34,t8Fx^HUb)I
alexis41,_$n9obTpO0
alexis53,^tM^8gSj_2
alexis57,#1W45xBiEa
alexis62,kZ0!nMPm!F
alexis74,gaW3)Ub5J%
alexis76,2QwDN^1l_s
alexis84,%0X4WA#yzG
alexis94,08oFoHJQ$T
alexis99,!l80Mjgx%M
alexisadams,#JnLrr*a8H
alexisarmstrong,_f5Zd4dw_+
alexisbernard,uUMaushl)3
alexisboyer,j^53HIchUH
alexiscabrera,P0&8P#tioY
alexiscontreras,x*6Pc%dz(G
alexisespinoza,o*67MG$lKU
alexisleon,U8JC&Rny&O
alexismartinez,#+21XLEytw
alexismiller,G267Spv(!%
alexismitchell,A&59SAgquf
alexisschneider,63RfGofD_t
alexissimpson,#yYDb7u#e6
alexiswoods,C8XoLYe*_e
alexiswright,7*82Uuid2$
alexmeyers,)$T3vxmuw4
alexpetersen,6I714d8yP+
alexsmith,)Th3IrjRn*
alexstone,^e2ZGEdSh_
alextaylor,w0aZzmvT)$
alexward,*(9yTXKm2%
alexwheeler,+ApxnJuj8c
alexwright,&pP92Zggd1
alfred05,#o8A5lJh8D
alfred15,472WYDRx+R
alfredallen,pol0Eor&%7
alice19,_#01UIuk+#
alice52,Lik5Pey(K#
alice73,#yZCizyip1
alice79,C8E02cHv_&
alicealvarez,J2A7E$vo@w
alicehenderson,Q$PW3Saq+2
alicekennedy,*PusGkGzv2
alicemanning,Afa7(nR_b$
alicepatel,B@9+8D@d(e
aliceprice,o2+ZPK&U$d
alichad,*3RuE&dc%U
alicia01,+n2OZl0itI
alicia05,h057Mz7o_p
alicia28,B@6^3jTtTO
alicia33,7+x4gFhkV5
alicia36,UZb!3WyJ2_
alicia51,*^#6WoMaSR
alicia54,G*4$dtGOUd
alicia61,3^oP6PXo!_
alicia68,W22e3^kg%e
alicia82,7hLrxu&r)2
alicia91,Ju*5Ek5(6J
alicia95,%6L70jIp08
alicia96,@2bYGJwACl
aliciaadams,^C3JzLqj19
aliciagreen,!9OJ6J_tD%
aliciagriffith,4&SZwMqE(1
aliciajones,#yhTlfM$+4
alicialevine,eJ71B*p8)z
alicialin,1)p+5R1s^%
aliciamathews,@_z1M9f4#L
aliciamiller,2+_*9LbOE5
alicianash,ZoTLcUqg!4
aliciarangel,x%9pGNSa*8
aliciarice,&1z!4!Xk_N
aliciarobertson,jN_#57yta)
aliciawalker,9n1M&RbJ^p
aliciawatson,%k335Zp&gK
aliciawilliamso,&3(7LPz0eL
aliciawood,*(8(SQk34^
alikimberly,s_V8nL9gHe
alindsey,_40dUDsmAT
alisha19,(05HpM_9vm
alishaberg,KO3b&1nT!#
alishawolf,eE4QI8vV2^
alison04,kdYA@7HuD3
alison10,rD#412Gbkw
alison18,(5U%Ti)l0#
alison23,56ZSr1Tf__
alison46,8fJ)1DljEM
alison51,L0VFg6H7)u
alison72,l5!7geKwi_
alison76,3QUBItRc*4
alisonbooth,1*2CpJbfVy
alisonclark,v(9#GEdpJI
alisonesparza,^76c%KOoO4
alisonhall,))52XqTlW$
alisonhunt,w09C1KBc%A
alisonsmith,e*v8kzZv!V
alisonthompson,Z1G_zYsO#7
alisonwebb,RObOcAhy^5
alittle,_6OjmKP45g
allen15,036(5KiQ+R
allen18,(S2IOthS3p
allen181,#$xFJTxMY9
allen182,)m*8J^)t4D
allen32,5$mtr0Nd(*
allen39,_9UqcKzux9
allen44,s+7tMcynfD
allen68,6$bu0Bxdfr
allen69,zB0XOWDn!o
allen84,#AEHLyl@91
allenadkins,D0REeRYh)d
allenamanda,w_R7lDreU&
allenandre,Y&2)GgsYS#
allenanthony,JQi_&0Vey!
allenbarbara,k+%9Mtnql(
allenchristophe,6r7dxuEyg+
allencummings,(5XQ4RJtRW
allendanny,y43^2Fsq@O
allendesiree,CT8+EhsrW!
allenelizabeth,@4zyOlV_Cp
alleneric,&B7l#F$pOq
allenhayden,KxBhQsuL+9
allenheather,2#q1PXYar(
allenjames,*)9qPxygfT
allenjanet,&3BE_Pf92F
allenjasmine,7kkjMwma#!
allenjessica,*1lT!zb#Nw
allenjohn,NU8WwrJq!E
allenjoshua,v#1APv1E(a
allenkenneth,!RoQ3I+mWH
allenkenneth1,(*k8Myis$%
allenlinda,4FINBQJh%a
allenlisa,rn2rIdk)c$
allenmargaret,O3ScEk@7(n
allenmariah,(PAtS)4Tg2
allenmary,(xG3(1FrDd
allenmatthew,(c%AaUHdY2
allenmelissa,sl)(5fSi^y
allennatalie,@1EQGoDXX8
allenneal,95e5nOqIv)
allenpamela,IcaosRx(_9
allenpeter,s6GRkgk)&w
allenrachel,&eNSv7j!8P
allenrobert,8jGUz)cP&P
allenross,l&^5XxMAmG
allenryan,%dTa41q$t4
allensara,6a5uLI8@%5
allenshelby,8)*4EEhibQ
allensusan,s8CMTWJ^&1
allentaylor,6Znf#s(E&m
allenteresa,Ymq8FvNr^I
allentracy,&C1oIkeoY8
allenwanda,QjOZiwwW&5
allenwashington,@far8H6xHg
allenweber,6TEYBn%p%T
allenwendy,qwNV$CcL&2
allenwesley,O1k4ARtZ^6
allison14,*3S4mZ2l1w
allison16,JEy0faXvA*
allison161,#9fRdbex^*
allison26,@9IjEwRGYz
allison33,i7UsUV@X)Z
allison35,0fkEX#jQ*n
allison36,3LvOd+6c&$
allison41,+9EShiho3w
allison43,q2L&0bRw5i
allison45,^IEcxOVHX1
allison51,znJq@NNl_3
allison511,#5OwAfkK55
allison53,_q5KXo0jeC
allison54,O7!HF3IerJ
allison58,Z6!k_mHm&D
allison62,WZFmcz#_(2
allison70,v6ZlsP2z@G
allison74,8rU8c6e3_C
allison75,@Q5!Xf!eJ#
allison76,0sUhZyFK!1
allison77,)zu_Sz3B7d
allison78,!3DAcIqVg6
allison81,%7Tr!5Bbjx
allison86,a^O7YGH0Lt
allison93,j2aWGJzl@%
allison97,*0K0O*Ir!E
allisonalbert,*3kLyYOa*V
allisonavery,N$H&59Ycyb
allisonbrandon,k*6MEKAaDn
allisoncarter,&5uO6vYGrB
allisondavis,*2LTRFJsxx
allisondonovan,DCmtLSsf%7
allisonhicks,^vXXt!wxq0
allisonjessica,5Ote5fMx&0
allisonjonathan,&P57aDiNND
allisonkristoph,K(5KUMDzHy
allisonlewis,C*9KjB_tXT
allisonlittle,FCSB!g(y$4
allisonlopez,h^31$Ipn&2
allisonmcdonald,19@Y9IKc^I
allisonmckinney,$DeZaqrp9!
allisonmcmillan,CI6CKJ@t$3
allisonnelson,^T4YjxiO8H
allisonpetersen,v0TY!N31@t
allisonphillips,hk(7XAKXz^
allisonrobert,nO8XCggtA_
allisonschroede,8v+Ijcpg!0
allisonsmith,_A0wEAEez)
allisonthornton,@R7TCJhqX%
allisonwagner,#m8M5ce&D0
alopez,A#m5SFi^jx
alopez1,e0!J55Tyy$
alopez2,_iq8R6bmW)
alove,8k7tVuOB^3
alowe,@hZi39Qm3&
alozano,9MASivKk$0
alvaradodonna,@iDm&(l5V3
alvaradojasmine,+6xdK@W0eh
alvaradokimberl,Pd^6ZBwdvo
alvaradolarry,z+9&GeevNA
alvaradolisa,wv*D9Mmo@X
alvaradorichard,!4!hbOAIBh
alvaradovictor,R(8XGiHs1q
alvarezalicia,@gceXmnJ8Z
alvarezamanda,aZ)3HCpDg1
alvarezamanda1,C4Pq5V9p@3
alvarezamy,l12FBo4w)d
alvarezanna,&+VqREiV3k
alvarezcatherin,*V7QV9j)b9
alvarezcurtis,s@32CtNC#5
alvarezdiane,AI4uzKPg(r
alvarezedward,Zd77BrTj&H
alvarezjacob,7L*Q6mDbxu
alvarezjames,)9IP9dAnL4
alvarezjordan,o8+I2PpX*9
alvarezmichael,ty81Qgb0!E
alvareznathan,hl9goJ&^x)
alvareznicholas,!dkF5ksH3+
alvarezrichard,WM0L3)qHV^
alvarezscott,ht3*#8IqFX
alvarezsheila,%4OmVIYu_5
alvareztanya,U2VTBC#h%A
alvin02,%2ZNZQi218
alvin43,+dxXBomX0W
alvinhawkins,*lQLA+&R4k
alvinsmith,q1s7MXcVL(
alyssa14,@Wl2R*r_2q
alyssa15,4DhztHq#*^
alyssa16,)2@TigT26w
alyssa34,)(8LjEaK(O
alyssa50,H33Kg8bjO$
alyssa65,^6u7fW6YJl
alyssa66,4#6YOtpY!^
alyssa72,j(E2KQ*fWO
alyssa84,MR8Efcy8+z
alyssa88,R2V!YxWg+X
alyssa94,)8Xo_c@YTO
alyssa941,&6H1#t4z2p
alyssa96,)BH*7TDy3N
alyssaallen,Fi&&iROf#5
alyssabates,#dp^4gSu3N
alyssacox,d%3rDghhvD
alyssafox,S@+5F%ndk)
alyssahodge,p9AbMmbI!u
alyssaknapp,R0CL25ut^_
alyssamendoza,%1Y(k8ANoc
alyssameyers,ZXo3JhGy&j
alyssamiller,ewLN3FyjN)
alyssamontoya,$&x9IvvaNY
alyssanguyen,_2F!%6RuQM
alyssanielsen,&9N)0RUzT7
alyssaolsen,@n1mYNEldM
alyssapeterson,I2xCAyHx%R
alyssarobinson,6lfFF)9d%x
alyssarodriguez,#E6A&X@dkq
alyssawarren,h5gJZ#c@%w
amacdonald,6j8mlng6%L
amacias,#5iA&BL*#f
amalone,7EQeBv%u)6
amanda00,6^c1+4N+Jr
amanda01,0(E4Z&Jk2R
amanda05,&0a_n9Md3V
amanda051,I+EBh8ZjyD
amanda07,+!@9UT%kKQ
amanda071,mV5f0Cz#@)
amanda10,APl56VcK#@
amanda11,jrHDA5Rs$7
amanda12,_GsGKT)wx1
amanda13,$Y3AqG#Y2@
amanda14,_JcL9HuZ3f
amanda141,zC5U+Zoau)
amanda16,+5pHaFeD4r
amanda19,*_Mfc0Oi0y
amanda191,_*4CTSnX0t
amanda21,_jdg3WD8$6
amanda22,0N31VUhqt@
amanda23,7uf@1Kv8_a
amanda24,1)h6HwCp+0
amanda26,5+(h!BXd!s
amanda27,!z3Qk_pl%v
amanda28,)7AM(vI^(0
amanda281,@4lZNz&r$t
amanda282,)5NxG%2z%m
amanda283,6eq@7BWie1
amanda29,^mPQ)EkDx8
amanda291,_omv6!Px5M
amanda30,#B8QFIx!7_
amanda301,Z*$8FbNxX_
amanda33,@$10DOxgnU
amanda331,@E293KtQOE
amanda34,l$8U22gN%C
amanda341,*#CN*Fu4S0
amanda36,Z)#3#qYv_y
amanda38,v8_#kOMN_!
amanda39,)aKI4Oyux9
amanda40,8kyBBzFx^&
amanda44,^Hd18jUhRh
amanda45,IzyfKeCn(6
amanda451,*Nh6ZkrIi(
amanda46,%psr!Mn)71
amanda47,Fj&4BrY&Og
amanda49,&ryRCzf$g6
amanda50,l)%2pQrXP0
amanda52,Uw45SNqm)#
amanda521,6AbP2pJE+h
amanda54,_)0G!z$)aH
amanda56,qfV4l1U(v+
amanda57,1jOJxsDi!7
amanda571,L1Kq%cbr(&
amanda58,$AT$+H8tX5
amanda581,_lRRXYK@X0
amanda60,@f2P5zVbW$
amanda64,*KUYba)+#6
amanda641,Me^5Ac1a9p
amanda65,uH0AWmsm!6
amanda68,$2Gu!1xtf4
amanda70,m@4V5xiX$C
amanda701,s9WG7GHV+b
amanda71,F2*B7Rg!vO
amanda72,_A4H%F%fbb
amanda73,%!0UknlxsJ
amanda75,!zFYa6Rbr0
amanda76,z#HI7QHqh5
amanda79,82EA7NPv)P
amanda791,_i33ErXU(1
amanda80,_2@QKV^sKr
amanda81,_86BwSatXP
amanda811,&Oy7dGprf0
amanda82,K%0aOj37^3
amanda83,Sd9&Qoor$a
amanda85,3wHBg!kI*^
amanda88,v0U77HMf!Q
amanda881,)36OBdu)(X
amanda89,sfo2_AhUH&
amanda92,d99#7X3u(i
amanda93,60&CZYQw)K
amanda95,oL9j4W6n#&
amanda96,c!!g#1Ms6!
amanda961,TU*p0VEu7h
amanda97,vx6%88Fs%q
amanda98,Y^0IfGfgpn
amanda981,GP2)C7#y#0
amanda982,AW8WLJ9pf_
amanda99,wgP9RxAq(A
amandaacosta,$$yN2Ow(_7
amandaalexander,6@9oWTx!MC
amandaanderson,)0I5SD2k2b
amandabanks,wv%3W4$kn@
amandabarnes,@5D(&DLfx9
amandabates,)M2tScLis0
amandabuchanan,8ABR^$NV+x
amandacalhoun,*rHrvFajW7
amandacampbell,aX%FFd0!@3
amandachapman,SxjI#orh@0
amandachapman1,8bvJw%FY_J
amandachase,%$Ls3edk4$
amandacollins,9@oD3xZ1)t
amandadavis,CqF9Ju3N^U
amandadelgado,CV8HYKpP&I
amandadiaz,BdvR^Dqr+6
amandadorsey,*3OTpB)3jy
amandafitzpatri,5@@T5iBib^
amandafoley,^9posRxjZR
amandagarcia,ql2ARwL1^A
amandahenry,9**!2MrLOQ
amandaholden,ceWb4Zsgd!
amandahoward,*+6*WegSx!
amandahoward1,8$1u*uTcic
amandahubbard,e%vS_hVE#3
amandajohnson,g(A3OOl+Bk
amandajones,E8$ZtOkm_%
amandajones1,Ry7HvUf(+5
amandakelley,4t&HIH^a*a
amandalarson,K%6iIPys(g
amandalawson,ezn!#0IuCH
amandalewis,%AUot_Gq6&
amandalewis1,IE%I0LzQZ5
amandalowe,5#4pBrkhMq
amandamadden,(vD1SUJ*n1
amandamartin,un6Zkqivn+
amandamason,9kVvj6Fw#1
amandamcdowell,@@8I2jls(c
amandamurphy,Rn4dN18RG&
amandanewman,&NPYyyYyA9
amandanguyen,)2BrkurcdT
amandaoconnell,@+2Nk_yyD9
amandaoconnell1,GoN1LJvF+B
amandaolson,8d%79jYs%$
amandapalmer,3#I4hf)F^L
amandapearson,T%4JOusHf9
amandaramos,5#7l@ZLd_A
amandaray,^03L68Yu%D
amandareid,^IQgaHJt&1
amandarivera,_04IgU_I+T
amandarowland,yFy7SuO@^Z
amandaruiz,l_P5JkS)+8
amandasanchez,psdfxQew$9
amandasanchez1,g$0wrLRT$w
amandasanders,%%@4BVuEyg
amandashepherd,)0C!*zTW$e
amandasmith,%teUk$+v6#
amandasmith1,%F1QWjii3U
amandatanner,8@(a58CvXB
amandatapia,!*fQFx6pM1
amandathomas,WH5T*jrg_8
amandatravis,+bPgVq8C5G
amandaturner,)2tGzOob*A
amandawalls,#9_uW#egU*
amandawalters,iL#z0wAzi#
amandaweiss,uIsLx2u)Y&
amandawest,x+7lHGLq%B
amandawheeler,dQ0mMNa_)M
amandawheeler1,_oouO$Qyb1
amandawhite,5Sb6YdR^*6
amandawilliams,Ts7VULbB)+
amandayang,64!D7cCmq+
amandayoung,T$0GSak&)k
amandazamora,)8qdCxrc#(
amandazimmerman,AQSS0RMc^Y
amarshall,#1l5LWHzAa
amartin,C!6u$(Rxc1
amartin1,^9rpFjSz+K
amartinez,j+55ZqiS7w
amartinez1,8Zx3JKnpe*
amaynard,_6(BCX4fmA
amber03,H3ZwolMM$O
amber06,s7)r1SEfFv
amber061,(9YCFLHwgi
amber09,+cDoX9Us&C
amber091,&0($Wb&9sY
amber13,G$6rEbFqKS
amber15,%W_4!BlN+E
amber17,**fE6ZC8Ey
amber18,ucsC6@zY)9
amber19,$LYgCXm62F
amber24,oR)v4P3uO%
amber241,%vi%Ulz1c5
amber27,k62WOywX+w
amber28,O5Qj3Ez2((
amber33,%xZ9UIfmQT
amber39,#+X5Ntqr19
amber47,xi5HU3I!G!
amber50,j!ua_0YdKz
amber52,85nBNJqg*G
amber53,^4pykP6e$Q
amber531,EoX!6S!i)3
amber54,L!52ibPbJh
amber58,#W$3KwotkV
amber66,@P1l^JQpM+
amber661,st!3ZaDek(
amber68,&^#FmaV6d3
amber70,r6#JrK#5*+
amber73,d&6#mNhy8I
amber74,zt^9BRqrnI
amber741,@9UuSwIg17
amber78,+fwI8O4lx2
amber79,pY7)vPer+z
amber92,&_3I45kvxc
amberadams,GVy!*7Qm#s
amberbolton,)ojNJDib0^
amberbradley,cw0Pgfg96%
amberbrown,Sc^%0KSvl#
ambercampos,n2*4KMa6d*
ambercarney,SLH6Kp%V!4
ambercruz,h_c9yGs)xn
amberedwards,$7&2JMRgz8
amberflores,^ptP9TpbNv
ambergreen,@2NURg0rb!
amberhernandez,)(Dl^#I!Y2
amberhernandez1,$5r1EOtxe2
amberhinton,1iIsg2ez(W
amberholmes,0QpKy6hj^V
amberhubbard,D&V83Vgh6j
amberjimenez,h92RIu4J*i
amberklein,@IrCuobM8X
amberlee,dw+_BxKo%0
ambermarshall,C)5MigWnR8
ambermartin,vc^08DAgJO
ambermccullough,+dVNVM5Y6L
ambermurphy,@$r5Ku2du2
ambernelson,@9k6EeB_e7
amberosborne,LJ1)e&Le)$
amberpalmer,#at^Tv&5_5
amberpena,v&5cN$yAH*
amberphelps,9&of2Vidhx
amberrodriguez,%rL3JC%77b
amberrogers,xq5X29Ra+@
amberrusso,h&6O4Mo@Xs
amberschmidt,^ab2(IevEx
ambersolomon,X^P2IBj6!b
amberstafford,Vy*w3ZyoH9
amberstrickland,)4^PrjiL)m
ambervelazquez,$LTKTw&d$6
amberwalsh,Iku7FTSoL%
amberweiss,+@L7!6Tx*A
amberwilliams,2aIGY!bi$q
amberwilson,_sp8JTndBI
amberyoung,$4$w5Jan9V
amccoy,HH6DQKVqb*
amcdonald,J4Qwf5Ap$F
amckay,zs)@BWqa$2
amcmahon,xL^L0HQqhR
amcmahon1,wT_3SAGuQ+
amcpherson,*6^PX+Hf)m
amedina,$T83NIXb$&
amedina1,#aDz6%*xY4
amiller,5&QgJt*f_(
amiller1,%(5ScKuilw
amiller2,*6vSKSLxez
amiller3,^6oK7&mjq2
amiller4,K0Z&DDoU+d
amills,WY(k4sIdfc
amills1,E%O9Sn1rxM
amills2,Qt9(GwH^D#
amitchell,$+G8jdBSi2
amontgomery,#T30NBBeeK
amontoya,V$1QbPvAyN
amoody,_ZX%q*riO3
amoore,$v9xTVuxZ4
amoore1,JNe7VtsJ&#
amoore2,KJ1fVhWaR*
amorales,$ERldG7f10
amorales1,$Z0Hf(zy@9
amorris,Lkjj1NgDb_
amorris1,!qEmEiXOO7
amueller,NWOclRqc(0
amunoz,(vZR3Im5$!
amurphy,&&KmM8JnT9
amurphy1,G&2MIQY5Vu
amurray,rJ_8IZ#izj
amy13,f@x2EPZb_*
amy131,&5AaX+tuwH
amy14,W8LS2Fgu*8
amy15,$!9I&vrILc
amy17,eB9&9WTbCL
amy21,&Va9VXRj0)
amy22,(izJI4Hq98
amy23,U&O6QdGm^2
amy25,&WWQc9NbmB
amy26,BBV0E@jn+6
amy27,mkW5HiPEQ)
amy29,t7JMWih@#9
amy291,*h6CgYbXw_
amy31,&5Bkk81$b3
amy35,0m8Y8Aew^f
amy36,iy3TUUw16^
amy39,%olO_hZEF8
amy40,+N2mPUiJpR
amy41,)92Y^cIVv(
amy411,TdhB9fHbq)
amy42,dyt9eqCj_@
amy43,(9clnDslzS
amy48,E(7_R@lH%$
amy49,!v1hWXcj3@
amy491,!^lMxhDB@5
amy492,MM1ZazDI+Y
amy50,jR8CykvC+U
amy51,Qznq$6PteW
amy511,_6_OT+$#v5
amy52,!JGCqAo683
amy521,(UV2u)8fw9
amy56,2y2ibVUuo!
amy58,IiD^5Pt*^n
amy60,tI%r1VQdiq
amy62,(Q4sIw*14+
amy63,)3ZYFQLvsj
amy631,*w2qqPuO^0
amy66,p3u1)O%B)6
amy68,+xTF^aBmi5
amy681,^9JTWb22@c
amy70,+K@o9Aey(v
amy701,!ncNGKak^0
amy74,*M*EVp(9T4
amy76,LmPP1M0o(p
amy761,&_XX3!Nq8a
amy78,&sU@7iUb&Q
amy79,zcID^8Mu_r
amy791,EGt8Ny#y+4
amy792,^TiVWARos1
amy81,)wn2Ltlq)H
amy811,#q3MMTyJaP
amy82,7(XV17ma(9
amy83,#1FUx)6B^%
amy831,v0Xwg(Oa+e
amy84,Ltg18Nh4u*
amy85,&wwOZuD*I9
amy851,azKa&RKR+1
amy92,*88(h1L7z9
amy95,GD&f0Qgg^3
amy96,zB7OXc1mm@
amyallison,*17E6jCk&g
amyalvarado,gZ%9YTWmj6
amybailey,#I9(PYKj$M
amybarton,+l)8yrB%9X
amybender,*Ab5RHqv7!
amyburke,bOE*h&5p*7
amycastro,#y5DBpNmaU
amydavis,D89Y2vvD!v
amyduffy,$l4C9Atavk
amydunn,e&MC8VE_Jk
amyers,!0NAYA*l9O
amyfoster,9AB92GVe_Q
amygonzalez,5(VmX0Ug_$
amygonzalez1,f+M9ZX(fg#
amyhorne,(8I5DOCpJ0
amyjackson,$zKSAio80A
amyjohnson,RB4SKUzTC&
amyjohnson1,!TpZo63Of1
amyjohnson2,Y7(cVIfg_F
amyjones,n+s8WdJlV@
amykeller,0)1XGmAy&K
amykennedy,f!h5joCa6G
amyknight,+3u*6EuPS(
amylee,!VSL(ANm3#
amymarquez,(_0adG1!Lh
amymartin,m9mHWUc!@c
amymayo,%#$Hgl+lF3
amymccoy,L*M8Pnl6cq
amymiller,WEl&8lPll&
amymoon,)^4Pe&+gQ9
amymorales,0peT0IzW+r
amymurphy,k_5V+5k*)U
amyparsons,S8+JJ3Sa*6
amypayne,JH$9MLysF5
amypearson,d4RAi0h7+z
amyprice,CS%g1PEtaS
amyray,Y*xKKDrr@7
amyreyes,%7aQsNQMTg
amyrichard,(qb3lNisN(
amyrivera,&$F8QrhWY$
amyrivera1,^gv7Ik*#^5
amyrodriguez,5v3OfYq1&3
amyrodriguez1,1CCBM3Kf!x
amyrodriguez2,_NbXy3Byc_
amyrodriguez3,#TNSme!r!9
amyrogers,A9Tq9jE0)0
amyrogers1,w0*9WzkhoM
amyschwartz,)*DIRygng7
amysexton,&$S0mpUyb@
amysmith,OX9IM!bkQ$
amytaylor,VC$0CPfvBj
amytownsend,+07lPXbL^3
amyturner,W3+5j3Wxd+
amywest,+7c5+PFb#e
amywilkins,9%6%DOukwz
amywilliams,^W5WYo6LWN
amywright,z02Z%R)w*D
amyyork,H*XZA7glNG
ana23,I5kjV1UvR#
ana36,#gQFu^D27Z
ana56,@0BzZrs$Rg
anaandrews,ni0t&fOy#@
anabrown,(jZBNcXRa6
anafranklin,T27IAIa^@j
anagonzalez,_*k3VfHn%8
anajohnson,zb9YW2JCY)
anamarks,2Z0Cg@IQ#8
anamurphy,36aSeSKP#3
anasampson,6m1jVnrs*D
anavasquez,)+#0U@!gM&
andersonalexand,Jgh8L(+b(B
andersonallison,sn98QYvv#m
andersonalyssa,s0PnTDg&&g
andersonamanda,8G7*BYRu$7
andersonamy,*WI73NoDD6
andersonamy1,!3_YHYoH^o
andersonandrew,CuuGYvEw+2
andersonandrew1,!2aDfja&aI
andersonandrew2,O%H2U(A*lm
andersonandrew3,*_4HuqWys+
andersonangela,&#55H7g2i7
andersonangela1,vv3Zxyj)!#
andersonashley,sVC3RfHa#S
andersonbenjami,5&j2HVen(Q
andersonbrandon,x(46H&9t#T
andersonbrandon1,K_88BbYt$%
andersonbrian,#j3hAFjp7o
andersonbrittan,*Q*CQym97_
andersonbrooke,z1kIL*ae_E
andersoncameron,X)P4SWYj3$
andersoncarrie,qeA5q#Jw+8
andersonchristi,(3!h^Qje5Y
andersonchristo,Oul4UwH)b)
andersoncindy,v@0otkKcW_
andersoncraig,26fyIlzZ$S
andersoncynthia,@%yFc&AzT3
andersondaniel,@4vqTqmHx7
andersondarlene,%+41uJ3zNc
andersondavid,ePE2EaFa+)
andersondavid1,HMK8Y1In(i
andersondawn,+6CY$Z7wdg
andersondeborah,*2Q^%z@$WC
andersondebra,1_7RU^yd$D
andersondenise,!^4CpWqQMA
andersondiana,&7N6IXpyS+
andersondorothy,@7Ay8+Kr*G
andersonedgar,56RG8dRv**
andersonedward,04PJfh(y$D
andersoneric,+$%Hz4G3Rh
andersonerika,)ouz9ABpsT
andersongina,$P2CNhltxF
andersongregory,fT7o)Lou_6
andersonhailey,P^0j!WrrdX
andersonjacob,(7V&jUxmXP
andersonjacquel,_M4mFhVT#R
andersonjeffery,eJ74Fdg5(8
andersonjimmy,^6ceMLcv@H
andersonjoseph,JjzSPB7j&6
andersonjoshua,)3ffm)as8P
andersonjustin,&R0HYN2gdu
andersonkeith,+bC28o%uG6
andersonkristen,0R@2gg7r6&
andersonkristi,^fJlJzfZp1
andersonkyle,MD&6Hj@c)4
andersonlaura,+O0O#Yr#G$
andersonlindsey,+8E1+tQswM
andersonlisa,(qjjQ^Yk0w
andersonmark,CVGscnMV)1
andersonmary,*uZ@4BFMF2
andersonmatthew,N*2gVDrlNL
andersonmatthew1,&CJuk(us_6
andersonmegan,6W5^Uc5i(!
andersonmelissa,+uSVpsK@2Z
andersonmichael,$3gdRCBZrl
andersonmichell,_5Yr8JU)j0
andersonnichola,RtA3Q^$8^(
andersonparker,r!53atCqov
andersonrachael,Y_3^bvrjzE
andersonrebecca,_yyEfz^t9*
andersonrobert,F+3AKGsi(&
andersonrobert1,*)9)X_sYty
andersonsamuel,(VV6Dn!h9e
andersonsarah,$00kDfnm$B
andersonshane,_HV7c8ms8K
andersonshannon,)ABR5j3hl3
andersonshawn,_1NejtXfw)
andersonsteven,l8DUNrRT&4
andersonsusan,^RCMvjza8r
andersonteresa,T*9DPneenB
andersontheresa,n7@P!k7Z*g
andersontheresa1,0wA1uq$a$1
andersonthomas,#ON1Ai@Y9p
andersontimothy,6o2HiLa_@A
andersontimothy1,+H*Bxi*Xb6
andersontracy,E^1AyQhVvA
andersonveronic,+)7i7FTmsr
andersonvictor,#Mp8qTacn_
andersonwayne,M_%qO9ZiSp
andersonwesley,W39+Lsrp!8
andradebrian,nK6OA%#wT(
andradeerin,#9XIKm6l$R
andrademichael,U3VWBVjh*5
andrademichelle,(a9EwH3g34
andraderachel,*OVGG0Lqz7
andraderobert,@iG9otWh+3
andre18,J0An*rmK_W
andre24,X@xV7DbOah
andre33,v5YhYxnh!*
andre43,_2DAPxos7i
andre79,D6xr#3hv#E
andre81,%zUPP9Qg8e
andrea03,mH%m%9Oag4
andrea04,7GDsB^sO$F
andrea05,*6eXNEQbSw
andrea08,Lk)7pVFpNT
andrea10,6AZ^927k@t
andrea101,T3b8mhmW&A
andrea11,T$@e6OYoK8
andrea12,1#&7sD(iSl
andrea121,o&q4gGlb3o
andrea16,u3W*ip4d!!
andrea19,)4B^HWekMG
andrea29,q!umEXhd*2
andrea31,V1ShHTIs+i
andrea37,4#9vdV#qks
andrea39,fa0pYNde(9
andrea41,Qv2vZZjtj(
andrea42,TY03Bncz&D
andrea46,ka4YJIw+Z$
andrea48,5Ag!7Mgtx$
andrea481,T3gLhaLL+6
andrea51,hW6Kw3ri#1
andrea58,^6G5dtplap
andrea581,+71VEsnaXQ
andrea65,+gs2XKTqrL
andrea66,o78j#LtT)V
andrea67,_^MHnMnK4Z
andrea71,%IYQHga%7m
andrea72,Ln4k0KSV$^
andrea74,_8DwANxhrM
andrea76,$lTSwGpO29
andrea79,pJ13QjK6(8
andrea791,G)i$94Jgh@
andrea85,yq_CylQW)1
andrea851,1bQukygr!_
andrea88,!HjR6aIdXp
andrea881,M*G80vCn6_
andrea90,p^d5Pc6xL!
andrea93,E$)6iGAhxt
andreaabbott,Nv_O1SUhVF
andreaallen,wy98PjLJ)^
andreaayers,%k&*73TbWQ
andreabond,pg*j3ZQiYR
andreacollins,C&l7S#Oo&P
andreacrosby,!6NV&9dham
andreafoster,$cHD7NRdO9
andreagalvan,^%$tQmumq2
andreagarcia,&$0cJsTicY
andreagardner,yb!2YiFccU
andreagordon,@86NFteJZg
andreaguzman,)bXEPb5oI1
andreajimenez,_5OsDTSt)q
andreakelley,zR7!8#Oa%T
andreakennedy,KM6FkSE#R*
andrealee,bYnk2Jef)o
andreamendoza,_(f1fOQpYz
andreamontes,Eu6LNW+n#J
andreaowens,&VYLJrffq9
andreaparker,5lHfO#gC#9
andreaperez,0+o03NVbND
andreaproctor,FY89IaAzQ)
andreareed,WY(1lhUoZI
andreasimpson,3Za6jEodI#
andreataylor,O#G(C7Ti#3
andreataylor1,(3YezVro@*
andreatrevino,)evTjuDMv3
andreawilliams,z!6UnWbjW%
andreawolfe,A@8E^h1p$!
andreayoung,2$P8mQTrly
andrecook,e3uRHus!%C
andrecunningham,6G#V*Jaw%i
andregibbs,!8@15KbwDn
andrekeller,!4GJAmt#us
andremartinez,y#)2EHni0+
andremoss,&nEglX7O71
andreortiz,)3RZr5B@2u
andrerhodes,*5TtzFIpmO
andres36,5WjIujP8#O
andres45,@m)^DWJj%3
andresoconnor,+R62znDcYW
andrew01,98&v6VjD(K
andrew02,K%1BPizg8K
andrew021,c(p7cOiEgw
andrew06,_fo4UURlAE
andrew08,4)A6cr+Q!n
andrew09,Y32Dhg4%*B
andrew12,f1OsUqcw#k
andrew13,m2TH%1hD$W
andrew14,_+*k#Nab6U
andrew15,+4OZXQwvhA
andrew18,obfa4TNq!4
andrew23,(4RLW#uWIZ
andrew231,D5JXPhmb$u
andrew25,*779Wq(nnU
andrew26,#2I8Zd6r$A
andrew29,%0c52WCg)J
andrew32,*)9WF8sF9i
andrew321,N4NJPnk8*z
andrew33,)6KkMB)ZW*
andrew331,V1t%)GMi(e
andrew34,8HIE72Qau(
andrew35,a8T&YyN*&Y
andrew351,5sOqXZf6_7
andrew36,2LL5$n@S@n
andrew38,hSG)Wg(O)6
andrew39,3RqrOW$e+N
andrew391,gh8In_naR^
andrew41,y7SaZZsE(Z
andrew42,%X7jrzEsDC
andrew43,j&K8C(pt0j
andrew44,kC8645OqK@
andrew45,NyXH#jXd#6
andrew46,%)#UQrZq73
andrew461,)MX48W!l2r
andrew47,_wAJbqyj@4
andrew48,ZK)6&Bb#r_
andrew51,6^^_3!AcHc
andrew511,8M2SC9Nh_2
andrew53,__c3Ipr2#4
andrew55,*+EO5uH!9N
andrew551,)VQOxAJpJ2
andrew56,d#ke+OT^_3
andrew58,Oy2KPE+s%_
andrew581,F^5C!Nfn&@
andrew582,E*0LqZHdNy
andrew62,qiZ1%)hc$2
andrew621,_MwaQqkg0$
andrew64,%^J4_AgC^@
andrew67,zUXq51Cg$O
andrew69,*zj9CQNgng
andrew70,Fe4MZYwKo!
andrew701,&E1D9ZpbX)
andrew702,ll7peQb2!N
andrew72,!pG7RNqpY_
andrew76,+87XMjcDN!
andrew77,^$3k0aRnh^
andrew79,^!L%#rq$C6
andrew80,!^6SPn4f^r
andrew801,)_(24D+Wwg
andrew802,JR1Sv5J%*0
andrew82,wuAr^j1q_1
andrew83,s^7Ubw%)vE
andrew84,@9fO4MaaAA
andrew85,*0Y_M+P@)e
andrew86,!td)CE(rn9
andrew861,*I57sOuw2b
andrew87,7406&5Dx(a
andrew88,b$K4MTqbWh
andrewadams,_trRlTnLI1
andrewadams1,(SO8NfrQ2Q
andrewbarnes,wG1yQWVpe#
andrewbarnett,u0gGql6p%L
andrewbishop,(OG2$U(af$
andrewblankensh,vP3C0Qcv)I
andrewbrown,_Wa2ZBpDh8
andrewbryan,kb9EEroU^e
andrewcabrera,%%9XnWyjf0
andrewcameron,%UdG48Yw+!
andrewcarpenter,U&W5_4BySE
andrewcasey,YpVSzsex&6
andrewcochran,V5mMYeYk)(
andrewcollins,+Y8#JEjb2E
andrewcooper,!#4W5iJtg%
andrewdavis,QG!5Jldfm^
andrewdavis1,#aVzOHtL43
andrewferguson,S_52j20qWW
andrewflowers,&u992lTg7!
andrewford,M*zo63Pwd^
andrewfoster,s%234NXXet
andrewgarrison,Q!*3_OyyMa
andrewgolden,a6#2*RkqeM
andrewgomez,A2!DvaF^%i
andrewgonzalez,YZ4KAbjE_2
andrewgriffin,1dh+IwAe+0
andrewhahn,L3(+RT2f_q
andrewharris,!NCMRoozp2
andrewhill,2_^3cKbA2N
andrewhogan,^4R4hSIXo+
andrewhouston,25wlWjci_0
andrewhowell,z28YtU5c_+
andrewjackson,h9URO1Z7@w
andrewjohnson,i98#BHOg*t
andrewjohnson1,9oUz@Ssz#i
andrewjuarez,)3Xtv_n7&K
andrewking,)GWP%un&9m
andrewlarsen,eD7ChxQl3_
andrewlindsey,&!GDzgnQ1n
andrewmarquez,)1Yp5mvkuX
andrewmartin,(Se6&&Usfh
andrewmartinez,!A2MXlPyl6
andrewmartinez1,D+apwX@n^5
andrewmay,mt#30Wiowe
andrewmoore,*a2mOyjWdZ
andrewnash,NLC^3PjDN7
andrewolson,25#VyaKl&c
andreworozco,a7K2gi@s(X
andrewpatel,%%O3Gbia+Q
andrewperez,fd08lK84+9
andrewroberts,%r1fhAqq!3
andrewrobinson,*9B4g!z5rU
andrewrobles,v&6MHC!hp6
andrewrojas,*Bdk1(RgG$
andrewsaaron,(G6z!ZbP1f
andrewsalazar,XJc(D8IbU*
andrewsangela,*oGj)gPKx9
andrewsantiago,1ppv8GPu7^
andrewsantiago1,H+LN*Ldo_2
andrewschristop,A#g4fZyhA&
andrewsgabriel,)9epH@Epef
andrewshaw,&@A*td4b0(
andrewsims,6$7KCYpv^l
andrewsims1,DMK2Mvopz!
andrewskara,G_0Cdwbkcv
andrewskeith,s6KOfKo))$
andrewskenneth,d3Guh)eT$&
andrewsmith,n77SjgdP+0
andrewsmith1,Q2jSZ8v)%V
andrewsmith2,QmP_7^U%!1
andrewsmith3,%M@*3EtvW*
andrewsoto,+#D0jHj_+!
andrewsraymond,ExS1M$#f+C
andrewsshawn,S8yTNjFQ&k
andrewssteven,V(%d2^KeZe
andrewterry,HHJlVkEO@6
andrewthomas,dc+3nLpU&f
andrewthomas1,viDk)Ef@^3
andrewvaughn,5%7LFSuAD$
andrewwalton,%GQ4VdC#NZ
andrewwatson,%gGf&^CPc6
andrewwatts,u+8A4&QbMo
andrewwilliams,W$P9UrHj%_
andrewwillis,@(jG3Oh%fg
andrewwolfe,h02GsBjr6)
andrewwong,@$$KPl+p9r
andrewyates,&Y_f*6ai8%
aneal,_6ypJqbRaf
anelson,!2KArwJ4$b
anewman,4p8HnIyz#H
anewman1,%kO3NfCs&D
angel31,)ZMX+NSfh2
angel45,$^pY3(iBt6
angel79,)o%JrRTlV6
angel83,3cC0G5ot$)
angel96,11D*7TGzLd
angela00,_lywjRgcS4
angela01,!j20Q^&bp2
angela02,&4WN6J+f+)
angela03,_n5y!SCdmt
angela04,ciPQxKK$)5
angela06,%hrDg0rv&9
angela07,^6gAoIyw9I
angela071,Y27bEHfq!Z
angela10,pr7K_dac)_
angela13,86PCjxLW&C
angela14,^aTsulAcq5
angela16,)Y&7J4$ej&
angela19,!5b+qKoo#l
angela22,54KpmVCF*2
angela221,@*BXqoe#m6
angela222,^pI9V+Z$R7
angela223,8z7I(0MdX!
angela23,2Gm!HyXz_J
angela24,!OCSoP^s9z
angela27,#9(WlXGp33
angela29,&Gm8nHyb!X
angela291,5T8fPoTg!i
angela31,7l_9FjBfii
angela40,ttiK2VEJ%$
angela41,(&C%Wy5oV4
angela43,gy%(z9Vytc
angela431,J2Nt37uy)X
angela45,iS95Qhk&z+
angela451,&#XVKdte98
angela46,i!$(6Dp+pt
angela461,)0jiQeJqUc
angela48,U)V1UoCsy%
angela49,rVAdQfzs+4
angela50,!8hRy2sg)x
angela53,N^!2NpHsQ&
angela54,aPV8dHnx^6
angela55,e@u4JKlKMi
angela56,*#6Z+Gc42n
angela561,k22IOl1p#1
angela58,Vb$tu8Ukgn
angela60,&Tq*%ZRpz2
angela601,!688aPj9FJ
angela61,*Ui(5WQnk1
angela611,03NgsoIs$i
angela65,(i_V7E&tY5
angela651,!c8tNZlo3Y
angela652,1HI*3BaBKz
angela67,*fyaK(79B9
angela671,^pACIUIl_7
angela71,x_1%$9FzG@
angela72,d@1Yi+yHKR
angela721,Wdsh9A2xQ%
angela73,!C*0Fofsfd
angela74,jQW()L5pg)
angela75,^9n42XyZ%M
angela751,!v7pSe4o92
angela76,2KF2z6dw$v
angela78,KM3tjN4p6*
angela79,Dx4ptAAtD^
angela80,rw9VpTE@)z
angela81,!mUFdLbF9j
angela83,8$a73$UKkx
angela84,!iF@pqpwb1
angela91,)3XcVZgrJe
angela93,@TJo0x#kd4
angela97,%Rb+9L4lsR
angela98,g+w9VUGlpO
angelabanks,kzDL9M6b+(
angelabarton,@qr1IQVb@%
angelabeasley,)3OMgTpJLz
angelabell,o%8zXm%r1t
angelabranch,@%Q46ICm8D
angelabrandt,y9d!X(HV*b
angelabrooks,aBH2NWyey$
angelabrown,(%l3GpYxVD
angelabutler,#mK@$aGFy8
angelacampbell,)96l!YYpRx
angelacampos,$Q4Bjipe56
angelacastaneda,f7rhBCen)!
angelaconner,v#3MX(w6#i
angelacruz,3&K0I9Bl@o
angeladean,)VgM(5RaTs
angelaedwards,q%@09gPaT8
angelafarrell,4bYRmEd8@x
angelafoster,I%E%4Wp%8J
angelafriedman,X_4K4(l_Wb
angelagray,k0yRPR6y(t
angelagriffin,@tjB2PwNrj
angelaguerra,F%^7BgbUwg
angelagutierrez,@Pp9APNg&D
angelahanson,K0GdSsuc$1
angelahensley,P@C2ZHxUIf
angelahicks,+w6_EsP^P%
angelahill,1sxkaeZh$i
angelahoward,8pSwh3^l^2
angelajacobs,DqsNBjAr#9
angelajohnson,d3ov3uSj$T
angelakirk,VDVb339O@4
angelaknight,UziX3Cmpc!
angelalewis,)G6qVrcw89
angelaliu,w6OSngT7@m
angelamartin,I)8YhXkAM0
angelamartinez,4kH_Wb)6%9
angelamiller,i$@9HkmCfA
angelamiller1,#a%Oftmoi2
angelamitchell,j%m3wL*s#)
angelamoran,s(zeP0PrMq
angelamorris,teaRBRm3)8
angelamurphy,_4(Q2$IzC_
angelamyers,hk#3oJl%x*
angelaorozco,s7SGCD0p#h
angelarice,3mWmytzy(v
angelarivera,qb!1Qkv+oB
angelarobertson,(f6LCYHl!*
angelarobinson,_Wl2^KOm!K
angelarobinson1,j67rEsv)%(
angelaross,my1Y6m79F@
angelasalinas,6XyR@PtU*j
angelasanchez,+xZG3GKE#1
angelasanchez1,Iq2tU12g^9
angelaspencer,^K6Ah*mMo+
angelatyler,&N29NvEv8_
angelawilkinson,Mv7h2Ahc!x
angelawilliams,7vGFdOxr+F
angelawilliams1,D)%2Yk*#**
angelawilliams2,@0XjR@zYF(
angelbrooks,)Rl(6Un1)g
angelgreen,a(4UpQNp6+
angelica08,SC$6zTtrq#
angelica12,$kEWl0KCy2
angelica86,__rb78Ujc)
angelicablake,6&L4TZedo!
angelicahensley,WvQY%7TA(3
angelicaquinn,*kJ7T#%h^a
angelpennington,1LBYvb%)#%
angelwest,ag1I3hnX(Q
angelwilliams,Xd5ACdaMM(
angiepage,_K^3OtDRZK
anguyen,wGP2zS$ah)
anguyen1,0jV8V5hn@7
anita13,&13XCn*L+v
anita15,2@1QxV1*UH
anita39,blt8%bGg!_
anita41,iKSXBRfa^1
anita63,(Lr3GIAjGU
anita66,x5VG9B*iN!
anita74,o_8Xk53l6X
anita86,E3NZ%aa7%f
anita91,&3z7N)CwZx
anita92,)M&ogHr)7w
anitaanderson,JiHRT$l%)9
anitaburke,_6+ULvYqUV
anitaclark,%fTAszhr2q
anitarose,&AcR%YnYz8
ann01,E9dwZhtp_I
ann07,$qScBhM^^8
ann15,^7YkfoT!1V
ann22,FINR4uxc!8
ann28,(3Tvbtw0E3
ann29,nN3IPPja(&
ann32,gL5fBEyj8^
ann44,J6Z$9Ljf1K
ann45,5eTUOxOw#q
ann49,#UKMj&mp2F
ann53,)4+_DsP9&y
ann60,f1(%IWz$@g
ann67,2(U1rMpa^K
anna07,l_4OKKJvWo
anna071,&2PeF0Qzf6
anna072,(QDU6oDbbX
anna10,Bty59O!EB+
anna12,%4Ik7)IyS3
anna17,%Y_JsgREk7
anna19,&)p77DZf$6
anna22,^IAPt&(K5k
anna33,z!9F!3RxvO
anna35,MPvm(7ItH5
anna55,@!#&58Nmi5
anna58,_1z6MnXS%l
anna59,+vWanJNaE8
anna60,+!Of^F9$D6
anna63,@1uYTksPIT
anna68,)CNAulEbJ5
anna80,W*m4oDO5oe
anna87,8#59D(o%lO
anna89,sCMRjM&m%7
anna91,i0dF!I#b+e
anna93,h75nSuSe%+
annabaker,h$Xcp9C5Aw
annabrown,L_8Q8Er)e+
annabrown1,fX2AyLkV&v
annaburns,WL&k5((qN+
annacamacho,$PJ1T3von#
annacherry,WutokTlt^2
annadavis,_+0TF*tAH#
annadean,hAm+1Vaa8S
annaedwards,$xvLRbb&m5
annafisher,_3@3NDgqQ3
annagraham,(6CUhi!kI(
annajones,r+lv38VdCh
annaleonard,V6oEP^Uz)l
annalopez,o(BRo)n%#4
annamartin,+97C0qBt)k
annamiller,!aM$hy916o
annamiller1,^5QE(sVsTd
annanderson,)qIOeT8s5b
annarichard,3m2JO&+i@r
annarobinson,D&7HlzcVU+
annarodriguez,Q11MMkW)H$
annaromero,0JTsEjim+H
annasmith,_0BsoR_st&
annavang,Fi)6UUspuc
annaweiss,OcQ3nDE)))
annawhite,+oS6B9%OD0
annawilson,_^qvNF&kH2
annbaker,7kPD7uFt#k
annchoi,+(TjckZid4
anndiaz,)Q6V^9etKd
anne01,_6Gbd2H08T
anne07,xieh9IJv+n
anne20,+pGjj*jFz3
anne27,@La71MBj^7
anne30,b!a2JboqX6
anne37,1*l1xCaiKd
anne47,^wt6DGdeV!
anne53,Q)3UD!F9&v
anne54,d*8tgLpaBL
anne69,%5Be9)p3u0
anne79,52ZnM2Xm^z
anne86,w*v7yThTmg
anne97,srZjBZ0&$5
annebarker,eW8OGDmv&*
annebrown,)XylK05mO8
annebrown1,67BQn+X$*x
annegonzales,q!&4X1m9(v
anneharris,28wFW1b0&(
annemorse,9#a5LahBu5
annemunoz,_q6TzS7iRD
annerhodes,&0v(X@XDjT
annette19,_xk1D9UoxA
annette191,y5uqLLSh%9
annette49,^&4Q+bLsX2
annette54,*BsS%krw6G
annette59,Nv^1Sj8$!H
annette65,breq%7X!t%
annette77,bq6XudMF@F
annette89,C8uT^nI4(8
annette92,&+!&3Lhnx9
annettecampbell,*3UnLyvs8R
annetteflores,)ZC75xVy@L
annettefrey,4eE%x2C0c$
annettehorton,!Zxf8@Gm6q
annettetaylor,R!7TpS0qMM
annettewolf,WgA1IAUFq&
annferguson,o$G7!CCwyy
annjones,T$!5uHo)sF
annkeith,57u)^IdX^J
annlewis,+O6(3Zjw!_
annmercado,8SyKA&br^_
annnunez,Jk_aLg4$_0
annolson,6b6IY&rL!F
annpreston,00KEuBbp!R
annrodriguez,mU)4VbEmOz
anntaylor,8GS*s9zI$3
anntorres,QkXSKXC(*6
anoble,I(th1ZhO_M
anorman,Q1GiJogb)u
anthony00,SX1XrrV%A*
anthony01,O_m@X&Zk$3
anthony02,+*8fz1vJIV
anthony05,o676V%YL*P
anthony051,$1AvmuDrXW
anthony052,w&MR6QXahJ
anthony10,$3WfTKdzur
anthony101,B9bCZZi&!a
anthony11,(p0ZAP!uuM
anthony111,6+7%O)ZfdO
anthony13,LJ4N7qLx&s
anthony131,c4ut77Al9)
anthony132,&Of&GukvE5
anthony14,#1kccSQSjG
anthony16,DH55L6v^m%
anthony161,)!B50Czi_#
anthony17,&5HfFOM_bc
anthony171,5%0!FILr_c
anthony19,5h2RREBJT$
anthony191,^V6*9CAf)%
anthony192,J1MCGB3e%2
anthony20,r^&21BhEf*
anthony21,sIN10C!bD^
anthony211,b65Wmzmd+z
anthony212,+y7DjVPf@q
anthony22,U+3XpAyl#y
anthony23,qfHA4Efc^7
anthony26,M%V2QCt%mi
anthony261,(r2CYqXmbk
anthony28,)9SX7e%GJU
anthony30,&8Qo5Yny&q
anthony301,)C2Yfu9Rg1
anthony31,+D4NaUVt^9
anthony32,m88XO*Sl$K
anthony321,O**8Cdvoy7
anthony33,&0alVBddE7
anthony331,V2sDOCx5%L
anthony34,s23LyfD7$N
anthony341,^B0RpeObA8
anthony35,g_e8EUl&0k
anthony36,^v64GFfqaI
anthony42,(zY!Ad_M1!
anthony43,@9J7WL!e4&
anthony45,(ZTj1Eogcx
anthony451,_$9PK0j2_(
anthony46,e!L2PVm(gG
anthony47,#7(zDha*hs
anthony471,)PYIDnDVj7
anthony48,drD*bozR!9
anthony49,6Z5yFqf!3+
anthony491,4iE1G@Kk+%
anthony492,x9V%6JQjG3
anthony50,Yj6AM!m5(F
anthony51,@^OPf8Px@Y
anthony54,2EIwDhGf*T
anthony55,P50M7Y0q!#
anthony56,+2M+M6a5hL
anthony561,1AAB(a^9_N
anthony58,+n3IpBKx#8
anthony59,b&O7JJp5TW
anthony591,_h)54NcaLS
anthony61,QLnIZmAe*9
anthony63,#oWmS_nb&5
anthony70,U2l_YIkO_&
anthony74,!35$^QPs+a
anthony741,9FEeY$_b%8
anthony76,J0l77TIk$U
anthony77,v3^2DQLx)p
anthony78,C4ZWsZW0)T
anthony80,7CxYfyGs%2
anthony801,uH1xIU2mU)
anthony82,&K$%t0YseY
anthony84,c1Q)CD)b#9
anthony85,&b)gC4Nz09
anthony87,qx2)QFI_A#
anthony871,9vA2uYuB$C
anthony88,^*0kI@er_l
anthony881,(yXc*1HoFI
anthony89,O&E9N#d0^l
anthony90,#G%6PThjY7
anthony91,AoM*3H)rtG
anthony93,c6WpOPiD_N
anthony94,$2Mp5ALN$v
anthony941,K0LHlxBy#p
anthony942,)c5HJMrnJ1
anthony97,(F12OhQ2$q
anthony971,D433H0d5&_
anthonyallen,(Zg+1rXf(K
anthonyanderson,z9$b0Bd%Ig
anthonyarmstron,^8Tm^HN0Dc
anthonyashley,)D$_tNZqD0
anthonybanks,C9JaQ2ie_&
anthonybarnes,^TL10y@o_6
anthonybates,z(7CHmAkfc
anthonybell,cV0^DZtV%@
anthonybenjamin,S)2pAqjHEi
anthonybennett,Ljp2F7Sv*$
anthonybenton,9Ub0GS7j++
anthonyblack,!1&GJvv@2o
anthonybrandt,!A@7CxDiMz
anthonyburns,9Tf7Rrr8$P
anthonycabrera,&6IZrCr4Ub
anthonycampbell,R#y$hc2euT
anthonycarter,PpK9!MPd&^
anthonyclayton,e1fctwLJ&j
anthonyconner,0L!L^K8v_7
anthonycooper,Y6gqU+Pg!7
anthonydalton,#2BLb)(z*l
anthonydelgado,&3VJ%$u8+Z
anthonydouglas,HL^0R&ViP8
anthonydouglas1,&HLD)AKtx7
anthonyevans,WdK6&#ke$7
anthonygarcia,&8cZ6GGqEF
anthonygeorge,)yzMlql%89
anthonygeorge1,sKW4WuLR*D
anthonygriffin,e0iGjNv2#@
anthonyhernande,9s8vJU3mt^
anthonyhunter,t2MuS3d$@y
anthonyhuynh,*FZ3IDvm3i
anthonyjohn,CU4Kvul3t)
anthonyjohnson,@4z*VbwHR2
anthonyjohnson1,@pJQDRa#C5
anthonyjones,(z_PtL8b1#
anthonyjones1,0dz7mAaax)
anthonyjones2,CW@xI9En2^
anthonyjordan,^5+Mlc)zpa
anthonylewis,&1UI3&nv_x
anthonylewis1,EQ)K4LbEQN
anthonylong,@u3F8mJfI6
anthonylopez,%U@KAWa^C1
anthonymason,kB^t5Sdt)+
anthonymontgome,!49U(e8(1_
anthonymullen,#0QD@GBs^_
anthonymullen1,)2fAFu8ky6
anthonyoliver,^s7eA!gUh6
anthonyoliver1,)5GQy!^bow
anthonyparker,$mW8UIgw5b
anthonypatterso,&iF^Mj1_Z4
anthonyperez,&21IAV*h8i
anthonyperry,@y1eRl1i2l
anthonyphelps,r#4@TfDj7D
anthonyramirez,WTI3mfuS@_
anthonyramos,@ouLXq_QI0
anthonyrobinson,Z%Dwx392%4
anthonyrubio,t_7GQAMZUf
anthonyschmidt,&513WDKbUW
anthonysilva,!5pUa#!)Cb
anthonythomas,5zf5^Ong_p
anthonythomas1,^umyyNyM6)
anthonythompson,vtCK9r_e#4
anthonyunderwoo,6C+*+Gt1@J
anthonyvaughan,u(C)20Rihc
anthonyvillanue,1!4_GSeGN0
anthonyvillanue1,96iAoSm&$6
anthonywade,udGD3PKi!*
anthonywalker,$^PdLvLis6
anthonyward,^1#Bba!wGz
anthonywhite,Fk$1jVtxY3
antonio07,)^0NDzYNBB
antonio13,985Fevk#%g
antonio50,!W9C5hY$xi
antonio55,ek#9IU)mgN
antonio68,1iGD#*P##5
antonio69,vr2Xfsm**R
antoniocochran,8c4j1Nv3%#
antoniohale,2W&8BIakT*
antoniohunter,BPiCvNzY^6
antoniopadilla,$O9RyRPg9u
antoniopalmer,012K6mao$q
antonioramirez,VD4MoAa^)6
antoniosanchez,L1$uUNQg#r
antoniosanchez1,8lE_8W2w2*
antoniotaylor,rs6UkArgo)
antoniovega,+R3)Jf*Qe9
antoniowall,a%(0fS_zhX
antoniowalsh,$*1uOX@n6e
antoniowilson,eBWua!#E)4
antoniowright,P5oyBBHz!W
aoliver,zL28dVYu*4
aoneal,6&Mcj#_W+2
aoneal1,k_w8C!Pd@(
aowens,ds5$ySqhk%
apadilla,gCE8OWCe^k
apark,^UOYVTm!h1
apark1,3ww_0Xaa_e
apatterson,%#N1Xss*9A
apayne,lp30S_bjJ)
apena,)nEZqkcn^5
apennington,d$pT8Kl&Ah
aperez,X$ItQKev@8
aperez1,5B*(@0Qt*u
aperez2,%8AX(o+o!S
aperez3,(6!1yWREvM
aperry,1$7l(Bp5v)
aperry1,@kM4oWzje8
aphelps,UKO4P14u(^
aphillips,v12kQXjI)f
aphillips1,#iXpMqxj^7
aphillips2,rP2m2wdw$5
apierce,n%&0nGHsWn
apope,u0ay!(VmR$
aporter,lx9qNZcA*_
apowell,!J^VHyfRQ9
apowell1,Z4FAwb9E_e
apowers,_jV30rPp_*
apreston,+zEf7QjuK&
april04,xBG66E3oS!
april05,(fCm1PKK%0
april06,5z#C0&Jk0O
april08,j^07csRIoh
april081,%O0j&LoO4i
april25,_54S6vIiD&
april30,PT7syHvf(3
april32,g+)4#WUb+U
april33,q)22Ividyc
april39,ohslDp!y#7
april43,FA!OJ%oW)0
april45,@Xv2Wq(Xi*
april46,0+3HGe7EA^
april51,a2hOUTmt!j
april53,WF)83Awko!
april56,y719P7fZ+!
april60,)c!I8yHpj3
april61,xQ%2M3tPD_
april62,IPr4nHhN9(
april63,1Q(6gm0T_q
april64,$23H21AxXc
april72,^Bx8jT+ru@
april73,t6B$SX3e+_
april77,405nwuRn!X
april79,$0@SDCw8l0
april83,+JUG4s%x38
april85,#9h1ZVhcLx
april86,Z47$*4Buyr
april861,#p7CZD2dsr
april95,C+h6*McVJW
april97,x$Q2&2Cd_w
april98,K!U2qWhIuL
aprilarias,(z6yFgrEc_
aprilbell,C%4Qb#Yo5_
aprilbennett,)4a%&KTnZ4
aprilbird,Njhh)cmy^1
aprilcameron,$7^6ARmcTq
aprilcummings,!L@XG@HEy3
apriledwards,3_5#H_Ze^L
aprilflores,&k6Iyrbfg@
aprilfowler,9(15KB$vVd
aprilfrye,(R8DwfFlq^
aprilgarrett,$So8Eqa3Jw
aprilgarrison,+29cSsiytr
aprilgordon,#5GTp1BbG@
aprilhanson,*^5CuSRfN^
aprilhart,qM+&4JAs+)
aprilhill,9jlYUfEu$%
apriljames,L%C8BFtDhH
apriljimenez,#!0M_pxV(S
apriljones,dtX)35HrHm
aprilmcclure,Z(b40Lqze*
aprilmcfarland,@gC2N4Ip5Z
aprilmiles,#M7X$FllP*
aprilnelson,)gE@ti_GI2
aprilpollard,&QbR5c7x9a
aprilrivera,(N&4Lkzmww
apriltucker,@vlL$ekbh1
aprilwalters,33TIJGlX$T
aprilwang,&+D7mxTyO5
aprilwilson,)(K4A4Kcfe
aquinn,@8qA3KbB*k
aramos,d0U)xGZ+!K
araymond,6_1DiYLq$a
archerderrick,K(LTyJtp&7
archerlaura,$s0eN&flQ(
archerpaul,H%2%!HLxN@
areed,^05QtMme#!
areed1,33rGnE@t+6
areese,^2BlgYtX^@
areid,2fJZvIJi!J
arellanojose,*JiBj)L5A3
arellanomicheal,u10LjbSU#a
areyes,Z9CDJLlM(o
areynolds,(4MoY#ff)t
arianacooper,%qR9FGeSD%
ariasalexander,x*6fpSvdqL
ariasmary,)6aYVLRkfd
ariastimothy,J$824pog3N
arice,&Vjd!OSi1*
ariel03,Ggk&3JrKs@
ariel10,@64R9cA$EE
ariel27,)&8Q2DmllS
ariel35,a$a#42Ry4E
ariel49,AsA1PldjR^
ariel55,8))5Kf_VJ!
arielbaker,_W9W_7CmFW
arivera,e9G2DrD!^$
armstrongalexan,@RsRdatZ91
armstrongapril,#9YUcqz2pf
armstrongashley,%5hM@Anwe!
armstrongbrandy,#2RK99n(lQ
armstrongbrian,&YdBh@Rt4g
armstrongbrian1,##n82Kez_%
armstrongchrist,8I0VaIJn(9
armstrongcurtis,w(OIy53sSA
armstrongdenise,@YMsoXoP)2
armstrongdennis,7$1YoVbyu2
armstrongjennif,@7VyllZa@e
armstrongjose,2T9n%Ccy#3
armstronglindsa,pYa&0XdN(r
armstrongmoniqu,uvp9Iun8!!
armstrongscott,#)z&!6OgZ5
armstrongsue,YYxo5MGz7)
armstrongwesley,V*T1KwI*P0
armstrongwillia,@S)970bR@&
arnoldamanda,+46kGklkyp
arnoldangela,+k0sIB4f+4
arnoldbrianna,^7WXgZh^31
arnolddonna,x#TW9rJe5A
arnoldjason,xV24aGnfl%
arnoldjennifer,E*4z5DBiRj
arnoldkathryn,_Mt8BXvBq5
arnoldmichael,d+8GATRxjm
arnoldnatalie,22TCg+1f@e
arnoldpatrick,l@4^KmdD)j
arnoldtanya,4CB+ekt9)v
arnoldvincent,5_XH!9PhkU
arnoldwillie,D39VyDeo)P
arobbins,*n9vHe#oV_
aroberts,jqO8VZ7rj(
aroberts1,4$4Bpjv+XL
arobinson,s0xZHAih&q
arobinson1,i2344Ksm)c
arodgers,^t8Xg^vu3g
arodgers1,8c30VfGc+_
arodriguez,Fq79Qx1j@%
arodriguez1,^c8%MvVa%M
arogers,&NECUIkh94
arose,iD^8PdlkI5
aross,!JyJIp754k
arthur44,m0^6WNm7V#
arthur46,6rNI8ukk)l
arthur47,lLZq8MZmc*
arthur79,B6nINLca)X
arthur87,L*5TPmoz4m
arthuradams,5W1(Qp&sY@
arthurdennis,Rx9Xr%2R*N
arthurgreen,7hUTG+yq!3
arthurhall,Z_t1jPoj9y
arthurhubbard,ef8CXcn8G+
arthurmiddleton,V(8PSakhE*
arthurperkins,!C1C1On9l9
arthursmith,A9j&Wo78#v
aruiz,^+N3F_ccwL
aruiz1,@854etWd*z
asanders,e^2DYZxp@E
asantiago,0PIjSgn5(e
aschaefer,Zj#1TJk*Q+
aschneider,#6EPKlv$O0
aschwartz,766sNA@y#v
ascott,%2DK92JcV#
ashannon,mx2RD_p7)X
ashepard,_hUp&bEle0
asheppard,_XQu&I$An2
ashields,^@9f8BdKXc
ashlee22,RHE8XIes$9
ashleeroberts,+3ZM#lCb^k
ashleewilliams,@OMqIhQ2z5
ashley01,OZ50ot)zE!
ashley02,k$9vzP(bTa
ashley05,%W%SsEUI_3
ashley051,7D+Deqk@&W
ashley06,S22TJVje#v
ashley08,)UAHpUa)2f
ashley081,zh)9Zyxb!Z
ashley10,b3OJeazw#t
ashley101,*OM9Ngag8l
ashley11,!H0L%3lzc6
ashley12,@+3X7syw)3
ashley121,)HiJk+SHi0
ashley122,K4#$U1Lrdm
ashley13,nvo*8YvLxb
ashley15,!q8QwemUBn
ashley16,)c%4Zq%JWa
ashley17,T)^x6UzT%+
ashley171,!Z&F!rX9u6
ashley20,(9VUtEyrri
ashley21,lmUBAtQg*6
ashley23,Y8A(Pdd0%E
ashley24,+68(TzXi+o
ashley241,4TFkLdn$)6
ashley28,JL#La1Yzn#
ashley281,I^bt1_Hzh2
ashley29,U0KjhMM*^P
ashley30,o_8RlyKv(G
ashley32,_X&hTV*j9p
ashley321,@Rs1Tcjor9
ashley34,#M2793HoP_
ashley36,yu2F$oPd^s
ashley37,5#3NG!rwn^
ashley38,PZ2Tl2t!h)
ashley39,$Oh%b5Mex_
ashley40,%7TAf&bfm3
ashley401,L2B2r%3l^c
ashley41,+r9voDnD4v
ashley411,mvQ8!Rrw+)
ashley44,_9sQa9UoMu
ashley441,$1e*Uo)p^y
ashley442,9aMnZxBK^x
ashley443,&aW3Q0b%wc
ashley49,W$8RG8J1ed
ashley491,s*6J9wYjN)
ashley492,(1K&yzPjf3
ashley50,#u7g(Dsd#4
ashley51,C!N22EsaCO
ashley511,eP55MGJus$
ashley512,H%llC2u)kI
ashley53,QzPgjXTQ)3
ashley57,f9t00)Jn$Z
ashley58,3fKnB739%I
ashley59,Zu7!Ego+)Y
ashley61,%%a4PkxpO0
ashley611,ZHAeyuTp!4
ashley62,!s1vKwjrE9
ashley621,!@V3MG#sfa
ashley65,(rG@aCWy80
ashley651,!uun&L7(+4
ashley652,9j2aYV5y)i
ashley66,*!QIHnDAq3
ashley67,W)7O(LZkmh
ashley69,Gl75LSpS#b
ashley691,^F1FtQ2FPk
ashley692,!DC6FcQ039
ashley74,r&A5RHwemk
ashley75,+zUsS3Ej)+
ashley751,Pq09FBcD^M
ashley752,o#8Tv9ywGD
ashley76,P5s7@i1c+6
ashley78,jv^3D&1ujM
ashley80,^tx2OXeZ_h
ashley82,+7NDo74u%s
ashley821,WO)6JWSm#n
ashley84,+yElT!_9!8
ashley841,hEOz0Qbx8&
ashley86,lC^n6lCeUn
ashley861,)*SNsm6lQ4
ashley87,_J1$Idul^X
ashley88,v@g(2Yzvqp
ashley91,&3icjZsMA%
ashley94,L!4lC5XzC0
ashley96,!lN1LR+yx2
ashley961,%zNtd)W)f0
ashley98,A!A9T4z%yk
ashleyallen,!x7T9aj@wG
ashleyanderson,%oEk^y4#@6
ashleyarmstrong,f8k4RUT)^x
ashleybailey,2!57(MihBf
ashleybates,+1Y3ELz6dc
ashleyberger,Usf_M5Cu(i
ashleybrooke,8j6Eztk*7^
ashleybryant,uyx(^Pk2+6
ashleycannon,75$PW3yi+x
ashleycarrillo,*+4BMuXoVp
ashleycervantes,U*Y9dKSlDX
ashleychaney,^s4PoDRzYC
ashleycharles,h*vV0(XnEa
ashleycompton,ffji7Yjx(f
ashleycook,2J3BdoEf$R
ashleycrane,4(*0Lq!C^#
ashleydillon,BzY$6Sc)c_
ashleydudley,h_WeE1Hgma
ashleyfoster,$45_L1b&^J
ashleyfrazier,+T3O%%OcX+
ashleyfriedman,%6gPNZYkxs
ashleygarcia,R25ZMegu$Q
ashleygarcia1,DvD)ymuw#1
ashleygarcia2,2oeMzp!h@0
ashleygentry,bv5@n1Ehth
ashleygomez,x1Vz*TOg%h
ashleygordon,AKzg!Vtv$4
ashleyhamilton,K)MP6hExS!
ashleyhanson,B@RkHivf%6
ashleyharris,Eq5hCCWx+G
ashleyhernandez,Qsxk3XYrL)
ashleyherrera,*w48Q*v49E
ashleyhudson,(Q2V#abVM)
ashleyjackson,7&36F$*Afu
ashleyjames,+f+qO4KfR6
ashleyjohnson,(1LYr*5(pE
ashleyjones,E4(*TYyz_X
ashleyking,V24RGCsFb@
ashleyking1,Sbg53G8bt+
ashleykrueger,)YAQjlu2d1
ashleylowe,yx7Jc*ixq_
ashleyluis,p@P06xJowq
ashleymckay,b1w^otS3^Z
ashleymcmahon,X2iwUnJd(8
ashleymiller,4Y1CgNjQV(
ashleymoody,1)7OaWig^o
ashleymoreno,5K4xDV0r4)
ashleymorgan,(Dx%Qzjh08
ashleyoliver,D5D5rDXG$I
ashleyowen,RSYSGuXJ+0
ashleyowens,+gJk$ik658
ashleyparker,7k85G8Ym+I
ashleypruitt,08Qir1us#)
ashleyrivera,y3DPla!y!V
ashleyross,@i&UgK*rB7
ashleysalazar,^26@&)Lbk)
ashleysanders,&ZGiVp!h0@
ashleysnyder,kVfIpf9U*7
ashleysnyder1,0ENraDLz^+
ashleysnyder2,@TzXzPpYJ8
ashleyspencer,M5ICKnAa_Y
ashleytaylor,*UIy4VAg96
ashleywagner,@*LwWzhR$8
ashleywalker,gd%I_AFS!7
ashleyward,eG#^7TlqH9
ashleywatson,075x6ZnX#r
ashleyweber,f_6ZGZveN+
ashleyyoung,!9OGH(w!9w
asilva,%V83E3JcC$
asingleton,_^3j#Eix&b
asmith,+1eI3W%g^@
asmith1,d)$81SEotD
asmith2,@Y2Vhc!et1
asmith3,+0Pk$Cn%lA
asoto,z%%q6dZbcC
aspears,BKrw92bss#
aspence,#!12MS1uwW
aspencer,xM+8*I^l4f
astanley,&fB2fSNljP
astark,j8#W&Zy3$r
astein,1aTf0ibR!4
astein1,(009USxq)E
astevens,_5cKyFb(yi
astewart,3!6cbVGaq2
astone,%bp9GNmv^G
asullivan,*1+yITZfn1
asullivan1,X0zk23Lfi&
asullivan2,!2c%sMg@(7
atanner,US4OYT*zl(
atate,+h&1E7Yk8X
ataylor,lF1J)NSzP!
ataylor1,d0DioR4H%7
ataylor2,%XEi9U%*1f
athomas,s2!Q7Wv6N^
athomas1,91USw*oE(U
athomas2,)7G#Q+Qf&Z
athomas3,y2Kbw2bY^_
athompson,sFY7tUxq!o
athompson1,$jt1!VZL%3
atkinscolin,*t4Na#nG7!
atkinsjohn,(KEo+M+Sx1
atkinsonamy,^0VN(6h6Ck
atkinsonlindsey,)$p8fAq+n$
atkinsonmichell,i9)D40Yi&G
atkinsonrebecca,tJIN$0Npg)
atkinsonwesley,_T%HAwr85H
atkinsstephanie,opDB#kWV!0
atran,D6G0T&AoR$
atran1,&8GpxsjqoG
atucker,C*H0fK^k&I
aturner,7v7UP0xC+G
aturner1,z7hdN^Ss)J
audrey40,A*4RBQZs@b
audrey58,)^qP4LIrlm
audrey72,eZ96GPxC$U
audrey75,2c@7d7MkWS
audrey97,_6JFcZrO36
audreygalloway,8ib5R0(n$d
audreygarrett,aq(2Ov0K(_
audreyholder,Z&3RFPPol^
austin02,3@1c1aBi16
austin22,5G&t5RGl@o
austin25,V1zv_En7**
austin36,yc7&8S9wXn
austin45,tXR2!NpI(V
austin451,*n1CbccHCC
austin60,D@4s0NwSBI
austin601,(2RIAyF&ro
austin67,+n1vtMIfpy
austin72,Fx0XCXm3O&
austin79,Ejv4mFqz+0
austin791,48MpX%c9+2
austin80,eo8Tzn@xh$
austin82,x7!Opc3l!s
austin89,eMt01Svi+_
austin96,9#&0aVhWO6
austinberry,&!d2ifUs6d
austinbonilla,NU75hKkl@3
austinburton,@6LmQyxh#9
austincamacho,wO8Wmre^t#
austincastro,H74E8KLdo+
austinchristine,RmP7IKvUY#
austincollins,@qSqijdp)1
austincrawford,L8Sd_y5$%H
austindaniel,PqIRBKsc+0
austindavid,Ld8kYssOZ#
austindurham,*NQH_WXby8
austinellis,S(@%O2u8oU
austingarcia,Gijg5Rq_)t
austingriffith,Wr2kKq6mA$
austinhart,#3Ma)IO0+9
austinhogan,W$9kdJs8qq
austinjanet,%Zk@VFTv!4
austinjenkins,d%05G+1c3%
austinjennifer,A*2+MuzeSI
austinjulie,0N2Zaf_iP&
austinkane,@*7SJ+SdF4
austinlove,+#Dl9Is22F
austinmark,z7XthThT)6
austinmark1,&(cDYzBH76
austinmartin,*0A&tt_OK7
austinmartinez,aJGBupI3!7
austinmcgee,iaW3Jf$q%D
austinmcknight,j7VCYck4$_
austinramirez,(q5YnRyo1R
austinsabrina,)*cg*KVvf3
austinsmith,(agK6N7k$9
austinwall,*tnKr5fi3E
austinwheeler,!11ZhsOHiQ
autumn21,_BwbYqNa28
autumn30,&uCNuFGcF0
autumn38,2%Y&nmOe$k
autumn66,i2oToXnp#c
autumn99,3%8LbABbnZ
autumnadams,q^o0RDsxC8
autumncoleman,aY4GzUnve&
autumncooper,$(3S5QuypV
autumnmoss,&zcL3LWw!+
avazquez,WAf5FNWts%
avelez,ax!!rRx%%0
averytonya,+8SKlx2o*B
avilaangela,&kRDyhHe$6
avilacarol,*2Ixs3kaVr
avilakevin,Xb45Y6tM)f
avilalawrence,(qiCO2Sdhs
avilanicole,mzrLFYj1#5
avilanicole1,8qP4Da6e7&
avilatim,8l8KSQdV(b
awagner,f%D7g(Ewoj
awalker,_0^XPrqS_6
awalker1,b61aW(jf+9
awalker2,qj&Ka*WP^8
awalker3,e&D4+7yx@S
awall,(aEBwZKp8V
awalters,nj^7VUgGQ2
awarren,)0S6GCjtDx
awarren1,!7PIfnDtnW
awashington,XDz7BfW9(S
awashington1,b8+VkN8G_J
awatkins,tKT55BSqE*
awebb,#09p&MysXE
aweiss,Lhl%e1EqC%
aweiss1,ax9KcLPy*1
awelch,qgNS4C58!1
awells,@@OjwPjJh8
awhite,&^3J_HEznh
awilcox,Z$8UKUs)*N
awilkins,J+62Tr7ncA
awilliams,rZ*Z28Pj)w
awilliams1,J^4VvQPq4G
awilliams2,jY^1xHcxFV
awilliams3,i^NBZq*4%8
awilliams4,I%x!Mob4*8
awilliams5,^BLVSEjt98
awilliams6,6QJoiwkl(I
awilliamson,I4BWuAtE_k
awilliamson1,a)h3D+akHo
awilliamson2,u1B76oMq6(
awillis,pky+09Wc6!
awilson,NF^9T6l58!
awilson1,QA9nKyHc$e
awilson2,FL%2iFo%_l
awolf,&S3m0WmB*c
awood,QcH8+ZZR^5
awood1,v$5lE&Fb$e
awright,P!2GEOJv3d
awright1,*3IttJJHWe
awright2,jhc_8H3yVS
ayalacynthia,e8MI)Rel%5
ayalajason,#dAQxDxY&4
ayalajesse,)W1+pgSx6V
ayalalaura,_ITY47v%M6
ayalastacey,8^yFf@ik*8
ayersjessica,o(8VlX2czb
ayersshawn,(^BBBnvEn9
ayerstimothy,+*QY1bJlX6
ayork,$DvScSs$t6
ayoung,)460iMIoC*
azuniga,$sIaQ3)65K
azuniga1,o^L3DK4kpr
badams,XHL6Y@JkH$
bailey06,#fV5hQqq_S
bailey09,54JGdkiq@Q
bailey23,&ouL@9Rln*
bailey34,XR5g_I2d2!
baileyaguilar,mD9)Vgdc&m
baileyalejandro,#h9CQEJ1r$
baileyalexander,+1Vm20YTiS
baileyalyssa,E^1BYUIoOq
baileyamy,##6WpnQX2G
baileyblevins,_9G%JrLx$r
baileybrett,8xk8VW^a%^
baileycaitlin,M*44SEvk60
baileychristoph,f^w52Sda+*
baileydawn,*9O@r9Nccg
baileyemily,k@m4GOGtd^
baileygarrett,$)0ZBSQyX4
baileygreg,u1+6JrRy%*
baileyhannah,%7TBKxHIQn
baileyjason,&R7FOl7B%D
baileyjessica,#2&O%wUV91
baileyjoshua,+4(V##_eyB
baileylauren,+3FkGsSEo3
baileymakayla,Q*2UAw*^+q
baileymalone,o9JMWzTa!7
baileymichelle,$&2UJp*lU#
baileymorales,@2)PBl@W&N
baileypeggy,Z5Nw8yGl_w
baileyraymond,NA7zbDjj$c
baileyraymond1,+)CTVJ4c42
baileyrebecca,(Q5DJuWb8Q
baileyruben,U2ZbL_Cb^(
baileysarah,q7a4LOQv*x
baileyshane,$0Y1HJhT%&
baileytanner,7kNBy9Uj@F
baileyteresa,S+3KIvNOr7
baileytony,_gZB&enP6#
baileyvictoria,$GF7G0hzDZ
bairdangela,%Y(qMnjK56
bairdjill,@62u(Rqw%1
bairdkayla,^(n5_Zc2UV
bairdlaura,HI2JMamkw*
bairdmatthew,t1Gxpdm4+I
bairdwilliam,1T1oR(laz)
bakeralejandro,u1bU8jGe)N
bakeralice,TM0_*UTk+)
bakeramy,*drUsxRLq6
bakerandrew,#54LiZ*N^f
bakerconnie,Z)D83Ngon_
bakercory,n&OA7SywX_
bakerdarren,x8FCq8%R@Q
bakergregory,@bXVt725p1
bakerjanice,@5&*$Xr9#W
bakerjeffrey,48BCh5f0(y
bakerjorge,@35E#Z&iSN
bakerjoseph,#caa5+Omq$
bakerkatherine,8VS7OxUh(M
bakerkathleen,C^3EiIdh)e
bakerkevin,OzO!+2CwH)
bakerkim,p1GIuo#M*f
bakerlatoya,a(5)eAfl^0
bakerlinda,6+e8Gm5m4x
bakerlinda1,PZ8a4YYr@e
bakerlisa,c!S2IFrXb)
bakerlori,Z9ymhaBx#1
bakermeghan,m%u4SPeGC(
bakermorgan,!s9GH6ur&f
bakernicole,%t(E_LyuE9
bakerpatricia,_6$7f7KxrZ
bakerphillip,(3Wpg^e1Vt
bakerrichard,@Y*TvB*f3D
bakerrichard1,KCGy07Xl)9
bakersheila,lb9jmAG9h@
bakertaylor,#RQ(RcZ3S0
bakertim,02NX*x19!e
bakerwilliam,C7iFJ075#k
baldwindavid,9Y72IEDlH_
baldwingregory,@2TXkZhnia
baldwinjessica,oc1fJl@m@F
baldwinkaren,s!53GxkW^E
baldwinmason,@7CAGzwWiJ
baldwinrhonda,fUVq9KLrr*
baldwinrichard,+dTdAsHuG3
ballardbonnie,s08HC2Zm+J
ballardglenn,U23P3guz_6
ballardjohn,sK59P5u0@(
ballardjonathan,(J)wREhoO5
ballardmegan,Fxl7W*nk2%
ballardsharon,7wRgJ)ab)k
ballardwilliam,qd7U+ym*+(
ballbrett,_^d7^OilyC
balldeborah,mI4NNZy9#N
ballelizabeth,fFA&3nEi!1
ballen,_7eMQDTd5p
ballmarie,+CLVvBeU24
ballmichael,7a7TCYhU*_
ballpamela,_@O@clg979
ballsabrina,!2DEqyG1Zd
balltim,9S(0ZHrh@s
banderson,*UZ0GVkVk%
banksanita,L5fPNchz@a
banksclayton,(^2Ztl)RF6
bankscolin,&l4NOUfBz&
banksgary,R&2Znb71WL
banksheather,_8LS6PgWdO
banksjames,k@4JsLw4#h
banksmelissa,7!uu2BQqDe
banksnatasha,*7X4EWApP0
barajaschristin,%$e38Vch5Q
barajaspeter,_(PiGawQP5
barbara15,f7*3CQCa))
barbara18,ou9e&M#fd&
barbara25,g%w6Sxbx*2
barbara251,$+0V#3i^yR
barbara29,F)29tAo&*U
barbara35,@6o2@C7m!4
barbara43,o)wrA7UnpK
barbara51,!5D$VhskzG
barbara52,^BYwfS_6b9
barbara54,mP&48Hxc!Y
barbara58,$3KkwNC*&d
barbara65,R&9%QUReYy
barbara67,KR+7R_BmXO
barbara78,^5*LG3gIAH
barbara781,DU3(I#cG&#
barbara81,@8iMi%l+!m
barbara82,)8JgJs%Fz6
barbara86,YGMEHG*y%1
barbara91,j_8Esf6o)K
barbara95,_JYRW7Jg$9
barbaraadams,kN8VVXmD)N
barbaraalexande,9LH5MK6kh!
barbaraanderson,P4Hp)7RuNr
barbarabruce,Y&2RnyXgGJ
barbaracampbell,%1*6JRmR(B
barbaracarr,#vHwZy0gr5
barbaracarr1,G$K9HDjRBE
barbaracarroll,zh5PWKoc(9
barbaracollins,kq5Z*EEx)w
barbaracook,k%h3FJMg#$
barbaracrawford,WwF2QWJr*!
barbarafisher,8k4Wqxfx)8
barbarahansen,3OVUrHkm(G
barbarahenry,$Z+34LPv%V
barbarakent,50EbvrBu$4
barbaralewis,nvyE3Kzwi#
barbaralopez,DkO@&uLL_9
barbaramcdonald,$ib2BuobJ8
barbaramckinney,S)3nCG(vGG
barbaramullins,27F#5CGbu_
barbaraolson,el6FzU8x)a
barbarapace,$epPlOg8%0
barbarasmith,#4XJcHRzIV
barbarawagner,#E1kYKkQ^3
barberrenee,+w3^aHIuCN
barbersean,(0XlZy4PMH
barkerannette,$iT0Qp@B4n
barkerchristine,((5_SkNKE+
barkercristian,)r2sChlg4s
barkerdaniel,3WnZ#Kqe+6
barkerjon,%s5mHhUbQ0
barkerjonathan,^1SrrPovpO
barkermichael,#64mQUWZUi
barkerpaul,1l*Goai(+6
barkerrichard,!!SGg1Fgvn
barkertroy,*z6P&A+aed
barnesamber,&B7xC_mzdV
barnesantonio,#qb8yShi^D
barnesashley,6z^Y5Weg(u
barnesbilly,dWLxbVqC^2
barnesbrandy,*c7HN^ln)6
barnescarolyn,z#iMX8SttH
barneschristine,5v3_TLMie$
barnesedward,tHtLakN#(5
barnesjoseph,&i03FCez#y
barnesjoshua,$1wtQwyo4E
barnesjoshua1,#7oZkTgY8v
barneskaren,d4grGIhe(n
barneslauren,s7R+p6hG^2
barnesmadison,n%29m9CxL@
barnesmichael,)o9inCo)kz
barnessally,oO7YzkHd9(
barnessarah,O0MDso03(C
barnesshane,O*7P#bR#6d
barnesstanley,&3MwEQqH##
barnestimothy,a#31FPUt%K
barnettaaron,hTmu5HAh@l
barnettfaith,)jM$Uxv&V2
barnettkayla,(EHrmkdR8Y
barnettthomas,!Ra*ClxY50
barnold,GwW4VTse*r
barreraanna,K0O)tY4J%J
barrerabrian,Gu*1HGiAlM
barreraedgar,g$W1RIejZ(
barreramark,)0LVslwk+2
barreramichelle,l*i(yGNdl0
barrerashawn,#9H578MbB4
barreric,@r)YbaaxH0
barrettashley,(RUrp6Su%4
barrettbrianna,GeU63%HF^5
barrettcameron,$O8eMesqS$
barrettcraig,+zJ38Ewrb8
barrettjames,88PO#d+G(z
barrettjason,)uXYYT9wL2
barrettjessica,hjI_Iyru+5
barrettjonathan,$ljE8MrM6g
barrettrhonda,IuMNNC2r+0
barrettsheena,j94#3C7w^Z
barrjoseph,%2*U&2VlTa
barrlisa,@0tsFZWfIq
barronbrittany,yX_U5lHo&S
barronkathleen,4u83hEu+@B
barronstephen,vw_23C7mCJ
barrontammy,$kMjh5hPD7
barrsally,*94QJbXFBK
barrsuzanne,+_Q4TLeZ1a
barry32,@55SneZo8h
barry34,H*81HsxWP)
barry69,E#f5wHIg5b
barry74,Z1ea1LKi9+
barryalyssa,3^_tDJ4v@K
barrybrown,&@m5PseIZ)
barryhicks,+8Hrgz%HW5
barryjared,)1*2*vTxL6
barryjulia,u!#X6)ZdbT
barrykenneth,Cl_&M1LvW0
barrylindsey,vEkA#32zv$
barrylopez,&0PKVNmE*l
barrymercer,qm#HDcJp_8
barrymorales,)a3Rc5qJMz
barryprice,t5toKCw^!z
barryryan,s1HeO&Zi$J
barrysamantha,Ps^lyRpi^1
barrytorres,Duv9uALa5^
barrywelch,(WLyby5hU0
bartlettkenneth,%3%HoJjt86
bartonclarence,)42J3FfDjh
bartonkyle,L7*x3pbo^2
bartonrandy,+OgVaP23!9
basselizabeth,*+j9VF9t@W
bassgreg,(WUkPL97+3
bassjared,+38MZtDuy%
bassjay,^!30K*bVus
batesamy,U)lA8OSdJ_
batescharles,&hd9NWe8y8
bateschristophe,z#9Gz74U!y
batescourtney,v2RxtZ!k+6
batesjustin,*w3JOjpcnS
batesmichael,_Z^bPlPCv7
batessteven,+4lH+wSek^
batessuzanne,^6@6kZOqW&
batesvincent,!i%_5Ro9NR
baueredwin,X81OHZGt#V
bauerjoel,_5wPWQYWv$
bauersusan,m&1jCYPaL7
bauertyler,*AS76FhmJD
bautistajames,*hDmuU6bs3
bautistameghan,d+#p3NkucC
bautistamichael,KBG)3WbtsW
bautistanathan,WZa6VPfh+*
bautistaomar,&!S4Bw&n5p
bavila,fuA9Kg8b_J
bavila1,^ra_IBAq*3
baxterlori,eyUpJLlj$1
bayala,eh_Erlet#4
bbaker,)1yF5jIu0(
bbarker,(x40N!vKtY
bbarnes,$uMv%5LyY_
bbarton,^4S0wzcp(C
bbass,82XKLt*i%A
bbautista,SO9Sttl_5^
bbean,(JZVc$2z*5
bbeck,wO0G&evl0(
bbeltran,w(1SyUqEvE
bbennett,*TGAG3AvOo
bbenson,+I8TlTlhgj
bblanchard,B_0Q4!1maj
bbooker,AQ&VOHAo^5
bbooth,ao(a61Vlg(
bbowman,oB9Ofy0qM&
bbowman1,^CLJmF(v$9
bbowman2,&9SZucInRF
bbrewer,Z(V6P5TxlH
bbrewer1,j&5B5syazm
bbridges,$kzfTVKd)5
bbriggs,)JmQQv7l6K
bbrown,^(4Mv_udy1
bbrown1,2dZTY)nY%b
bbrown2,)M$L!pes7O
bbrown3,_o7ugDlpv8
bbrown4,A0Xox8Ml_4
bbuchanan,#K2CmodYUR
bbuchanan1,Ih6WmGnO#!
bbuckley,PX2RmLdYS!
bburgess,a(F)X+Uz*1
bburns,#9)E)mxd07
bburns1,y8Y4tyBq!1
bbush,Q@1+2iLyS)
bcaldwell,(m5k!CQc&4
bcallahan,#p1Xh7KmID
bcampbell,@B0XZBrk6n
bcampbell1,2)YvLfRe*g
bcampos,+5ZlqET#MC
bcannon,h+I0ODRrM*
bcarlson,@K7UXbLx91
bcarney,!!604Jnww0
bcarpenter,sT8FC5x&+i
bcarter,@7vJy0fzJj
bcastro,dR2G$WEV%8
bchaney,r@1cSQreDk
bchase,h4IIgFAP$3
bchen,J80i_Bdk*j
bclarke,X6YJyHmF(x
bcollins,8Vb^OWsb@M
bcollins1,ImHfWrZq!3
bcollins2,S@)R3cAgWm
bcook,R+%T4HAF+b
bcook1,vjSX7JLu(w
bcook2,(p(FOCrB7j
bcooper,kl5TT%R2k@
bcooper1,_tnVyo0Np5
bcox,mi8_4QYtH3
bcraig,#9Le8eGQlk
bcraig1,G!381_Hym!
bcrawford,smF6t@YPN(
bcruz,!u0057Hrk7
bdaniel,Q3BbnV)9__
bdaniels,37RPw*5S(r
bdaugherty,ay@JMM0o!9
bdavid,vWX3UBcbZ_
bdavis,66uDw)a3+5
bdavis1,y38TpvnI)q
bdavis2,&(JRtCjC6&
bdawson,T3e*fL9e$h
bdiaz,2pFDj0*a^x
bdixon,B_E6sXP5Kv
bdodson,P*7TmZJc*E
bdoyle,k!r@q7Bwbu
bduarte,ahtQIaA(^4
bduran,h7@gNNjp*T
bduran1,)emJhCgd%2
beanamy,#W3ynM1c51
beanhayden,)$yu5BZrll
beanjeremy,(j)QrC1%j5
beankathryn,(FrI17lr2$
beanmichael,$Kf60Np#*2
beantara,d&9dZ(nym&
beardbarbara,A@4Vfxe59d
beardjason,Ou(0OpVfcd
beardrobert,*5CSlyX50g
beardsarah,)q5k0ZZdWt
beardtyler,K*5HXntj^W
beasleyjeanne,f(2oCQ_gMr
beasleymark,7)D_1DziuP
beasleyvalerie,819ADdjW%3
beckderek,qZB5OJ8gw#
beckdiane,Zb+5QObAH(
beckdoris,+hd%SVZ36F
beckergary,!Q4G2pmMMj
beckerjamie,0xG8DE9x^L
beckerjason,+6UBLnn8sr
beckerjoseph,^io3DjJ))2
beckerkevin,uqE7kalG@7
beckjacob,i+R1C+MNdu
beckjoshua,vzR0IOCjo+
beckmiranda,(Bok)76c(6
becknathan,mO3S&hkI^l
beckraymond,DGkb%1hp0%
beckveronica,(S(&KSlTA8
becky66,xp+IUMDz*5
becky70,y*1MAk!Gv9
becky77,*NEjWwy6_4
becky78,(7!56WmeKo
beckyhancock,$#TUP_Ghm7
beckyjefferson,)!S8IHxp9O
beckyjones,#0C%t7rUvz
beckylyons,1)kTNoo$@r
beckyperkins,^%q54MKvY_
bedwards,f8Q7MtuUk&
belinda68,@3Fc+NV*2g
belinda79,V9Yrr_Pn)7
belindaferguson,l+&2OFRubB
belindajenkins,5uo1@QTtu%
belindaphelps,QZJdnoIC!6
belindawood,N+4Qh#WH95
bellandrew,_3CMbFXfU3
bellanthony,aYhZ&2rIL@
bellashley,F4Lpz)Qd$t
bellbernard,$AC1zYBB7x
bellcheryl,22h4PQxpV#
bellchristina,%wAggoYdI5
belldarlene,i^4_0PWwRn
belldarrell,Y4^Urpp$@o
bellheather,_9C5c9U4ny
bellheidi,)vX8kzZ)e0
bellheidi1,!XHzWHyP*2
belliott,ggG#6Rs+#_
bellis,)qACi7kLT9
belljacob,!6Q5#Zo%7#
belljames,_j1M4ToY)l
belljason,9CHwldew#9
belljeanette,$1lEyez&a_
belljodi,tW(8QkTLr0
bellkayla,zp0gwQoh^*
bellmatthew,^IDw1Vf1Y6
bellstacy,#HN#d8Rqi4
bellterrence,+OLWNm)Zp4
belltheresa,Jk!k2WbrQf
bellxavier,Rkr4z5QhC*
beltranangela,pl+N*4Vrm_
beltrandanny,)0Lmb%1GU%
beltranjames,(7c!PSMdAx
beltranjason,_UUmKeimj0
beltranscott,6^5Ug7*xs3
beltranvictor,0IZFh(zI#n
bendererica,U!4IjYdd%3
bendererin,lG6CkLYs6*
benderjohn,^+vP5Cd8P3
benderkimberly,$sS5J&v$E^
benderlance,&L7XVdq1D0
bendersherry,+GG@uvOjP4
bendersierra,4F_KKJpM)2
benitezashley,shgv32LxC@
benitezbrooke,^N)@N7SmIG
benitezedward,*i8oYniC$4
benitezrebecca,(58fvXVgI+
benitezstacey,d+&#2!3uZO
benjamin01,l@ARqX%!@2
benjamin011,0*5SJWgLE@
benjamin03,giJe^KbI%7
benjamin06,l2TtpmCQ$1
benjamin12,$9L3LgnJ&y
benjamin14,$48)56Rl8%
benjamin16,&t4oR@As3k
benjamin26,O1M8Tcmi(p
benjamin28,b1IJRhdh^$
benjamin31,F@+5PQPh9*
benjamin33,^!s!ZBVrp3
benjamin40,#wt8DPsh9@
benjamin42,)9(RBd5__F
benjamin421,N!O$)TUym4
benjamin48,hp2ScLkQ_!
benjamin49,mdGe2Ys7!Z
benjamin58,+Ajz2FGt(u
benjamin61,dSGOSEph#1
benjamin68,#5)Hs5PVrt
benjamin75,jz9^5pBn5x
benjamin80,7)+z9Chbbn
benjamin81,JoLWY2Ez^3
benjamin83,9l_19mJfyU
benjamin85,xG^7MJlB#*
benjamin851,)&iOq_yVC9
benjamin87,$LGB3_af0d
benjamin88,jRJ1hYhP*h
benjamin91,)14OsORujZ
benjaminalvarez,^7%qKwf8I6
benjaminarellan,@0m5SD!t_v
benjaminarmstro,L2GG7dlp#F
benjaminbautist,0hMvQ@XN@#
benjaminbishop,l97CMknke#
benjaminbowman,83Cmbgm!)F
benjaminbowman1,L#89OQaW($
benjaminbrown,JxtnvENc)9
benjaminbrown1,b^V!z@1a$7
benjaminbrown2,$8Toowt&rV
benjamincarpent,2dqBMhT#*+
benjamincollins,$20Y!(ltKQ
benjaminellison,T66Gd!Jc^0
benjamingarcia,v1AI%j^x$H
benjaminhawkins,)7i!#gk0Bg
benjaminhouston,t69CHA2n^l
benjaminkent,qQT5iXkg7)
benjaminking,srQ!)9RnAb
benjaminknight,%7ClCsARea
benjaminleonard,_9ldWvN43!
benjaminmason,ag#2@9Whav
benjaminmaxwell,#gF7KTTd_b
benjaminmiller,z$ZsfVb@%1
benjaminmoore,@f8EygWalp
benjaminmorales,#HDuEzY$23
benjaminmoss,#c7H47r$5K
benjaminmurphy,cc6HtrTu&B
benjaminnancy,94Li_DUZ+z
benjaminnathan,*UFLcAcQ95
benjaminnewman,v&tN(2MdV$
benjaminpeterso,&z3Zm2dJPy
benjaminrice,XH0iHwfd$*
benjaminrichard,y@N^wtH1mq
benjaminrivas,_CLlL)mi!6
benjaminrobinso,7t0TtyS)l&
benjaminsulliva,Gl36Gq_GM&
benjaminswanson,@j6Z#JBwT$
benjamintaylor,Li6#h9SnXc
benjamintaylor1,@BSWNiq81Y
bennettantonio,e5D$xGTZ!a
bennettashley,+#8^!7MnB7
bennettchristia,%sqp5Uk!6j
bennettdouglas,^eCmobosm8
bennettevelyn,4q%AUC)a@0
bennettjames,2#!S8KuMlm
bennettjennifer,8mZ3F9tqn%
bennettjill,#!*6WP*xla
bennettlaurie,&OBZHX2oy8
bennettmartin,KjZE6qxa+6
bennettmitchell,jx&YWsyS&9
bennettpeter,Lvy5eJd2^+
bennettruth,eR7Z9ZllL*
bennettterry,Ae$Fb0Wsj1
bennetttimothy,m6^80VrNob
bensonashley,Pp%2PvYchH
bensonbrenda,0f07HiZiI^
bensonerica,p&5B63Dt*+
bensonholly,JZ@6Uf*51X
bensonmichael,0p^6tHu4e6
bensonmichael1,)o+MISa#07
bensonnancy,v(246ICx$v
bensonrichard,RG3D9Q)v^t
bensonstephen,)I3+Aj3jp&
bentleyamber,s3aQVRBf+i
bentleyanthony,TpQ8EEnl&g
bentleymatthew,^858qZKmTV
bentleymichael,Xs2Mno3k*@
bentleypeter,06eeIzA++Q
bentleyshelby,3C%QBw_V%4
bentleythomas,Je7$Jerq%M
bentoncraig,^UXlJWc7W8
bentonmatthew,JyQherUM_7
bergandrew,!z1RukIrYn
bergerluis,gno$9aY(U+
bergersarah,$FYuSnR0!3
bergkristin,%4mNjj+1#c
bergmanuel,#1KJS#t8Dl
bergnatalie,$$Flptp^+4
berickson,+n2IUI5_X7
bernard21,_dAYXYz50n
bernardcarr,h$(6TTiuJJ
bernardjennifer,BeZ4Xkum8!
bernardjoshua,&NUNZwAr%5
bernardnatalie,*7@FUu_%I)
bernardvirginia,Q4T6oeJs%a
bernardwilliam,V0FIk1G**K
berrybarry,#TwJr6V&1)
berrybrenda,!28*Samlq$
berrybrittney,9LcHNgn*(n
berrydebra,+6bXFuGE%I
berryfrank,YY3aFEnme)
berryholly,&a5ZWhCIQM
berryjames,)0#Tmfi)IT
berryjennifer,@+y)8WSlXS
berrymarcus,*o#SEqcHt8
berrymatthew,#*F+jYA4F4
berrytanya,wa3QtAtG)0
bespinoza,j6!vOzWC)&
bestbrandi,p(*jH1a1EI
bestjames,%UMc8!oqR4
bestmichael,_G5_U9Lgbf
beth18,C%9B_th#PT
beth30,c@v@96Ls#4
beth44,MrY$4uoa*6
beth441,#I0eZ7Qg0S
beth54,4&F90Wpw3)
beth56,!9I!h8eV+#
beth59,^7ndiDj2sw
beth65,5*(V0l%o2O
beth651,!5er$DgzEL
beth652,&3FsS#eiah
beth69,@8ZVSxgqa^
bethany32,dw#9HRtWs6
bethany65,r7AuGE(8+2
bethany66,9$aV1wD%@m
bethany90,(ae_#3GqO5
bethanybrown,&GTl7p@yB5
bethanycoffey,*5O)ev%j0s
bethanyrhodes,Q++)7TgrAk
bethanysanchez,bsy9wDI+@1
bethanyspencer,1(87Gi_k%P
bethbaxter,0&9PoJc2uE
bethdavis,Jlq2EQ9c@P
bethgarza,Eh3S2SZg&u
bethhall,7kEtcdg6_L
bethjenkins,j1sAgLEQ&7
bethjohnson,+5CVAo^YcX
bethnoble,oc9ySEns!g
bethrobinson,yp6Le1J9%L
bethsanchez,LGrrvIxk$3
bethsmith,D(1U!oiQfT
bethtran,oa0U&@1j$3
betty06,614TlWca_T
betty34,YX3a!EttK*
betty41,4j9DgxWgV*
betty52,Ji*4JPVq7$
betty64,(sDspPn1P6
betty85,pB9FRY_z@w
betty89,Ox(Q7Mln(*
bettyarcher,#J!7aqGdMX
bettyclark,E%W34SSh5W
bettykramer,73pMhDRn!i
bettywilliams,yBkis5GiA$
beverly00,_h2+PgOU4)
beverly55,z057Op7aN%
beverlyhobbs,&KQJ4BGp*2
beverlyjones,)^2)ysM%0v
beverlymartinez,15NeQ7Zd$t
beverlymay,_dpNANxkr5
beverlypreston,fd+7rqOdk@
beverlywalters,%OvziT8Eh2
bfernandez,QY)m9Y!us(
bflores,99_LBDDd%B
bflores1,!#4F^z@N6)
bflores2,KYsQDcUz%0
bflynn,d7K)Cexr_*
bford,7R#fkAfy+q
bfoster,@+(RNskA+8
bfox,Q&EBw6j5(2
bfrancis,+7)RxrUMIc
bfranklin,#3zoEmyhp9
bfreeman,(5gHAfda&L
bfreeman1,$q8ed5SG01
bfrench,IAoYH2ExR_
bfritz,_W8Z++hwN_
bfuentes,XT2!0Hsn3J
bgalloway,$MMe2jVyvd
bgarcia,6FW*Tmof%8
bgarcia1,00HZqf!s(2
bgardner,Rj$m#0Cg9)
bgardner1,!JWpFQBpl0
bgarner,(ixLoW19f2
bgarrett,60PHCkzi*@
bgill,Dx!PVgf8+3
bgolden,619w8OTo!J
bgomez,*bHjlvE0(1
bgonzales,^J7IJJfxE7
bgoodwin,Fq1DyOhT!&
bgrant,&I81LqnwVU
bgregory,P+q9Hq1h_n
bguerrero,CJ6Z1aHPG%
bhamilton,3TMH&WYo%&
bhansen,&3S2XnRXri
bhanson,4&8us9CeF+
bhardin,N(+8U1wpKh
bharrell,^DvP5JBc43
bharris,@5QOfwgp6e
bharris1,+P4lVGwGT0
bharris2,+Q2gKsWw4M
bharris3,@9kb1%Pp8V
bharris4,&le2D9Usa(
bharris5,^275jNcNVy
bhart,!)5ZOVWiY6
bhartman,(90qjFCnNc
bhayes,(&+!iZxw43
bhayes1,g(1REZkgd@
bhenderson,x5fUatMb)Y
bhenry,w+5FrGqcl!
bherring,9)x0F+Mo)J
bhill,qTvTtlVY&6
bhill1,)@oRA#9!y7
bhill2,Wnz0HEidM%
bhines,hZV5RAYo4@
bhodge,!TIoi8v^P1
bhodges,x38Uq8Yt&h
bhood,+GRgE0euz0
bhorn,70VJ!Fng$5
bhorton,_ETVS)unS7
bhorton1,$dJFu&3I60
bhouston,E%2TDaL7tZ
bhoward,qYY(a6ZeO8
bhudson,79X*ovgg)y
bhudson1,G$7NEsoGc_
bhuffman,XHJ7ExjbE$
bhughes,*3j7UdBiG_
bhunter,$a2D)d!v2K
bhurley,&yt0Kl2kM#
bianca28,oMg2#Ol2p!
bianca84,*0rJ+iNC*o
biancamartin,XL_3XHruer
biancaturner,7HX*2dH4^u
biancawerner,+4_6Zpw9C&
bill41,t_(h8_Od%3
bill99,55ydm)He+n
billjenkins,@NG$Kb4nL2
billsanders,6_O5F_pe!H
billy09,D0oqK@9e#t
billy24,7_Xv6S8xF8
billy31,^6Mlww*jQ6
billy37,E&F6neLf@m
billy49,joB3OHHsK@
billy53,@dQ6_J@uJ$
billy57,*kRwUQ%e5)
billy74,+XnzjIZdh1
billy81,%13HZu2uWq
billy98,8)5BSgwsC2
billyberry,&m2M!Ev1e(
billygarcia,559j6OtS*u
billygutierrez,#$U1YPdZ^V
billyharvey,K3D9E3xn+7
billyhernandez,^7eMsVxOKp
billyoconnor,_h!MTPkAa3
billyquinn,y(P0poyv(7
billyroberts,!7sX4mhqX5
billysutton,%7#EM%Tj*P
billywade,5+L1jxUt5W
birdlisa,^zC#v3fKY8
birdmark,%7RUkvt9(&
birdterri,R37VPOyi@(
bishopbrandon,e%2&B!Dq3C
bishopcheryl,KID_S5tr(5
bishopcheryl1,Vl_Aclmh(0
bishopchristina,h^p8Pt@6!1
bishopcody,NMd7SyoK)h
bishopconnor,^hYG88Bt5*
bishopmarissa,+W7FRosaAz
bishopmatthew,%2AjIIwCyy
bishopstacey,W#x0u4s5xH
bishopyolanda,M)!A1Tw@Jt
bjackson,(U9PNkbx7L
bjackson1,q7Pyb$&$&*
bjacobs,BOYarc4C!5
bjacobs1,rh5q0AXpk_
bjacobs2,(HV3Yagj)i
bjohnson,aAlXb0Fs^j
bjohnson1,_I41GZzru_
bjohnson2,1*FXQlWg#z
bjohnson3,#WHVF_zo09
bjones,fJJ$Lfqx%3
bkeith,Y!9xjEKirS
bkerr,E7&D4YUdxi
bking,+UtU9F&oCM
bking1,v#@IVMpO!2
bkirk,$%HuWWyd5F
bknight,T$8GYX1Yeu
bknox,*_7aHk5DoJ
bkramer,TE3RUHPtn+
blackburndakota,4VYIB^sm^6
blackburndavid,s*Y4AUONEb
blackburnjames,Sa6VZUbl*U
blackburnronald,1iq7T8^qS(
blackcynthia,3FRM1QQg&I
blackhaley,4$3RyACo&^
blackjames,$K+S0BShV2
blackjames1,DNsGA^ex(7
blackjennifer,%2U8JxUT^6
blackkatherine,$&UlRj&zd1
blacklogan,*t!ORSm7n2
blackmark,ZK5KwC(f$B
blackmichael,^4_uSIf6_O
blackroger,Bu91LWPeJ$
blackstephanie,&6Z5f4en&M
blacksteven,6AJUubCj)6
blackwelledwin,+ekV*bTub4
blairbrenda,nqV5P8Wf*W
blairchris,q&5ETLftId
blaircrystal,SOR1o8tx!_
blairjennifer,ba6JyUKsJ#
blairpaul,$8GIoMLb1B
blairveronica,5gA3HRvxE$
blake30,!@rX0RXdvz
blake44,A^js#1RW5k
blake59,__sn5WjWQV
blake94,gv7E_sUrr&
blake98,+C6SuqL$oN
blakealexander,#6p+8FwtSP
blakecunningham,buK8Dsquo@
blakeferguson,DqCN9hKo+d
blakefrye,#8GIs0x2Oq
blakegreen,$1TaANAsuP
blakejessica,I_2O#U)fwd
blakekatherine,6UI5xafLX^
blakekristin,t9Icjum4%+
blakelisa,@6KFXk8i+x
blakemichelle,$!4QKBUuqW
blakemichelle1,+8IG^k36(v
blakemurray,N@)6YEnmJp
blakeraymond,$AczZea(W8
blakesanders,+zMD81Vj0Z
blakescott,L+c3S)tcJ0
blakesilva,&6*0GKuL%%
blakesmith,)1SaVPGgny
blakesmith1,+bzkISFt8!
blakewilliams,crP3EkS%O@
blanchardthomas,a43Ldnsd_8
blankenshipthom,*6b&V_Wiou
blara,Q9Yu4Mfu(#
ble,98TjDxIS%8
ble1,k&9#MIxoVJ
bleach,P)p_Oasd^3
bleblanc,AzsH2LXi*&
blee,R15WS6ah%W
blee1,uuUD_oKb(4
blee2,(@A9KtR113
blee3,#!bl1sRe+1
blee4,^3o_o$AfWt
bleonard,_ytUPiQFm4
blevinsdaniel,*1Wq1Zow4b
blevinsrobert,Btmi2E4x#0
blevinsstacey,%3!4Kclw^A
blewis,6b9B1DkP@+
blogan,(5_ANYuEOA
blopez,(%00PhO0v7
blopez1,+g)Elv^@+8
blopez2,5_6o8JbziU
blopez3,)*Z62Zmr4_
blynch,EFx9hGWzk(
blynn,#03H)pllE(
bmalone,5Up9Y@zo(9
bmartin,A5HMVucz+w
bmartin1,M#38NAo2xM
bmartin2,c_XRXy$8$2
bmason,!72R1MhzAf
bmatthews,&5^R!wRvUl
bmaxwell,&sQx7TTaO#
bmay,(%EgeMXYL3
bmccoy,*6Vozd6a_(
bmcdowell,*8+crrGgHZ
bmcgee,%tNpd&Nmj9
bmcintosh,k11bD4E+$8
bmedina,i0Bbz7s(#1
bmendez,jj2tO#dn&y
bmendoza,T(KPx*xO*2
bmendoza1,k^6KODWmc^
bmeyers,K#9CXFb+@y
bmiller,X6X$1SNuMe
bmiller1,$wBdgSmQ91
bmiller2,sfC*WWR((4
bmiller3,aCX6KgPM^@
bmitchell,h)2(9SqwPc
bmitchell1,nKH)32y##5
bmolina,@vq2ELmSHw
bmoore,H5OlvNkW+q
bmoore1,sJ6L#puy&^
bmoore2,NeRX6D9i%a
bmoore3,+GA5O76m7%
bmorales,3WGegE@j_7
bmorris,YLd0AHhHM_
bmorris1,S57EZb3s)3
bmorris2,1nRWx1t*+3
bmorrison,*Z!m1&BvLY
bmoyer,tFU5GD(t%5
bmueller,uT)x6hBsKV
bmurillo,@74a8KNMiz
bmurillo1,#7HVwI2(F9
bmyers,A^t2PP0hX!
bneal,%_0Vh*4bhY
bnelson,dbrQRBdu%0
bnewman,(2loFZ5ero
bnguyen,#v+LHLpCX2
bnguyen1,jr0d9rCRv&
bnolan,kOF7Ragf*R
bnorman,7(!G1ZqWNf
bob28,0Sa*5t0fB+
bobby13,3_6cH^Vk$$
bobby20,%3tk5ObcZ0
bobby43,O#GYO1Pw8S
bobby60,$E)7kLWuXD
bobby82,U6EK@oQj&9
bobbybarker,vT!*0JwcFz
bobbybell,KK93O*dc!@
bobbygardner,f*R9GYwdxX
bobbyhughes,gm3VPelv(_
bobbyjohnson,_5J*i7T5ef
bobbymorales,(gs9DrKfJ%
bobbymoran,#fvc8IkqXk
bobbypena,)3F)$)5h$Z
bobbysimpson,TU9v*MVv_!
bobmarquez,eu1P8Vf6@@
bobrien,+OQBz)9w1Y
bochoa,%SD91mQqu9
boconnell,C*s7IEqbQ4
bodonnell,7qROgjRy(G
boliver,%MECHdGbS6
bolson,zNq%Zks^!5
boltonbenjamin,_@G59U%ghv
boltonbryan,3*AA!WeP(7
boltonelizabeth,)W#^H*%jX2
boltonmatthew,G&A378EtFz
boltonmichael,PhT)7VMsl^
bondanthony,Tdk5XR4B+7
bondbrianna,!k4C46zVM&
bondjames,U31OQtx#^u
bondsean,s)8B+%fmhy
bondshawn,WT6M(AXm#T
bondzachary,lQ(#$&Pj)1
boneill,v&O2H&f_+r
bonillajasmine,47YT%VoL&G
bonillapeter,!6KYLr!zW0
bonillarussell,O2e76gFr&e
bonillaveronica,f$eU3YNrll
bonnie10,!5_Q31ZcE0
bonnie50,um&1mSbqDZ
bonnie91,ZP7X(Ze%&c
bonnieaguirre,(d^WO@xL28
bonniehahn,%UU5K9rLZQ
bonniehuynh,*SJ_1ZHaw!
bonniewatkins,g4d0Gfzk(X
bookerdeborah,@r0YLH1g7%
bookermelanie,!5Xfe3(YWo
bookernathan,@DYZ9Urt*m
bookerrachel,+j9QS6lUM)
booneadrienne,%5Yc*Fsvzx
boonecheryl,fHz4%HBh*V
boonerita,$x!RpqEw6g
booneshannon,p2cZGP&1&r
boothchristina,w0BBkLYr*p
boothdustin,(H6Kb8Vxm&
boothnicole,*&p07Exd9Z
boothsteven,2qL6yby8$X
bowen,u87So7Yaz+
bowenbrandy,wFKn5T9d)5
bowendavid,#%4t0E+pLR
bowenjessica,(3cNfcq!e$
bowens,X%1GQ8rvhv
bowenshaun,^pPYRe#eG1
bowersalan,1_0PdS^zMY
bowersapril,!muH*1FgiF
bowersjulian,^Z1B@ErsV1
bowerskatie,1sVGRoZ@*N
bowersmary,&RD@UI$v4l
bowersnathaniel,9D4vm8Ny1@
bowmanandrew,&27JmeuEy1
bowmanbobby,$5AdcL7ZT0
bowmanbrandon,9j+9Z8lac_
bowmanbryan,n6Y@rXvD&r
bowmancameron,^iHZAPpj3$
bowmancarolyn,tsn%2CKR%0
bowmanchelsea,#6H1!OtHyR
bowmandaniel,3ZNz8HrB$6
bowmankimberly,fk5Lz7VWW&
bowmanmario,txAd_7FwH!
bowmanmeagan,)7qfAaOSvj
bowmanmichelle,P^S9Qdfh!I
bowmanpatricia,5Z)2cQ@cdv
bowmanrobert,+@t4&DztaW
bowmanshelby,$Es4KGu38C
bowmanthomas,3Vd41C*q4#
boydallen,$23MVbGAOG
boydangel,wQ$m4Pfc%g
boydashley,)9AR0Bcr)A
boydbrandi,ATMrE0ds&7
boydchristian,j5Ym7rAw%3
boydfelicia,Z)4+1TqmuC
boydmatthew,mpMAo$gI!3
boydmelissa,d@1XjiaRDv
boydmichael,1jG@R3KcCy
boydsarah,upr3uZkOY&
boydtammy,73P@zTh&^U
boydtammy1,NR9VCuQRg(
boydtyler,+G93@Cnnu9
boydvanessa,)Yf!OkPd5o
boyerelizabeth,M!N3IZlqV#
boyernicole,dZMvh3blR#
boyerregina,2xM9h$Pp@z
boyerteresa,!)00VGjapg
boylejoseph,3)SPY54x^+
boylemitchell,#c0q$JNsrr
bpage,oH5()2Rr@Q
bpark,@8_A6FsR&c
bparker,#4Eoaj7^Pu
bparker1,51rGkq_U+#
bparker2,%Jw@h_DiM0
bpatterson,Tpn!!H&Q(4
bpatterson1,O+T4AoT(H^
bpayne,6S33(B!o1*
bpena,(14JGLHi!w
bperez,m0Ekl0N&*V
bperez1,r)4iTXv81K
bperez2,@^Akmqc_&7
bphelps,i%1JQuBe^l
bphillips,_9+HAmqx5d
bphillips1,HnXgb1Vq^P
bpierce,2K2gWOut_$
bpowell,A9*a2QRv$U
bprice,M*I6PxaBC#
bprice1,^6RrCjluQ0
bprice2,*7%qZTRgtS
bpugh,+31GyRfh!9
brad20,Km4LIFtH!A
brad99,+pv_Wuqjv2
bradbauer,!uT)&r(i33
bradcooke,S+#5qMsdVd
bradfordanita,x+3xTC0e$9
bradfordlisa,C^2O6+c_$!
bradfordstephan,%H^oxVGzU8
bradfordthomas,$!5JDuFjI)
bradhutchinson,Ga#v8Ud!0w
bradjoyce,Tz1Y@(#y&5
bradlee,IZ5@3Nu9_^
bradley10,!3H)EcdM*8
bradley18,&d5$2ZGp3A
bradley20,^4CyqTJo^z
bradley26,A6R0gJ1l#3
bradley36,)6*xfG2mFX
bradley39,8XPYRYpj$0
bradley47,mm!25Qz1q$
bradley58,5*2sG(Dk@t
bradley61,8&b5Q6_sPZ
bradley69,KX84CHto%7
bradley72,(1+h7AmiKg
bradley77,9@X85UmoCp
bradley81,%wPlK+uKj8
bradley82,5H#jcVrq^j
bradley89,X42JTJsm!+
bradley95,d3#7TuGDIk
bradley97,xH8CHpfW&f
bradleyalexandr,G&*4Tw72O!
bradleybaldwin,uL_6Tme4eT
bradleybrewer,ROQSL&Fn&0
bradleyclark,05t+18MrL8
bradleycynthia,gU&5NkldZm
bradleydonaldso,&Qr0DDcsn$
bradleyfields,8x$Bxm^s#3
bradleygabriel,&7i51IhrTj
bradleygillespi,Ux1WbVtc%(
bradleygross,*6RaOkW62#
bradleyhill,0*N8T0tbSM
bradleykaren,*oSWMs0&O3
bradleykirsten,+!j6DtALNS
bradleymark,v^^8RN#m3J
bradleymunoz,o&89HLuUJa
bradleynathan,v&*0@Kb#Wf
bradleynelson,@iJsp6a6J5
bradleypace,(6MiZ)q9Y_
bradleyponce,4fP6dAXw&R
bradleyrandy,@g&p7Dxc)8
bradleyrodney,av64XI*d%y
bradleysmith,G2WJUsZY#d
bradleysmith1,72CeTA9l!7
bradleywebb,&T90E(GcM1
bradrose,4lfJIgjk*Z
bradshawcarol,&5oTSLvxHD
bradshawmelissa,A1WPjNy$*2
bradshawrebecca,%2yPS*jZb5
bradshawrebecca1,8(7Bswqry5
bradstevenson,RG9&AcIo#&
bradybreanna,*QP0vCWv31
bradyjeffrey,icH0lIt8E)
bradyjohn,@5l+3bCg%9
bradykelly,**30oT)s4G
bradylinda,@J1CvS6kI(
bradysean,+LyEmIOrI1
bramirez,+Y6NSMXa^@
bramirez1,97r*8CyO@B
bramirez2,y%2hBNiub3
bramos,+f3Y8mM1c7
bramsey,u*OXfyUiq8
bramsey1,fxjACDmk@7
branchderek,9kJxUgbs+G
branchfrank,^(Nl$3!ea9
branchjason,od#6Kkkk!%
branchjonathan,M&M1S$PZlc
branchmelissa,@d20GurvG6
branchnicholas,n4kwSFZc(G
branchrebecca,%&6L6Q!zf)
brandi00,**7#vGooR2
brandi02,&IY$ntJe8v
brandi06,#N*YBsOsc2
brandi23,ay_b8K#x)n
brandi31,@DDW+Xa_$4
brandi37,64Lzpy9y*6
brandi50,@3gQxs&!(w
brandi501,$r2lFHzT&0
brandi52,0)y7!Wn7E8
brandi54,0alVtI8@_2
brandi73,P$Z8(4WmyT
brandi79,+M1tOMdKys
brandibrooks,Jz^n7CsIpe
brandicampbell,&182PY!P(w
brandidavis,by47&hXgt)
brandimartinez,3K6S)Ds^i!
brandimartinez1,^^0XBiZJh(
brandimccormick,^Q_1Y1AtL_
brandiortiz,42LOvcVp@2
brandismith,ll%0!Aj3)c
brandiwilkinson,&l+4X5EoSK
brandiwilson,n%32WI3pwD
brandon09,l#!L67AwWu
brandon10,Zx9fOlQA+c
brandon13,BhXEL1ac)8
brandon15,jqx$6AmIW^
brandon16,_50U7PivAu
brandon18,CF5*MbDF+)
brandon20,GI+6Q0XbgF
brandon21,UM@Q90xw5@
brandon22,^Ft7INymUL
brandon29,e1jYlqMz+8
brandon30,$6yHo*ky)I
brandon31,jl&166Do%w
brandon33,osNGauSL@3
brandon34,%!2YDzmaS5
brandon35,8$U8#Sd&1w
brandon38,(hqFQlZq75
brandon39,U*$9WGmocB
brandon41,oc9^ONN7#$
brandon45,&(rZb0nrm9
brandon46,7AqZTFK5!o
brandon48,o3EQx)cx@g
brandon481,61aDA*m5)z
brandon52,*8QjHbup9E
brandon57,5*26kI(zB%
brandon58,5va6mEf@$b
brandon60,E!4)3UYjxe
brandon61,$4Qo8#bn5z
brandon611,j&1G+xd8(#
brandon62,sp7UTfs22_
brandon621,T&S)2HlbaA
brandon63,MF9!oCtf4#
brandon65,&7579XXtQY
brandon70,C2x4G#&g#6
brandon71,I27QOes*P^
brandon76,Ig7+N+!(X_
brandon79,Io6OavgiU)
brandon84,#56tYfbrae
brandon85,Y8UgfV*W*y
brandon87,(82mCQ9noa
brandon871,!dP5pTci)y
brandon88,Rf5ObpDp_)
brandon881,!V01XRr1iq
brandon882,jh9Z@Xf)J(
brandon89,E_ZT9FjbY6
brandon91,n@x1gEo5_5
brandon93,nVg$o6yo$@
brandonadams,Y9nhGA5p*6
brandonanderson,5zCnW&cb_K
brandonarnold,_4+%K2IbEh
brandonbanks,IH7xSUhdX_
brandonbarnes,%4H3G!gN+m
brandonbarry,eE5ME)jk7%
brandonbass,(aq5U*Qq0)
brandonbenson,UOJ9%poU#8
brandonbishop,3+3GN@MzC^
brandoncoleman,_7&5tWiyiN
brandoncoleman1,ckMum9JyI^
brandoncook,#1AAcObLGT
brandoncooper,8^77FXN4ol
brandondaughert,)#4Ks9X3tB
brandondavis,v4Le2CkC_)
brandondavis1,^1gCIUc5I5
brandondelacruz,$fAQ4X8h&1
brandonduffy,e800mJwO%x
brandonestrada,EMS_J6ec1(
brandonfarmer,4bnCGj4$(5
brandonfisher,ue6gZVJYH@
brandongarrett,76w2AOik)@
brandongriffith,I8*4Jnbyf)
brandonharris,#q%Fpf7HC0
brandonharvey,U&9@6Ghr$q
brandonibarra,g6nKcT@P^s
brandonjackson,7aBSR0zF^J
brandonkim,I&3Q3TRo&+
brandonknapp,@O1A3Vnwg!
brandonmerritt,%2UKfAmM$I
brandonmiles,7A7Tu#Km&f
brandonmolina,t^!8cNeY(P
brandonmorse,CbD^w5Cqc@
brandonnorris,hS(_4BQuxg
brandonparker,)%2#J0kj*!
brandonpatterso,H8X2KRi5#i
brandonperry,W3KCK+v2#d
brandonreyes,*^6)a2Vm+%
brandonrichards,dU%m+7Apy0
brandonruiz,etzNVN53)1
brandonrush,_46NFnof8n
brandonsnyder,yb6NFHm0G$
brandonterry,+E2YE9nk1V
brandonthomas,_0aoOkmnt0
brandonthompson,lZ_Kc1PyfX
brandontorres,D5PnBggR+I
brandonwade,E)0I1+Czb(
brandonwilliams,E#Jr8CXGhn
brandtadam,91)MB_m9%v
brandtmichael,m7O@A2e5^r
brandtrebecca,$&BoaY$Rn7
brandy05,8mD&QQtZ*R
brandy10,RtN)k_ph^5
brandy13,s)*8S@pJh#
brandy35,&asFgQRLb3
brandy57,%QL$e$9qM3
brandy64,*4LL_hpc6i
brandy68,^QTHhBGfb3
brandy73,+$8OjJ8lm(
brandy81,8j7qCTnyk!
brandy87,nY5TI0g)@P
brandy90,3k2ZI@do$Q
brandy93,@KZl7Uzv7p
brandybrown,Me7Y@ro%U(
brandycastaneda,!4seLHrfnr
brandymiller,k15cKJkx_M
brandyperry,68DwoTfX@2
brangel,2!F$D3ocCJ
brauncharles,LW1Q*Ei@X_
braunchristophe,JP12KBWkW*
braunlarry,^j6DYLNfIG
braunsara,@c3pAXhNm4
braysonia,Oh0PhJZKa*
breanna37,qM_^3PvpKW
breanna39,%9dL%ARj#y
breanna43,FDvQHzkq#7
breanna54,+1)5DSncVg
breannacampbell,+s87LgIot6
breed,33n+D^*j*@
breed1,_grTmiJW4f
breed2,EA9CaMfb9^
brenda03,hGA3c5Oki^
brenda04,8#L4r+Rri(
brenda09,h2NWz(Zb#9
brenda18,$Y9&WYab^&
brenda22,xCT3Mq5Ic@
brenda23,$f8Xs2M!7h
brenda31,&0*CRw^TZ0
brenda33,lPU2GZdP%7
brenda35,QI(cKQ*t$4
brenda37,q(Y2AEzHOj
brenda371,EAU3Zji(!^
brenda39,cf6BDfwx_m
brenda43,a8Bu^@e7$4
brenda45,Qh7ZrqjM2#
brenda49,$19&bQJo2O
brenda55,(mGXteO6!7
brenda61,&jfEAOoiE9
brenda63,w2qE@Kjq%2
brenda65,vmPp(e7O*4
brenda67,LW+1NpPuJP
brenda68,%6!92aVrEM
brenda75,*nMWx(foN2
brenda85,$&r7LLXG3i
brenda94,En3A#TWj)5
brenda96,9%2R_Gwq3$
brenda961,VWLeLrQP_7
brenda962,^Qt7QoT*9F
brenda963,$Gp%C@e**5
brenda97,k!4wDqo!L)
brenda971,awy2rDjj_f
brendaberry,08BwKot3*1
brendaburke,^7WOwk8wAX
brendacobb,xb57Yb$K+p
brendacruz,ewl0DZv*A#
brendagraham,lH5v2XHU)7
brendagraham1,V(s6%FdWkg
brendaharvey,Rh3097Ww$7
brendahull,(2CKd!VxSQ
brendajimenez,^25ILmuHD5
brendajohnston,J5BhfmeL@^
brendakim,!6LHM3vlhk
brendaklein,$wPHGSHyw9
brendalee,ih5ALFbfW+
brendamason,@9YYPTs(2P
brendamcdaniel,Hu%7BAkV+r
brendamercer,xys6F4Ao^1
brendan00,C&h3%Kdrze
brendan23,+shRwXds1c
brendan89,1Q84%Jmbb(
brendanavarro,0$^)Hz3*#A
brendanbrooks,ML2S5Okv#_
brendanewman,e^Pxy2CaFm
brendanguyen,@1105)YmsM
brendansanchez,b+0cH2NgSW
brendanshannon,96gV#Ies@#
brendansmith,08QTkf&4)u
brendaobrien,L+0MEfnC9A
brendaowen,PuF$$udH_4
brendapowell,^6Iv(vn#+1
brendarichardso,ek*#1Jv#Fc
brendarobinson,vb(c0ZgGV(
brendarogers,6#B$2Yqwk5
brendathomas,&@Wnu^tw8!
brendathomas1,g(E2lXjTu+
brendatran,ApUO9DRuj#
brendavaughn,)PJ4zIbFp6
brennanamy,3u76hVmh*(
brennangabriel,(0HDxT6CTm
brennankimberly,2g2QFrlBr*
brennanrebecca,7aS52N@ew_
brennantravis,xVZ!V(W1%8
brent11,#9nMWgwKzA
brent12,*xa$AFtyY8
brent15,%Hq+yZYCh4
brent45,@D6W3So0U(
brent67,Cp1ILWYz@4
brent76,3S3(Sxho!l
brent85,(bGgv1jN_5
brent91,l6BfaOXQ)$
brent911,c_9L9vn53)
brentclayton,&s4Obo$$4T
brentgutierrez,(5rxNwIb^o
brentlarsen,w#2iOgCC^u
brentlopez,4nBSHFwo#6
brentrodriguez,&%&RG3Col)
brentschultz,$MExaORO&6
brenttorres,y7LVmH20^3
brett01,^duTQaRjr2
brett07,X4@*mNw1_s
brett08,$Np4D8zu3V
brett14,IE10^qPqs$
brett20,&*27joKr@n
brett22,(1*kyrEx*D
brett27,vet99Q%nt@
brett35,pbS%bLke%0
brett36,LV)1F5y2Or
brett53,)eLIjq58m9
brett57,9h+l6M%uzv
brett63,X_V3aXnD&x
brett66,^1nAwvGJ(A
brettbailey,*K6DVslo6M
brettmorris,eZ1WInhr%y
brettpoole,+GcRuNoR$4
brettsmith,Q0Phq!jM&s
brettsmith1,_YMhlp6t0Z
bretttran,(buuDxcge3
brettturner,rYD3Qs)#F$
brettwilson,@+7ddT6uEq
breweramber,2r4PqGwgs+
brewerapril,6)3+Lnt(0L
brewerchristina,kXYa*ADO@7
brewerjerry,*)8oPwS1P&
brewerkimberly,)OXfDn9a7p
brewerleah,@Qn8cXup#2
brewermeghan,I&n9LNWv&6
brewersherry,9OFpKp9)$Q
brewervalerie,5&4HnyMa)!
breyes,i2^(Be7I_V
breyes1,^5Ytz@h2Qn
brhodes,FV!8JI7f(3
brhodes1,T5API!9i!r
brian01,k4YQj1sL!u
brian011,5EY08ZLzF*
brian012,m5Xxnsfw&+
brian013,^1ISEqbhs8
brian02,YxJ^0CTbc#
brian05,+M0Up&p)9n
brian06,YY68b%Np+X
brian061,(_Z*E3XvS6
brian07,SQ1CET4k@x
brian09,0&Z82Jh4bz
brian10,3p1S5Yym)s
brian101,$47ZUIsccx
brian12,P9O@dnjT&5
brian121,^%iXZw109v
brian13,2uKEfidy#E
brian14,^cY2pCN3D2
brian141,(5Bt@Y@2xy
brian16,)!Q%QdFM3p
brian161,SM4r9TUz+w
brian19,$zsPL5ONo6
brian20,X9IE52Vcr*
brian21,((SawfDYo6
brian22,5A*6EDaS+B
brian24,J6Dz6lWL@z
brian25,RmJ@7Kzw$E
brian28,E(4Eeguv5(
brian281,l&8ABzi6Ed
brian29,5q#Sscuj@Z
brian30,W^@4_I3v2p
brian33,)2Nq&dBk3$
brian331,#cemT%Fk_1
brian36,&60292Ueyp
brian361,_o)7HXvbty
brian40,@^t70T1nU6
brian43,3w2KRLVr%i
brian45,u(eG1J)v4p
brian46,%xV44mkOJ7
brian48,%tW9^A^Si7
brian49,_0^Js!*o3W
brian491,80+8IAh+NU
brian50,%Bha01Uo)6
brian52,THN@(9Si5Q
brian521,L*8pkVi6)3
brian53,Lp^F5N_a^y
brian531,EP*^Z6BqO!
brian56,%1VhAMvMg#
brian57,gA&7Y_AwJR
brian58,_4IFtAjo3x
brian60,F%1PeokrT(
brian601,@2DOyoC86W
brian602,*5q$XKVge3
brian63,!Q5M7iw)Kf
brian64,#)NL%t8t7i
brian641,L_nE3D3h&u
brian642,#9oRBKbjpX
brian65,j(32HO^xA^
brian66,83qIEzzT*F
brian70,u6BcBK)%_l
brian701,a#0tGncodI
brian71,T*u53cnurR
brian73,#0JFGfF+0f
brian75,98zEAgyS_0
brian77,xTwPjF)d)6
brian78,(jKo5UMy_G
brian781,G4rcWITm*j
brian782,!qV!EuNmT8
brian79,^H$20(GaG7
brian80,#gFVc54g16
brian82,#7TsZV+ci*
brian821,R(9_Db(*tT
brian83,@7ljWGkida
brian88,!3DJfy&e92
brian881,a1P!lfdD!4
brian89,k+0Rq0d(*3
brian90,7vJUjM4g_R
brian92,^BBm6SYho4
brian93,3NfZYGf(!i
brian931,)LDou+9wJ6
brian94,B_CjZgzu*8
brian96,eA0hLquZ!0
brian961,O+0iCzXz%r
brian962,tzuLa9Nq@4
briana67,OMBnOyrT)9
brianadavid,^t*_4TqgDj
brianalopez,)R$6K5nGCb
brianalvarez,p*6++8Hj0n
briananderson,&7HFLm^3S8
briananderson1,^)B0qTnmnt
brianastewart,_)x6QNkkP+
brianatkins,#@1M5Jhi$I
brianbailey,*(UZbGgk+7
brianbenitez,PH3pS%v&d(
brianbooker,!Kg1CSMr)W
brianbrooks,DhQHaVoT+7
brianburke,4CMG3UXs$o
brianburton,cYq)S8Wt$d
brianbyrd,+1qoYAfye4
briancampbell,M(6L$Wpeyd
briancarlson,&_8@@aOm37
briancarroll,OjS8XR2c9@
briancoleman,&&GD((yW6P
briancooper,#t!0OoF0M+
briancrawford,UQvXcXrp&1
briandavis,&u)vC0Xz54
brianellis,f28vzPybC&
brianenglish,16VHtbgE%x
brianenglish1,Uu9#QKHvx$
brianford,5_PVz^lR!E
brianfowler,k1OaQRVp_Y
brianfuller,%&3LZxaXr(
briangallegos,ni8Fvx7$!*
briangonzalez,)QTRNB!t+3
briangonzalez1,+5*^jrwwTX
briangray,rY6irFaq3#
briangriffin,VT_6AfEcsy
brianhall,rdAPY%Ze&2
brianhickman,&i4n7IwGN7
brianholder,t39cHv*h(w
brianholmes,m_$_8ZEjBf
brianhopkins,@*MXo72(b7
brianhuffman,&k7Qas5fIB
brianjacobs,*VW4hFBcR_
brianjohns,&^PVxsLj52
brianlarson,H#c8Ybeb5Y
brianleach,SM%9+Xca(L
brianlopez,A5(2HaTqbz
brianlozano,p)9YWKs+T#
brianlucas,XH2SuvzJ2!
brianmaddox,HAf(X9pI*1
brianmahoney,QP7$OMsg%)
brianmarshall,)LIVg5kY5V
brianmcdonald,VcUbkFNR(5
brianmcdowell,4k65bGzA&_
brianmcintosh,@8KV4AYgW2
brianmiller,)cXWe(nw44
brianmiranda,Hh!0IvX&L+
brianmoran,C1%e1AlO#3
brianmorris,%0BbAgys1S
brianmoss,^*G(n$de7F
brianmyers,&kUKoznut5
brianna04,K8LS4xt9+d
brianna06,b91tB+kSW!
brianna28,!SKQLyZl3t
brianna281,^b%gArxD0^
brianna39,%qCI@sD49l
brianna49,*0AXj6o(#U
brianna55,6*7YwiO#+A
brianna58,UFvqFbGV!8
brianna62,^2)jUd7KXu
brianna64,%7!R13qI3Y
brianna73,2+0wtSc&MC
brianna731,%v+8t9Ieg&
brianna75,2Y4L9zpe^a
brianna78,%&l8K8scW2
brianna85,CJ1X(4Lc%8
brianna92,ZLjb4QgW_G
briannadavidson,8DgNa6Su%U
briannagregory,d208HRlz#L
briannajones,_vPK9t_U(2
briannastuart,MoM#u!lb%5
briannathomas,l^3HtjORwP
briannaward,p$%2KoItXn
briannawilliams,P8Du)Ac9!Y
briannewton,Dhv@C5Ffi%
brianpark,5hTNYVPX$7
brianpatterson,_%DvpMPlq0
brianpeck,h86@C3Xu7D
brianpennington,!uI8OTta9J
brianpeters,w2*Skkby)p
brianphillips,*w4GQcv4P$
brianphillips1,P@0qR!UxTE
brianrichmond,+z8cP&*Tr5
brianroberts,&_x9XQKG#p
brianschultz,K4HJlptK*1
brianscott,We!u3MSkGl
briansheppard,ueN8FHVs!5
briansimpson,E#U7BjDhW+
briansimpson1,4!4GUxsz+$
briansmith,+3CygVnANv
briansmith1,O7IT*3j($g
briansmith2,IDp)3Tgn(H
briansoto,Q(+d@GJi$7
briansoto1,sYmDz!td+3
brianstewart,#iMglVB1D3
brianstout,89B5+SIK*f
brianstrong,oR9KH9tCy_
brianswanson,mK(UcJi8@1
brianthompson,!j6VGjsf*o
briantucker,m#(k3DyeK$
briantyler,%1RnxSvVeU
brianvasquez,W7+8Q_+dDk
brianwalters,22$DcL6a(3
brianwatkins,O2x0AjHjF*
brianweber,)97LgKAG4b
brianwest,H1nWIczr+U
brianwhite,v1n)eBxd%&
brianwilliamson,0@%0K44G7g
brianwoods,tfxR0Dd^(v
brianwright,$8UXt1#o^t
brianwright1,%j)Qf7dl)3
brianwright2,W(1+WaXfq8
brichard,k!49ZikN7V
brichardson,%IRE0Q%gd7
brichardson1,Nn!q9Sb_*!
bridgesbenjamin,H#9DQSmB!L
bridgesbreanna,#15IYJy8k2
bridgesjames,%kDM5cXg72
bridgesjesus,(4Zlh3f!HO
bridgesmercedes,HM4p$&Up%M
bridgesnathanie,iO7goN)s%7
bridgespaul,6E!t1ZFdDq
bridget03,r$7Pi^7N&s
bridget33,xPGFbvl+!5
bridget58,%DKzNlkv3#
bridget63,@ngYDVamT9
bridgetaguilar,@8PIW6cv7Y
bridgetcruz,Pi^u2Fl5Ss
bridgetgentry,x%9BySiv*9
bridgethodges,$bkjoZg#0M
bridgetmartin,4a%+7TIm+y
bridgetmiller,%&sEUx$S6s
bridgetrodgers,R(u@7jP4pa
bridgetsullivan,(q0gLC6t)^
briggsdeborah,%2AhTG1zL#
briggselizabeth,6EWuXmBy@s
briggskelly,xZ%0MhPx_9
briggssabrina,+waM0e!r_4
briggsshari,J*5T9cjfu+
briggswillie,^6&LBRsmFr
brittany02,$4bD*r$5W0
brittany06,F4LKtXz3&3
brittany07,Nh10+Mhl)*
brittany09,$84Ie77$VA
brittany10,QRP&6BDdXC
brittany20,D9hSgds%+r
brittany23,6o1e&Scz$o
brittany25,J&WS4g^a)B
brittany33,g)2W8Loac*
brittany36,*6YBdDqJcN
brittany37,SgAr6F^k_f
brittany371,u^C0*TZgAo
brittany42,AGY)P6KlZ0
brittany43,oFZ2BG)v(4
brittany44,)fZOwIm2!5
brittany47,X6^)$6Vp+y
brittany48,(q2yTzFI6z
brittany50,*6+(T2Na7C
brittany501,%*ahg3OesE
brittany51,!6IB9woJyK
brittany52,6W7@F#Hr(c
brittany55,8o($1nGsFA
brittany57,@&X7Jgf(4P
brittany58,pWE6Lwbr#N
brittany60,%4ZLGorj^*
brittany601,*G6V^PsW@e
brittany61,!7&cE4d8*Q
brittany611,+76*OOveZn
brittany63,Tr!l1Chjg%
brittany64,9l7oTRE@L(
brittany65,)!58!D@v+z
brittany69,_4%Wwc_@hS
brittany691,XrU%5YdzHi
brittany72,z6Hu5m_M%1
brittany79,l(RQ!huo@0
brittany81,%T$4JyBsks
brittany83,*d1V(WJ&f0
brittany84,+%2IWqf*^j
brittany87,+4oR#NhE$5
brittany90,om3BFxD!_L
brittany91,gc8TCnds@X
brittany94,^g0XpqqSJ6
brittany941,#1OToTQQ9Q
brittany97,)3BIEt1vIq
brittany971,qd03gV@6s)
brittany972,59gwumGi_I
brittanybrewer,O74ipWKo)$
brittanycarrill,J7XgkeXw&4
brittanycarroll,k&09Oivkmz
brittanychen,$YcoGnfjR6
brittanyclark,Z8xBUXwy(n
brittanyclark1,&sFtjMsS79
brittanycollins,+@PCJ4Jk%S
brittanydavidso,S3v4Fh+vw!
brittanydavis,)C9Bqlezw7
brittanydrake,w8iQBTOn)g
brittanydunlap,7sWeucTN^&
brittanygonzale,Gu6PFeks3#
brittanyhanson,Y@1TtVpnw(
brittanyhawkins,%+1ZyyLFK1
brittanyholt,Elvq5Akj@4
brittanyjohnson,#gbi15Cp*0
brittanyjohnson1,C&9BOvMw2+
brittanymeadows,)wHdnhnvX5
brittanymendez,J(2JWI!bUk
brittanynichols,^u5TwbcN05
brittanynorton,l547skMu&2
brittanynunez,(A0XreMQ3I
brittanypeck,n4oRPM_^@1
brittanyperez,jtF36QOQ%9
brittanyreynold,L#2AnNvp6T
brittanysherman,9nUrJgTh%)
brittanysimmons,!4vb^FDoqq
brittanysmith,#4GxSpLK*3
brittanysulliva,+7DZ0zT_63
brittanytapia,Qw9BjQQQp%
brittanytate,(_2J3Xmjw$
brittanythomas,dEM&z*)B@1
brittanywagner,j3aIjkwh)v
brittanywall,(*46(WGr8(
brittanywebster,@+p5KpGFKW
brittanywilson,FqF99DlI#p
brittanywu,i@Q@8F^y5C
brittney01,&0aOSibh_0
brittney011,5@w_$pUl*7
brittney02,_(&AOVIl+5
brittney08,83BYYz9t!!
brittney09,PA7Uy6&4*u
brittney17,K!8_EEyVgj
brittney18,et8Ak7kq@2
brittney47,aeS@6I)rcp
brittney64,%7hZFAJm%A
brittney75,nM7J@PDi%A
brittney82,n1F26rn!$Y
brittneyclay,*TrWOtdO75
brittneycrosby,rS9!E%s0*$
brittneygreen,A7$SVa)s#l
brittneymorgan,eN4O)qn6$H
brittneyritter,(UmSVuzpR6
brivera,)ODRPy8l!2
brobertson,b)c1vpwyRK
brobles,o3E02Han@&
brocha,hnF_3B5z%#
brockerica,0W6VzAKlp#
brockisaac,!4LrAoIHZD
brockisabel,$)$sKG@s1C
brockmark,1DcB_Kyi^!
brockreginald,HaE&*7Nk&@
brockwendy,!1W+7*t)9M
brodriguez,AM&R2Xqc*9
brogers,b_bU7nf7XZ
brooke02,#eQ+t2Fjds
brooke12,%1ZSVQGiSv
brooke19,**o2SWM$ev
brooke36,+867Sewyvn
brooke361,&eFlCArbF2
brooke42,9V*E(QZh#y
brooke45,thQhc9Nb&%
brooke50,#Zk6CjWRn%
brooke55,#E)7V)8o@0
brooke56,T&T$0M4ipr
brooke57,3NL3jCG+)i
brooke61,^3RPBIcybw
brooke62,o68nEroZ*_
brooke69,A@P)+NIoY7
brooke74,CqybXDzm%5
brookecampbell,^9nQURHjkd
brookechristens,@63BR3fZaA
brookecooper,4Oo5GMuLE&
brookegreen,QCqWS5Ba*2
brookehiggins,ov8EGD^cO*
brookehurst,_37P2YQp2D
brookejohnson,H0OohoW*+D
brookemata,v28Kq0re^w
brookenewton,s6ryNB1a*3
brookeriddle,@LvUWdNmf7
brookesmith,J+KvU5LfXl
brookevaughan,$#(0Kbvjb1
brooksaaron,s+8RLiD4M#
brooksana,MP%!60Wb$R
brooksbrent,jGNl4_Xz&Q
brooksbrian,e)$5JOx8k%
brooksbrian1,xG7*ySif_5
brookscharles,^4aBMLYm&L
brookscharles1,^1I#K%ol3!
brookscharles2,@5WJhsBsbo
brookscharles3,&(1a)Auf9y
brooksdaniel,R)p3U$gI*g
brooksdavid,3UwW!6CvDt
brooksdennis,E6vDhSln)n
brooksdiana,^xo3KG5apY
brooksdonna,*0OXK*fj7l
brookselizabeth,L9ImyBpq*Y
brooksemily,&5C555kbpt
brookserica,^bIoXkjxw1
brooksjacob,jI0S!0tnA!
brooksjasmine,BhAdl8XJm+
brooksjeremy,I)3nZNidoT
brooksjustin,3I1A0Wg0_S
brookskaren,^4Q7*8Cbhf
brookskimberly,()i)UqH4O1
brookslisa,B^o4Oc@fHb
brooksmadison,0mU1XN6uo*
brooksmelissa,)2DNGz9XPU
brooksmichael,nPA1Mnu*5(
brooksnicholas,(25AK)z@Ah
brooksroger,_@1Z&IhjVU
brookssarah,x)MYXmmf!0
brookstanya,(rAsRdNlm4
brownadam,+B3mYLiHSI
brownamber,k(s6sJ4pjq
brownamy,&Ty0EPqtFQ
brownandrew,(UPQ(yCx81
brownangela,!!rT89%dBW
brownbarry,b1Y@HApy*5
brownbonnie,$U6sXs&fd8
brownbradley,a2FWJjqg&)
brownbrandon,@dUtt*mzY5
brownbrent,@qQR(dma7D
brownbrian,*I4ZzgYuTG
brownbrian1,)3gEkfYfCD
browncameron,^Z35*OPzBB
browncathy,!ciH7zIoy7
browncharlene,wP96CNxt&q
browncharles,(uTDttq5!5
browncurtis,(rZ9Dlju%*
browndaniel,Yv79eqNi%7
browndaniel1,%T3rApbTYs
browndanielle,T0rMvy$a+1
browndanielle1,R36PtgRb(i
browndavid,U09LRXQd(z
browndavid1,$ImQ5I_Pl3
browndeanna,^B56@J9p%!
browndebbie,(XHGPM6y^1
browndenise,^80XNQQf94
brownderek,1^2(JC0wig
browndominic,2C1vSDKh)5
browndominique,W1*5E8XjH*
brownduane,@!FZxzBfc0
browndustin,rt7Ld8Qjg+
browndustin1,2rDB2nb!*9
browneileen,6m1IfPpy%7
brownemily,8G124RPj1_
brownemily1,%Z3!^ZuXqB
browneric,a%pL0GCcQC
brownerin,Rq7E(csBO)
brownerin1,3kcyiKYo^*
brownerin2,LW2C92@l(n
brownerin3,*7ZaajCbIA
brownerin4,2zsuL8Uz@l
brownernest,z&1FzyPW_c
brownfelicia,4nIJZJ4I)*
brownfernando,Xak99QKs&q
browngary,*9sbJZGv*x
browngeorge,*GvCrdHW34
brownglenn,i1J^aF8j&w
brownian,!%y7O2foy4
browningaaron,+rgIDpz4d5
browningpamela,+89W^bYqzO
brownjacob,#8Iy6nibat
brownjames,%1)%JxN*b8
brownjames1,)5XEuBg%4Y
brownjamie,$#L9CF)JCh
brownjasmine,#4Q7f%PL^a
brownjeffrey,vu0XSe__c)
brownjeffrey1,*MhcB415b2
brownjerry,^*F8evqF&4
brownjessica,%w$vL#JzD4
brownjessica1,*1H62vpUR*
brownjessica2,SP(LPdjt(3
brownjohn,9&5Z5PnuB$
brownjonathan,PA6(8VoYQ&
brownjonathan1,(*I6S#1ei4
brownjoseph,Fqk)6LEi%o
brownjoseph1,T$5&i1Kc6y
brownjoshua,85NdihL6$_
brownjoshua1,*PqXeObex5
brownjoshua2,U(0L_qrRrU
brownjoyce,Qx19AuLx4$
brownkaitlin,00H7X+jh&2
brownkathryn,WR75d@b5r^
brownkayla,)4(fqN3wo+
brownkendra,BdoTBJzE&4
brownkristin,2)3Jymt@mu
brownkristin1,wt%T4Adp&6
brownkristina,(3_)GhYjxO
brownkristina1,s41Jw8EyC)
brownlance,(!wL5qc6h7
brownlatoya,(gSRSNd!n8
brownlaurie,^X41NF1dhD
brownlaurie1,_xthENyo14
brownleah,gb6lMk@Op*
brownlinda,M&&R55YaCM
brownlogan,Yp80Woyn#K
brownmargaret,ZW0Mpr3N1_
brownmartha,1)02YNmOWU
brownmartin,%QdK8rHx9(
brownmatthew,&fp0QcCq$3
brownmegan,G0t6WUlx@1
brownmelissa,8f71X_wq)y
brownmichael,)az@1MTmkY
brownmichael1,_n+9MY1s_A
brownmonique,s%DwJOrK!5
brownnatalie,)CU8!Qch4x
brownnathan,1jhNC+hW(2
brownoscar,#^C9gDzTb2
brownpatricia,@52d4AqLtw
brownpatricia1,i$k6BjZxDw
brownpatricia2,39$Z@Vn2&V
brownpatrick,+&l&94#m+L
brownpatrick1,P0@AdXhG&s
brownralph,R^ynY2WgOe
brownrandy,8_D6L1xcci
brownrebecca,_7mIOykLEn
brownrenee,*F1B6Kbx*H
brownrichard,&A+7Ej%1D6
brownrobert,YO2$T3tx)#
brownrobert1,N3NA6e57#&
brownrobert2,bFQ7Pcp)e+
brownsabrina,+R9DFaQqOz
brownsamantha,1+6Ih6gv3L
brownsarah,(&0PN!eSTf
brownscott,A5E4Ns6V@L
brownscott1,(n4Ps9RDHn
brownshannon,^6UXTJQkKY
brownshannon1,5QY$nFpt&C
brownsheryl,%66P*Ko#hZ
brownstephanie,bU!5HYs@I8
brownsteven,%5RG3oRVOo
browntammy,l!0Ey*uQNc
brownteresa,q1zYNCUt#V
browntiffany,R02JMUsWt%
browntonya,pJqDa%hQ_6
browntrevor,(n&k5hTaU@
brownwanda,*34mQ*I1_k
brownwilliam,D@55ErHi32
brownwilliam1,bNy%9G_eo1
brownwilliam2,0xI^KQer)G
broy,%n)uT2Ilo2
brubio,&AO5$AwX*l
bruce09,Y)M0cBg0ep
bruce10,ZhfjB5FP)8
bruce18,Ya&G1FGyI!
bruce55,3L4+H3Zj%u
bruce62,kgMOS)y+*5
bruce65,B&6$5g3l4W
bruce75,@6KBXI40sc
bruce79,!K8Wm&RQnd
bruce83,$4XYFcAp5O
bruce84,((2Ol93hiC
bruce94,*mD@^Xc_1)
bruce96,H*3T0YrGTA
bruceanne,TXArlY%E!3
brucebarnett,4WRTaGre&g
bruceburns,!TjT9yNkVH
brucecochran,&fW1UR+qd(
brucefrank,(2GqK6C9cv
brucefriedman,)3KJ3FNz*R
brucegonzalez,e2x7O482&i
bruceguzman,D5GSJpdy$D
bruceheidi,x8*@dQOo_I
bruceholloway,5+7Q9bnPnI
brucejones,^B0mRFfh2&
brucematthew,9ps+0fCzZR
brucepatrick,_87WD4xb2k
brucereed,xYldeK7g(5
brucerivera,%3LI5VayfQ
brucesmall,ar3MzNjg%+
brucespencer,*+y7MKw62n
brucestephanie,j7HIF&0X@I
bruceturner,r)yR@6Ac(6
bryan02,!4MNfm(8!E
bryan021,+V6hTfFnBx
bryan04,(^9S4yuX*i
bryan05,&7HkLpKvtI
bryan22,W*c2VoxWgd
bryan25,C_$4UHnzH%
bryan30,m83OwYk)_1
bryan33,Hv7nIMSb0(
bryan43,*+eFb((NW0
bryan44,@W4IEgKw(4
bryan48,&)6@&Aao$r
bryan49,*4PsifBmZJ
bryan56,9j0BzsjsG_
bryan59,$^B4FmHL7Z
bryan65,5%e1kOqrfH
bryan66,@_oq4RWe!u
bryan69,DHEfcPTQ&1
bryan75,*6ULwLLW!7
bryan77,+*8KWNfy^a
bryan80,e)()0RyGI9
bryan84,@IUkksus#3
bryan93,bE2ARdU!(j
bryan98,T7hsYeCa@b
bryanbass,v3i)5_Gc&t
bryanbuckley,6v75IABk9%
bryanbutler,$0aFDkFfhl
bryancampbell,^&4mSqlcbs
bryancervantes,tm*2JuutC!
bryanchang,!Zda5eglK3
bryandillon,b!t!3IIel+
bryanfields,N*%wj7@ybN
bryanfisher,b_7nLIyaPc
bryangarcia,SWK(1Qr*_d
bryangreen,^F7DlDYnz_
bryanguerra,&$A13fZZc7
bryanhoffman,*EmVJeyj&0
bryanhudson,ZMC7Cl3q+#
bryanjackson,^U8FAetbaY
bryankimberly,D4)hXuuY^b
bryanking,neN2VYGk*X
bryanmahoney,_bvPrGoOV3
bryanmathis,T1a$JVaM_k
bryanmcgee,+nMfmyj^2G
bryannelson,a5V_TMpc&g
bryanrachael,b38+!4Fk(w
bryanreeves,A1^4X!wn#k
bryanrios,C*1WOpkuey
bryanrodriguez,mnTRCREC)7
bryanrussell,A4))WtAd%S
bryansarah,)8SmsWIj16
bryansimmons,g^Q)9NnN5x
bryantbradley,l^W9rpRl@E
bryantbrandi,tI7iD1zU&*
bryantcaroline,tR3Kon^o!h
bryantchristoph,(Bc*jPJyW5
bryantchristy,@L2cP)bT63
bryantcody,p8JLUa%V#q
bryantcolleen,sL3@V)5hg#
bryantdanielle,%7SWiU)k47
bryantdavid,$4TcHlI5LA
bryantdiane,&%25fQ7gSm
bryanteresa,%MdGLEkn04
bryantiffany,9Nm9AtEi_o
bryantjasmine,AaDNt7Gy^3
bryantjennifer,9P30KdaJk!
bryantkaren,*9jqPFzpa4
bryantleah,uIxHASEv(8
bryantpeter,rbn6Bch)n*
bryantruben,F3HWwDrv&m
bryanttaylor,F+q9Eaqs3Q
bryanvega,d_5+NZTdPQ
bryanwashington,(8FZ1ikbU2
bryanwilliams,!oh^3(HrJz
bryanwright,f+B6uNgrD!
bryce52,B)2Ds7cCva
bryce89,^7QtkqJK3X
brycebutler,)9+RRQ9H(v
bsalinas,_QSGdbmNM7
bsanchez,37T^i7ar*S
bsantiago,4cwE@pvU_7
bsantiago1,vNaJFhDn+5
bsaunders,$6&^uTfl8g
bschmidt,vY&77fFtN(
bschultz,)+OCD+u^97
bschwartz,d%W3tiCjv(
bscott,2k47$ML)l*
bsharp,B4nJQFen)I
bsharp1,(W1WgcUq(3
bshelton,AVbUekYc+1
bsherman,W@K^49SxpS
bshort,tbO#6hOdew
bsilva,2LG*1DUkj9
bsimpson,0917mpVu_F
bsims,7c9ZHJsf@#
bskinner,vkX1LSjr#x
bsmith,_85NhC47^6
bsmith1,_SBZ46KvL7
bsmith2,$7NqzWPeQO
bsmith3,!KJB6Nn^V+
bsmith4,_9&76jTjFC
bsmith5,@s70fbWmCB
bsmith6,5Wl5Bs6o1&
bsnow,b2ulFRUx^C
bsnyder,gms5#sSRD_
bsnyder1,F3WGv^8K)H
bsparks,BfwWI^cz*1
bstevens,&h4fBfxt2R
bstewart,)k2FmWNiU*
bstewart1,%cgc!EA8j8
bstone,ts5yp2CjI#
bsuarez,%10YusmnmS
bsummers,z#5Zgl5&XE
btapia,^9xE#Kbz8x
btate,!iwVKfFv17
btate1,9%2OSwldAz
btaylor,Cz0Y4lD)8!
btaylor1,O0s#03QvK7
btaylor2,w27zkFlm^8
bterry,!x3Em7VQE6
bthomas,)b4U%pbc*8
bthomas1,!Z91IRh#v6
bthomas2,q+8H^@Y_gl
bthompson,*CU7gG^bXI
bthompson1,X1WscbUx_u
bthompson2,dVu5HHvh*e
btodd,P14RK6s94&
btran,%1IJ8BeF5v
bturner,h^qC9CpqnI
btyler,^1Vj14g4O&
buchanananthony,_4EX)tkt9h
buchananchristo,%q7GLnBDl8
buchananjason,)84MQHfmpd
buchananjennife,E$u4dTlv(g
buchanankim,_%UiP5Mls8
buchanankristin,osO8JcfF+o
buchananmarissa,_%7J@4MgEK
buchananstephan,P&ZV79Fu$2
buchanantiffany,p9r8Y!ko!u
buckamanda,_5RZj3bno&
buckjason,@d9sExUjv4
buckleyaaron,jF_mi1Pt54
buckleykaren,Pg579FaIl$
buckleymarc,efG4AQYcr(
buckleymary,f^z8YjNt+%
buckleysteven,)r(Fz%%rS7
buckwayne,DC3CdZp*^+
bullockamanda,^oEs*x^&!6
bullockconnie,&O%LVSDim5
bullocklindsay,n_4MkEodyy
bullockrobert,b*Gb)Rvt$3
burchcharlene,)4VjPv+lgU
burchdarrell,0h8$V@qN#(
burchjessica,@dOY3Zp6J9
burchjoseph,(YTkEqKdk5
burchruben,!5P@69O@ix
burgessjames,w#Ag1Jb3#K
burgessjames1,SA5F4q#%(L
burgessthomas,8$+4OZ)n$n
burkeadrian,v%3Q2U)yC%
burkealexandra,vb3C2m_o%+
burkebrandon,)TDwO2ZoY4
burkekimberly,A19Eg0Bf#E
burkelisa,d$LbRD4J#7
burkenatalie,vJ*52#Ho%u
burkepatrick,)r)2S2Kh0L
burkesamuel,@o8XWuB+M#
burkesarah,%y3xDPYX!3
burkesean,%8R&JqjRL@
burkevickie,%%5uSQDl!G
burkewilliam,(9Dwq8ueR2
burnettdouglas,l!9x%FsQ+0
burnettgrant,ib1JxqLdt^
burnettjoseph,2&_230XegQ
burnettmark,)8Qr5C)9eD
burnettvictor,x%7((EAplS
burnsbrenda,K8XWdA1G%P
burnschristophe,70u&I&sT(N
burnschristophe1,6xi2Qg5q!k
burnsdeborah,(r6E^fJIXd
burnsjames,bwL0^MDs(3
burnsjason,h%A7A&c&d3
burnsjoseph,C)H0sTwt#9
burnsjoshua,q)45gsPds(
burnslaura,Yjt(9Fnkba
burnsrebecca,w_7NYNGx4l
burnsross,+x5$KUvx2+
burnssean,On@q8OLuNB
burnssteven,(bBr6Jgi6g
burtonadrian,40lPDCzj$p
burtonashley,%ahVtZYw8M
burtoncarl,U7HygzWF^d
burtonchristoph,^6_Sl*QvjQ
burtondarius,@7AS+8gee1
burtondavid,lXGkKr%A$6
burtoneric,K+2MqVlrHG
burtonjeffery,xYZWP35y%1
burtonjennifer,65Lg2RZ0%G
burtonleslie,x*N83Zbt@v
burtonmary,D3TCcojB!h
burtonrachel,#6O0Y7XXIw
bushashley,!_Q5!Ukpb_
bushconnie,aH20UFIe(Z
bushmichael,#*@X6GfFNF
bushmichael1,yMc9RhM!(f
bushroy,WC_4PO^tfY
butleramber,%6GOs$CV13
butlerashley,(C)V8qKeQp
butlerbreanna,)s6Td#FsP*
butlerchris,wkb7(bShM%
butlerdarin,l#WH14Lglq
butlerfrank,_hu59C*a6p
butlergregory,m%tZ*9yn3H
butlerjames,7%2IsySvcT
butlerjoseph,1c)ZEylu#1
butlerjoshua,%N8RwWgunq
butlerkimberly,k21BGtpmW+
butlerlogan,B01$0oMkMA
butlermatthew,$4JoXeRi71
butlermelanie,Yf8d9RZHN+
butlermichael,%K8USinaBG
butlermichael1,5d_^J4DK$k
butlerstacey,wmDgjy2d*0
butlerwilliam,^9QhPm$B(I
butleryolanda,bX1FcurU#W
bvang,*2U65b73@J
bvazquez,)4Owrm(+qK
bvega,&1XQRoqFm8
bwade,P&5ZMNe1&x
bwalker,^kMF6C0bb8
bwalker1,&IDAyis58u
bwallace,(rQOt#!8U6
bwalter,@nE2e&zn#5
bwalter1,_1D!(WjgfJ
bward,CJe7%J%t%2
bware,3btPrU71@$
bwarren,j@1QUm^Z*4
bwarren1,tP7x&DNh%w
bwatkins,Yx4VX#w#Z$
bwatson,_xNcvlcUa6
bwatts,RjV9osE3q(
bwatts1,(7Zc5&Hh#J
bwebb,j9BcSE%q!a
bweiss,)1lYANhyFw
bwilcox,#R9oh8Vijs
bwilliams,)+73)Ni(+p
bwilliams1,*nRRd^Vk5x
bwilliams2,+6G1ZX5z+E
bwilliams3,^63+Ak!gL#
bwilliams4,fQA&7FnF9W
bwilliams5,B_8J3OOlOW
bwilliams6,(wQdRD3ps4
bwilliamson,59JxFGza$y
bwilson,B+c1GKt@kv
bwilson1,#Z1TyOTQTo
bwinters,_L&l)0VcQ7
bwolfe,!1QZXiogDk
bwong,2(9Bpe@40R
bwood,L63K)M*v%)
bwoods,*8DW6jl8@V
bwoods1,fGYK&p%w^0
bwright,x*1KGe#&!4
bwright1,7%XrZRJ^!8
bwright2,^5%TmLhw2M
bwyatt,($M2C0uvCh
byang,c+xB5iFt!8
byang1,$9NCSXvd@R
byoung,$58Pn42Q#2
byoung1,qlMgi4uV&6
byrdbrett,3RG4(@oh%8
byrdmelissa,e253RkR_l)
byrdnicholas,@*6Yf*+PGL
byrdpreston,$g5WnPOc6A
byrdsheila,_H5E&_Kmp9
byrdtracy,bj!S5O2yOc
bzavala,)w@87FVy+W
cabreraamber,R3O3m7g7*6
cabrerabarbara,_9Y+fkE)Z6
cabrerachris,&G*2LkDpVN
cabreradavid,nX_9Ur6VlK
cabreralisa,Am2AeZ)qI%
cabreramichael,mJ2tJ#zip^
cabreranicholas,Dv8t7KPr^0
cabrerawilliam,@2b7Gb6&Tv
cadams,35+JkFFeb+
cadkins,%Vn5+Ra*DJ
caindavid,2BK@R5eS@D
cainjoseph,uX&7aKp(X%
cainmark,w5@j6SMhhe
cainmichael,&gTpdUHzw5
caitlin03,a8TBDNMs_f
caitlin04,+oC7Cqtd1%
caitlin14,)BL+pGN+K5
caitlin22,^!V1I@gL)I
caitlin221,W@7TALpyTd
caitlin27,$V7BDpx2t0
caitlin28,g%E0Ma$lju
caitlin62,$w0mzzVvF*
caitlin63,5!3BZ)j4cn
caitlin66,9*Y9UoAj@W
caitlin73,+8@$03Bp$h
caitlin86,_I*A5LSs(#
caitlin92,z@Y2Ap0w%P
caitlin99,)W8OR1Sd4M
caitlinchavez,jbdo1VyY!P
caitlincook,$L89qMws$u
caitlindalton,9XflC^Pf&H
caitlingardner,H$k5OkeqXY
caitlingates,wyEM*8Cglj
caitlinjohnson,U^7OPIfwVM
caitlinlang,C248PJrhh$
caitlinpayne,ef4GJrSM%z
caitlinphelps,*r(6PabSH0
caitlyn63,vK1LJrgh^H
caitlynhart,)9GsqCC!3h
caitlynperry,I#7RYjiY#&
calderonjacquel,FjZWuh#+@6
calderonjustin,W99Xir8(@a
calderonmorgan,*0An%Z0@qW
caldwellanthony,K+413LCuID
caldwellbenjami,sP!7LBvo(T
caldwelljames,3n6XIqSwe*
caldwelljessica,%ws_3LSy3(
caldwellkristin,#c8sFP2zTn
caldwellmarvin,5t(2DoUhcF
caldwellsamanth,qK88Y%Lh_^
caleb28,%7KyfphFLm
caleb40,yzWsq7Kn$3
caleb51,_%n3ME%idb
caleb92,y_!V8NHq%&
caleb99,UU5wQpSin*
calebalvarado,*p6_L*gM8_
calebbyrd,O6*cUwq$!W
calebgarcia,aB0Jo2He*^
calebgreen,*!d5HYtv@8
calebguzman,$4IRdJQDOt
calebjackson,7&3JRilE8i
calebmckenzie,o_16pjJiEf
calebpeterson,fGLm4ESm$Q
calebrojas,#D)9kpBs&@
calebtaylor,i2d!G^fb&b
calhouncarolyn,$6ZOoux1Hd
calhounchad,_0xAUs7B3l
calhounlaurie,p@4R6BB$Ed
calhountroy,f7ZE3Dlk)D
cali,d(hKVrlA#0
callahanangela,(RzDAKgCB3
callahanjohn,0dQb#6ox(t
callen,eyslwIPQ%4
callen1,!d@CQe(X1y
calvarez,R!Q8rLPl_c
calvin32,!RsUvQ!04s
calvin55,^3BIJ6fvQ3
calvin68,#WE6Hgfb5)
calvin72,+qZrtjyf@5
calvin76,oF(VcvOp^6
calvin89,lbn&HE)3%9
calvin99,rnLzh@Dn+3
calvinestes,7oSyyBhF^p
calvingonzalez,o2D#bob#^L
calvinhall,C9iRUZal@h
calvinmartin,73eC!Uhh$c
calvinmiller,)I6p1QOmxL
calvinwilliams,&RWAdl(Ac7
camachochristin,+8Ac)cH*#L
camachodeborah,t3bBtQrJ@)
camachodylan,#9H)Yt12ep
camachokatelyn,RR6wfPFo$M
camachokathryn,(lu7IVLCm_
camachosteven,!EJlAF)uO8
cameron17,_JwK86!p&!
cameron18,!4NnrMcy03
cameron46,@4QGMxh*1A
cameron97,@kIlUWf*Y3
cameron971,K3Hdyxtw@4
cameronbell,y8DJ4qXQ%9
cameronbutler,H57K^%Uz%&
cameroncourtney,#2x#PFAUc2
cameroncrystal,5vM1FCoI@z
camerondavenpor,*ciKWeXwP2
cameronhunt,e*wf4Fze(5
cameronkristin,&32RPYIdzx
cameronlambert,0la%5kRj)v
cameronmark,WoC24RBl*$
cameronstokes,15xTfDnu!q
cameronthomas,!K3^@Ck@QY
cameronthomas1,(9nGwANpur
cameronwoods,(3(KOfQftf
campbellamy,)1PqEmIDF_
campbellandrew,wJ4Hm1VtI!
campbellcathy,%7U6_9jVd@
campbellchad,76hZgnMh(x
campbellchristo,v!_C2s5dgF
campbelldavid,Z(6^ZQv1Ba
campbelleric,JTYnB%bl)1
campbellgabriel,$0MS3nKk0e
campbellgeoffre,f9iBGWFje+
campbellgina,gOMU9!nie#
campbelljames,tqIH3Ei%!&
campbelljason,&T2WTKq4gy
campbelljeffrey,@KS)6Dk(qC
campbelljennife,d*7I+myTt^
campbelljeremy,&+5AW5lvem
campbelljesus,^1mZjiImne
campbelljohn,#9ttBmvBqc
campbelljose,npYIOUQW&2
campbelljoseph,1TFFzwu((3
campbelljoshua,+EBOgT$j5i
campbellkristin,MtsI0VMFr)
campbelllisa,$2I7nxTp1K
campbelllori,4CAXuWv4^v
campbellmaria,5CuCYZ+0#w
campbellmeghan,P+52*Ikmkz
campbellmichael,2%3C32xRkV
campbellnichola,+vzKXt+cZ9
campbellpatrici,(SFJA3l!23
campbellpatrick,M23KiSnc^Y
campbellrebecca,##3S5eHnYm
campbellrichard,!$L+coGk3b
campbellrobert,LXVXMVgl+4
campbellronald,VsR8pK0m%W
campbellsean,)c4S#1rNt)
campbellsteven,na3P*!W*P@
campbellvirgini,4)(71MNn#P
campbellzachary,I#6btP0oYS
camposadam,oj3AY)x)U!
camposdaniel,%40YwzzE^j
camposjeffery,)UfPU1dj22
camposjessica,#qCJ3FDbt%
camposjohn,G)3SLeePpd
camposmichael,3hWa%sVw)D
candace07,&ZBK1FIc@5
candace46,fwES4Ag$@E
candace60,)k6JFUbu#U
candace84,voU*9MmVW%
candace89,X&a1aP^dD8
candace97,q!1YrhI@Ss
candaceanderson,i^XQ6^2hFX
candacehall,76T4GkjZ^_
candacewilliams,%7O3C$f7#9
canderson,$1AfOfxhMI
canderson1,&g7%1F4gxi
canderson2,(k03Hxdo^@
canderson3,+KA0xPwdS$
canderson4,W1^!e$nF_%
canderson5,p9B2tCat^*
candice85,9j1c9ZuBE^
candice89,H)mD2Qwm4%
candicechandler,$U4p8MlO&e
candicejohnson,$L6!cGvv*e
candicemckinney,F7(Np5ei)e
candicesmith,GU^56Be)$d
cannoncaitlin,^9UTb5uYWn
cannoncrystal,(8G(uwJKY4
cannonjessica,!c(9hDEiiC
cannonmichael,DQ%1vTNrbF
cannonmicheal,S84XSfpN5^
cannonryan,@RR21eFkRT
cannonvictor,$d2!L2Vf*L
cantrellcraig,*3uTS(AaD2
cantuangela,6W^i2qFuG%
cantukimberly,$H1Wy@xaI@
cantumichael,^4jRlxe4Y^
cantusylvia,u8VYhoJd$+
cardenasdarren,ey*n&0TmQ*
cardenasdavid,i+V7MDozo_
cardenaskimberl,S$Uq6apP%0
cardenasnancy,+KLG2FDr^l
cardenaspatrici,^2!rO6!aMo
cardenasralph,%(A4F(Pw$5
cardenassteven,@CgCVs@J4F
careybryan,NBF0@dmW(7
careygary,@36Z%Mspzm
careygary1,$b2jISvD%@
careyheather,((02_F0u5U
careymonica,)*d1ImEZ#l
careysharon,$&KUjzNu88
careystacey,!E3B6mZuST
carl00,2iK8pTyl$%
carl02,m0cSKOEJ$e
carl09,Y4n6&8l9(C
carl12,!%w9alXk3C
carl14,u#5(oVwG_F
carl29,^+*8EvvaD*
carl43,RDj0+D6g6(
carl55,*#6lRkUyP7
carl71,J4Gom9kv$2
carl78,$ZCLJuCoD5
carl89,4Ve0IiLZ_e
carl96,i1GFl5cZ!L
carla11,XQ)DOX(h_3
carla29,70EciK+e*m
carla33,@CHEqOcV(7
carla48,RvUoX%Eo$3
carla58,n04KwQ8A!(
carla95,k1d7NzVv2^
carla99,90kJKTnp&f
carlaallen,xiBJF6Tp$z
carlabeck,u)IN4IDe_n
carladelacruz,3lU9OcmN#j
carlamccoy,2GEWgcJv$U
carlaoliver,$8(#^CekV7
carlarodriguez,AnRGi1TcV#
carlasmith,A8L4F+xE(G
carlaturner,h#sQ4ZueS1
carlawilson,+j22aGFxVg
carlboyd,oy_2HBeqOf
carlbrown,pR1XRPjDm^
carlchen,uOB9b4ly9&
carlgarcia,L(6)AthHgA
carlgarrett,8oS%3MQheY
carljimenez,95AUTbeJ)L
carlle,VVeZ5eEjV@
carlmooney,(2LQRdpN6u
carlmosley,(s*6D8p*b4
carlos16,#iPktgwy00
carlos28,%4zJ0Orne&
carlos48,SC7HUghjN*
carlos73,+0SmmCQui7
carlos77,VgBZ9U^b#K
carlos82,$_5PaxUrd^
carlos88,%6#1VRiwfL
carlos881,3sdu1N&vw_
carlos89,C@0Ej_ayNQ
carlos91,_9cU#MqkK#
carlos92,2CF71UIl@n
carlos98,*3y#Dk4(E#
carlos99,_cK+jPxoN3
carlosbrown,((R3%eNeUA
carlosgardner,K@J80Wvo$a
carlosgonzalez,+7z$_0NoMV
carlosmartinez,g36PdGup!W
carlosmoore,v+8ZSwmxL%
carlosnichols,_#73_xYmvV
carlospatterson,KY170Qtn)%
carlosrasmussen,V0V2sG(_$X
carlosweber,Su2sE&rrA+
carloswells,W!H2Ji2jC6
carlsimpson,%N&WmkyY6&
carlsonjeffrey,+D03Jjbi^^
carlsonjohn,ZQ3Jw6uo*J
carlsonjonathan,#j7R(qQY2#
carlsonkyle,(25$aACj%m
carlsonmelissa,(P1BTmtg!3
carlsonmichelle,_pZkWUvbp6
carlsonnancy,Z^e9hLdO&N
carlsonrachel,c*0CBUrc&U
carlwilson,R5$bIeXz*#
carly19,!kckShtP1t
carly54,Z^C(8Qi@#w
carly79,!H3Py2IdZT
carlybanks,+0oVj_tBey
carlyconner,@)fRGkkDO5
carlygonzalez,_nIfrw9MQ8
carlyhall,V+d7B7LJ^y
carlyharris,FQ6CjoUaE!
carmen34,$(8INzsP$_
carmen42,sFA+3vRpLc
carmen79,3vRvRvvm*h
carmen90,c+T4ZHua+s
carmenjones,!6f^cQ9tmU
carmenrobertson,xcZzjKw6!8
carmenstevenson,&j4DTf^J0W
carmenwilliams,)5VK7doXzL
carneychristoph,o95tKzii^s
carneykathryn,ry04TcXzL+
carneythomas,28Dzqvs%(m
carnold,$O9Rcek3p8
carnold1,k#R1hEEyaZ
carol00,8%^Xk9oM$U
carol01,2%8JcGYMGg
carol05,+87Kh&nOHh
carol051,*9)NTjcHV7
carol10,@e5Lg#&saW
carol19,^1Efcnt&Ko
carol20,^#KiYbLb@7
carol21,h&@9J^Nv8z
carol29,TJX5Dh!t%o
carol37,K8J&lLzM)!
carol40,_nYX5zjx@5
carol50,kzV_hySe+5
carol53,@LL&8Wke@d
carol68,E5G2NQem*n
carol74,+S5+TkO2$P
carol80,&a70Cu!UKV
carol99,(r9xr4Stuq
caroledwards,3mZq)fJV!4
carolfitzpatric,t_3PMUl7F6
carolgreen,kT(3pCHxqv
carolgreene,4aDFjsXm^s
carolhodges,MCbgmHjv!4
carolhuang,^mr5Tt!j@p
carolhughes,m3IpqQ@O*m
caroline12,be7W5nl80#
caroline74,()3eSMyFWm
caroline78,S2o0dZov%h
caroline95,fsg_Q$ng_3
carolinefrazier,8gJIxtxh@O
carolineharris,+v06%$XpN$
carolinejohnson,CeEXsUIt!7
carolinejohnson1,!UCKsB1v45
carolineperez,9nn0Nhz^!M
carolinesmith,Z#A0)ZTykN
carolinesmith1,mv%g0FTsmg
carolinetodd,P36MCqchk&
caroljohnson,3ANj9VMk@f
carolkelley,_6Npk9QuDR
carolmcguire,*1Z0AG&l)u
carolmiranda,im3(C1U$n(
carolnicholson,v3lPdMc*)L
carolpennington,43ta1TOe*P
carolrobinson,((6ZkgbYOY
carolsanders,(4TxHtgj3m
carolschmidt,l((FoeN0_6
carolwashington,9xO2h!Su%U
carolwilson,(OJtV7Rrf9
carolyn09,&fbLut)170
carolyn11,v2A+9kn9^C
carolyn12,hXXkETKk)6
carolyn19,p2GracV!$c
carolyn21,*4_0)Ta$s&
carolyn26,)f7vb1Hmuy
carolyn42,+rM5Nu1P9q
carolyn44,dR6SSipK+I
carolyn45,$0mhLjeJ@X
carolyn70,m6tUC7e#^1
carolyn77,^XW1H2be7&
carolyn93,#$57I4p$sn
carolynadkins,)2C0LMdz$6
carolynanderson,%iKiNaWeI1
carolynbenton,!iNwidQx5P
carolynbest,vW^f4UvM0!
carolynbowman,9n!6Fmfn$Q
carolynbrewer,M%7)3S&u9V
carolynchavez,$RUzxvzlN5
carolyncochran,5f@Y7BfVtf
carolyndavis,IRWQkxnU+7
carolyndavis1,#d%8W(Kqr6
carolynfowler,)%21Jy(%!n
carolynholland,*&uB3qns9M
carolynjohnson,!m8ZYKMgW#
carolynmartinez,^1QYxX58(W
carolynparker,%^NPKYaY)1
carolynpena,(xjIfwVW1v
carolynpena1,%FNV*Or094
carolynsmith,+9IIuvxdby
carolynstark,u#2JmxV&!y
carolynstephens,e2+!4$JbiO
carolynwade,@XS9qau7W9
carolynwatson,$_AxizYb1!
carolynwells,)njliiLi0l
carolynwood,CK4sRv9bo)
carolynwright,vI4Upx@aq@
carpentercarla,WnX7SHKx*1
carpenterdougla,%R5GSPttpq
carpenterfrank,$TW5Lra%M+
carpenterjeffre,%whBvsWtr7
carpenterleah,&5lX5DNp92
carpentermatthe,@)6lYQN0%a
carpentermeliss,r#Iv7VRogS
carpentermichel,6VERl^wN__
carpenterphilip,%c!T7v@zD6
carrapril,$ovG2SMb)V
carrcody,K0re88Xj@k
carrholly,*@*TbV@b8v
carrie04,Ej6SHVAe)k
carrie10,^giLIX1h9l
carrie14,%r07Sm2K_$
carrie21,*DF8HTrFJH
carrie24,ja@H(0Emiz
carrie25,!4)&@Gqy$G
carrie47,ggBCjj0i%6
carrie81,9UC9BeSa@^
carrie84,R*0sjTTtWi
carrie841,X#_1OPmdhe
carrie86,U$78yBzlT)
carrie93,Qn@1fK9x)i
carrieallison,b)3NEJTh^x
carriebean,#6xBXG)#nh
carrieberger,o%Yz0DMt+t
carriebooker,(BG4LSDls5
carriebuck,GqC@#PeT@8
carrieburton,T6vseTcI#S
carriecarey,Q)$%%G8iTC
carriedavis,^TUmCpN3V4
carriegutierrez,)(CO9BNxj^
carrieharper,89MIQb%V+z
carrieheath,k_0aXTdk+9
carriehill,6!M3PalA*j
carrieking,M1TD11r6#S
carrielee,&7J3Aqv6a$
carriemoyer,VG2wCuBu^r
carriepugh,9oTUPou+#8
carrietorres,2wVXZUez^Y
carrilloalexand,@ci9QSlziW
carrillobrian,nlQ3NV&b0%
carrillochristo,4NM1v%pO!4
carrillodavid,26OlQn%c)E
carrillojill,gg19R*GLQ$
carrillosean,o(Kx1V+zES
carrjeffrey,+d9bQxKba#
carrjennifer,oqrCXFjU!9
carrjoe,+!LvP$!G(3
carrkristin,&urAyI0!d5
carrmelissa,_Ms8GNy)jt
carrollandrew,w1!BrG95%y
carrollbelinda,e&2VPu_WSd
carrolldaniel,*_9CpYvZ^5
carrollheather,wW6+ZXKg^R
carrolljoseph,p%$05GafEX
carrolllance,NWO9Vbzd&P
carrollmary,_5iRmv7$J1
carrollthomas,!aXTGGOxB7
carrryan,w+1U+1zf!x
carsoncaroline,g@K2LZRt$)
carsondaniel,rUy8Vnqi_T
carsondeborah,O4AlOAVj+l
carsonrachel,p0^eJy@o*h
carsonrobert,p0ITL6Lh@(
carsonthomas,)uCg4WFb)a
carteralexis,*T7zFcu$*r
carteramanda,9b%#BWGq@9
carteranthony,@7R4y%TkUM
carterbryan,0@1xTYCm4J
carterchristoph,)W)3CJTy_T
carterdouglas,i1I+sX2g*t
carterelizabeth,2&Bt9CvrEA
carterholly,6Y*4IJTc4C
carterjames,(9@AqIua90
carterjoseph,_t)1VCNx4d
carterjoy,Q*0LoElrt(
carterkelly,Tx8k5HzE(c
carterkristina,#wEO9(z7h8
carterlawrence,8^5ZeQhjr&
carterlisa,fBG5TZiD2_
carterlisa1,+HVq6D6adt
cartermaurice,+Dm8AGvcs8
cartermichelle,(FDUcECq31
cartermiguel,3OJTHiiS(Q
carternancy,QZI7Z@Gt^#
carterpatricia,t9TVz0uk%O
carterregina,V_4Aj3Ld^6
carterryan,)1B!&eTv_U
cartersamantha,Oz0JmSg(+1
cartersandra,$(wB1Conv5
cartersandra1,#69Lbsc^b+
carterscott,39iS8qlv$w
cartersean,7sa9iFtrl&
cartershawn,%rq)YGsVg0
cartertaylor,mP0JTOlk_A
carterteresa,wS%1JIkR9!
cartertimothy,%A9NJ72s99
cartertina,u^T4eQleQP
cartertracey,JwTI0SO7&8
cartervincent,smV2@LCWO&
caseamanda,huA@9OTr^C
casebrandy,5AY1YQtm@u
caseerin,i$6DS!jJ8V
casemark,g9R4+9Wh(+
casey11,@Wf4X3WaJ5
casey111,C*$9RUwo!E
casey45,#pGqkj@Fy3
casey60,Kc5ZBPn$%1
casey63,$44VU2v@@X
caseyandrea,+0vPtOw$i+
caseychristophe,_8(t+XkU3_
caseygraham,m67QNplN%V
caseyjesse,s5^aWbFL#Q
caseykevin,a4LtKnFR$O
caseynicholas,q+7)mUcXk3
caseyprice,&p!ynEep89
caseyronnie,wB!67D5zc+
caseystephen,&8*lFK0xoK
cashley,&YMB6!Pj#3
cashley1,*5$HE0gv@9
cassandra04,Y4HWt%qC)@
cassandra36,@7BQb$9t(X
cassandra53,w+46YNSdR+
cassandra55,@dELKm7Af0
cassandra72,&0JcGQvbP)
cassandra82,9$KZ1dOy_n
cassandra83,7KDd88MA_S
cassandra86,vM1Hyp1G7!
cassandra89,1%1*fHjbnj
cassandra91,d($N5A7fpT
cassandradavila,tgEO8LkfE$
cassandraedward,@pgyN5OvJ%
cassandrahamilt,+7r1IeYW3c
cassandrahart,8QprnjSd!6
cassandraharvey,RkoH8oAt^*
cassandrahoffma,!_6XPk5eSU
cassandralamber,&3DQYYzAP6
cassandralloyd,Z9I55Qs)#p
cassandramorale,(%m9BHignI
cassandrapowell,0gYu2TAy*z
cassandrareed,!$$f7TjT!A
cassandrareed1,^&m1eUQvX6
cassandrarubio,^2OQ)HxmFt
cassandrasummer,^*379iir@J
cassandrawillia,S6QoEKA0^v
cassidy59,2uB3XOAyV)
cassidy77,Dge8Pc7D%0
cassidyspencer,KG+7VlJrsl
cassidytaylor,_39KjKJT%0
cassie17,EydrzCFf(9
cassiebaxter,Z*X5bgNj*r
cassiedavila,&@#6XjNr_Y
castanedaaaron,73A1SKgCe#
castanedalisa,hb8+LGmm@*
castanedameliss,6GoJibvg%u
castanedamolly,Y7tT6Jcm(J
castilloamy,^6ZX+@8^Wg
castilloanthony,C0a0r#Hf%s
castillodavid,U9QcZ)zs#V
castilloderrick,@H1zIHno+3
castilloelizabe,3ttAVfru^7
castillojeffrey,_pJe2Q3ak8
castillomargare,@2Cza4Il28
castillomary,*rO8FaMkzE
castillosteven,gA6Nu99d_v
castillotanya,@$24VhvH93
castillotravis,FQpM+0Ed7^
castillovanessa,F@61T%1jNH
castilloveronic,1qG0I0A7((
castillowesley,4Qh@QFKl+3
castroangela,5&vY4KyGbn
castrocarlos,T%7EN^KwnQ
castrocrystal,N!G%Pjqw)5
castroeric,#$NaXocVa0
castroevelyn,8#9TUQJxGu
castrojeffrey,V_$BY5TxcA
castrojohn,va2Lt%fHr#
castrojose,@wBbyi!UJ0
castrokimberly,E(5CP5tcps
castromary,$6hLIna5gQ
castromichael,Q7BJ!cIK)y
castromichael1,5WgPnId5^8
castropatricia,_gASiDbMC4
castropatrick,#2CO!Ht)(R
castrorichard,!UN3Lqse*D
castroryan,W^e8CTPztY
catherine01,Xv9kRuc#_k
catherine02,*2LaKM*4Ch
catherine16,GTP5KZdF@$
catherine19,&nJxAkE%8c
catherine24,z+&7DwxnT2
catherine31,PMeI4FQc7_
catherine39,frASJ6IGw$
catherine391,^cH2Dg5%K+
catherine41,U8NJhHpy#M
catherine43,+0QJjJ!YfA
catherine49,@XmAo+w#8*
catherine51,^k1RP5y(PL
catherine56,W$6_Zk#y(f
catherine58,$N7iLN1sc8
catherine64,x@Dta4GJ$7
catherine77,)3IJsyuwk6
catherine78,_1ZTlQV6Hg
catherine79,#AEAYc$0N3
catherine87,x#gB8hWjuf
catherine88,)WSTJOhCp9
catherine91,RUQ0SzEf$i
catherinebrown,L^*2eyElu3
catherineclark,Iq(f1SJ&B%
catherinedennis,Wbz&FIoe%9
catherineestes,5_+D9O6kII
catherinefuente,!m(6&FHlxr
catherinehancoc,D!i@7_LjXm
catherineharris,H$0H83GreO
catherinehender,&z5v4FQwzC
catherinehernan,jW0jwWx*D@
catherinejackso,+yc0V*9gSM
catherinelong,G&6FwdX7Fm
catherinemartin,6#QW3+w$)B
catherinemichae,q*2ERI%iBG
catherinemiller,B&E9WwGs_2
catherinemiller1,1SoiFTzr^I
catherinemyers,$LvPKsP23!
catherinenelson,&2(O@^f9x8
catherineparson,eH*D4Zd)#%
catherinepatel,*+S)8UIdFM
catherinepayne,(y0cQckHUi
catherinepeters,p24X*hAh#r
catherineponce,Wy&n9Zhi$A
catherineporter,l^t9Uegr+F
catherinerobins,SI8XCezU+U
catherinesheppa,E)l&3XGw+l
catherinesimon,U56RVD0b8%
catherinetorres,#70A@^zDPg
catherinevelasq,o6#6Cjqee)
catherinevillar,35JV6Pf!+#
catherinewalker,#2XUlO)rOl
catherinewatts,+1OVuwYOoT
catherineyoung,Z4u9_PuR)m
cathy02,D1hPiyQA!9
cathy20,)uUbeYeGL8
cathy28,9Z9K$o69_4
cathy48,5n)RcMIu%!
cathy67,tq3Hvr6i^k
cathychoi,*2yMN7xf^k
cathygonzalez,7A0^ITbC7)
cathygray,#TWo5aDuf5
cathymcdaniel,xh0I5GPoy(
cathynash,!7P)GJGntp
cathynichols,_ms79v)tM7
cathysmith,$D4AzmmF_5
cathytaylor,+kvUQeKeG8
cathyvillegas,iW41O3Zq)7
cayala,27Kd(Dam(k
cbailey,TeF5IfOi$*
cbaker,og1PEEyn8*
cbaker1,k4UeieOz%K
cbaker2,@&@y_IRwH6
cbarnett,^#c3PQkC8@
cbarron,)8r1dLHhlx
cbarry,)oAWXhehq5
cbeck,(ZY0uZXpf8
cbennett,3*rG9G#eJ6
cbennett1,%&Qb8lNk5M
cberg,HL^X_mf^+1
cblack,@O2RqSvAM7
cblair,$6tj!4N3e&
cblake,&4QXE8gR8!
cblankenship,^B5QDCFu_#
cbooker,j_66bMwi#0
cbowen,k^T4YEk8Si
cboyd,%8F0&R!vj8
cboyd1,ICmX2J_wy@
cboyer,CZ5hgt1c8!
cbradley,#4ECMXy%UQ
cbranch,O)277Trr4o
cbrown,DJh0ZYMe_*
cbrown1,u1hKu@gK#%
cbrown2,D70k$ExL%f
cbrown3,+8Rx3&kTup
cbrown4,7ZVHH4yt)%
cbrown5,xh6XRUkr$3
cbrown6,e5DjQP+v+r
cbryan,$8DQllcH$k
cbryant,$98vRe&I)4
cbryant1,I4k3H^0j_m
cbuck,wP30IODf#*
cbuck1,&rwU%X4Pv2
cburgess,88G3LIiVW^
cburns,W*7SPcVm^+
cbyrd,^T#yBUoe2X
ccain,!WOLytaC#5
ccalderon,)F)oURLtQ8
ccamacho,%4Kw9BjuD^
ccampbell,2%7eO6Nmg_
ccarney,%56Vtpl)&8
ccarpenter,&8KSuBD2qV
ccarr,DUO5AtDu&#
ccarson,V8fFO0i+&g
ccarter,E+4HWjMq4V
ccarter1,nA4^_8ZcVC
ccastaneda,6oo*DuJD^S
cchan,gX3ML_f1*4
cchapman,y0$eL7ej@W
cchen,Qjm27LDwG!
cchurch,B1672&Dq5+
ccisneros,$u88WVytGg
cclark,!r4X6CwEQ_
cclark1,R#!Ymtk@!6
cclark2,#4F7iZxy$B
cclarke,s##b3U!I&t
ccochran,J)9LmLoncC
ccole,@9GTP^iVkh
ccole1,P(45Y1^^Ee
ccole2,xl&D1qXuPc
ccook,ftLn3EGP+8
ccox,+g3UJ$NhG7
ccrane,!y7#pMwax+
ccummings,(QU59JxfR^
cdaniels,)Z0HJEej#k
cdavidson,oSbuzIcj*2
cdavidson1,)0$UfJxsey
cdavis,E^4MkVk77M
cdavis1,!_486Fu_%R
cdavis2,(Y@5VhpR49
cdavis3,t%9C0^hN)8
cdavis4,$XFuTCxl1f
cdavis5,%r4Su*gyw%
cdickson,gdt*7eHnfv
cduncan,$Bf4zLrplp
cdunn,5hIGZvwe(0
cduran,@J3Q*m2ZOK
ceaton,aVUSm^dD+3
cervantesamanda,*Kl(BgKuy5
cervantesanthon,&_21DduARX
cervanteshunter,Pj&5AlAS1R
cervantesmirand,vj66NmQt*R
cesar68,r_%5nmYm%O
cesarklein,$&wSDXzGV6
cesarwebb,3rkbooco^L
cesarwilliams,dWA1^HWzR#
cestes,+)Uck6XyD%
cfarrell,4HXUNFwi_3
cfarrell1,6!2JpfxU%S
cfernandez,k1T9Gese6)
cfigueroa,4nfh5mBB@5
cfisher,C%$56hCjw8
cfisher1,^ktI8eJ_K1
cfleming,fcQ1L$_n(h
cfletcher,&Ep0hLmaTC
cflores,*4bFPtOftW
cfloyd,97IljzFi#y
cford,g&3Wf5Tvvx
cford1,s_3v27@dVC
cfrancis,jZ0BJfJo@_
cfrank,g&5q4ZnE1A
cfrazier,4UBggh_Z!6
cfrazier1,HKt6GaO&#E
cfrye,!7BSj5iMtv
cgalvan,xd3J5nz!U+
cgarcia,T1OPraj6$J
cgarcia1,P0N)x$Y(&d
cgarcia2,$25JyG(m)1
cgarcia3,$9o!n)Bh58
cgarcia4,!#(03MmVZK
cgillespie,zADsIG8o@7
cgilmore,&8PE3HdA#1
cgolden,(fHe7^EA8e
cgomez,&MVdt3Av_@
cgomez1,@)3FUfBqZf
cgonzales,h0_3SlJFb#
cgonzales1,a93Xw3ev(R
cgonzalez,6fGSmtr&$7
cgonzalez1,_sCx_ncC5(
cgoodman,_cPVK+wgg8
cgordon,&v46HyOr+Z
cgordon1,_Z45YPaB#&
cgould,iD5GXm%Fh)
cgraham,bD6Uv^MP*b
cgraham1,_9E$pdZu0l
cgreen,Ld4Wl2%16!
cgreen1,9EAGmRXr@M
cgriffith,+sR(yb%Z$5
cgrimes,#QB&HTUJa6
cgross,uzWu9rMpG&
cgross1,$dYTHBAw(9
cgutierrez,*+qEs5Ykzl
chad09,DyjoKHiZ&4
chad14,^6gkBBbdPi
chad16,%uP5Xy)xXX
chad19,P#LMtfKs%5
chad21,0&CcaX2e%6
chad29,F*7RxfW9AZ
chad30,h8NVDr#d#$
chad34,fu&1FHFjZn
chad42,$5E8Vzhg@_
chad44,o8lE7y_u*r
chad48,+*WEi*3l_1
chad51,&8C#hCrp&(
chad53,$x4KMUJt+1
chad531,h+0QkfXt*G
chad57,_hL5lGwmxB
chad71,sr!54YlGJu
chad78,@7J#PahRL6
chad80,1^y6o5$k4Q
chad801,^6lXv&X4_i
chad83,$$5XKg_whZ
chad87,2QqwDQbh)$
chad88,!RIy2Udk1U
chad90,%0NSf8z2H(
chadadams,y@N64KDbx@
chadbarnes,%VSwJ1uEi7
chaddudley,nVw9p8cnB#
chadduncan,%nE4CUHo+5
chadgarza,h+c8Ifn3p&
chadgutierrez,#lEGKQ3x1A
chadhansen,!7zVkGb4ew
chadhardy,_2Z6KClDCl
chadkline,nsYp!3Gi1&
chadknight,_Tb7Iiq%!$
chadmiller,4)_0jPbwM_
chadmorales,#W3FfEZSkk
chadparrish,2Wt7KiUe#o
chadpatel,K+fbQ7sB_X
chadstafford,X@5ypXuvlw
chadstevens,%#Tds1Vlq7
chadwilliams,#u6ZdB)!%M
chahn,Ew8bQOYL9!
chale,)T8tLugcXz
chall,k7V$Xmfr(!
chambersashley,HU$1Z4Jvk$
chambersbrandi,gAZ6WIlk!8
chambersjacquel,#&o9Mh1ryD
chambersjohn,_sKaUpbsC2
chambersmark,#8EStAJ$f5
chambersshawn,gy5Dck*q+q
chambersstephan,79#5tJy1z#
chamilton,BG_9LPl_+3
chandlerchristo,Y)R2JScVKf
chandlerfrank,t_@5ZiVo+R
chandlerkevin,n((KZEcn(6
chandlernicole,4$Oi3Wawr4
chandlerray,6B9LTq0K!%
chandlerrichard,75ISnlD_*i
chandlertrevor,vSUJ9I)p#A
chaneyguy,^2Ui(*0l$!
chaneyheather,I%2Ik&Ia(n
chaneysydney,2j7L6fq8F&
changapril,IV1JZnU$2%
changdavid,M1HR$VSi@9
changjuan,^0SdrvThmU
changkylie,J63oZsYm+o
changphillip,!q&KMi4!(7
changrobert,OA3cZZzom*
changtonya,5*t9M#vkG2
chanjason,#X3MnXCp5Z
chankim,U+G2FGk)Tc
chanmaria,#g^9I*JzXN
chapmanadam,l17xIviLN^
chapmanangela,7TRbaxMd)P
chapmanannette,s&9#GyUgX^
chapmanbrandy,lja%6lYt2z
chapmancameron,)18bRNfnk&
chapmanduane,N)9LirFTg5
chapmanellen,h94CSqkhe%
chapmanheather,fW*2Iy&0Eo
chapmanjennifer,*$0JCywfNK
chapmanjoel,GoQ4CIoiw@
chapmanjohn,Ufh(1Sw9X&
chapmanleah,mgh5FobO+%
chapmanmaria,*#qUw0LxZq
chapmanmark,r90HDPiZ(s
chapmanrobin,F_o252cagQ
chapmanscott,_8CBZcI6$5
chapmanthomas,*1nJEJclly
chapmanwilliam,)d@1vRekqQ
charding,TO)3tzMw^R
charlenejohnson,FN62DAgJR&
charles01,HPnXQ_pR(9
charles02,GE7BE4Zef&
charles08,1#@!F1AaU9
charles081,_z5XAUkLq+
charles10,#0U6JZg62Z
charles101,PC6TvPJz6#
charles12,60E6Xo&b#@
charles15,%RjBz*eFK8
charles17,Q)9V*qpc)L
charles19,_F(BtkIb44
charles20,7U$&6Y3q$4
charles201,&#DdZUMuE2
charles202,%*11gJwcbA
charles22,@q*01VhliR
charles24,69SUbTw5)A
charles30,i@$BS8NuW!
charles31,o*0eVCzdDA
charles33,0aF6DKSuA!
charles34,w6$0VTqe!O
charles35,%JqVzQqxI3
charles351,^pr@XYMn5E
charles37,V11GGr0j^G
charles38,%k*7EQrnuE
charles40,*zfXEIGb*4
charles41,o0U)bQRV@O
charles46,n@%v+1BbFU
charles461,+a1!HXp2ku
charles47,CGB3#cez+8
charles49,3RMLSYar*2
charles491,sT1QhkwO2)
charles51,!7rWNr^rIm
charles52,h$@Sj9KiG#
charles53,Rl)U6Q_l_#
charles58,k$iW58Qo*e
charles59,QcUNVqst+3
charles60,g^2TwR3qB9
charles61,&&g*4E1gVA
charles62,s*yV9Iwp84
charles621,s)1Z4LbL49
charles63,&4l$Pi(XzQ
charles65,Q!$2%#DuaI
charles651,#)697QojMH
charles69,N(7BSej2mu
charles691,(Q@_iSYre9
charles71,Us!Sm7Ln$0
charles76,13MFzgZe$p
charles77,A&7PiP+d6G
charles87,E%*3AeLgZP
charles88,_cc$9Rm&59
charles89,nvn4jZwb!I
charles90,q%aD9ZOeF_
charles901,i9XImf6G_2
charles91,059M41sk+W
charlesbenton,%dvVwCqc4g
charlesbowman,&i&GA@f1^0
charlesbradford,w#sn9OvWdJ
charlesbrennan,f8pg1QgF&D
charlesbrown,#g*FVwsB4l
charlesbuck,Q8J%KWms&f
charlescollins,bRT%O1y3%5
charlescooper,y$$7N&VeIl
charlescortez,x0wCP*W5+c
charlescowan,vpt7TPf*_u
charlescox,vP%w4QQe7$
charlesdavis,@j8J1grT(T
charlesday,_7wYN55m)Q
charlesgentry,bv^Q7YKkRK
charlesgonzales,Bd#p5JFih#
charlesgordon,D)z4K5lmPE
charlesharmon,4%!n6ABw$%
charlesharris,083uMA^e)B
charleshooper,+_FHwlkaJ5
charleshouston,755d14Qb!!
charlesjackson,E5(vF+^f$7
charlesjohnson,%K8vMZwDd8
charlesjones,_fL465Cc^8
charleskathleen,A54Hete4A&
charleslamb,IC3xZ6Tq@B
charleslaura,@EJ8Itfm(7
charlesle,6*0KaMm(^^
charleslee,q_3TXirT6x
charleslivingst,!5jjA2nDrm
charlesmarks,Kh_01ESatL
charlesmartinez,!f$A*5HaW7
charlesmartinez1,xIR6K$Rbu)
charlesmiles,&v2aBKQhsy
charlesmills,xjZsiXYr^6
charlesmontgome,^8$HL4jtcr
charlesmorales,Q^1PQM8)8b
charlesparker,V3Cf_QUP%C
charlesparrish,%ayn_9TuJC
charlespatel,O*8hMaa%1^
charlesramos,_x^3DpDhA4
charlesroberts,U@2xoHYhtU
charlessalas,oEyC2rSz%)
charlessandoval,E3BTNg_F%^
charlesschroede,!7c3N$cKck
charlesshort,^9NeGt_W0X
charlessmith,_7M)tukA30
charlesstevens,Um7goQU%_3
charlesstokes,o3qEqpM5_7
charlestorres,G&4h!BAob@
charlesvalenzue,_e94nMiv*x
charlesvaughan,(xZOeRhfs7
charleswilliams,06^Rff*C^z
charleswise,@(U#b8PpnM
charlesyoung,U0hu6TUj#B
charlesyvonne,W%4DN7fiI*
charlottebanks,^f9rHek15G
charlottehogan,!EFpqtYb56
charlottesingh,8#524NaFtS
charlottewillia,#nJzG+hEw5
charris,_UOPMLcaP4
charrison,%x3zDEdc4#
charrison1,3V&33gOj2&
chase06,J_J60(ZlkX
chase10,+9hz^D9Ce2
chase51,$8lRDgFFyM
chase58,m9Knu_#@$w
chase74,W4ryKLVW_w
chasecathy,(4_CupuU^e
chasecraig,N3g8BKEi&&
chasedavid,y6x_FNlQ+t
chasejenkins,s#s3UmxXR_
chasejustin,&9zU_2#Kke
chasekim,ZL7+8cAv%^
chaselaura,*HCVN$Lt4!
chaseparker,12pFI^ew#U
chasesharon,+gUwCRGVB7
chasesmith,z&4nZKjDRp
chasestevens,+X@X2E+f*h
chasewilliams,)9SaNM+c$x
chatfield,#02g02Gago
chavezamy,itGL1HRy_5
chavezannette,n(1JIewtAe
chavezanthony,9f6q&Ay^$f
chavezcraig,p^_Ko2RfCj
chavezdaniel,!(S6oXtj88
chavezdavid,y1HZcQI1_J
chavezdiana,x)5Zh6J(eR
chavezheather,sb9HWH&bc_
chavezjames,#jtL0kIt4x
chavezjoel,&tZ(26tMq9
chavezkenneth,9pLQ+Sqe^g
chavezmatthew,_6Qrim%17g
chavezpenny,jB8DA+Os*1
chavezrachel,fa%1QLEjzr
chaveztiffany,z6R*M)z3&h
chavezwesley,w8SFDlqR_Q
chawkins,^2GL!g&39!
chayden,yO@Q7PYd&_
chaynes,&oDxp#$Z4y
chelsea00,@2TSgKPmJl
chelsea07,g(X0TikHPA
chelsea10,FQ9mOryw!Q
chelsea22,6!RO0W+lp%
chelsea26,uF&T4nYpG_
chelsea27,o^1HOTYl^7
chelsea36,+3rLn6mbsi
chelsea38,)o(P%vixp4
chelsea381,0$9V9pwa*v
chelsea65,&O6X7jiHUl
chelsea71,0GVNifvW#f
chelsea711,03_02q0q@S
chelsea77,i4Ot7QJgL(
chelsea79,%aT#3M)o$1
chelseacalderon,epg3+7Ih^6
chelseacarter,#7NFiqqpd9
chelseadunn,n+!PN0TlDr
chelseafowler,5r!+QjTY+B
chelseafreeman,Tw16qdKe+Q
chelseagarrett,(L4ngkJf44
chelseaguerrero,Wg23EWqe^_
chelseakennedy,&Y%cMRm&H1
chelseamunoz,q5#!##4y+Q
chelseasimmons,3bO*5osM$H
chelseastout,CS0KzWr(N@
chelseathornton,AW3HeeNq^i
chelseawright,F_%X1DWsdY
chelsey07,DWWB2&Gj&d
chelsey28,mv^1BiSN&4
chelsey64,fXl9Id0KP*
chelsey67,6O6iqQygQ(
chelsey78,#A8RkJUcQy
chelsey97,^Q2%UQqhP0
chelseyjones,eB3jOkZK*k
chelseystewart,bJPn01em!8
chelseywagner,mbwYhU95#0
chenamy,)0AZ$0*shI
chenanthony,0_0yK12up*
chenbilly,FDe)p7Yl7b
chendenise,%b+4BOwHCO
chenderson,_5^ONpN7_q
chengwendolyn,LT@BZO&t&7
chenjose,_$O8BKuok*
chenlindsey,T$5J&A_lsA
chennathan,53UvukTX&e
chenpatricia,@8a$1Ozm5N
cherring,Jz2Gjr$r+5
cherring1,q9_ZJMku(a
cherrybrian,I2k+Vfig!r
cherrycarol,%eGcH75WP7
cherrydonna,b&Bbd4!j!5
cherryleah,q*5QC!0bAn
cheryl04,_7F_BA2ysT
cheryl041,B4r%T6+j#f
cheryl18,5@Cvb9Ukcm
cheryl22,R55Z+dKe#Z
cheryl39,^5SORun5jd
cheryl41,hdMNoWdw*3
cheryl47,w65uaCa2+L
cheryl55,^)CriJni5x
cheryl58,l75&&FDfr)
cheryl59,r7vjH6Iz%q
cheryl66,&)4DL0upXH
cheryl67,_IS@2K0vPj
cheryl70,A5*ImO(L(u
cheryl701,*9OE$Mbkxu
cheryl75,(&xDO&Yky4
cheryl751,PPB5EsSx&e
cheryl76,(B8Sy#edsJ
cheryl87,N5UC#ots%0
cheryl93,tMbcCulQ+5
cheryladams,^w0GCEbnw5
cherylaguilar,!9024Rna7X
cherylaguilar1,W*384ThxRE
cherylburnett,i!7tHtwvX4
cherylcarney,G0gbWs7p^I
cherylcooper,_v6)FSq23Y
cherylcrawford,E01giUdd_c
cherylfields,WNzG54Ti9+
cherylgallegos,$uUwRUJ0!9
cherylgarcia,C30Oc6wVI@
cherylharrell,#e8FyyfZF9
cherylkent,h$7AxHxhC&
cherylmason,$WhJ3ArRuh
cherylmiller,(TAr)quA8O
cherylnunez,!7AcbzRy^G
cherylpatton,L*z4&LKtUZ
cherylpearson,iw4StmUy%G
cherylsanchez,%OqXRdRb5a
cherylsuarez,4H81Ji#zV*
cherylwilson,Ip567Gcsv*
chess,)1JtLOidd7
cheyenne81,)^H8ll2S2f
cheyenne86,)#2UU(y0Ij
cheyenne96,W@7S3L3d6K
cheyennehernand,#K2K)iZSvE
cheyenneray,)26JET1eBj
chicks,e2K@4uly^3
chloelandry,_HC5c%ZiW3
chloepadilla,2M42W5Hp!3
choiivan,O3YO!mS&_4
cholmes,7359htTka^
cholt,d)z2H6QgHe
chouston,PC6Psx%j&v
chouston1,_4ZrIQKw%v
choward,OJ0skIin$#
choward1,4SdcWvow)S
chris18,6PwWqJBh#e
chris41,(XCwTPLw24
chris62,_3pPxAXv86
chris98,pH@0Xu12SY
chrisbaker,^CVK7IRcCY
chriscole,%2bFYB7unb
chrisedwards,+uu1Yy#a$g
chrishenderson,@2y(FWluZf
chrisjohnson,$Ia6aWy7ZY
chriskhan,b)3M8WSaUg
christensenchri,14UAGWUd(C
christensenmark,)PdI^uR_K8
christensenrobe,+XwUwWdj4^
christian02,H8wqGszZ^5
christian09,_Av2@ThU&!
christian10,+_Y4)sLq0k
christian15,8m8HRN2x%T
christian16,!2dqeXsnk_
christian29,_1JVIxbDU9
christian39,(1wA%@CbDu
christian46,^NKBJSguj3
christian76,LM9P%ik0_9
christian77,&(s67Rh2i^
christian81,_R_U3ZSx@^
christian811,$rQcTKOl!2
christian86,)N8A**3zDE
christian98,4CZYLi3!_&
christianadkins,57vq9B*i(N
christianalexan,^6UWO@TH@d
christianbarnes,C#9XW_)as4
christiancaitly,+eS4IWgDn#
christiancarr,V!4RapjI%f
christianhaney,KipWd_f#^1
christianholmes,#s3(5SwZ32
christianjames,lg26Gab^$K
christianjohnso,RxMM2XO_M*
christiankenned,K8HSiG0h*1
christianmarsh,!OLyy9Qv1n
christianmatthe,4^VZ_QGsJ0
christianmiller,^y8XfPaUA(
christianobrien,@zuT(Cac#7
christianregina,uAfmQ2xg&9
christianreid,q&7F#qHpg(
christiansanfor,n$IR&9NbUi
christiansimmon,mmZ5ePjK*P
christiansmith,)s7XyKkeRN
christiantasha,k&4F!Q_z*Q
christie14,BP%2UQBu*t
christie27,u(T!shGs(8
christiegriffin,Y@4U33SVFa
christiehorn,IZiX3umlS(
christievelasqu,!P^7Dj^vWk
christina03,$47DC%Xn+F
christina06,&K5EBMngs4
christina09,&_9QfNqVH_
christina11,)0E)qesD_G
christina111,U*qn3G0oJf
christina15,!lLOOl!pp1
christina23,%4eHLNm&mY
christina31,!e9Cg)OXVA
christina32,2$!8$PTnyR
christina34,%KEq+Hqo6R
christina35,u&h38UiaMu
christina36,#Nr2(Rj%)c
christina361,K2Y!1Z9fH%
christina39,_I!TCbOa6B
christina40,@+6pQSs%OG
christina401,#QHZZu&ql4
christina41,^hFx4Cnat3
christina42,Q+2V9M#w#$
christina46,8mdZnd@&&3
christina47,num64BIe0#
christina52,RC2gIZ#xu!
christina55,@099XpRfO0
christina57,q1hIDJrd*T
christina60,pp*6+TEwm1
christina61,@5THi98e%f
christina62,B#8ANVu0Gd
christina621,z3tlVZGp@S
christina69,8^419cGhCT
christina691,%1g@6YBo+u
christina71,c)13ZlThp0
christina72,Z5SleiHl^p
christina74,#M3GLWbCBg
christina741,ld#2G7TuYk
christina78,D83j(FAj%8
christina81,W3ib%mTX)m
christina811,W04oQ_ewL#
christina82,)S5Vu%mb76
christina85,edNjXAlm&5
christina88,P1jChjfk!B
christina881,_wq7kLrE41
christina90,H6F5XjVe(g
christina93,lTj_7ElE%^
christina94,q*2EXuVq*R
christina95,%61ozJ+m)H
christina97,l++F6YyEkd
christina99,0@m3x3YsA*
christinaadams,rQ$!U4If@6
christinaadams1,4!p2Hsw*#o
christinabaker,#2RBj9rD*g
christinabenson,h6HZG@11*P
christinablack,+yNXab#1_1
christinablanke,kdf&0ShjZ+
christinabright,dG32Guo6_G
christinabrown,7q44tWn)s%
christinacallah,*k8VZ$b@c5
christinachapma,5n&12NbVZ+
christinachen,X^m2HYlA&u
christinacooper,1mZH(spp$H
christinacross,#02)D4pvNp
christinafloyd,ANC5kJcoV%
christinafrankl,vu5qTEqLW@
christinaguzman,!5X5cZLwPU
christinahanson,f@S9Io)ie5
christinaharper,_95CwZQj+f
christinahughes,i6$I(4on$l
christinakelley,*&9JHokABg
christinakoch,$DlWWztj+3
christinalawren,YmQxQPui!8
christinamcdona,y#h5tRgd1C
christinamiller,L6@T^NmB+8
christinamontgo,MQb88LohK*
christinaperez,HUG6vQr!$Z
christinaporter,FG#s7Ir&4D
christinasmall,^5$9KvC8v@
christinaturner,1P+N)Saz^I
christinavazque,_aCK6DRn2b
christinawhite,$f25Ka!J9x
christinawoods,!&hEXw#y9Y
christinawright,+06WOUte%l
christinazamora,+73$Kshniz
christine02,^!(IkXRo2&
christine10,d_2_PJMu&d
christine11,u+_1fByfSc
christine12,K#_q8WIr5*
christine121,0kY60xIL@T
christine15,@F64EiaJbR
christine16,N$RH!6ExCJ
christine22,2*Q84YSv6#
christine25,$_^I&gLbb0
christine32,+7HhKM9vnX
christine33,DGhrsQab&6
christine35,O)NUcDsX)5
christine44,Y8%cUnL#!D
christine47,PZ)M+YaZ&8
christine48,Xfn53GPo&!
christine49,)3XAb&g(dK
christine53,CqWehAJm+7
christine63,(4xnyYwb(J
christine67,+A)(0CgyqT
christine74,$x8$M8Kj6L
christine75,Z@A9fKPc_3
christine76,By1FwfQSj%
christine81,IjG8DJoyk_
christine84,OM#dXMSp*7
christine86,(T8P#pmIWO
christine861,cj7o&LCm0&
christine862,2DL(5M2tg9
christine88,#u4On4jz0q
christine90,MGn8BiNx+s
christine93,+8*DhMmdEj
christine96,17&gBsBq^5
christine97,UlWurlhN%4
christine98,ZW_5PnFtp_
christine99,*&LPiZ4mD7
christine991,@4TLetb!3K
christine992,UY)SwDd(!6
christine993,H*0H4cq5Jr
christinealexan,FM1EGCcXL*
christineavila,0)2yvTX1Tt
christinebaker,d(S3F7fpz!
christinecole,h3T@Zi97_&
christinecopela,@Alx99Hk#+
christinecopela1,7a+lFo)@_g
christinedelacr,!R5ViEUdVW
christinegeorge,$HC%@4#q(3
christinegonzal,@7mXESns6$
christinegutier,c^A1SviN5k
christineharris,l9BIizZ()M
christinehender,VA9M9cIH&3
christinejohnso,)6A3ii_cZT
christinejohnso1,saHmi@ph&6
christinejones,#8J%qjcUjl
christinekelly,)$22Q)KsCv
christinelarsen,(930HOx9%H
christinelee,bn6X0LPo7+
christinemarks,)%w49dTwZ1
christinemarsha,N6G9Xks#$v
christinenovak,^xnDd30_b4
christineowens,IvFq0MFph_
christineparker,ex2R0@T^u$
christineperry,pw&DkYE$#0
christineprice,!7TduC7%vA
christinereynol,)QqdTzs2I0
christinerobert,$1HWyUOZ5T
christinerogers,VHJ3OEurv@
christineruiz,)1#ctCXsJZ
christinesaunde,^12Gh!rkgh
christinesteven,_uj0LEosqR
christinetate,)3FV1)Ja^Y
christinethomps,gf27Htqq@Z
christinevasque,FHZGqhhO^5
christinewallac,XsE02WJiJ@
christineward,)jZIOzobP4
christineweber,t_9KjMqxDX
christopher00,_5Kr9HTjvI
christopher001,zp5E3CNj!6
christopher01,+hq!NHb5*2
christopher011,IN2g8cVj9)
christopher012,)9d1Qiuh@0
christopher02,1GOPSk6r$K
christopher021,a13tYgwhZ&
christopher03,qI4aLCw^&G
christopher031,L4F#1U@qu_
christopher032,(ZgIrJR!^4
christopher04,G8Sgp^^*))
christopher041,+9OOsgfzW7
christopher05,F*gO1&eoZM
christopher051,+62FxG*Ewh
christopher052,1Q$2&VEbo!
christopher07,)RpA9YqtS3
christopher071,_VL6OPnG+J
christopher072,Gt4FZE8D#$
christopher10,A#6SafxytX
christopher101,&zGAEHpjx2
christopher11,z7@v2Rbd#!
christopher111,z12WKXnc*C
christopher112,_kJzLhjbX0
christopher113,4^7KRvRy0k
christopher114,360AI4w77)
christopher12,&OFrK(la1F
christopher13,1sM)0lHwG(
christopher14,sGF*+Op1%4
christopher16,7aVM5^15@3
christopher17,*9bHunmx7l
christopher171,*)1Vxct@Dp
christopher172,Z8gluR0s+n
christopher18,j3(9Is)Z(o
christopher181,D3Hs(iiG#d
christopher182,^_SReqsx6u
christopher19,CB_YnqyX+3
christopher20,Mz1_WAw&+q
christopher201,lvSmTJiL@7
christopher202,Cj%l0P@t+E
christopher22,_#MWIe!(G6
christopher23,6_1Zg60q*&
christopher231,A20NLnso@l
christopher232,+r1LSx5w(%
christopher24,)6ccC6waM3
christopher241,o#s3nWkM%N
christopher242,*o6tUv5Av*
christopher25,IAs*3Qrq_O
christopher251,Aq&3WAefF6
christopher252,zB7TeLia%v
christopher253,j_LWZ6+e%3
christopher27,mSjRkv7s*1
christopher271,ycd9DNDZP%
christopher28,@3V_epziP%
christopher281,_wjOa@pI1D
christopher31,&YOUQwDT3$
christopher32,(s@N0eFvn2
christopher33,+)23RatdI&
christopher34,vy5gQPGcO!
christopher341,u%n%7Btg&w
christopher342,O1BD0)6f@a
christopher35,#J4PWomb4^
christopher351,_6NGv0KuZq
christopher37,%*Mj9IJrOk
christopher371,u$UAV6VmvW
christopher38,%$MEOWqv*6
christopher381,4O7VDDRh!F
christopher39,kH)FEyH!%9
christopher40,IrNUr&no@3
christopher401,E4OHA48b&+
christopher402,Fq9ZTC#dl#
christopher42,(PEq73Bm(_
christopher421,fw3_nOh#_4
christopher422,T@3WtfQ@x6
christopher43,e_Vii50d^6
christopher44,o)o12PIiop
christopher441,i6VFji7F@5
christopher442,^@)08Tolo0
christopher443,Q1iBagVx$l
christopher45,Q1D7(HIi%9
christopher451,6sGV1d$7)3
christopher46,r1VCfZW5)i
christopher461,gkFIdM&j%8
christopher48,84J)yPoQ%^
christopher50,06g6Tiv%!$
christopher51,l9TZAds5^e
christopher511,oN4H%lFW_f
christopher512,4*P9Imze+U
christopher513,iZDIagt6%4
christopher52,K8I4nnJN(9
christopher53,#0sY_N0Y#p
christopher531,T$3ItxyQ+2
christopher55,&&I3tGv)ge
christopher57,9ZLiO6Gd^t
christopher571,1j3Y0xuAn@
christopher58,hF5MVeiP!h
christopher581,#)3&NOgvnd
christopher582,C6nUsWao!R
christopher583,*A5PlPUq5q
christopher584,)C!NaihCQ7
christopher59,^(Vn1Lny4@
christopher60,RF$#K6Rv*Q
christopher601,AT*&P4QfP8
christopher61,5g794Wxw%g
christopher611,yhz+K0WkYL
christopher63,)1S_yach^Y
christopher65,G8Ct4XXae(
christopher66,Uc4NbFrw@$
christopher661,405GrPsp(t
christopher662,&!FMmYI&J7
christopher67,_bUR+qq$15
christopher68,59!*Z6Cz^B
christopher681,_1fHCyki$6
christopher69,_ZeepvwV8c
christopher71,^2W#@4PcGZ
christopher73,q(A5Eegk#B
christopher731,X^D3P7Zr0T
christopher732,@F0MsGLzS_
christopher74,$(C6%Fo$l2
christopher741,%Hcv8Jv13R
christopher742,*olxLOc@A0
christopher75,NY!6Adq^k4
christopher751,dI2^Sven$k
christopher76,ACm@4RHg5(
christopher761,oL4R4yFf#U
christopher762,m8kQGiB2_g
christopher77,)2wVNfFoJE
christopher771,^Qxd4Ytlh2
christopher78,&%(33hZxRx
christopher79,7I+JDItu&E
christopher791,^9_CMqjf2*
christopher80,(uT(bdNoF6
christopher82,0LKWyGld&0
christopher85,^pLUCfuMF0
christopher86,fRj8IqTm)V
christopher87,_p4GoK&s3O
christopher871,h#Flf4Ok8^
christopher88,LjFb4Dcj$q
christopher881,_%yuiGQo(9
christopher882,e2XF71Li(I
christopher89,!v3$3UslZx
christopher891,^xR0)Dkx+U
christopher92,hZI1Ahm0&(
christopher921,%3Dp6ziUx6
christopher922,n6rjL!@V+5
christopher93,3i6TfNzY+1
christopher931,2$uS#pe##m
christopher94,)yuRBWPqN2
christopher941,Z5iL4LPr_6
christopher942,@9juOxdNca
christopher943,_)8SSVefpj
christopher95,Ra4QopS9#$
christopher951,0&c7Un2K1D
christopher96,PW+1XxU6_l
christopher961,xlq$oH2u$2
christopher962,2SJ0BTo94^
christopher963,!$iA9ERwpm
christopher98,(0w1&(ZeN2
christopher981,2@FZfR^#(6
christopher982,7(b$Eklg$1
christopher99,o+W0IZeGZs
christopheradam,_qJ6DD_0E$
christopheralex,)n3PSjraXc
christopheralle,e!4OoJiHGr
christopherandr,b6%%2CjQL&
christopherandr1,a1A_n3TaSO
christopheraria,R*l1TVb4&@
christopherarms,V!65r7Ormo
christopherarno,_@HvO8OpMR
christopherarno1,l#0PI5fiA+
christopherbake,IhFG(8Vyrb
christopherball,F5Uoo!cy#5
christopherbell,UQwcR3Is#(
christopherbenn,t)7Ul6vd$b
christopherbenn1,m$^6fGigQE
christopherbish,b7WMwEh4(u
christopherbrew,Zx!3FADr5Y
christopherburn,6(bAd5Gwwc
christophercain,Pb2LAXHl%O
christophercamp,LzyXO0WTf#
christophercare,^7Mu8ILmdN
christophercase,h6H&*v^x&A
christopherchap,__RKci^%$3
christophercole,@6w#Yp66hg
christophercole1,*5T@S9Duku
christophercoll,$9IT^rX@0p
christophercoll1,%96$oHNbbH
christophercont,+yC3sP9w+u
christophercoop,KOoVwLGy&9
christophercoop1,I0@@5DVl*c
christopherdavi,#IreAOieQ8
christopherdavi1,1%4FtHJb#M
christopherdavi2,l0Ct2ESm$r
christopherdavi3,+nT5%D1syg
christopherdavi4,1LCAA7Ka%D
christopherdean,f3$)4WDsGc
christopherdela,%Ad$ECZav4
christopherdoug,^Q_Xg^L129
christopheredwa,m62VUycX&e
christopheredwa1,D%7#@Hwgfi
christopherelli,s&v8EnqOq$
christopherestr,ridSa_cK^9
christopherferg,C^1jbHwCmr
christopherfish,+^8DVgJb0V
christopherforb,C^UXutIl$9
christopherford,wSbl$$f++0
christopherfost,sqz@4FgzK4
christopherfull,R(5h%AAw)m
christophergeor,J%Fd6wbx0E
christophergile,%R+n6D+ySI
christophergill,B%80Mnkw3H
christophergome,eX9UCGUyl+
christophergonz,5%wLIa)k(!
christophergran,ulN05TVx!9
christophergray,!4P63ySB#J
christopherhall,&5v7Vfxud&
christopherharm,+LfNIpqNj6
christopherharr,^2S@YehMFR
christopherhern,n73OhTu$$T
christopherhoff,p@ejm2tc*Q
christopherhoop,Ymqxj0Uj)2
christopherhopk,gX3WPpIZ+$
christopherhous,X0M1Nwc^_X
christopherhurl,&6XtqI&13M
christopherjohn,Y&88bLijnD
christopherjone,E_3YGt(4pu
christopherjord,)C3R3Q0qa5
christopherjose,!0IeJ4Sz*9
christopherkell,@z(Z2T4h3v
christopherkell1,+b)4DPlskB
christopherkim,&qKNR&p^M9
christopherlamb,L+HFiA%A(7
christopherlawr,%#O9qEK*7o
christopherlee,Rd!WYFks$1
christopherlewi,$OWl*IfL00
christopherlewi1,+3gGYT2poH
christopherlind,Q7$PzXQ5$C
christopherlowe,7qTiY8dA^P
christopherlync,$6p$o)Tn&o
christophermadd,5N!S4OKf0l
christophermars,r8W%hfx0$6
christophermart,)1VTYPme!R
christophermatt,^65YG4uk@O
christophermaxw,(96LNv5lMo
christophermayo,kvd0SWd+$!
christophermccl,gE@eJ4Ut2S
christophermcke,xw5ySiUyi%
christophermcke1,D%4FX8aioR
christophermcki,9g!Q9HmEqR
christophermeji,_nc4V)kkqA
christophermidd,r7gYrP_6^+
christophermill,*p%21Z!oxh
christophermurp,(9yIVEsJtS
christophernorr,bF@4Vkij(i
christopheroliv,8H(U^hi0@5
christopherowen,z6RjL!yA_y
christopherowen1,^6N*i3i#6P
christopherpalm,)S#2WWg4*@
christopherpark,)QQt0Wkm#n
christopherpayn,as3dDfRvm_
christopherpere,(nAFoMj^8I
christopherpete,v7ha_1KnL7
christopherquin,RH)Y&Lnk^8
christopherrami,&@h6Oz&^*A
christopherrami1,!vo(Vrt_$8
christopherrami2,mr6Ktsq_t&
christopherreid,4f9sTaad1(
christopherrice,$J0Ld4Bfo@
christopherrich,(YNnrhNuW4
christopherrobi,l$19MXgteH
christopherrodr,_p4QGt5R1d
christopherrowe,%dvULt+@y8
christophersali,T1mVlkfR@U
christophersand,(5RI0TbeH%
christopherschn,%4AuMydJX*
christopherschu,0*WRfmp4^r
christopherscot,8J7P8FnJ0%
christophershor,U50IMa$s)E
christophersmit,UhrHmTcL&8
christophersmit1,2$FU%Qt(#z
christophersmit2,@5ARA*nd%M
christophersmit3,3&5ZITTd@P
christopherstep,1sDMg7DZ&6
christopherswan,B+4t2Ss+3F
christophertate,hm6J!@Nqv*
christophertayl,(ShyjbMx7d
christopherthom,df6)1LjZ^M
christopherthom1,y#3Lwz6ow%
christopherthom2,8OGV^rgk$E
christophertorr,&@2OrAR(Hn
christophertran,E^7wU3Oq((
christopherwall,f_0EUcQd+L
christopherwalt,!g*7SDMbI@
christopherwell,^0A*Pkm2YF
christopherwill,+2FN*Qi9Ul
christopherwill1,s96pYNB$#2
christopherwill2,Y4%@M+Eu@M
christopherwill3,(MAYhl(Um3
christopherwils,)JO6DNbDDJ
christopherwils1,(YllnQUa4J
christy12,YIv3ZA9dx&
christy41,vn9FxQPl$3
christy53,!N(l6fUtus
christy531,*w99ZRfmTw
christy54,#4MtTrZhGr
christy56,K#Gkwz9w$6
christy561,^_EcMsw#3_
christy62,+)q5VnP_3C
christy85,R(kz9!Nl55
christycole,Y)R9F$^5Az
christyray,^9#ClWrqDB
christysparks,(0jS2oiXnt
christyvillanue,h8R+6GMS*y
christywright,D*Su2EqbXU
chuffman,26$7*Gt0Rs
chughes,637XXTxPK$
chungethan,y$2URFmr@m
chungheidi,laYwwRHV!7
chungshannon,V0Q6u1Mn$*
churchalexander,uiS0rcHB!8
churchaudrey,+j_q7Ajwh%
churchjennifer,93%_NYVu*O
churchmatthew,ci6JsjUvv)
churchwilliam,n@2JYpFlps
cindy00,hr9AVxhJ)9
cindy01,OG9T5Mje$(
cindy09,5%D3Snkil5
cindy22,R5074Gu4c(
cindy47,#C64Kj0h_b
cindy49,Z)!0EjR0FN
cindy74,g)5eEl+1rj
cindy76,#v963!ZxKR
cindy78,#O5YdibyuD
cindy781,RVq^36)pC)
cindy83,@5XbR8jGt9
cindy84,&rAe*kUm%1
cindy90,Y8^7LDtsMj
cindy96,fh_+PWnb@4
cindybenitez,D_92V@kg!&
cindyburke,2^4KDx^1#e
cindycordova,*+s6NeGh6#
cindydiaz,qWM0tq^qI)
cindyfranco,t(7HuPe8V5
cindygarcia,*E7DgWBE3!
cindygomez,s&n6NRcT$&
cindyhall,%$XJIhm$(4
cindyhicks,$*3LWjFEIu
cindyhowell,$K_zJjKa4j
cindyjackson,&%9D2Fy3W7
cindymccoy,R8Xz9qNn!C
cindymurphy,(2plZ)r^wX
cindynash,#5NolFrD_M
cindyperez,%JR+GeDnA1
cindyprince,eASGVA4c@0
cindyreyes,8w2FIm5G#e
cindyromero,0tRJ_r#&_W
cindyschneider,c79_F4Vpok
cindysmith,87D3Oco&s*
cindysutton,U2z+QxaF*7
cindywells,Du$1LgzN2Q
cindyyoung,!0CDxrPIzC
cisnerosjennife,%)i4HtXrk@
cjackson,%FT1_Swrvf
cjackson1,*or1InWuP1
cjacobs,056QCcGb#C
cjames,KC&0JDpbRY
cjames1,qWc0dI@n+@
cjohnson,Kk1QIV!fs)
cjohnson1,E0pBRlGl&N
cjohnson2,T8JNmfkO%q
cjones,jak8&FQh&q
cjones1,ImG%y6SnMY
cjones2,DkaSJ%Pe_2
cjones3,g1RxtT!8_u
cjones4,S_0cEIymK)
cjones5,(i0%nV)c#(
cjones6,^Lm)(Fsw8n
cjoseph,$nMsrzm9t4
cjoseph1,D8nWMxO)_d
ckennedy,B@^NLeIJ^0
cklein,_2yoTUJia2
claire25,z%1H5kO#)u
claire50,yqY$3CsQ(j
claire66,Af6JDdL3e_
claire86,nnmRzq2H+3
claire99,k7BReJ%t*4
clairechan,(J2AUuLGC3
claireharris,&u^Ew1D8W9
clane,z8i#HjIb@c
clarence06,z*5U@of6dR
clarencesmith,Q0n@2Mtvfb
clarkadam,*0pUFKS7Jc
clarkangela,p*t4DZEnh(
clarkanthony,r*xxHHjB*4
clarkantonio,&8$FlxlQtk
clarkashley,%!7Z!$v+DM
clarkblake,*^X8M#fhij
clarkbrian,^gc8RJhhF+
clarkbrian1,Q&@%nEui&4
clarkbrittany,7w6kBLfy(3
clarkcharles,#XVby+QJz4
clarkcharles1,#fd1Zg&#rg
clarkchristina,%9$cOPnNSs
clarkchristina1,%5FBtRq15F
clarkcourtney,%xVe!+plO2
clarkdale,!GNN*LyV@1
clarkdaniel,ZE8DgDXkm@
clarkdaniel1,F9JIelXW*a
clarkdavid,Fa3&N7Onm$
clarkeamber,a^7)FhvnB8
clarkeandrew,V_t8oET4$v
clarkeann,0&9W#N1efN
clarkechristina,!91%IkrI^v
clarkecurtis,e1_oU06i(H
clarkeheather,u8P+ycwp*#
clarkejohn,D@D!8*Ue2@
clarkemichael,((fo9UTxE^
clarkemonica,Cf#6hMsQ+(
clarkerin,X#Iv41MVPy
clarkeveronica,trR2UDfDC^
clarkjessica,sNd4ZGl+$$
clarkjohn,ElJt*XtH+7
clarkjohn1,*iM3$9QoR5
clarkjonathan,z7L)lIAJ+H
clarkjoseph,72!D5ChF#j
clarkjoshua,#g24O_eP^w
clarkkaren,8H$i9QTi$y
clarkkelli,t9R6eGNfb#
clarkkenneth,dN_M1wVs1y
clarkkristina,%X6GdDihVD
clarklauren,z3ABzZeg@w
clarklevi,S(T3KzwASE
clarklisa,Fgo$2L$g)X
clarklynn,&5N32Wj39x
clarkmarissa,&rU5c(hQ#4
clarkmark,V+5E6o_y7D
clarkmark1,W68XFECq+^
clarkmary,o&9FF5lqQ1
clarkmary1,U+EV3e5zDR
clarkmeghan,4a5MrLa*%n
clarkmichael,&J2JwFgjKp
clarkmicheal,+9)ABZ)z$&
clarknicole,bQK*A2QrK%
clarkpatricia,%9%!YSgq!c
clarkpatricia1,N*9vUQvh%V
clarkraymond,msF)4Mkc!_
clarksabrina,_b2YZMNw5#
clarksharon,3WPxTop_&)
clarkspencer,l2OBP+8b#N
clarksteven,E1IZwxZst(
clarktara,g3t9UQfS_X
clarktara1,&xhZ5R_RN1
clarkthomas,g106(CIx#m
clarktimothy,m2ouyZ7i%C
clarktroy,@2O9pq^Kb9
clarkwilliam,^6G6VkLE*P
clarson,^tq34Ej2@&
clarson1,^2a$BHgbBM
claudia04,7_mM#Nmx$d
claudia17,&65NvpjCqW
claudia58,V^J9Lqb*h$
claudia98,sI1FrsTb+7
claudiagarcia,(E%CSAqh11
claudiajackson,(7S8Cx#MLe
claudiakoch,@G7Cq7Fx+3
claudianunez,Q&Rf7S8nWz
claudiasalazar,(EOijXM#7g
clawson,24Wc^IXa^q
clawson1,F3+M5D15@m
clayjacob,O&N5IgZeoj
clayjason,oT1peWm)P+
claylisa,n_T7HWDbI%
claytimothy,Eqp0KRyc!$
clayton05,+q7Yi1^co4
clayton58,#n9FzLt04T
clayton69,1*t2MO0nj&
claytonbartlett,(4AMF2bpw3
claytoncollins,+9HglzkNjy
claytonkarina,v6J1Zkk^(v
claytonluis,^*79EWOz1J
claytonmichael,&S1O^*Is9O
claytonrobert,k$rK3Kh2KQ
claytonroberta,t93wvMht*c
cleblanc,1^h&6vXu4%
clee,r6fI+pgE!I
clee1,(5l#IEldp9
clee2,@uAQBbCB)6
clee3,I^9&LYXci@
clementsallison,*)H3Z_alb(
clementsbryan,LDdy3Eaah(
clementsjames,!09i*P+kcf
clementstimothy,)c71Rzwrxq
clewis,g7eoJ0Ez(d
clewis1,!cGGIUuh3C
clewis2,2M6QYfaD&8
cli,0L9FUJg2&^
clifford34,C90FA30v)W
clifford64,U&655PF1dk
clifford76,Fb&%50BlUV
cliffordcompton,GN3$gUfqD%
cliffordjones,!b$@tQ8j28
cliffordmiller,!pf3GHqURp
clineadam,BM7#83YouR
clinedouglas,Pb^WgW&v&9
clineeric,&5!5VrxVF3
clinehannah,2&WFy#rk*e
clinelawrence,&D*6sOq+%N
clinton21,_wKL1RThN1
clintoncollins,0i*nKWng+2
clintonharris,Ro!3(P!msv
clogan,WTnK6vro_8
clong,K!^2V)ge_D
clopez,T!D4H*a@5w
clopez1,_zRsRZrM7p
clopez2,46TYL7hH$W
clove,#1S*%33kHl
clutz,vxUX5ZoKY^
cmahoney,@gEqeF0c7b
cmarsh,(wMu2Of3o*
cmarshall,2QN9OP*l)l
cmartin,ni8PXmIc)$
cmartin1,&KUF27Vy1b
cmartin2,$qfKbVVd28
cmartinez,&!e$SeUh89
cmartinez1,%6nHf1hg^J
cmason,)b(+QqYS_9
cmassey,77%JDQXd(y
cmata,)HZ!IguM4+
cmathis,$vD)Dmq2(1
cmaxwell,E7Iuu%up&N
cmay,pFe9Bqf7s(
cmccarty,af#1$SCphZ
cmcguire,hJh$5P_nD^
cmcguire1,!TL8j8gTu8
cmckenzie,&eblYyWj6m
cmckinney,(9Z8(PZw$E
cmendez,tQqYfLDu$1
cmeyer,(G2dGDbBox
cmiller,$9BYO6PW6f
cmiller1,1(9QIU1oo_
cmiller2,_(OKjkIDA0
cmills,I$%1E%eDWi
cmitchell,d2MyN6KB$b
cmontgomery,QiK5Qnjm%1
cmoore,W83OCmUa(y
cmoore1,Ii12FYbf(8
cmora,gUg)YGm#&0
cmorales,!G4uZCWeh*
cmorrison,2##H_Db_*5
cmosley,m)7lGlfPGV
cmurphy,+LxJCUzsh9
cmurray,09ipVmzl@H
cmyers,(K9CnvqvN8
cmyers1,_l4nGlqggu
cnelson,_vBOd6gO@8
cnewman,)3FO#YkBJz
cnewton,n57E8Iwf+d
cnguyen,^cH(1Ve6Ys
cnichols,g@Wlzhxt(4
cobbamanda,!jA4NRkxIZ
cobbcarol,Ek3K4LHsD(
cobbmonica,)0XFZrnT#7
cobbsamuel,*9fPH0Bob4
cobbtom,X9MSSs8l#@
cochrancaitlin,%krXd5IoY2
cochranjason,&339DzIgSg
cochranjessica,n!9F+AVhGy
cochrannatalie,PU+8r&OjI_
cochrannicole,**3Fsfxx^M
coconnor,JS%&2YUvZ&
coconnor1,Fq6ZhT^Dn)
cody01,(07)CX9o$_
cody04,h2O%Zogp)1
cody10,$OUDd_BdZ1
cody13,_fykaWA8z9
cody19,hK!w2uKw9G
cody22,8NE7&KrKy#
cody32,MC#_5Ubzm^
cody33,X6PWTw#t$Y
cody36,!r)zGnnK2*
cody47,)mg0PFbxf#
cody52,&q8vLbS28@
cody56,^84EFhgx*$
cody64,&78N^JooW4
cody85,zsW^B#70&1
cody87,geLEBto*_7
cody90,Jg1kjPkT#T
codyanderson,fhK7jOeI!4
codyclark,x0jEEwTy+7
codydavis,B*65iBxgH#
codygarza,Y5V)w3Yh(C
codygonzalez,WLEOmvf*!5
codyharris,iFSQaPLm$0
codyperez,*t(Shqcu)6
codyperry,k@j$^2Pa%x
codystout,#7VM9aq*m+
codyward,p&6W(mh_iU
codywatson,^0joDmllC*
coffeymichael,TL9W3mtB@_
coffeyrichard,65QH_xH_&o
cohenandrea,)lY3oAod_$
cohenann,0D3f#Qetr%
cohencaitlin,Db$y0KmTfG
cohenchristina,1JQQN1jbt&
cohencrystal,@q3FiP%D8X
cohenlaura,_yB$AL+x02
cohenrobert,!8G06U^KCo
cohensarah,g$VMm6Fl6T
cohenstephanie,bE3I#xziW+
cole00,%DLj2n5cH(
cole04,+sA$z0n&8!
cole54,&3#WQABq(M
cole60,IJmFLzVo%6
coleaaron,H^R1OpdyhH
coleaaron1,prD7y2Uy$6
coleavila,4^X4nzg0%p
colechristina,m6DKNzhI%G
colecurtis,)b1WelGcr#
coledaniel,p_2t5S)c&V
coledonna,9Wv4Rton(^
coleedwin,f03XE94ax%
colegood,#Fd7C3_yTD
colehancock,B%32oC&e&@
colehelen,2!576U(eTd
colehowell,@TLtq)q03(
colejessica,)8b7AFu*HW
colelee,v3EaH1&E!^
colelori,mJ$Ae1sD@3
colemanamy,)Xn6PdMfDj
colemanashley,Bl)7YcBd(L
colemanbrenda,uV(0WORjw5
colemanbrent,Q0SE9%o5@e
colemancharles,TeZy4Ylfm$
colemancynthia,^S4gcg+nG9
colemandebra,BU&5%NogTN
colemandiana,&%I61_irl4
colemanelizabet,@cT6XeNa7m
colemanjohn,f_uk(7hUAX
colemanjonathan,M&CWp6ZB@8
colemankaitlyn,Vxo8S#hA%)
colemankevin,)de976RgMA
colemanlaura,^I8CU*boIP
colemanlaura1,+7INoPaP1x
colemanlaura2,lWZ6IWbr(j
colemanmelissa,o*X6VEvcpK
colemanmichelle,()Srf1Yo&6
colemannatalie,w5mfTqT)%O
colemannicholas,4PPoM5em_E
colemanpeter,o5v&0Vw1ZI
colemanricardo,#ph@2YwI4p
colemantravis,$b%Wv&ub29
colemelissa,e@p&O2Xc^@
colemichael,ROZ+5G&yzS
colemichael1,59)PQK1s+@
colepamela,$boKfIW97N
colepaula,U3uzAN9h)t
colesmith,6LrYu_hg#N
colesullivan,9wfY3HBYI*
colesydney,68sDh8NX!M
coletaylor,Qf!6PLxTW*
colethomas,nO^7fSTtCa
colewilcox,5JeWMAJw&2
colewilliam,XH*9PPYw+m
colin18,AQ_5Lvk_C#
colin25,c4ZJIkEB^N
colin61,ekHi6Dwk(_
colin76,Z_9tdFu!)i
colin99,(6*3IBjD!l
colinaustin,YbbAOo@y+7
colinjacobs,&7sSTYtk6d
colinkelley,#(C1SNDfK)
colinwarren,9c&2WSk^WA
colleen10,4eKK5xTz&F
colleen12,k!2WHMcupL
colleen19,pi1YbG^w()
colleen61,_^6FDNZj36
colleen72,q8(3cQYs(I
colleenbaker,7d%ZQ*k7$D
colleenbenson,D)n4CS0b$v
colleenevans,fjB2MlVOY&
colleenjones,r)7^vPcan5
colleenking,J#0kRCzYF3
colleenmassey,#3U5V8VdYf
colleensimon,%3DVdDjesE
colleenwade,%&2kXHDt4+
colleenwilliams,+oJ5kP0wb&
collierandre,n5mB@tf@!8
collin24,@%1UtcLc@_
collincurry,l@0Zj9AnHP
collinsalan,K1%UdU7#^Y
collinsashley,2PO_wO)i^_
collinschristin,i)E*jG3e%8
collinsdaniel,o%t6fpqjpI
collinsdebra,@M0SSm^o2g
collinsderrick,*Yz3_kxo9_
collinsdonna,U9fJecLI^9
collinseric,+T@6DbWpyg
collinsernest,jJ+33J_opc
collinsjacob,HA(0FAqzci
collinsjames,#P&08UPvEN
collinsjessica,s3tqnQbV_V
collinsjohn,7(hYa3jw@C
collinsjose,49MT3+OyS&
collinsjoseph,R(yw5yFkt5
collinsjudy,(s5jHhP7l0
collinskatherin,)6VpznCpcA
collinslinda,@1zNl+j!w9
collinslinda1,)4NhoTo5DT
collinslori,#53XYTnA2D
collinsluis,q#iXpexu$0
collinsmarissa,6hG0UA^n0%
collinsmary,F8J97Bvux)
collinsmatthew,#oWoj3%jt1
collinsregina,zr0_9X)qIf
collinsrichard,+8WntmRU&i
collinsroberta,#a4JXcLE!m
collinsronald,#P)0Y^GwG8
collinssarah,C!1M$O4p^_
collinsstephani,_36rIFl$m9
collinstimothy,xvT20Mfcw*
collinsvincent,2%4bsrRg@(
collinswilliam,+(Ese7(Z)3
colonashley,(HDAH5fu3T
coloncory,yArP9NNu7!
colonmarie,o95FA6%o_8
colonmiguel,&AUow_ekn5
colonolivia,%4*d2IAe_E
colonrenee,ETM18SpU*y
colonsamantha,_j0(Uzdlz%
colton58,$7JDN^jVa9
coltonbrown,*7DGzrg07o
combsbrenda,_OV8IpU93H
combsellen,%i29L2UPr^
combsmary,q%9w1ZAmEi
combssarah,9YZ6GKoZ$N
comptoncassie,j+z)9Itwf&
comptondaniel,)rtZ8pXtK3
comptonrobert,$@14STuS9*
coneal,k7+MHjp*^_
coneal1,d0#6aqDm)B
conleybeth,Pg+v2Tplx0
conleycourtney,m1CPdbXz$)
conleykevin,CvcU87rl+1
conleysarah,@1xIrIw1&s
connerapril,*qEcHFJ!5&
connercheryl,L@7!KcDw)$
connerjennifer,*j2Y)vPZ_w
connerjennifer1,dz5DoG+A3!
connerjonathan,ve$7FxvM+!
connermelanie,pD4kQiPn4)
connermichael,%*GFW1butH
connersamuel,*q16FbYfTd
connerstacy,lqx3Gr0w^$
connie21,9nH#nZm0*m
connie30,*5BYoK2p_o
connie39,&J^tUn!R*9
connie50,(4My0q#6dR
connie52,$N9FVMmbW+
connie54,Z53AKSxBd+
connie66,B4oCCql$#O
connie69,7oou+Ny3$l
conniecarpenter,J!04S&&hiz
conniekelly,3374V4a2@Y
connielang,^1BHGTp#1%
conniemarsh,_5(XgN8e9h
connieprice,FA_0ZAdSL@
conniesanders,_#2uHYhm+j
connieshannon,5GMElxBP)m
connietaylor,+lMx8cOagn
connor58,)_3%ZGlcXb
connor72,+Y3R#GGy3k
connor81,U&5Q&fPVad
connor93,d2^#JJXe)4
connoranderson,CFHXv^#t%7
conradangel,fq7LJ5Rr_8
conradjames,%52NUWkQDk
conradjohn,&fSyqLhiW1
contrerasjennif,ZMuV7Wbm3%
contrerasmatthe,_i4J+Eix*C
contrerasmelind,Z!_27Fok!P
contreraspatric,%5!Rf6lwcn
contrerassarah,z1^zOUrr$k
contrerastroy,*Dp9P)Kt%M
conwaycassandra,@0xLKICiH0
conwayedward,!M1P0vsLC#
conwayfrederick,V)O6OHManM
conwaykayla,Q#w0OaqzVD
conwayrichard,Um6I75uEs(
conwayscott,B(6DwGyfQL
conwayseth,E+7M1!wr*M
conwaysusan,*6GUNlC!^6
conwaysuzanne,l3yP++%U(x
conwaytamara,+5Ldc50xR3
conwaythomas,0$4R^6Ds1R
conwayvanessa,C+8xcyva5K
cookalisha,e#k5ULgrqX
cookamanda,N3*BSdhS^W
cookandrew,h*!9Qk@y&q
cookanna,!4WpXizFDh
cookashley,Ys_n6ELjMi
cookbrett,mQk_0Ym(K)
cookbriana,%iV1ab49B2
cookcarol,v4VFXs2G$d
cookcatherine,HD6yONKo7#
cookdonna,zC6Lo@Uy!y
cookdwayne,!SUc2G!biu
cookepatrick,G8zN+6Bv_#
cookgina,o1*SN))q#X
cookhannah,_6N%22taYC
cookjohn,)(9%W99jR$
cookkenneth,z*kHu0HhZd
cookmichael,p)ZE2R&g)t
cookmichael1,&gFd5FMP^6
cookmichelle,^#*8ZtdOdP
cookmorgan,7P5SdiHcb_
cookrichard,(i#6GJqw6!
cookrobert,*jQCQAyl$2
cooksean,ka8_Cvl$*4
cookwilliam,A+U9s&uxCL
cookwillie,jg3cyLk7@&
cooleypatrick,@u%A)vp9M6
cooleyvictoria,)(XiJIom0I
cooperanthony,V59&EQTn8#
cooperbrittany,$RQI*Mg65l
coopercarol,w!7!a2Ei2W
coopercristian,u92Ljl5u@I
cooperdeborah,$m(8MO9cFR
coopergene,_$5gZyn+gE
cooperjennifer,)*s7PrseHu
cooperkayla,(%Avx8+h+T
cooperkenneth,#%D8tFq@&A
cooperkevin,_jN1BpCHE#
cooperlauren,4U*Z8Zkf!b
coopermaria,2(B73Gi!Yx
coopermary,KY03Vjp85#
coopermichelle,&+4xbOLy*X
cooperrebecca,!1THjRVZ$G
cooperscott,X9TN0Zk!)j
coopervictoria,@wN8PlczU1
copelanddaniell,%6M7uJdWF#
copelandheather,!F9eXkDEi6
copelandjames,&0kaHqKa&U
copelandtodd,eTP4LCZi8*
cordovaallison,*cXFkLzpQ6
cordovamegan,2n(TbKfn(l
cordovawendy,o06O3sNpA#
cordovawilliam,$q4q90Cd4y
corey05,1)Wz*)CV@E
corey051,*i43JM4bx(
corey07,Nub2Lqaq_6
corey12,+0BMGqNr)Q
corey18,L^8zG&ThzB
corey44,C_P7Nf6kZ^
corey47,^Z8Jji1XP9
corey55,zoM8DJae8@
corey64,9$c3ONzRBb
corey68,UUV5qIJn0)
corey91,^I0G^9drJf
corey98,Zmz@9GJt7v
coreybrown,U!cS7&IkQT
coreyfaulkner,KnPJysjw#3
coreyfernandez,(1Zgo!rT4@
coreyflores,e#x2PzEn6o
coreyhunt,+sLwXJnK&1
coreykennedy,H(oiRmnd$9
coreylane,#c5Cge1B!f
coreylester,w#4YJ8zmhg
coreymedina,&x$b&Vt*2h
coreymills,^3FBzu^Sk9
coreymorrison,mrq#u8Zx&T
coreypeters,+vIxayQol5
coreysilva,u7MnjDdw_G
coreysnyder,dWw+6C3b#0
coreysullivan,xc8DdTci*E
cortega,)04qOlHU22
cortega1,i5CteMTr)j
cortezchase,J_w*2iwcGK
cortezmary,To7S5JpzT%
cortezmatthew,B$+0QU)pIC
cortezpatricia,4r4WNIEzb%
cortezsusan,$(T9pCJa$%
cortezwilliam,P#A8Azcgu@
cortiz,0R2DIs8y#V
cory01,!1bEBwrW@$
cory13,Co6Tlib0W_
cory21,(91XO&mxQk
cory42,I6M9S8Lw_t
cory52,xls7AhrH++
cory75,*eGyvj$LQ9
cory76,m@He2*Pgl6
cory83,!$Iw1HNf0(
cory88,%QI56PGy#e
corybeck,C5YOiHpP&*
coryclark,%2Ozqy8QJ7
corycunningham,&uUgf#CK7R
coryelliott,^9CjlkDV^1
corygreen,$Q8SeyksMW
corygreen1,BMOWU3Ymq%
coryjohnson,3h(1v(Do&&
coryjones,ck0EBne&$z
corypetty,C%Yj9UelTa
corywatson,d*2SsUHA&p
courtney02,)b7FCe&i(C
courtney13,cPpz4K8dQ%
courtney17,(JOuZ+vK8M
courtney19,@#4YbUD)wf
courtney21,0ko)IkW$*$
courtney211,bW4G_waz)1
courtney22,%vvWqUbA4x
courtney23,Qpr3cR*Mu&
courtney34,)a2QMkUN6^
courtney41,O7F_%Zln*H
courtney42,h*2^GT%r8x
courtney46,hg&10yUms3
courtney49,$asLiGM00T
courtney54,MV@5DAuF9^
courtney58,&4PSUbbAoE
courtney65,aO17PsnZx_
courtney71,EyG0Kwson)
courtney75,JF#8cJc0T6
courtney84,($WxdO9G8f
courtney841,T)&7SJfl+H
courtney89,e@7KhGtjQE
courtney891,z5Cewo+q*b
courtney93,3#x3LmW8Iv
courtney931,rq+8De^gvS
courtney932,jB*3O11nvo
courtney95,)tQ^(tK%o1
courtney951,EHR)1*YrS^
courtneyayala,(3eb^lRz66
courtneyclark,+7BqmJJYvF
courtneyconner,uZ@3ONQaWf
courtneycooper,A1503LvN%w
courtneydavis,o*RE#3OoH*
courtneyellison,#8ZA#zk*9k
courtneyfox,w(9CVutI&g
courtneyfuentes,2)IyDAjS#S
courtneygray,yIfFuHt!_6
courtneyhess,CjFbZ6#y#0
courtneyhill,p5$7_HNlFC
courtneyholt,18CN2NwE%b
courtneyhoward,V87LJk@9_s
courtneyhughes,#bPe$M^m5U
courtneyjohnson,)2Nb0m&yKd
courtneyjordan,yzIA4KeZ6$
courtneyjoseph,*8_b@Hej+j
courtneymartine,d#ZV3NGmRx
courtneymejia,HX86jzKrF+
courtneymiles,h!Yuv5zl!7
courtneyparker,m&ju3$Uq^5
courtneyrichard,)h8_hHmSH@
courtneysmith,&FUriPMV8M
courtneysmith1,*3%NJX8!b%
courtneysweeney,h3KQBEcB+N
courtneytorres,cnZk#7AHT)
courtneywall,p^(6AroaSV
courtneyyoung,%SWscCy74@
cowansuzanne,vn(1FP_lbk
cowen,%NHE4LTa0&
cowens,+e*WV#Ks+8
coxcaitlin,X%K%5Y1c3b
coxcourtney,$G!8Fgp0*%
coxdaniel,!r2bOio^)@
coxdaniel1,)2dUV_TqGy
coxdaniel2,YkTNIP+@)7
coxheather,!MLRiwLsJ2
coxjames,CTr5NVjX_^
coxjeffrey,mcvM1GKX)_
coxjohn,&w^*H2Lo4w
coxjohn1,LPcOUl&N$5
coxjoseph,93DfUf3F&q
coxlori,I*m0A7Hh1U
coxmelissa,9!%(3Rp89m
coxmelissa1,+N8RWgPlKY
coxmichael,8T)ZDGjT_v
coxrobin,y@)Q73FvuR
coxryan,_r0MiWibC$
coxsara,sP%9NRzOY0
coxscott,iDsS1xTrt*
coxtina,57OUzubc*f
coxwilliam,5!@3n3Ruyk
cpadilla,#tLFu1fa8D
cparker,7L+J3+YfDg
cparks,wUf4DPDqP#
cparrish,hy5b^UCmO&
cpatterson,e@A83CLz^1
cpatterson1,x#&c0qJb(t
cpatton,7+5)Tc_w*y
cpaul,*$63Z)f_RQ
cpayne,**XYhm(RJ0
cpayne1,70G6$&zC$h
cpeck,$xL3RikX*W
cpeters,!Y_XmJkZ4Q
cphillips,*R3aiJMz+P
cpierce,%7RX2jllxX
cpoole,@8F)lmC&2B
cporter,H(5+hnqrOG
cporter1,*qCc)FwAE6
cpowell,s8M83Ase*d
cprice,Y2Q!^8jc_c
cquinn,J8E7sAch^q
craig03,k%1Y7rk4+D
craig09,*zRm4b4H22
craig12,&%+*8fIuXF
craig25,)+tb#CL7l1
craig40,DoGdy8Ze^6
craig50,&ze*BsYPh4
craig51,K6!VynWV!l
craig52,*9F)1CJvTM
craig54,Y%6Uqt)l$s
craig56,7@s9d)Rz*E
craig59,_wHZTf8tY1
craig64,cT9$39DeH%
craig72,!9U6RkVr)G
craig73,$a1X9Ql9j4
craig75,!zOohHMvF5
craig76,R*7gv5qiYN
craig80,A_v9J#v2wi
craig86,X!M5RIPf5R
craig87,wo3r6SEl+y
craig871,P)X04UKlE+
craig90,I^)J5Qpj($
craig98,6ysO6f$3&%
craigalexander,abB!3Fa2PW
craigantonio,%puD9ztA@4
craigbates,7R2PnkYKg^
craigbrown,vu3Hx!wx+7
craigbrown1,SX0t2m8vY)
craigcameron,6k9OEwJn0$
craigcarrillo,&1uMsHwxlp
craigchristina,_*JmEss#^0
craigcourtney,Y(3A1YivGq
craigdouglas,B)h6g74v0O
craigedward,iA3J@Ktu_s
craiggarcia,##F0PXCswA
craiggardner,qKM38Pvb^#
craigharrell,p9xWEGrE)y
craigheather,*)%RRT+j1y
craigian,Wl*o8jDczW
craigjohnson,5%f38hulYU
craigkramer,+#33zCWzp*
craiglarry,@QIi8chGW1
craiglawrence,4EUtiCzp+8
craigmatthew,)5g62VMcuV
craigmatthew1,j292TKjj9)
craigmayo,*nFb1tT)n6
craigoliver,(J)*UVcg1e
craigperez,h#0NUOPnkO
craigpreston,jaQuZ06a@6
craigrobin,Z6Tyb+jv*4
craigrodriguez,&x8ObISfrf
craigsmith,*H9VUpTq9g
crandall,@CB9Oq0W@C
cranelinda,%j9Sdpv@y9
cranemargaret,^5NDFPJ0Py
cranemichael,()9O4Pfkp7
crawforddavid,(qdcDmfu%6
crawforddebra,Rs9EyMtc+8
crawforddonna,8qBrUWHx*5
crawfordelizabe,@3ezTxDsB2
crawfordgreg,%@C)4ZxbxJ
crawfordisaiah,)4VHjC#z0)
crawfordjacob,^&#IfGd%r5
crawfordjames,vQ^u1RofPC
crawfordjulia,!FY4aeKgyR
crawfordlindsey,$g5SF#h*Zv
crawfordrobert,&IA0FT0lIB
crawfordstephan,&Q%vCyry^8
crawfordsteven,*1^A$hkDE_
creed,7_X9XwRa3&
creyes,2u2R)Pwm@T
crichard,p5PQ$yw^$0
criley,!8_TsYcD#7
crios,(CRoWsXm9N
cristian31,#AxbIXWcK2
cristian39,(1!6Zj3f&u
cristianjackson,+t5m7BchwZ
cristinaayala,j%3RZ7lj@1
cristinagarza,$%4A2!cJGQ
crivera,Gl+sb4V37^
crivera1,N04QxMZl+e
crobinson,of55unPk!F
crobinson1,)kVDVegz8z
crobinson2,CIZRm7ctJ&
crodriguez,7g(P1DHv4(
crodriguez1,O!^4LHrcZt
crodriguez2,S$c48V@jWe
crodriguez3,MI!8dqfaq(
crogers,mP45C6w4!@
cromero,)8tFQiWnl1
crosbykaren,#AUCptWa95
crosbykimberly,O*1Tiw0^(1
crosbyronald,D@1rQZ!wJe
crose,ovUq1Q86p#
crosskatelyn,ZsIg)9Zzd$
crosskimberly,vQ9yEZy#!l
crosslisa,s!2f1IQyrR
crossmary,@K__4OeW_y
crossthomas,!zI9BMeK#4
crowe,%MUQy4p&7P
cruiz,f4SNYwkH(5
crussell,fzFX5zcH!5
crussell1,$aS27WRhaf
crusso,Dv9#ZzCno^
cruzanna,sa6^1Qolv$
cruzapril,TwcU@3SsA^
cruzbryan,r0_BdgQJ)v
cruzcynthia,S2gdMU9w^w
cruzdanny,Nt4puEbl)C
cruzjennifer,#Q)WM$Qo2U
cruzjenny,%&P^+tMKQ8
cruzjeremiah,SWC_7DIe##
cruzjoe,(SKPI3wg4C
cruzjoseph,v!1wQZ)DBe
cruzjustin,2x_#0Oroi^
cruzkara,MGV16T_z_i
cruzkenneth,K%6W2ozMV!
cruzkyle,2C*a9%ct&%
cruzlisa,*koyUmSz!1
cruzmary,YiY3OXpWx@
cruzmary1,W^%g8OtdU6
cruzmatthew,^Q4PYvGjSi
cruzmichelle,Ucs5Lk)XQ%
cruzpaul,t0)fZG8p(V
cruzrebecca,j$iuO1Pb^G
cruzrenee,DO(DX(nv$1
cruzrussell,^1%1dUtu@E
cruzscott,%OJZOsfZ33
cruzshannon,a5Tl$6&8(p
cruztiffany,BCMkcD(i+7
cruzvictor,ThvW9Mpd@5
cruzwilliam,kEg*3Ind%2
cryan,7#8Ye@sB+N
crystal00,qe1mECdh*6
crystal02,P#!oL7Ab*r
crystal05,v&7OZbg*@w
crystal08,(aQH7L0w79
crystal15,6tRsaLHU#x
crystal18,Sy1AOidU@w
crystal24,f^$5Vc@v_T
crystal28,s((_40Ccgv
crystal30,$7CpLOFl$G
crystal33,b4kL+mF3+R
crystal34,&GQa!6GsCw
crystal41,2WLi*Vtz#v
crystal46,#6BAqhG(@D
crystal50,I*7l4sUtiC
crystal51,1(*YYjcr^C
crystal53,6NXlB+v%$%
crystal63,1lB4dD3r#G
crystal66,Wp+EKiHt@9
crystal71,%r$mKap1O7
crystal711,b@44yM7fPE
crystal73,pt)30wZx@P
crystal74,0EmK$(!s!7
crystal79,#!969AOu9I
crystal89,Wx2BLYSc!_
crystal891,^c7C7lFc#r
crystal91,K)jU4D(lp#
crystal94,6O6(PFent$
crystal95,#f0J!cJu6v
crystal96,z3$BagPf@g
crystal99,Wj4*K_SaZ&
crystal991,^)9mETAx9T
crystalbarron,m+sg14ln%K
crystalbartlett,qCh62_Ny2$
crystalbell,^Sa(7CHqtV
crystalbrown,)^N8PNmEXB
crystalcarr,Wt8mQ2Dl*J
crystaldavenpor,^D1eLDEbxl
crystaldonovan,_2ZkE3FnWB
crystalford,+4W9JP!pkt
crystalhenderso,PP%QN8Foan
crystalhiggins,JOO7@4nq1&
crystalhughes,^Ho6)Ieatk
crystaljohnson,t6PNWdp)()
crystaljohnson1,!6WqKoZ&^b
crystaljohnson2,Wv+i0Ln4Ak
crystaljohnson3,V*9uBjZE_w
crystalmanning,D6PpUqwb)+
crystalmoore,9!O88UtUw0
crystalmora,nNd^WncQ!8
crystalnorman,duEr7YZp+$
crystalphelps,+73ijFyf*M
crystalreyes,@6oCxNU*he
crystalreyes1,1)5YZ&3w)r
crystalshah,QU1Am_5o*O
crystalsharp,Kb2usGqO^B
crystalsmith,kj5NY^FE%*
crystalsmith1,Zp2YJxG9()
crystalstrickla,QyTBSD!i#7
crystalwaller,r&2U^0hQt*
crystalwilson,b$@Z8Ulr#h
crystalyoung,N^*g^Lzj#7
csalazar,u36)5SiB1$
csalazar1,&6(pI9Qz@9
csanchez,w&M5Wv4j!y
csanchez1,XG9AVc7j$7
csanders,b3(XhlDz_u
csanders1,*KlD)CX@p1
csantana,&7AzDjvy$6
csantos,^6yFIDouvj
cscott,Rt2_U2gA$+
cscott1,)V2L6#Yykp
cscott2,@04YjAh2WF
csexton,#ebtMBOgU3
cshelton,LcxNVNoa@2
cshelton1,%4uXwifsa9
csheppard,v8bDcD$2+7
cshields,0r0Zda_@@q
cshields1,kEP4Ejg9)$
csilva,&e@i7dDk8o
csimmons,YwnD8TW7d$
csimon,)0)SKl^cm6
csimpson,s@1QAjBoYe
cskinner,S*9GvFjQ+A
csmith,6pIHzVYQ^Y
csmith1,+v2Wnx6*51
csmith2,w(6nM1Nz)4
csmith3,))R9jBfTLF
csmith4,+OB+0+WsJi
csmith5,+)CfRUSqZ8
csmith6,9N^1LPjULP
csnyder,$79hZnhTa$
cstein,O5$0zWhd%L
cstephens,xrjY5$GQy$
csullivan,%#t0)2Gf8$
ctaylor,&11Kt^nKbY
ctaylor1,5IAF6Fmiv)
cthomas,Np6UvWqt_@
cthomas1,l+92hSEf2^
cthompson,%#eJV18co5
cthornton,GfL1IhHy)J
ctorres,(7Krt$Gu_U
ctorres1,PF5ORabB)J
ctran,*&LOpDK*9q
ctrevino,o58VYiTf_b
cuevasjay,tOREgh&w+5
cuevasjulia,yq2GcEbtS(
cuevasthomas,#3iv$JFl4G
cummingscandice,^1OSnBzPmn
cummingsjoseph,B!ggPFtq+0
cummingsjoshua,%8gMNwxiCV
cummingslisa,s@6)QOaiby
cummingsmelissa,!N03SxGf^+
cummingsstephan,f$%1rANpJw
cummingstammy,$#p10EmRtT
cunninghamantho,2j+qQ&qb%r
cunninghamashle,3BImTvZO*H
cunninghamdanny,6*2W1lOmmp
cunninghamkeith,$cUQzDONX2
cunninghamkevin,!C4eI3TtP5
cunninghamkimbe,#@268Kr$IC
cunninghamshann,x^@8XaUw@I
cunninghamzacha,rx7I1svx^Z
currybrian,T15Yt6dHz@
curryhunter,G@ya5ShhsO
currykimberly,j*e569Ln#M
currymichelle,+_7CleDugz
curtis03,Q*!Y7AuHpJ
curtis08,&!nAvs_f4j
curtis16,Tp_s*JMr$3
curtis27,v5AiKz5k+e
curtis32,nxy9STYrY!
curtis34,&8SI_+rtb^
curtis341,u!7MPU^1Zy
curtis60,&N#8X4bpK6
curtis90,&m8(KjwEC9
curtisanderson,t%13K@Sf6i
curtisandrew,_gU0EENmKq
curtisbarr,i6YG7SI^(m
curtisdaniel,^*8P(NHh#D
curtisherrera,w#Kr5vU9Ye
curtisjimmy,VsTylwfR%1
curtiskennedy,z&MXxBBI!4
curtismarcus,^j(4XOrsN8
curtismatthew,C5MP(Gjl&b
curtismorton,rGuQ2lZz$x
curtismurphy,+%ovGzPrC7
curtisrebecca,Y&5s9Ahai(
curtisrussell,+S8Bmo$(ug
curtisstephen,4ACCst71&f
curtisstephen1,S1)(vDAb*e
curtiswalls,&wfjYGCa1T
cvaldez,J7ZsAhqo)0
cvelazquez,+pR5$kRun2
cvincent,U+4K5Y#o#%
cwagner,n(2BEoMD*q
cwagner1,T!ZYT4vsGJ
cwallace,P@L(44G#Zc
cwalters,)q*Uye(dt6
cward,3CWqpX)d(x
cwarner,R%E7OKz$H5
cwarren,+kM1BziDRT
cwarren1,!4S3PIozLw
cwashington,1(6Q9pXf+J
cwatkins,yp0lK+azO_
cwatson,^wc9Jqlp@6
cwatson1,5ri)u&RZ(@
cwatts,c8XQuxBq#6
cwebb,w)64V#Jne)
cwebb1,L1ADavib_d
cwest,7lbJrAz3$+
cwhite,_cp6yZwG@V
cwhite1,tQ%4&nppw)
cwhite2,u$d+0JWqF^
cwhitehead,g%8Ke3t1@Q
cwhitney,qUiYl4jQh*
cwilliams,WN2EbXTq)I
cwilliams1,*@dswQBux1
cwilliams2,#6KE$0jobI
cwilliams3,#2OAMvhW_@
cwilliams4,+8O1%!lDi*
cwilliams5,xh6VbL^kI@
cwillis,7*aHnAqN%s
cwilson,_0dTnKjfLF
cwilson1,*(5vJWFrtI
cwong,%vg$6WJsMS
cwood,!L1W4ylK5U
cwright,$8pHNgb1Jm
cwright1,&8SP@UxzQ%
cwright2,HG7eK9ek2#
cwyatt,^59v&0PcxB
cwyatt1,&1VIIjkaya
cynthia01,U7WItXCj!z
cynthia05,m#OpH1(f$4
cynthia06,B80Ov&5w$2
cynthia061,9nHo#$4N)m
cynthia07,L5CcYEgE&t
cynthia071,C#iWkQdJ&0
cynthia13,GI8V9#Wz@!
cynthia15,W9e%bA0s*&
cynthia19,7sP0_Uqj#S
cynthia23,_1pAvJp@F9
cynthia31,%+4nYk4Pfb
cynthia37,!%FO9BvM&q
cynthia371,g@(Uj1Owwi
cynthia39,*c8*#hEz%1
cynthia391,(41K9#OxCs
cynthia40,9bE5FD+UQ*
cynthia43,T6@2)1EkC1
cynthia48,!Ex6R!#g2+
cynthia67,i27Ttc0*!l
cynthia68,!6XDcs9l(@
cynthia71,_$R4EXRw)d
cynthia711,T(4!0VEp%q
cynthia712,y_3w&SdUM%
cynthia75,$0EbYyh9u1
cynthia76,52G*Rtl9*G
cynthia79,iN4LUo_DG_
cynthia82,@8d0NEr+d!
cynthia85,(4DNCs&h!G
cynthia87,Ch4Dv_p&O@
cynthia90,6F^XO+Za@u
cynthia95,6LmNrRy@^c
cynthia99,+86C^h*iof
cynthia991,(VZJqp%u60
cynthiabell,Mnl4Zmyb^_
cynthiabyrd,z2M*HTzq&u
cynthiacain,o_QkNtGC#8
cynthiacarter,v45a&PvZ^(
cynthiacasey,ZL&T3Th1Jv
cynthiahart,#buggWsJ%5
cynthiahickman,&0vKQtGpyh
cynthiahicks,3!00Nv9ECQ
cynthiahill,+4VeelUc53
cynthiahouston,F%9Qo40E7B
cynthiajames,_w#86MtxLt
cynthiajones,%4Gl14suMU
cynthialeonard,&TbC!wSJ6R
cynthialittle,d)3EAmQQsH
cynthiamartin,O+$o9BqfL3
cynthiamclaughl,^ebcUDq9w7
cynthiamiller,5j42hibA$M
cynthiamoss,j9dSSg^J%5
cynthianolan,3f4oRez!#k
cynthiapatterso,*8HOsSOrUc
cynthiaperez,(TC9Mt8J6%
cynthiapowell,_RYuHoEC*5
cynthiapreston,@2i+)Dgg!_
cynthiaquinn,*^QDrDnEV8
cynthiariddle,&7nPS9Rjd_
cynthiarivera,KHq)8AEgyC
cynthiarobbins,E^6bQNEtiS
cynthiarose,JD!8ACgn&f
cynthiascott,s)PG4T18*2
cynthiasloan,Ud8SJwJ@U_
cynthiasoto,+5NfG^Ag(4
cynthiathomas,_9C7^D9r0n
cynthiathompson,5)W2Ka9MY+
cynthiatorres,$53V1L5Nsd
cynthiatucker,$4zLa@CtzF
cynthiawalton,LqB!8RTyhT
cyoung,$+i1CkarPU
czuniga,!9Z0%eBPur
dacevedo,LXQSrRsd&9
dadams,GsfLDFLu_7
daisy26,$g0J5AgtYJ
daisy34,J+2E5uAx)%
daisy94,s$RThj$F!4
daisychen,qtK1Ign0)%
daisyhill,q1ICT1oC$H
dakota14,^X9VoO8tBH
dakota17,K(63NNyd9W
dakota43,(6_**#t2Kj
dakota44,y!H&kDk&(5
dakota46,3BHDmrl0++
dakotabaker,JX8ZKT^s$5
dakotagonzalez,*JStbi7c%3
dakotawhite,3NA%m4$o_k
dale02,Y0CuB1qm%!
dale37,_g1TfFpO!6
dale42,N1EG1uaL!o
dale52,!@p9DX0cY3
dale59,f)0Lp2gz+^
dale72,^7Ey3m3iy1
dale81,d0$FY2XheG
dale85,R+2EUo))pC
dalebennett,^sMq(Tj%Z3
daleclark,%ULqJvkhE0
dalecollins,7YI4g&3n@L
daledelacruz,fr#DAzo7@7
dalefox,^hfJ#c9h$8
dalemiller,HYV)w)%f^0
dalesalinas,(sAY2HQS3x
daletorres,I^eq^5Zb*U
daletrujillo,HAWXrAjK*5
dalexander,$5MrOp$&f7
dalexander1,)%Tp8WB7yr
dallen,+Z(0jcJbGq
dalton14,j2v5BB1A#8
dalton24,x+3SOfm%+M
dalton76,b^B7&GVjSC
daltonalexis,kR$3RC5l$a
daltonbradley,16VLArja#%
daltonbriggs,H2Uq8hUz+I
daltoncharles,#PETLeSxB9
daltonhull,co9qLUNxW*
daltonjocelyn,CCm65ByfL+
daltonlambert,201UgOlE&Q
daltonlaura,0sBMG4(o+W
daltonlopez,f8#JmhZ_#6
daltonmorris,_iCr6W*lJo
daltonsmith,*sA7E9tqf3
dalvarez,)7nYpxUa%M
dalvarez1,!*RRoujpe4
damon66,(88E+&(i#n
damongibbs,*ZKS5kWl2y
dan78,%3V2uQV2mg
dana00,M#+83Uvlri
dana08,6mYXjgQj^Z
dana09,I&w4#DwFPS
dana18,IYp0upBqL&
dana22,0b%4eLo(@G
dana24,7G6X#vkw@C
dana27,$716O2We&^
dana29,TFJw7ws*#4
dana31,GBcQwXf(*9
dana37,*qYH_sfk4K
dana40,$nQP1fln2a
dana42,#3@Yc*(&c^
dana48,+3L&Jw^Es1
dana481,46!3QtGqQ9
dana50,h4XN5Ldz%o
dana58,6PNDgghw##
dana61,v%h5dMno6^
dana62,b$0dVqXeNi
dana621,7b&NZZd7#Q
dana63,(9NaJm2opO
dana68,k$8rTZBj_k
dana80,5(0drcUm#i
dana91,7ezYS8$2*c
dana911,pzXCP$T5*1
dana96,&3Iwudh@#C
danabuck,*an3LSh+2V
danacollins,PBNZ5%7cT(
danagarcia,#Up2KX4i&q
danagarrett,^96ZuUh&3c
danahendricks,d8SYIWyr#P
danahernandez,g9R+g_BL@j
danaholder,s^7C7WOr&N
danahunt,_G2B)ssP*F
danajames,q^h@8Hiz0l
danajames1,&4JzWNzG!D
danakelly,)MnxMrgg89
danakelly1,xi1*rGX@+#
danamorales,#Y6f5YaROC
danaowens,+8IlYfYQ#X
danasanchez,*O48vzVt^(
danaskinner,P6MnTmX9_3
danawallace,_6BA!tNj1e
danawilliams,@9dC+UTNuQ
danawoods,K!)3Xp9l+i
danderson,N2^5TXqs#6
danderson1,^2pDeveL#+
danderson2,(1Ftn^Ews0
daniel00,@4MPFv0KjG
daniel02,@oVVkpTGD1
daniel03,&g4Pi)Z#9%
daniel04,)5KgO^oE+j
daniel06,@0L2Cu+lwL
daniel07,*4HGqQab!@
daniel08,Ef(0$Pb@sf
daniel081,2$h43cDe(O
daniel082,PdOWHa_h(7
daniel09,o)6CJzxtnY
daniel091,y)qy7J%p#@
daniel10,hsyt1Do_(8
daniel11,(JDxdUApS4
daniel13,&I#dQigb!5
daniel131,7#mIATsO*Y
daniel16,51HM2b(y_q
daniel161,f+2ciEkfj@
daniel17,)Va47%$g)6
daniel18,*XOzNShK38
daniel181,_hVf%7oY5o
daniel19,6J7YjjYWT^
daniel20,%9MGmftcF2
daniel22,9DuQUk4f&!
daniel23,)@ncm2#lOG
daniel24,5KkOZnyT%v
daniel241,@SZZbwyA%5
daniel25,l2kXO)mO+#
daniel27,Z$z4PWiygi
daniel28,#f2BskQck+
daniel30,C18UK96b^E
daniel32,G797Zd0i!H
daniel33,Y7c3Q5Wa$@
daniel34,HdSvGW%0#0
daniel341,$8CnSDG2u_
daniel35,ns^5zBQdGy
daniel351,!TW4nH0qaa
daniel36,75$#7mBjYg
daniel37,@gY#KnvgG9
daniel371,*TS2zWe^hs
daniel38,Pqv9u9Pn($
daniel39,r8iiuAdV&$
daniel41,(Ib5WxN#!R
daniel411,6x57iZ8j^^
daniel42,G(r6_Adb!U
daniel43,EoRcwwpG%9
daniel44,3_zQ6IZlm#
daniel45,$!d7Nb^o$!
daniel46,)@9Ltgzi%^
daniel47,F0sK8aub%1
daniel471,55c9wSSbi@
daniel50,_BS5q^ot3D
daniel501,&4z0CR0y9X
daniel51,2^5!IS1bLn
daniel511,!k7VAI*t@1
daniel53,K#1Dgn1r$@
daniel54,h(2754p$AT
daniel55,p3Cxxg$(*f
daniel56,#)%BSYbob4
daniel561,MnilTb4s(3
daniel57,D!RQuhcu(6
daniel58,T(b3nAGqI_
daniel581,46gGJNrs!&
daniel582,&+2mA!feF#
daniel59,(ORIxH65Q0
daniel591,SLW0TQuEx#
daniel592,^tEWP!duj2
daniel593,M!5hCv%k@*
daniel594,^zamoiZP8c
daniel62,@#Fx%O$g7i
daniel621,8n3hVLyx)(
daniel65,qY2ZUjId!l
daniel651,32Vn#SJt(F
daniel66,c5MJdeKN#(
daniel68,n%#a5WFF&8
daniel69,O06B3BmfN)
daniel70,+_r90SLvbj
daniel701,*rjtTZzRR0
daniel71,$whB+qvh21
daniel711,7^y(0Kw_WN
daniel72,&KHYfTJi%5
daniel721,t@f6qdPsSr
daniel722,$2PCl4mLRj
daniel723,^4GLrYpZ&a
daniel73,7C2SkGEn_x
daniel74,*0Szk%Osn#
daniel741,$tq(1OScuy
daniel77,_8(zQY!*ye
daniel78,(%MIgT+yx0
daniel781,gF&7IbRjZl
daniel81,8ukMfO#c&5
daniel82,9KPKB@Wo&6
daniel84,@0mX+Lg*@x
daniel841,@eN8FZAw!!
daniel842,m3Qj)HVe(5
daniel843,@$(9RzysNE
daniel86,XIb)7F%p_Z
daniel861,a+x2GT^jz0
daniel87,B6M+jEEJ(w
daniel88,&JI7!rnS71
daniel881,P5efOFip)C
daniel882,!3JxHVA&h4
daniel883,sj3Qw%LR!K
daniel89,DT5iFVik9)
daniel90,00W&(Ukb&A
daniel901,h@PG&5KwPy
daniel92,acX_VxWJ!8
daniel921,#wg7Q4TcBk
daniel922,_@QuGekRc3
daniel93,gc3m4Ouh+Q
daniel931,J6gzJGoy$U
daniel94,(47WNR5wFD
daniel95,%Pf3*KgauV
daniel98,F$(_A2BioJ
daniel981,wmK_Aj_h#5
daniel99,TL^2GzCas&
danielalexander,1V!dlMd9(t
danielalvarado,$vjVXzeaX3
danielamanda,!OR!0iXjpR
danielarmstrong,*I1Ucrpn#A
danielbaker,&p*9)W+dBx
danielbarajas,&NONaxRb0^
danielbrian,8DSQpV&Z&V
danielbridges,IbMIih96#3
danielbullock,!D7eS9g7I)
danielbutler,j0F5OBw^8+
danielcameron,6QVDvjfx@E
danielcarney,$i4i_HXwc_
danielcharles,bK#D3Pnv!j
danielcollins,K99YdjTf)W
danielcolon,9QbdHrwg*6
danielcruz,l$2OPtp2IT
danieldaniels,@RGaqsa&)4
danieldavenport,_bkY1jtz)4
danieldavis,A0IhtCVc!d
danieldavis1,X+2iTr7L&u
danieldawson,&vSViPn1i0
danieldelgado,m%3Rc6attq
danielfarmer,XZ_F5Hl7f!
danielfowler,q+0E*li1Y*
danielfrancis,vOgt2Owh*1
danielfritz,#3RS@iP*H7
danielgarcia,#5e3lUDc6v
danielgonzalez,)hG0MPlaM7
danielgonzalez1,h$3O8OUjPi
danielgonzalez2,%dQKeDQjQ8
danielgregory,h4wGfi_$&^
danielguzman,T!64so1bMM
danielharris,+9$PCOg&**
danielhenderson,U)8SRaLmQZ
danielhess,wzJ1Yf!gK)
danielhowe,3DBa0Atb&h
danieljohnson,3CLmnBtO%k
danieljohnston,6w3XCkr45+
danieljones,P!L8FAq1Uv
danieljones1,dmmWYn0i(4
danieljordan,(9XL&tF#Yc
danieljoshua,o+7rTxs9pS
danielkhan,0P3oTin+T_
daniellane,p(X4lZx)DQ
daniellane1,Qq1$0GHscM
danielle11,e8DHRJ3f@)
danielle13,dox1DLoo$*
danielle131,W@4GInquf3
danielle15,J18n2Tqo)B
danielle17,+&!0MpfE+$
danielle18,An#8xEoh+x
danielle181,*cbFhkNyZ3
danielle19,%o6JBg8!Qm
danielle191,)BGveY7k1T
danielle21,)!^0*F!jXi
danielle28,!FN3f)Ld4S
danielle34,c$8vEd!o&%
danielle39,9am4tUl%x$
danielle45,$IyzT8RzX0
danielle47,lF%4%zQaZ3
danielle48,5p48Dcus%3
danielle52,*2Ty+(B13o
danielle54,&5nFke&jS0
danielle57,jKZ(7Pfk7T
danielle58,N80o&LIs!k
danielle61,_dNx&(Wr10
danielle64,1o3S#t0q!+
danielle65,)5)My!cBj3
danielle68,@lHrFSzQ$1
danielle71,(RgpEz0kK3
danielle74,JZZP56Ncy@
danielle76,@#u0NJmAZp
danielle77,YD8Pv)aU*$
danielle78,a2D$d)6b!z
danielle80,&x9vD6x(3L
danielle801,NJ0cwHTp%3
danielle81,q^6Kva+I(H
danielle84,@tVdy8o3_5
danielle87,*5PMU%tFn5
danielle88,bB666xYz_&
danielle89,u)22Ix!jK&
daniellealexand,++T5UOzpzu
daniellealexand1,)5@Y^AQeZm
danielleblack,ws0)Lr)9I!
daniellebush,$8@cyW$cNU
daniellecastill,F(84fkbycL
daniellecooper,AC0Cpo^y(d
daniellecrawfor,*q2UkWldA$
daniellee,S%DQIjvz$5
danielleforbes,%JR^cNb!0g
daniellegarcia,Q_n8WrtBB&
daniellegarcia1,5$EEp0TeBn
daniellegonzale,*nQEHq#0+3
daniellehernand,5e6PDvt2%g
daniellehood,xt)8^CNl*@
daniellehouse,3(TOQlJ@)$
daniellejenning,@1YivEbQAT
daniellejones,c6&DipLi#j
danielleking,(p703Do@*@
daniellekirby,i4W$EBtk+z
daniellemiller,m*L2VWklCv
daniellemiller1,9HentNs$(Q
daniellemonroe,XN68Vc$hc!
daniellemoore,o*G54FjhpD
daniellenelson,xFaVRX$J^6
daniellepadilla,5U1GQ*c2+n
daniellerivers,%E32bQh$*A
danielleroberts,Qt8fB$Wf^)
daniellerollins,#6ZmGbsc$A
daniellesalazar,n2x4K^^s*s
daniellesanders,6MGA(qjy@*
daniellesimmons,k!aCN97l_9
daniellesimpson,5pq3O1QbW%
danielletaylor,ZJs8EhQf@B
danielleterry,2@@17$MrOv
daniellewagner,Y6_HuWLT!W
daniellewalls,*uSOO1q#A2
daniellewilson,(4VnpHk6ZI
daniellewis,*w6*C0Sa0h
daniellewright,k8zQEmtw*+
daniellong,xnUE!Lq4)3
daniellong1,)C_F*tSx78
daniellucas,O%j1)Difhj
danielmartinez,Kj*9StfW!)
danielmcclain,#44IkHuaqh
danielmcdonald,Yr7WUwJG_$
danielmckinney,%f8K4KZ!0_
danielmedina,G67(lIdf@p
danielmelanie,1(7Vt&1X!c
danielmiller,Vt+UX8TjU(
danielmorrison,90g)bTs%)7
danielmullen,_k$30MatGD
danielmunoz,TU*QBXJd$3
danielneal,#UGL(Cxp#6
danielnelson,PSH5P(y4_*
danielnguyen,0GOz57Al&%
danieloconnor,F(UW8RLjoX
danielowens,!Ae0GAjdTl
danielpadilla,@d)SFbub5o
danielpeterson,)uJEKYrO+6
danielprice,*2DG(i@2pm
danielpruitt,(r6p8HIwH(
danielrice,NH%1Tv%k%m
danielroberts,&3VJ4ncHlK
danielrobinson,Xc_02FEfC$
danielrobinson1,+G6TOXPfBF
danielrodriguez,B^0mZuHvFW
danielryan,o25L@oVb$c
danielsanford,tfT0HaAr+3
danielschristop,2X8D%FOx#a
danielscrystal,u#l2EgA+)0
danielsdave,$^*UmRoa&4
danielsdiana,jy+!#0Wnmw
danielshannon,3Y)5Hra%nr
danielsjennifer,%HjLf+3#g8
danielsjoseph,0DHJeFdb$2
danielsmaria,t0Uqxqm4!o
danielsmith,^Q9a9GYm40
danielsmith1,)2Uax^Tn(9
danielsmonica,$A8Rl0)*!o
danielsnicholas,akTGh6ZsW)
danielsoto,Pa5CE3nR&S
danielspencer,_1rkGy)3Pn
danielsrobert,(iI^5CrzFJ
danielsryan,^5h4zTEl@E
danielssara,SE^L4Gs&rQ
danielsseth,xayiEfRh)8
danielsstephani,)fxZOu5%)1
danielstephanie,r!3nNs%pZ$
danielstewart,^nN2Ri9k$R
danielsullivan,0&7CY!ZzxQ
danielswalter,5g+#Uo(m@J
danieltorres,G*92POEn9n
danieltorres1,)7AApeyL^1
danielwhite,&r7GWLv)@0
danielwhite1,Z55ksQzU_R
danielwhitney,Sf(t#(B3c#
danielwilliams,H&0IdsV%h5
danielwilliams1,)4r1JGmjyp
danielwilson,iQrplA9md@
danielwilson1,Y!2U#Lc^H#
danielwolf,5qSPdFXK#i
danjohnson,!iN%Q^mR#8
dankent,n6R^7kkH#0
danny09,Htq0Z4pC_A
danny22,*fs7TPCyYu
danny26,3hCOdAj*+n
danny48,!psQIMwK2x
danny55,$42nSGka68
dannyblack,J0Texdzb%*
dannycervantes,7&)l1VHi1B
dannydeleon,#G5HYBcZZM
dannydiaz,^!^)hEWc54
dannymarshall,F%m05XGgj#
dannymccarthy,G5ShP(pI%6
dannytaylor,*F$9IBcEZI
dannywhite,uuKoG0+u_0
dannywhite1,5C2@W7Hh(*
darinjones,#5&A7EVn(8
darinschultz,oJ2@q%IbD_
darius02,0lQNTCKI@s
darius21,^4HxSbUk6o
darius88,%O4*XAct!)
dariusgilbert,RV5%4oKh9!
dariussoto,0#a)4vSbXw
dariusvelazquez,!gJth)Hm28
darlene14,$xy^9G&m3I
darlene28,d&LQlWpx_9
darlene68,r&eI46Ng@)
darleneglass,^L)fpDbI^4
darlenehill,W2XW$XzG#U
darlenereed,jASbo9vy@)
darlenewatkins,(%+R(gR%8n
darmstrong,2I6Kclli)I
darrell36,&hD#abtf(4
darrell44,^kY2TgEtF4
darrell47,#MnY$Vpm5c
darrell471,_m9EZXed6B
darrell50,gmJ0tXqR(#
darrell95,N%2C@dkx7C
darrellcrawford,!0C5E6Hh*G
darrelldavenpor,8IS1T!fb!1
darrellgardner,2((QxH(t^5
darrellkane,!W9ckG9g&^
darrelllee,*SI7BPd0#9
darrellperez,8s1LKlEG)v
darrellrodrigue,KE1gHRUuR#
darrellrogers,34MLeZeu)G
darrellwright,^!7pAbaiE5
darren10,N*z7DfdwX$
darren45,#y8RggaQR_
darren52,D(6BllB$pQ
darrengibson,x8MdVZL&@f
darrengray,cU3TG6SrG%
darrenhall,#4%I9ETx%R
darrenmartinez,A_12CAQlxa
darrenwilliamso,j+LHf9UbZQ
darryl74,mu&6Uk*j$r
darrylarnold,ONW1DKrzs*
darrylflowers,*#U0KvksNT
darrylgibson,*13rP2ofaB
darryllane,_9RoM3ZE$6
darrylmendoza,S+ZY7CuqTR
darrylmorgan,$$I7xypev2
darrylnewman,#6yT%hUa64
daryllopez,xD^W1DFi7f
datkins,R+E9GThmTx
daughertysarah,7kD@LbXn(v
daughertystacy,#(nZGrVo%9
davenportalexan,z9^3VFe_*&
davenportantoni,^C0Y0m5K@R
davenportdarrel,C*$15I_AGj
davenportwanda,#PIkStdbS7
david00,_e7^nYlMz0
david01,Qlx@ZwOt&3
david011,5rAghCYy)J
david02,5i0VDGi*#h
david021,H)Zr9O3pbt
david03,0#s0WCUw$u
david04,oH!D@yT8*4
david041,+F&*B8mgz+
david05,1QN9PPbM*(
david06,&1EuGmxpa5
david08,c0G4KrdP+V
david081,%(aDrUQfP1
david09,2ag9ZWcw@2
david091,S@2OzvPsee
david092,mx*6E0xqV(
david10,)qcoF8M*01
david101,$2PA7dcl&0
david102,%_Of#1FL8_
david103,83XkfnlI!b
david104,r9o1CQt6G)
david11,0YR+xdvk(n
david111,VAqwdPRq*7
david112,37ZnqY2p)A
david12,(GLHWMsf^5
david121,2BOZ#p1M*(
david13,^2M)h#Zf_B
david131,3tM^4Ehm!I
david132,^Iq_Tkf7(9
david14,f%UG7C!lYN
david15,328fPshB*o
david16,2aKjnttZ@(
david17,o0ZfFqLj)!
david18,%Q$3D$Lxbo
david20,&0RYXERefw
david201,QK$36RTmOX
david21,m5F@xs7w)I
david211,ufF$eS(z*6
david23,z1fLgpiL$A
david231,j+41DpRvCu
david24,^2jbLcl3$g
david241,ZEEBN%rD)1
david26,EudaCgL1+8
david261,%NBB6uRwx4
david27,0T8Ts$Vq&_
david28,XaS+5Iauf#
david281,7Yr8LX0oP)
david29,zr4aGrfQ%S
david291,G@Z*1KG1ab
david30,LK0!V@br_g
david301,35hIG(Uw#g
david31,$L$KT0kZ1F
david311,$Bv^B42a$5
david32,Qs69Ba2t+i
david34,P41H$G2wx&
david341,DX(p61Ul%E
david35,i7BNO57h@S
david36,IFUtZjoV)0
david361,E8+zDdmF(^
david37,4+U5&ro^%Z
david38,6uR^hwga(9
david39,%@gbTTgj@0
david391,PQC)0Ji4*s
david392,&S3KY^qs(v
david40,*Jq3D4nl@h
david41,@o(x4PrDC%
david411,*EV+JA*Li4
david42,H0b0Bw$*^H
david421,xdC8ptJbI)
david422,xG6J1fgp*u
david43,_010VFT8Gq
david431,k*%A5HOoL7
david44,#B8UeTs0*(
david441,Lr_69Zdw04
david45,w6jL+Awg!%
david46,0(_I2cMoX)
david461,j_4_5Ey98!
david47,*8A8Tuynkj
david471,+n_p0QTk@f
david48,4l1ZT$^b(w
david481,@e^o3RjxPv
david482,vV_9HTjp^N
david50,0hRPtwsH*0
david501,#0TK6d$7wZ
david51,$5^3j8OfpK
david511,#7DE*!IztI
david52,nIpAA6Tx@0
david521,*W1AZSm!4Z
david522,jmP^D4fF_1
david53,!2UJ7hRYPe
david531,*75Gs(jkxy
david532,s^9)EZbo)B
david54,)#3KPk6ZDP
david541,Y3Ze1Xml(L
david55,WX(IM_)e%9
david56,$%2F3Brsib
david561,Fi_m%Mx%&5
david562,!80YJyHXba
david563,57FOeVMP#k
david60,#jX5Ito_B+
david601,*$z&v3UupW
david61,ww4vYcWh_K
david62,#y9@WNt)_M
david64,En6Q@jxFb_
david65,%0OXgvymFO
david651,%P2)7QmCBc
david652,i1SE2OhL!V
david66,xUHowkxI!6
david67,9%Nq5DUh*R
david68,T8!kKoZL%u
david681,s)C4Ha$c($
david69,E#7Rr#szYh
david691,d&qu8a$i4Y
david70,%dT%JqZj&7
david701,Y6Q75Hjz@+
david71,(i8QRCBo4t
david72,TY1A%RzkA%
david721,(VkZ_vcZ7j
david74,+_qFVBZq#5
david741,!o&E)Qns_5
david75,@hP6A8jaln
david751,r27IM1S0@y
david76,V98MiZtz(E
david761,u)R_9w5jAX
david762,&6UteHOT(K
david763,^4(MVvbO0l
david77,^QZ6FjymPk
david771,@kIcCy2iR7
david78,38m0TVKl_P
david79,#l4QUfp#5y
david791,E!5JO!iWL^
david81,J_0VFx92nP
david82,Kn75ZGeV_l
david821,6+3S&1pZ%!
david822,V%Q7YjAoeg
david83,$t6f4DYd1!
david831,O#71Jdxmki
david832,g#Sj3ZJrpA
david84,1S4+KuI^K*
david841,vL976XQe&4
david85,_T6MGJr%8r
david86,3_05lNFn9&
david861,#ki1GKlU((
david87,Sv938Adu+T
david871,+tCt6Vrw4V
david872,Q83B@kWwh&
david88,e2Y3N$l#$F
david89,(IZN*)j^h3
david891,wh_5EJGyQ&
david90,6Q2KU0n&+p
david901,&g+%KGwK0O
david902,@6kQaoT2py
david903,h4LSIy_$&6
david91,#G17kKbk&5
david911,*g&^S!_jR2
david92,g9RAj!WC%p
david921,#8yI6k(u_X
david922,Y^57%YUb*1
david93,L+d6Owk+@F
david94,^Y1N3C%u7K
david941,46!LF*k6!f
david942,mb!A6Nhs3i
david96,Y@521HvcO!
david98,78pTcL45@@
david981,k!8RvF6TW0
david99,%N3pAQ)n57
davidaguirre,d2R4tbKu@Z
davidallen,5SbM@Td#$4
davidallison,D8m8Wftl+i
davidandrews,*8&lG8CjIE
davidaustin,_k^z6vRcK1
davidayala,8KA@j#Zp(q
davidbaird,6++6MPllll
davidbaker,2yPKDuyS&b
davidbaker1,!n$_NgrkI1
davidbarr,AZ@e4@XrW)
davidblake,%dCUW9Rj7U
davidboyd,&^8KhJmr(f
davidbranch,Szd3Xy%yJ^
davidbridges,*r0yEEqhx&
davidburke,)8dOKNFj5Z
davidburke1,+4rP23tyvN
davidburton,&2hQ!NKRho
davidburton1,%n8RpJnza)
davidbutler,Q_xkz0VLBj
davidcampbell,z1AbR5ut&F
davidcarroll,GK3PzyB2L#
davidcervantes,i&78Syg5UK
davidchambers,@7$*%Mt5vJ
davidchristian,9EwxYZDn^@
davidchung,IIEEqK$t)1
davidcopeland,$5)GgfIrtG
davidcuevas,&)7cULcl!O
daviddaniels,I14(G1qF@P
daviddavis,e0^+1Rrir_
daviddawson,1c0bAXIk+#
daviddennis,M%K$1IIng@
daviddodson,Jy10V%Hab(
daviddonaldson,r&E9)9Qqgb
davidfloyd,@CwL8PfmHc
davidfoley,I+5NLZecaY
davidford,B3I@q)6Z*0
davidfritz,Sw(U4BAOg+
davidgonzalez,6UZ!kp_8$9
davidgregory,sG5!OykN(u
davidhall,@NlCsNdI1@
davidhamilton,f&SR^9Mr_4
davidhaney,(9MgN5bnyN
davidharrington,a&4HxqcO%A
davidharrison,!s!M!4Cwe7
davidhatfield,%55NgxoMJ9
davidhayes,%2&vZ!qk+5
davidhenderson,6$06ztYvVh
davidhenry,QR2KlSv!%c
davidhernandez,on8ImWoOK_
davidherrera,$DJBAegf^4
davidhiggins,lTq1BNMd@0
davidhill,hT0Z8A$z!x
davidhogan,i#s4b4Kq_E
davidhughes,u#^@1Xl2xd
davidhutchinson,KR01GqB7!(
davidibarra,q4pRzduh^T
davidjackson,oMR0aANyG%
davidjackson1,e0)4&7Rb8n
davidjames,b%0Hcalxse
davidjeffery,K(a8ffhkZE
davidjohnson,_7qFJqo1Mr
davidjohnson1,_nwBjclX+1
davidjohnson2,6NuJ0Wzy*7
davidjohnston,!g2(6OkFN0
davidjones,2AL&HCmw_g
davidjones1,k3F3hWp$)!
davidjones2,YD1LTGl0y_
davidlee,^qI5Lr5eV!
davidlee1,fu8b79De__
davidlewis,rl^0Oy8)VU
davidlopez,F27WMEHm)c
davidlopez1,8YsaYCYi&v
davidlucas,5_IUCaFB*o
davidmays,9+9PtmU4l)
davidmcbride,!_l!U^HdX1
davidmcgrath,@@F7BGa$!1
davidmeyer,%*WesWlj6)
davidmiller,#0M&WfqIm6
davidmontes,7y^!v5PhQN
davidmontgomery,&bXLadhUp4
davidmooney,KU04E@Nh^M
davidmoreno,c6J3QYNf*c
davidmurphy,R!62sEZk9(
davidmyers,_(90KNIokI
davidnelson,H4JVIhYm@3
davidnguyen,Gs1kOEbxw@
davidnguyen1,W(BGr6Fuf%
davidodonnell,Yj34lOfa&n
davidpayne,$d2JopETZE
davidperry,ge$70CLm)2
davidpeters,%Z43Iy0^MJ
davidpowell,)JW+tLl_2K
davidprice,8Q!uLYIm(a
davidreid,)pQ1JelwkN
davidrice,IX1Ewn(x5*
davidrobles,sNbNU9WdH@
davidrodriguez,wh@6aAzkOp
davidrussell,(oo(xHx3W1
davidryan,5I*znHpz)Q
davidsanchez,m_5nMB)c)6
davidsandoval,0K7biC%e+)
davidschmidt,!%R^c%Zwb9
davidsimmons,&r2GPfZzpg
davidsimmons1,q_9XsHwrJ*
davidsmall,Q6jrGUqo)H
davidsmith,Pf16zhVj^Z
davidsmith1,rrmW6Hlo#w
davidsonjames,(L%*p9dfm6
davidsonjesse,#4XpZ9N6((
davidsonkim,D7PNNw9#_0
davidsonkimberl,!pm5J@c4xg
davidsonkyle,$Z0S2D_zvK
davidsonmargare,Dy8(WT*aL*
davidsonmarisa,3+1pT*LuQG
davidsonrachael,LrwcT3P^y#
davidsonwendy,G)C%0VSvy0
davidstevens,_$c6s7Ym3e
davidstevenson,)U_9YYWgsh
davidthomas,Jm73oG5w+S
davidthomas1,!F1*+Ph8vo
davidthomas2,8#4A#+Zeo#
davidthompson,gf1XMX5v$%
davidturner,!oBDR9Q0N5
davidvazquez,$9FuC*Hfst
davidwalker,&b0PzKlLtp
davidwaller,*H4DERtX8y
davidwalters,s9@Jor!Z*4
davidwarner,vjw05VbgE^
davidwaters,aC(7KwX4i!
davidwatson,^l)SU8Op6s
davidweber,#77TX2qmz_
davidwelch,($a9OmfP79
davidwells,(hnwB1XZL$
davidwhite,*OT(SIvaE2
davidwilkerson,%#Z582r_0I
davidwilkerson1,2raUKj1k(3
davidwilson,9(6k$Vg6oC
davidwilson1,9!1OxOCqGh
davidwood,^F$!u1Wp7&
davidwoods,!HKq!2BpQ4
davidwright,o0Y$4GbhSx
davidwright1,_K9)mFRbV5
davidzavala,_yA^5Oom^$
davidzimmerman,Pr81eLoeS@
daviesdeborah,H+L3Xg(UlJ
daviesjeremy,+a9tONdr_t
davieskimberly,*GBQ#u!mv5
davieskrista,1tdJ@Z7N&i
davila,4T@6Ead(z&
davilachristoph,t4yZkkOa*w
davisaaron,rlmRHUrL(2
davisandre,+09MVlTr@!
davisangela,Otq4^Lkkh+
davisanna,T*4KIpGqkH
davisashley,E5!7QPzUU*
davisbrandon,FA1I6EOj!5
davisbrian,jx@Q2CkxcI
davisbriana,$!I6Y#byl6
davisbrittney,WnHaHyKE_4
daviscassandra,$dEj%g*MB0
davischristophe,JJ3$PdY&v(
davischristophe1,#48KHRHfV_
davisdaniel,!eIHklQ^6%
davisdanielle,0+R@4GmLV6
davisdanielle1,Oi^wl1Gs@P
davisdave,Xig#*5Rc1o
davisdavid,Z&1R_HnHjl
davisdavid1,^_9F7MS7wf
davisdavid2,bG+21BviUq
davisdouglas,fAdi7RWtD)
davisfrancis,BLPdar#s!8
davisfrederick,Nl6YSjwm&8
davisgary,_&pTuyQY@3
davisgeorge,H&39dAyasm
davisgilbert,JE2N2Qgdy%
davisgloria,^2XGgrR9xD
davishannah,TE1wAGPs_@
davisholly,mOol6PaTV^
davisjack,wH#58dCkae
davisjacob,&T08BUo)bB
davisjaime,+a6CsUC*q8
davisjames,V)2!KwSw0r
davisjane,@rzB2Bawpb
davisjason,yLJpZYMv#0
davisjeffrey,$7GvBuZsy8
davisjennifer,+63dEOc@Xg
davisjennifer1,!V4PZnsCyN
davisjennifer2,)3BGOh+iB2
davisjennifer3,Cy1bXICMG)
davisjessica,bb6Nyn^H*N
davisjessica1,os57GQA7(9
davisjohn,*8*ZG(r4FT
davisjulia,bn9HRXZz(u
daviskari,aNb4OgAy@@
daviskathleen,B^j8DwnrMj
daviskathy,+c^&3EmoqK
davisleah,T*RS5rDp#k
davislinda,pgIoyCeV#4
davislynn,!XH1MfkemD
davismargaret,u3XJU2Mj)P
davismaria,J%0U5SRs@6
davismark,3zD7i!wW)6
davismarvin,R6Slt0Uj$F
davismatthew,)Ym#WCkP@9
davismatthew1,@%)3_Hhzer
davismeagan,B7T3CoVsG$
davismegan,@&J0bjMjOe
davismelissa,!uc40bOv@Z
davismelissa1,@1PO&3lo#I
davismichael,2q_1)Kky3$
davismichael1,bCtW1koxt&
davismichelle,2w6ELcwky@
davismitchell,O!0UeI%mC&
davisnancy,)Ap!l0HhER
davisnatasha,6Q2HxWY$+f
davisnathan,O8@II1Jas$
davisnicholas,*%1SYA*sD3
davisnicole,W0XVT@l#%y
davisolivia,%D9Tcpusov
davispamela,CA1BrS(5#c
davisphillip,*T7ZbKj5bM
davisrachel,*b@LjsJn8c
davisregina,4P+8nOzL(m
davisrichard,lUfNThjS^6
davisrichard1,g7AjSqrt*#
davisrobert,7y!7LWuC_I
davisrobert1,*lOFh7Tf9T
davisryan,fx6N%sneN_
davissamantha,$3uAW3DsZZ
davissandra,H2REoeBf_(
davissandra1,k&A8FLm)^$
davissandra2,!u68*GdoDr
davissean,Bu)DXrdt#2
davisstacey,+ABeZu%q8o
davissteven,Y*0SzFOBM#
davissusan,mH&5cNfUVT
davisthomas,8IT^6uwzX+
davistina,$8G%_1Eo@q
davistoni,k4Y0D#lA%8
davistracey,#s54PCVg6A
davistracy,7B*oOVDi%r
davistrevor,0@STdGFe!N
davisveronica,%L!J7OSv!2
davisvicki,0BJUEFcV%l
davisvictoria,ty#QVZmN)9
dawn03,(6XYjwcN+2
dawn05,yv6&M2ZfH%
dawn14,%LbYLcz@37
dawn22,*tgQ3xf@55
dawn36,Z*9xILwr(o
dawn38,@B4uN2wL^O
dawn42,J6KFChcM++
dawn421,tR5(UaC@D(
dawn422,1%ItIjix&5
dawn43,Lcv6PLQ+O+
dawn44,_9B9+EdaB5
dawn46,5+g$7eCb%O
dawn53,!JMQG^Ui+0
dawn531,R%3sBsj9Ho
dawn54,2^M#tB&k*f
dawn56,#pO^NBtT#8
dawn63,cS37RpmnQ$
dawn64,37ZENWye(F
dawn68,mU4mXyiuN#
dawn70,^QfBxjsmb4
dawn74,6v6kKcx!h_
dawn81,q%i!&6PmSp
dawn83,DO!3Y#lnp(
dawn84,g67kYedr_!
dawn85,i2()JW#p@_
dawn86,)N%0@MDO8j
dawn87,V@_8TQHfN%
dawn88,Gw$2jIie#l
dawn92,j9TB@Ru9#5
dawn94,T*6F#8IWav
dawn99,OLT4g9pD^5
dawnanderson,&9x5cMRrK+
dawnbates,2_8R4rNivy
dawnbennett,K!^10VxcxU
dawnbenton,uQB68(xt6_
dawnbradford,@5Z$TSBv7z
dawnbrennan,uo)*9DEk5i
dawncabrera,$g7dOhGiqp
dawnfisher,X5Ejhwe6_W
dawnflores,*XiV_Bli(6
dawnhernandez,dd0ND)MAa(
dawnhoffman,4W@UopG&)u
dawnjohnson,^4tFLjF9no
dawnlewis,aRv^6Fa&!4
dawnmiller,#8RgOodn_p
dawnmoreno,39!YK8iU*J
dawnochoa,_M*o7PoJ9O
dawnroberts,vER7vSsY!J
dawnruiz,@&4sQUldtq
dawnsmith,6Y8U!mo)U*
dawnstark,at2M^NXh*u
dawntaylor,a20U9cay+L
dawntaylor1,@m3C5Xeb39
dawnvillanueva,&7DA3siX#7
dawnweaver,&gXl9Pr+Q3
dawnwest,^2YcsayRkm
dawnyork,B&$z77Nj$G
dawsondennis,p2K)2#j0$0
dawsondennis1,#D#G2rBp#1
dawsonjanet,xP5*sA9t)G
dawsonjohn,&8IJOxjn1e
dawsonjoseph,oV*9R6qT^_
dawsonkeith,w^99To8wVu
dawsonkimberly,+GV5nUsN_y
dawsonnancy,*FA2&OSwg2
dawsonnicolas,*J8mUOVr14
dayalan,+!A^Sqs_)4
dayann,)%5A)qVgr6
daybrandy,!dhYLkJw8)
daychristopher,%4(@9JmjMC
dayclayton,$t+1VG0oYj
dayjennifer,Jti4VrOMe(
dayjohn,#uCC$3Gv5z
dayjustin,E70HVog)$p
daykatherine,@oof_F7HB6
daykristy,$kjFcUUkr9
daylawrence,b0s1ZBiZ_Q
dayronald,lW5+zD+rd$
dayshawn,FWw(fKux^1
dbailey,a(%1GoejJZ
dbaker,#y1B)nXzn)
dbarnes,Sp&Y4ZQg#1
dbates,WJmE4RSn_l
dbates1,yy_80CocqS
dbeard,$IAVom+j3G
dbeck,9hqk62Uut+
dbennett,#YTMwR3n38
dbenson,Jb8UWWnD+Q
dbenson1,m@2@3_&fDZ
dbernard,BK6UoeCtS#
dbernard1,x78fOZFz^a
dblackburn,8!Uai958)$
dblackwell,%sY8jf8lu6
dbooth,0i3OqF7n&X
dbowers,R#W05MmE(E
dbradley,L%9VPbD3p*
dbradley1,k+!7NBKcy_
dbranch,@uy)7IEe*+
dbrandt,urwow5Jx^7
dbraun,+HBvni)!69
dbrown,(5Xl#43jw1
dbrown1,_8M2$1Yrkc
dbrown2,U$U(8SbGAs
dbrown3,1rMMXPyE_r
dbrown4,h51FK2nz)g
dbrown5,^MNbph7e92
dbruce,nf1W+YJNN!
dbryant,KzJ%i1Rl#d
dburke,mQX+9CvsT#
dburns,jx%@8VUqY4
dburton,@G&DRvLz^3
dbutler,dv7#YyMN#t
dbutler1,4&FWB#ni^o
dcain,7tvFAdjl+A
dcalderon,3f*vZTu_^+
dcampos,J@6BlHq881
dcantrell,$(pQbTf$C2
dcarlson,J+1Cq(M4#_
dcarlson1,w_S2fk&C#9
dcarney,cOj0Cgo*y&
dcarrillo,%6ACiwA*vt
dcastillo,*Ot5SfzO(W
dcastro,$CcIHVgh)3
dchapman,c7aDne@V%4
dcisneros,p%nh2Nwi+C
dclark,#x28Szlz$%
dclark1,b31TPlA&)l
dcoffey,0h9T44re&C
dcollier,L0DK*ehH_j
dcollier1,a+moUOzL$1
dcollins,dnX0C5cRi(
dcompton,xW$GGyzy^6
dcooley,N_6mFfnHDa
dcortez,+6Mn2fbaya
dcox,e!ot8Qpf_w
dcox1,^B2IrmMmE^
dcrane,e302YFaA&u
dcrawford,7vZw@PwD!e
dcrawford1,rCxUBnkg#6
dcrosby,+E(ZKyrx7G
dcross,*HDZlE2$09
dcurtis,#KYChCOL1b
dcurtis1,N#8nGuIasp
ddalton,#^1UY2V4(f
ddaniels,%3OVtj!m37
ddavis,Q82k+9VaSl
ddavis1,!*_2V0xdEs
ddavis2,$6N+xAZy2$
ddavis3,)5H206HrgC
ddavis4,O+Hn9DOj0s
ddavis5,%GF7iJ)s3Z
ddavis6,%IPZsTImT5
ddean,^&42#Jc8uu
ddean1,ic3I3FgSP%
ddennis,KtHEl0dv$9
ddickson,gkmM5VGua(
ddickson1,I4VAdvmO+w
ddickson2,1A8FKqjj&K
dduarte,#p)3JtIhCy
dduke,&0O1BMLkrS
ddyer,V^a8kQRp#5
dean18,Fb1IaPUi$l
dean75,^g0APRen!a
deananthony,F(u%@2SuJ!
deanchavez,!1+YHSalXR
deancruz,q*3JJ+x^KL
deandylan,Jpw5LUgZ#Q
deanjessica,5Y3FtQ^MB^
deankeith,1DXadrrU%#
deanmark,WNB&03Afu2
deanmichelle,)l5Ngkm37#
deanna02,^3Vs%MLsjm
deanna41,u^j8UYdr!f
deanna55,(M_3zJsjq@
deanna63,4a$2YGYwW$
deanna73,^P#!9Hu)fJ
deanna83,WzK2q8We%M
deannacarter,dN*2L3jORk
deannafisher,3kEd+98R_I
deannafoster,l9($77SdQy
deannahaynes,)6_K49TuQ5
deannahernandez,B1s59iGi!+
deannaibarra,Uo^t3Abf1!
deannawatson,@Zc0Dv$qVQ
deanscott,_vEbXbsM79
deaton,ni(FYSni%2
debbie09,5q_4@Bn+Kg
debbie10,)N@6fL#qIi
debbie72,M(1Nc$Eg!#
debbie75,5L4A8fk38#
debbie79,5FhQiEm^$%
debbie88,8ts4SMv6#S
debbie93,)w3PhWonZ*
debbie97,7u%3Ggo*+T
debbiecamacho,*9G9%7UqKq
debbieespinoza,M5UjyF!C+m
debbieevans,bku1Y%Kx_8
debbiegreen,@7ZvQEt&Ta
debbiehernandez,3mvVoh2F@z
debbiehughes,$MWylxbb35
debbieli,Zf4Z6CKr)1
debbielove,@(p0VJSQrs
debbiestuart,^R8X8hMc)g
debbieunderwood,^0twUjOo*E
deborah02,7rV1KDk@#4
deborah021,c6C&%+wa!1
deborah04,@E^MBGqzZ6
deborah15,9Z8Wlmgk^R
deborah16,aeF01mDx1_
deborah25,3GP9Q)Zk^T
deborah29,%TQ4T2cvlq
deborah30,1@3Gdj78l#
deborah301,nqTG5cAA*5
deborah36,%9THaj9h_h
deborah37,_2XwULAyg8
deborah43,HL9UwI8yN!
deborah61,)Mh3pjCsR(
deborah67,++3Gan@Otw
deborah69,*mgwP&5eM7
deborah691,OPy2GDv9@@
deborah84,*!#1UvwdaH
deborah86,X(PNC*5jcV
deborah95,+!3KZqWvcZ
deborah97,qR%8YHb&59
deborahaguirre,b_2D@xiU@%
deborahberry,f$4ontWjcQ
deborahbrock,&6Za(nNccT
deborahcallahan,l*Ze7ndmbH
deborahdavis,%XY&9E2pdm
deborahfisher,^gp7Ghp#+8
deborahflores,z#6EIvjjQL
deborahgreen,63H&QkA9%q
deborahhampton,#EX+@N1jz2
deborahhawkins,m%i6PlWjyv
deborahhinton,G(4LX4sKGw
deborahjohnson,&4vOeyow@k
deborahkennedy,hc)5YIIwt!
deborahmiles,34%%Luj8@I
deborahmurphy,s2FOG^lq^Q
deborahnewman,Bj39ybRr8$
deboraholiver,(5w&At+Qz8
deboraholson,9C8yS2dbi)
deborahpatel,&lFv2IorBF
deborahpayne,u)C7Txs!B_
deborahperez,b!16A1Un)o
deborahschultz,vVZ3Rp&x^X
deborahsmith,j1MVKu26%b
deborahspencer,l+4(lzDqj7
deborahturner,7y@0CakjsJ
deborahward,L6DYrDXA!T
deborahwatts,7nV8YJ@n(!
deborahwilliams,##N*NjbS3&
deborahwillis,OX28rOw8_1
deborahwood,@1zP1GHbtD
debra02,(8pzpAT6q8
debra03,#@)g@CKm5t
debra04,_b8Lt_cMOj
debra13,z2#copWd#P
debra22,1B70Ln+F#3
debra23,6k6Pi0JB)i
debra29,s4S9OH35!$
debra30,4Wq4&Ku7$2
debra46,cMHJ7bQet%
debra49,)y&KUX0R%1
debra491,Y0W#PJxK$4
debra60,4G1R+6Wz$r
debra63,&y2q#@AjY6
debra631,!d16yFrd@)
debra67,0*qwiXiX^a
debra71,o9)vGMkU%e
debra72,$5JmF6jc6r
debra82,dWQdBr(d+5
debra83,AA)_T3UxEv
debra88,#5P2E9hwB5
debra90,!03FkfpyaW
debraarnold,2SrKWrZu*l
debrabrown,^8^r3Cfs)C
debradavidson,+vRfVBx49o
debradunlap,x1%Dxx4y_C
debrageorge,#U#VRdlyt1
debragilbert,#8_JBFpx7Z
debragregory,NqCytksg)9
debrahester,BqD!9HwCbt
debrahoward,$8#DL8jn%j
debrajenkins,B7Z#JLxp!K
debrajohnson,vb1WIem#L#
debrajones,_KS71Y1o5P
debrajordan,5Ya7eSDv@p
debramarquez,skW1pbrs%2
debramata,R2t42VlX&h
debranash,$bAKVIxiT4
debrapadilla,M5lO7mDh*r
debrarichards,_j_j1HChPQ
debrasmith,t4f_Lyxf_0
debrasmith1,#ilBVv!x^4
debrasuarez,@rQop2ro1P
debrawoods,%f4TFgUtW)
debrayoung,_tCR6!oV63
deckeralejandro,&Va2W#FuP^
deckeralexander,vg+9OQlmb^
deckercory,I)69MmSVCb
deckerian,y$2BcxA8%c
deckerjason,!jf@Iz4j3+
deckerjeffery,(1jr8KOvN_
deckermichele,T7C7xBXn*2
deckerpaul,Dzb6jUvg!C
deckersamuel,+7m27Rsxdt
deckertina,$b1CCT+(o(
deckerzachary,+13(XZxd7O
dedwards,KI(c8nYeuu
dedwards1,Q_8PAnmMWY
delacruzgabriel,FRl*0TJj+n
delacruzmark,Wo#5KYqf^)
delacruznichola,U@(5R23l)8
deleonchristian,*$5#fsTfHB
deleondaniel,@yZ4BuotnC
deleonjennifer,mx6)rT!CY@
deleonkathleen,B9(0ODTqj!
deleonpatricia,eGCW#fO3^8
deleonraymond,j$by6Id#(f
deleonstacy,)2MILbX#d2
deleonstephen,(glUF1PqwL
delgadochristin,*EWhrt7v9T
delgadodeborah,5K1#LUnLw)
delgadoemma,!9BEWlESAf
delgadoian,@+xW6rn(x8
delgadojared,*d2+E$4k&C
delgadojason,(tiKZQw_%7
delgadojohnny,)Z!1xAejjK
delgadojonathan,yV+M$4AcCN
delgadomary,@IO3_RTc!h
delgadomichael,+fl%gEWC1r
delgadopatricia,SQ5UluwgE^
delgadosteven,&(5Xepyh7p
denise00,@&tU1ag)9q
denise001,ol)06Tfkn&
denise06,V3MqapZF^s
denise16,&h4yKdz*A%
denise25,6FkFgxFk%1
denise26,66@Q1LfaJZ
denise33,grZ%nW3k!2
denise36,a1#WaV1n%V
denise39,43L7Hc%j7+
denise47,Ax7_S6ct*5
denise56,iC!9CrodVk
denise57,v56xQRRiw)
denise62,)^2M8_9n7g
denise70,aK$6K#fDFS
denise76,7)9Hld+MNA
denise88,E(QKKP^x)0
deniseayala,^$k5Zrc7M3
denisebarker,_&0I^tPt_3
deniseboyle,Nz7VLdJf$k
denisecasey,((5ScNz(*P
denisechambers,^cN1*0Rr1&
denisecole,6&ZF9Fht^m
denisedrake,#^5UzNgw$0
deniseedwards,(vg5Wq4Lg9
denisegreer,%N(MdMfY5@
deniseharrell,&E3(NGfgt6
denisehayes,j6Rarfpu_Y
denisehogan,X_72E^VcfM
denisejackson,#8NJ0O5i@L
denisejordan,@ZeXg5KxQ6
denisemartin,&Ks5ZJv60+
denisemay,I0^4o&Kjyg
denisemunoz,#6(SWT1xWK
denisenelson,(#8jVVFNPw
denisenelson1,)WxJr5JcZ6
denisereyes,tJ$^v2PiRI
denisesutton,w3UX4qK7@7
denisewarren,d7oGN9r@$(
deniseweiss,^W6FZCxcIQ
dennis24,L1Rnvxru(u
dennis38,!6QQzgcOL8
dennis47,q)lB)2hsxZ
dennis53,no6zD4ml@V
dennis60,g^)IB2EtDC
dennis66,9XQt@kpi^#
dennis74,J+81EuUjxp
dennis80,l8ANAHzo^s
dennis82,H3i*87jo%Z
dennis96,mM07LERw(!
dennisanderson,4*U1oMKzm5
dennisanthony,&Y5oMD8x0O
dennisburns,qH^7dEjd(X
denniscorey,KQ7RJu+k_c
dennisdavid,#ilkxDmwF1
dennisdavis,5nyYKRO$#3
dennisgloria,De5U&jc_^%
dennishawkins,z%4jVUwBJ9
dennishorn,8yvBF_^&!t
dennisjustin,j#8oHkYl^m
dennislee,s&*0YWwbcp
dennislisa,(du2Yw9b6H
dennismartinez,vs!w#3HiE%
dennisrivera,(nXs3VmnC2
dennissteele,N&9DEc@lZM
dennisstephenso,+PCONJh7(6
dennistammie,D&7EwW%aeC
dennisthomas,vn%08HLq!h
dennisthomas1,7_RwzKrt&0
dennistina,jj9@D6Nid@
denniswalter,G(uF%3TccN
denniswashingto,mtVQ0SZAT*
denniswilson,K6BmwMD@_l
dennisyang,fw&Qfrir(6
derek00,bAXUoD5s!3
derek03,jRtO3PRc&M
derek12,O15AFluk^Y
derek15,!D7YWEybT6
derek20,g7#6M4Zb0O
derek21,vvB(pHMu(7
derek23,p28LeXEK(b
derek27,!C!O1dPnf2
derek37,$aB24M_rVR
derek38,l_07Xg8t$(
derek43,+sN^67ZtPn
derek69,8EwGS6Cq2^
derek83,G^6UJgaLfJ
derek85,BL)2#pJc_v
derek90,yx)07BmRm(
derek98,8(FFAiVf@6
derekandrade,E0xQZ%Pf$j
derekgarcia,__4GXUZl^b
derekhowell,@3BzWjVpGl
derekhuff,kzn7MBlOJ_
dereklee,)x9)A9SkZk
derekmaddox,U@lD8BIx6$
dereknixon,Fx+4BBw0gy
derekreid,B!NMZyYR+4
derekroberts,li^3MBda%$
derekrobinson,*00lAX$kDg
derekwest,@Jw*6^Hps!
derekwilson,53niKNvg!P
derrick04,&d7kHusgiJ
derrick07,^3%LDE1s_C
derrick071,3@H88SpcD5
derrick26,)^2HwuY+F8
derrick29,uwo7iOeS+)
derrick291,%b53DYa)gL
derrick31,Uab%J054!7
derrick34,d4FNptzi&4
derrick55,a_7kOpg)Xf
derrick71,6as%VzEv&8
derrick77,%9)$J8spAA
derrick771,6s(WhH(j%0
derrick91,aV*7FnbHR*
derrickfloyd,#t0gEwirgd
derrickruiz,!2X6OelhCv
derrickthompson,4*)#7sStxc
derrickturner,#5h_wHvpK0
derrickwolfe,8BWlhga)&7
desiree06,*8KYMrt%q8
desiree13,%5KWemOeNH
desiree57,*c2Xc4+ar!
desiree61,9UVfRb%9)1
desiree64,87bUObiq)s
desiree85,!EU@2Bg1ob
desiree86,#9d)sXpzev
desiree91,a)C26Mcch1
desireeroberts,!PQ_E5mr&0
despinoza,R87HEtbW!M
destiny05,^9LczP%r!c
destiny60,&9%Vl5pY)*
destiny73,!#9De$mjLC
destiny78,_t1!2EOpFz
destinyolson,7%h4NGRs5E
destinyrice,*l1WlQKVkf
destinysmith,9wG6KaS8%p
devans,*lyX42Pa4M
devans1,cK2TlHxd!!
devin08,+f2K^!#bYu
devin39,vVw6T7Mvd#
devin56,q14Ase6p^q
devin60,J6(^wZ9q)9
devincraig,h$3aqICf+B
devingillespie,1@C6SUWt)j
devinhernandez,(1F_jIQtlf
devinlawson,Pnbd6Mor!l
devinpowell,eN5peFth%b
devinprice,(8T3Kg*AMA
devinrussell,M3v8BRcF_V
devinsampson,g_l2CSasLh
devinstrong,_3JIjsDR#h
devinthomas,kf9eaPg(4%
devinward,#1YaLdos(C
devon05,#y$GA!Sdl2
devon51,BtR4IeF6r+
devon55,@@L7T@z*UZ
devonpayne,&DHLQvtw(9
dfaulkner,(pOmM&2tB4
dfisher,JFGV3Lv_*^
dfitzpatrick,^xffIfwn1e
dfleming,U+1E!qVpx*
dflores,kED0H0ya_x
dflowers,*6Ob3B8YCz
dfoster,9XKIEvDx+v
dfrank,@y*5*+NvJA
dfrazier,Ra1MYSj7U%
dfuentes,@6tmEO710v
dgallagher,+xtYa1F(I7
dgallegos,Q4n6Kkny%a
dgarcia,y2HQFDX9!1
dgarcia1,9n*Xa7Fk_V
dgarcia2,$2cNnBc38_
dgarcia3,A&Z7m#O*Yr
dgarcia4,n)75S5dY)Z
dgardner,Pay1OBd5^R
dgarner,lU57WIaTy#
dgilbert,A@9T2hKo(T
dgill,JMzaKFpu!8
dglenn,$GYPbb$A@0
dgomez,B_nQms&v(4
dgoodwin,#TwS3JNm&*
dgordon,Op%^xBf#)1
dgrant,^8JEjRsI(S
dgray,_d06OOnz)S
dgray1,8e#6omHvqE
dgray2,@J_6MJummV
dgreen,Z))2X#Endq
dgreer,(WTT0Nrds_
dgregory,^jJxeh!I2I
dgriffin,F27GiFjO_%
dgutierrez,#(83AzMSOi
dhanna,O3c4WUrm)E
dhardy,$1T&9CvOpq
dhardy1,M0GwsxFv!A
dharrell,2_r&$1MdSC
dharris,fb)#ZWap*9
dharris1,d1M^KHWg^s
dharris2,IQLJh1Om*0
dharris3,(6YoP3iYr7
dhart,C)N8BPv*Kq
dharvey,b27NZEqB(S
dhayes,(tJ(RPgbq4
dhayes1,&q2AsDq#Lz
dhenry,_wPgVkOZH8
dhenry1,%M8aR4mMel
dhenry2,)3YJu9Eh&2
dhernandez,Rc3sDS9s)@
dhernandez1,!iSHZVOa5E
dhernandez2,T&56xc*vxN
dhess,V@2#GEx7V1
dhicks,o)4Ew__ag1
dhill,$GDBN+WoY7
dhill1,$9sPOGMl@a
dholloway,V$X44JxjAM
dhorton,Cjw0hFda^6
dhoward,Jj4&O8R2O%
dhubbard,o2xUwxcg^1
dhudson,*3UaP0$bg&
dhughes,#zAgn2NpT2
dhunt,&#1UsXTiIX
dhurst,&tP0aeQce6
dhutchinson,&FLFwz$2+1
diamond24,yfa(2JAu&^
diamond67,G&9ILCHk7E
diana00,l%@4KAah$A
diana001,7XNHW5k7v#
diana05,ZixN5nExr$
diana11,9LE(5Miz1i
diana12,pGmt8BDv*r
diana13,^+04mPy+ix
diana20,(DbDYhbw39
diana27,x+0VhPxeXa
diana44,E9NbnfdF@c
diana75,)3AqRQeVy8
diana76,Sv8aaLahQ*
diana761,QEw(X3_fB_
diana82,5&^1nPyy*K
diana95,)6)!NZ&2pu
diana99,*udkXcCj79
dianabanks,u#2(IgcoZ!
dianacarlson,j7Wbz7Qu(M
dianacarr,(1xDScAGl8
dianadurham,1zI2Ipk%@i
dianaflynn,heMDV@3t+9
dianafreeman,a@x9D9HF7h
dianagilbert,gDgCBRJd$9
dianaharrington,u9$F0NiL%R
dianajohnson,avPkQ2Lxu(
dianalewis,1sO^VM0n$2
dianamatthews,n2!Ac3_i(&
dianamedina,09jAWid8!_
dianamiller,v5Jou*rX@+
diananeal,G+8Z9rJb5+
dianareyes,^g3IheSSYL
dianaspence,YyEjudL%_6
dianatucker,P@Ab8zsEEL
diane01,Z!7Yc_+JGE
diane03,h)8YlPlt#L
diane09,+pWN$Hz)V0
diane15,)5$LZj#Z_a
diane19,!7QNjwU4fx
diane25,R(xEZ3HgY(
diane42,#eDl1Oveoi
diane421,o1_7Hp%@1J
diane61,+9AWOIqX@P
diane80,^7i^3@IeLa
diane93,I5CsCvrY$m
diane95,*z*4KO6v#$
dianeanderson,U9fDKKlV%E
dianebennett,_!O59K1kz%
dianebrady,q8HwX0tb(x
dianechandler,U)A8CMVvr(
dianegray,+5!9oZ0pfP
dianehughes,i7Qfr^Lj*7
dianejackson,3*1#Hp6hyU
dianekennedy,3NUv5aTpc@
dianelowe,D@Y6UMkB9!
dianemcdaniel,%u8L9qSY7M
dianeparks,+77iE*sot$
dianereed,((3tP#If1+
dianetorres,+YO7ALqTx9
diazangela,8(f8cXyn8L
diazbrad,!1TrR^+g&L
diazdawn,8M7$Q4vFE#
diazelizabeth,$iJD)hQyK1
diazheidi,U2mG11@0_u
diazjames,d@8St)Yjez
diazkaren,7eHxgGBH)8
diazkathleen,nt87aHh)B&
diazkelsey,^hkM7CMGV*
diazmatthew,XTSqc#wz_4
diazmelissa,A7JfkPc^!9
diazpatricia,!HMJkh!_B3
diazpaul,$1G8LZYsG3
diazrebecca,xB0C1wCco%
diazreginald,Zt(2QFmoKl
diazrobert,k4ONVliz%+
diazryan,*&t8ZVcsV2
diazsarah,$5BKHpPB8O
diazstephanie,F1ITf#Rd&3
diazsteven,8YSJWzW$@b
diaztimothy,%m2DCcy*%6
diaztimothy1,M%bx5ERnf@
diaztonya,AvlG$9Ve53
diazwhitney,k(2_Xp2GL9
dickersonnicole,b@a3CMbn3M
dickersontyler,+7Nkxy9*rW
dicksontimothy,kw8RH^dh*g
dillon18,qm+%5QPlq6
dillon50,*4Rr7ulvO*
dillonbobby,x07sfUaa+F
dillonbridges,V1M1WhrJ!m
dillonharris,Y+S0+U&yVt
dillonlopez,@N(2gdLprG
dillonmallory,$$3J#e*RZe
dillonmcgrath,%2yMnc+je3
dillonmiller,2^I30V2Sre
dillonnoble,(HUj1$KXz7
dillonsmith,(I3B25uhm3
dillontara,5@!5W@0i+r
dingram,z6APKdlQ*E
dixonaaron,Zn0PycxcM)
dixonallison,P4mKX(fz^l
dixonchristophe,&Z4E)iVjql
dixonchristophe1,70#5VS%blf
dixondavid,*)F1cnMoCc
dixonelijah,)h7vO*qzU)
dixonjacqueline,^Nc3Jci$ld
dixonjeremy,)9LfM5eQ(O
dixonjessica,HTY7Uh^S$&
dixonjonathan,^kZONdQl7!
dixonkevin,^t9fOxf2*#
dixonkristen,nQhqoEtz&4
dixonleah,_@LUEqhX#0
dixonlisa,&wwpY5v_9T
dixonmark,3e)2HG5peY
dixonmelissa,4^36_ACyZu
dixonmichelle,1n&Vtz@t)z
dixontimothy,*DnQPFr^d1
dixonveronica,$XgBXEi#i9
djackson,tw3!Gia+@)
djackson1,5)C7Oi))*A
djacobson,r)iD4Qctd9
djenkins,8!B4X2Q!am
djenkins1,@7LuypbO(b
djennings,Fdc^7Nubq!
djimenez,@4wbq1Bh3n
djohns,eJ3LeQw9!E
djohnson,@4EmLjnhUD
djohnson1,h+0o__UeLj
djohnson2,*fL)5Y3!5*
djohnson3,$L%b7PDggZ
djohnson4,!UdNF$of10
djohnston,gM(L56Xb(^
djohnston1,(JXh6Tf4F)
djones,(BW)McSmd1
djones1,5zHZUpwQ$C
djones2,zSGD3!OuF(
djones3,f^2RHOCWke
djones4,E^)s4hzsuH
djones5,g*7NZ6mhJ#
djones6,q!8Lj9#l_Q
djordan,D8m!BNOg(i
dkeller,^WK6V07y0%
dkelley,&PwUfG8_a0
dkelly,zF*14BgVer
dkennedy,2P2zzVVh^1
dkennedy1,^rmG8YvzFe
dkim,QiK)3oZsyO
dking,!lb3YNAt)Z
dking1,gz1Yvw6Yq#
dkoch,#q4JVpatU8
dkramer,Azv4#Xk3H%
dlamb,raj5RdtBF+
dlane,*%&%ItQe!3
dlang,063bGHes&A
dlawson,#1SMa%xwbK
dlee,fF64GfAII(
dlee1,g)V87Pq5ew
dlester,S%zXdudx#7
dlester1,P7*D%pYq)4
dlevine,W2C6iJxJ@e
dlewis,#Bk29gKoh_
dlittle,OUJ7Br9f+4
dlopez,W411XZFh6_
dlopez1,d6@ATVvl^q
dlowery,(3Az_d*03@
dluna,@wCH)z!a7E
dlynch,*+w5GNAxU9
dlynch1,a7NXoC$d)i
dlynn,$BqBRPju$2
dlyons,$7#2lZEj(m
dmanning,$Tl)WKyFe6
dmarks,*8v8Gt@*Dk
dmarquez,RsXGHpGI%9
dmarsh,$2^T8Wpx$T
dmarsh1,Tb3GMth)^0
dmartin,%3(zF*TpFD
dmartin1,IhR5QDxG!F
dmartin2,VRD^J3Tg#0
dmartin3,*(u0tWxaUU
dmartinez,EHX0Yj440+
dmason,o*38pTCvlg
dmason1,^VesmYVq^0
dmassey,!X9Ilp3nP^
dmata,#mAZqTYB8S
dmathews,td5a#UWl!a
dmatthews,ll!8PlNhLU
dmcbride,(6FHZfPU8x
dmcclain,K)u4^FchNb
dmcguire,+JFRf(hyj5
dmeadows,c0Q9IKLt&G
dmedina,d)01(OSae0
dmedina1,(8QaBBb!Ph
dmejia,E7pZ&Mft_I
dmelendez,J32&jOZh#P
dmendez,5@F8sf7tLN
dmendoza,Z#9sV2Jvba
dmerritt,)hj6*IwpZm
dmiller,X5aAvS3q$Z
dmiller1,*53+MRw+bZ
dmiller2,+gd4UZd6eI
dmills,DGCuZ1Gc^9
dmiranda,Q+4KXdvTUh
dmitchell,U9G0J3Qy^P
dmitchell1,Ba*7SM0otv
dmontgomery,4g1$VVtb^0
dmoore,@T_M^&VEh4
dmoore1,@2N+&rUu7q
dmoore2,68K&+vZw@2
dmoore3,Db0MrohE9$
dmoore4,&TK5A^dlnA
dmoreno,!1mExKCrXv
dmoreno1,koW30Ip!O@
dmoreno2,%mnEvh#Mi1
dmorrison,p2DM9#uN@j
dmorton,)7Vqp(%k*0
dmoyer,%0ceR^IzgU
dmullins,^Q3lJof&U1
dnelson,G$UGi#OwZ2
dnewman,vlvOPDaJ!9
dnichols,)3NxrNVqSK
dnielsen,a%Wv8Ruzxo
dnolan,kYf82Lqcq#
dnorris,&A0MX8CmLd
dnunez,^YFqrJoGD3
doconnell,ei4QKb_MH@
doconnell1,$&&d2NL6is
doconnor,7DXn1jHR!2
dodsonashley,7ZMQ4HyG$C
dodsonmariah,+v79L2zngk
dodsonnoah,pa%7h*QpZ)
dodsonrachel,&9t^jFz++*
dodsonrebecca,Ew_6L3fQp*
dominguezaustin,(4DZNd%EL7
dominguezjack,+0rUk^tz1G
dominguezkaitly,#FPiF4uy12
dominguezlauren,2fT4Tr9@)O
dominguezlynn,M&4+#3fO4I
dominguezmary,(1e3GsoX*r
dominguezpatric,e)k9BXb$qc
dominic37,_3tDuzf!+4
dominic47,8P9QX3ac^9
dominic98,aP)9SGrz#V
dominiccollins,o$g1xSZo&N
dominicjohnson,*1QwpWf6*c
dominicreese,7hCwwdBv@B
dominique24,^w9QGyvj+t
dominique30,rZ5!Iwqpt@
dominique60,jR7qXspCg&
dominique68,NH0R4P4v!)
dominique83,_XQTg&ku3m
dominique87,!050Lhu1EZ
dominiquesharp,I0T98Ior&@
donald00,g9iXJO26(j
donald03,_5xnC(i8kh
donald07,^_qQNMzA7b
donald19,j81Q#z#r_F
donald22,*t9$YYmv(+
donald28,+6Rp@E*ezT
donald31,$2*WoJokvR
donald32,75pmNheQ)*
donald33,73FYK+0b@6
donald34,0wcr!Brb@$
donald38,QJ2z1&Nc$@
donald42,7WcGVkXm!e
donald45,l*P3$JrvbO
donald451,5pexNnWk#g
donald48,(M@RDFulE8
donald54,Y29Ci)Ez#V
donald541,Wu!wpVdI%8
donald55,$7Hn^rz&gQ
donald57,jHXdxR7s*2
donald65,%LB8Ss!xs4
donald66,4n!y1oBvN4
donald70,^4K7(kPgPw
donald72,vq53iMS+@0
donald74,+^gAtll38o
donald741,(0FykwreEq
donald79,++7CVSSeoh
donald80,@_y9IFwIr5
donald85,oR!5dYtGBw
donald91,I$n5PHtmcX
donald911,%O0NtCBzZ8
donald94,K5@DHWyW%s
donald95,TSu8P$p_@D
donaldadkins,E6s#7Ltg%a
donaldbishop,!2uFOTes@O
donaldcaldwell,V6GE2Zys)k
donaldgilmore,W%4PbULz#J
donaldgould,*2tzrRofaB
donaldharris,7+3LjmAda^
donaldharrison,HvWB4iKf)5
donaldherring,&Jtx2Ozqv6
donaldhuber,s17GkTx+@w
donaldjohnson,7&4zSbA94a
donaldlarson,WCP1trx5m_
donaldlucero,GQG4w15u(+
donaldmartinez,9^8kNdA3$5
donaldmatthews,$LODjAbQ4l
donaldmitchell,D%5Xfan1Po
donaldmurillo,+6MvXe4#cH
donaldoneal,_7xCJkO^EF
donaldpatterson,)*MQ4eNt0!
donaldperry,!72jRWfU)c
donaldphillips,#5nO0HexfW
donaldprice,#)&M7gYvvf
donaldramirez,QFgXn9Hj%m
donaldriley,C!6In!shP4
donaldrodriguez,FQ%U87BzHE
donaldrojas,6xQg4MCts!
donaldsimmons,+((^Jh3we6
donaldsoncindy,Xt8GOia&$n
donaldsongeorge,Ci&1Li1ot+
donaldsonkim,O$2vP&FjM1
donaldsonmichae,w2+FCV9Q(^
donaldsonrebecc,(^sNSF8qR3
donaldsonsarah,*7L&#&bkGS
donaldsteele,tISX@2Cwb%
donaldwhite,_9VPY7cvUx
donaldwilliamso,)7L3xC&mFe
donaldwright,_%1gDI!jxN
donna04,q)3qIXg!TG
donna07,@b%Q2qZoQ)
donna071,)GR97Y#rRt
donna12,(@VbbQUS#3
donna15,)d+4FAadF0
donna16,^XK&Iov&+1
donna17,5zKg(3$**k
donna24,RmWdsLWi#8
donna26,op0T59XN8^
donna27,%%86Quor(9
donna28,+8NCatEo%0
donna30,xnmC40eU@8
donna32,nwW7KYiHH#
donna41,Dg1zApfv%h
donna42,!7*InCEAKf
donna44,M&pP_9Zp#H
donna45,y$^15Xp2AE
donna60,S2W!F3Ijb+
donna61,B!c97YawML
donna611,8b_zcABs$y
donna63,aAgfv3Pg+z
donna69,ip^IK4Ixpa
donna75,_#02YqCpPq
donna77,R%X4HU7BHc
donna81,s4(AezGD&T
donna86,&8MPIEj3ai
donna89,oY39N@it_e
donna92,(3oTqoxr&2
donna921,9I(g9_Ib!B
donna922,K65A5jh(_m
donna94,CZuLeZsn)9
donna941,%ocx2zBzB6
donna97,Qj38P3UbD!
donna971,W(808KlMI&
donnaarias,adF0O9Zw$1
donnaball,W37fN@st%3
donnabennett,&2VUSfKW^9
donnacole,_3#DsYe3mI
donnacollins,^ZMsX+mFj1
donnadavis,Y%@25HmjO4
donnadouglas,hzk9ICbqo)
donnaduran,zXBDu2F+(3
donnafarmer,T^+tfi0qQK
donnagarcia,4TpBn&D#(R
donnagay,+e8DFdwRrl
donnagutierrez,)3D4vPUa+c
donnaherrera,1Ph!U3C%@c
donnajames,((015Tw8DP
donnajimenez,w_YSFi8q@0
donnajohnson,#SrQmr2zs6
donnajohnson1,507vIk7u1(
donnalewis,%i78CpeSRH
donnalove,dq7Lmgvi#1
donnamaxwell,+R5KClkf5(
donnamoore,%fU$Sw)F8y
donnapratt,4&l6r5Yat@
donnariggs,%vQpeviRG2
donnastone,@xc5+ZvAe*
donnavega,ss2FJVe_!i
donnawallace,Rk6QiWb3c$
donnawillis,LAU2(yheR)
donovanjennifer,&C24MQdfBb
donovankyle,Ky2OxCih*#
donovanolivia,pQ!1rUue!O
doris53,+yR5KTUFd2
doris99,S3Ukwak@$r
doriswebb,@qO%1%NhA*
doriswilson,$1o(AKscLl
dorothy42,A)gZ10Dd^P
dorothy62,tlH2BsKqq^
dorothy86,z1ygGqGO$7
dorothyjohnson,Mr@3IAjbS#
dorothyjones,Bc1&YjyjN)
dorothypoole,b2gTunKK+l
dorothyreed,Kw$)^5FF&&
dorseyjimmy,h7Ii565b%g
dorseykelly,%0HZ$UyriR
dortiz,9jPNN6UU^g
doughertyaudrey,3v6QDQtv*6
doughertybrenda,sd@XN1TsHi
doughertykristi,V8)MCxCw$L
doughertywillia,OWzw2Sxsi^
douglas05,5fZE2Qf1*Y
douglas10,WUe3KiDdL_
douglas16,Q*1Z^4qhjf
douglas19,D%7Igplc_+
douglas35,&ko$YqQBO8
douglas40,&jO!#Nyd9W
douglas45,1)hA$4GrQM
douglas49,_5K0_mrB#w
douglas51,)!6BrKkBgk
douglas58,6m6lDxql^a
douglas64,65(G8CMq%j
douglas66,*5QFWphj5Y
douglas75,R_S+2VJx_c
douglas81,BwHuwX9x#7
douglas811,MOB@1QRd7O
douglas83,^N8j6L5dOm
douglas86,#34leGwz1N
douglas93,%9FN6qCvl@
douglas97,)0AmGhY#YJ
douglas98,(klY^^Wp2(
douglasbaker,bw5OkzXT6+
douglasbaxter,jv9G9h8(Z%
douglasbriggs,wkOaca4*%4
douglasbrown,*&Nhcty*0V
douglascaldwell,Xo1BeZoI+j
douglascline,Wgo!2VLs^#
douglasdouglas,QQ%6dSbo0w
douglasedwards,!uRbLYv#)0
douglasfranklin,^t1G#8j!%_
douglasgraham,2&4WV)Gu&l
douglasharris,j8DYvmx5%8
douglashaynes,@U6gsXhU)&
douglashines,__kRK1Mmw5
douglasjohnson,zDzHqj!Q&9
douglasjohnston,c#6NAEIa$T
douglasjoseph,V(uZR%ot*1
douglasking,kBmDSTqQ)9
douglaskristi,!B&8eiBcf4
douglasluis,qM&2VgW&xB
douglasmichael,$K6lJtJsf#
douglasmike,#iNbBGzJT4
douglasmiller,5Nk)IcoJ_i
douglasmitchell,5&3mY$%kuW
douglasnguyen,X6HwJh#G+T
douglaspark,@#RuJ7oH1B
douglaspeterson,&p51ZueoS*
douglasramirez,_8IHkkEd65
douglasrandall,$OD*Q#4w24
douglasromero,D4Ykh9Tl+t
douglassanford,)L4m2J0u!g
douglassullivan,&wMyx#5mU3
douglaswilliams,T7kdJYco#0
douglaszachary,Pc3HCU^)R^
douglaszachary1,_bL7z*3Xi5
downsjoe,$dXOhLfVf6
downsmelissa,9#QEyMzq^x
doyledebra,FmYWwvh(*7
doylekatherine,kZ6TCkfm!A
doyletheodore,*1^_WFJIh5
dpacheco,XRWI4oEx#B
dpalmer,+v4KsMDy8N
dpalmer1,+xhLMFrE9B
dpatel,3aIOb_#c!G
dperez,isr4E&s%t_
dperkins,e%q2xYNF+q
dpeters,X@e8j3YjxQ
dponce,U%0iM41nbK
dpowers,$i*$%SbV8o
dpowers1,)HJ43Nam^9
dprice,x#2o*3Zo!V
drakekelly,#4ZIPJhQQX
drakesharon,)xG_8ZhWA(
drakestephanie,2F!bQ8VgAT
draketiffany,_8k^spRf@%
dramirez,L%E3MAjI5T
dreed,Kr4Ff_Uf!U
dreed1,b!i0R47xyG
dreese,w@7EP6lD_i
drew69,t)cw2%JRSn
drew87,+15SKkX+*E
drewberry,(cVbAE+e(0
drewhamilton,X(6W1psP$r
drewhayes,#1Ypd!O4g+
dreyes,L1Vg4ox#+k
drhodes,%_rMu+SYJ3
drice,#GhIQqbgC0
drichard,IaPe0oJYm*
droberts,@9cLdnmqX0
droberts1,pV8S*1pI!5
drobinson,%eg0ipAm5%
drobinson1,(&5OHq^(fF
drodriguez,ce1cjX0x&m
drodriguez1,%8AIJAm%oH
drodriguez2,O0br4Jb3%+
drogers,JZ9C66ZpY$
dromero,CUKj0UmR_j
dross,@2ALWrWp+!
dross1,Y8)9Oc)8+1
dross2,%QCLowp)1d
dross3,_)Qp9KE!gk
druiz,j@GB8W4t%K
dryan,a4I$eGgi_h
dsanchez,W#V9@S5v_f
dsanchez1,bL@8E5uqqP
dsanders,F2wGaWTy@r
dsanders1,iT#7Hn1Fr&
dsantiago,M%1IbDO*tg
dschroeder,&5D6Uf6(q(
dschwartz,4l6Tdbz6#p
dscott,a3kPBQSi%d
dscott1,U$3Ka6(eI+
dshannon,0%bC63T(Hx
dshelton,+mWEbqBC6o
dsimon,@c+NZ2N@75
dsmith,^8!(wZqW_Q
dsmith1,RHe@6Om9#J
dsmith2,@4bpUsPv&U
dsmith3,3bP!rh(K_t
dsmith4,AEG9UrXxP@
dsmith5,&2BA0Azc0X
dsmith6,Ik+5AGpn@x
dsmith7,tE60rvGav$
dsmith8,&6e+D4gh1Q
dsmith9,!zlBx0Wcmh
dsnow,mhi1XgkNs)
dsteele,3Y8USa91Q%
dstewart,_P(p5jHjUI
dstewart1,eeF1N4qn&9
dsummers,y24a7GEs@o
dthompson,yC8CiO$B#B
dthompson1,)$81f&FkFV
dthompson2,L(83)DudJW
dtodd,&X1Cfod1pP
dtorres,6&7kKOuaUf
dtorres1,^7JiJwAF)*
duane28,T)43ZjgK_!
duane77,#8f6hgJrKS
duaneaguilar,n53(FX@si&
duanegonzalez,Y44I$okW^(
duanegonzalez1,(iQvTwm2u7
duanephelps,%4vs0XMfN*
duartehelen,20n7V%pm!s
duartejeffrey,^!CVIs2la0
dudleychristoph,jmuJjbnq!3
dudleygeorge,_T5C+Bq@O!
dudleymark,&I4)mUqahX
dudleyronald,)U99UitqMi
dudleytony,#iwGvbzf_6
duffyrenee,$YH4NuZPb#
duffytanya,+u6UVT*y#L
duffytimothy,kd+0W)x&@X
dukedaniel,D_3ZACh*4&
dukerachel,%*gsAOy)r9
duncanashley,%f0VPOt7kn
duncanbenjamin,^s6TpvA8s!
duncanbruce,%6CyltS76b
duncanbryan,5uSFxc3B^h
duncandiana,fZ!9U8ot#O
duncanelizabeth,gG6aSHkp^R
duncanerika,y3d4EwwL(X
duncanjames,+SDUNBTy0B
duncanjoyce,1lVJb159#%
duncanmichael,ew97KphP4_
duncanmichelle,_AUiGxtn60
duncanpeter,@yyu4RehJ!
duncanrussell,^esPFawJ91
dunlaptracy,Cx9$ynZr$(
dunnannette,_d%6Y6ftnb
dunnbrian,hQq7AXOj!&
dunndawn,Kx4QCsLT%K
dunnemily,9*F#6AUqQF
dunneric,A$@3Uh7SDP
dunnerica,%B3DsWRd_D
dunneugene,+R4I9m%*7a
dunngregory,(8J4IEqEcs
dunnjessica,3EH$o6%i*B
dunnkevin,$WFMwM)eF4
dunnlaura,$($31Tte%&
dunnmark,j))83SE*bh
dunnmatthew,8O$@xoIt#b
dunnpatrick,3$6ItqAE2^
dunnsara,X*e5OXecu5
dunnscott,%4Iie3O$*W
dunnsteven,2$3ShqU+7Y
dunntiffany,_n9h$Kjr(h
dunntonya,Tf4XH(KA&6
duranandrea,@X1A6Tu^Wc
duranchristophe,E7_XlnCl$f
durandaniel,4#u0Tdsjq1
durandaniel1,F@qRJ1gtXF
durandavid,Q@6@)8tm0E
durangwendolyn,P3%W5Aqi^M
duranjared,i+!7JGFd(L
durankatherine,$9sH8*Yb*8
durankimberly,+0YO6Lni3&
duranmelissa,_cq8KlLds5
duranmichael,@wKF0!wr82
duranpaul,Y90T@uIb%&
durhamalice,+wZqLv1I%1
durhamdanny,)B2!Es9jd*
durhamdeanna,!43VqWyqMT
durhamjoshua,R19w5ZHcp@
durhammelissa,qL24xSHe*b
durhamsarah,0$Ym%9Js*n
durhamtimothy,&5CORI&P1k
dustin03,V)S4RgP8s)
dustin05,qy7_GLrN$+
dustin23,&8K#d%RL#5
dustin24,4hSw3SLS*%
dustin46,9FFMJsNg+6
dustin48,04MYp4Yn*y
dustin50,)p9GKe@w6T
dustin57,a2^8OTswC_
dustin63,ov6ElXFDU)
dustin80,Bs7G&Pr!%i
dustin83,f!B$4!Ss)^
dustin86,wh7*A6qaW%
dustin90,7_0zbAaUoj
dustin95,$0YQVId8W+
dustin97,l9DmjVoq&o
dustin971,6HOY1q9D@Y
dustinbarry,_V84VZTb(*
dustinbell,(wkM@Bqwz7
dustinkirby,fr7VT_HB9+
dustinmahoney,i_8_wYj&1%
dustinsmith,#YO1JoNe^6
dustinvega,+1oRM27Qna
dustinwarren,)KQOgm8hs6
dvalenzuela,tY3M@%rV^r
dvargas,$N2C9T)cW1
dvasquez,U%8uMiug$u
dvega,IiF^2KYf4H
dvelez,)0&qmJUkK2
dvillegas,$SF5K2TrH5
dwade,$5KWZwan5A
dwade1,_7FhEs#T7a
dwalker,n9%7La(y(3
dward,3v#KVaHc*L
dwayne14,(w6ZfdXnjM
dwayne20,#uN+NVbna3
dwayne45,5+24lzL9nh
dwayne52,4$xpLaum_7
dwayne56,KqHL0nIo_4
dwayne63,R^67W7OnWH
dwaynebooth,+oe0EAEj2K
dwayneburns,MG5PBm++8(
dwaynerodriguez,aiC6rpEnm+
dwaynewallace,@Y3Zu3TODM
dwebb,PtL(BebS)0
dwelch,V@d2FeQGr8
dwells,@)PcxxXml3
dwells1,r#Z6HuNBVQ
dwhite,_76ICUw%y#
dwhite1,@m&60E+qmc
dwhite2,!3qUDnmwqE
dwhite3,Do+8EkrhmS
dwilcox,(3JHSqzsx9
dwilkinson,#i1*L!GxmH
dwilliams,1L4RCmyB*^
dwilliams1,c$u3^!pXBU
dwilliams2,s0MHL_2g(1
dwilliams3,(O8HFldPJ2
dwilliamson,*4K+dWz6F8
dwilliamson1,(gxf6Kjf2(
dwilson,^BzYldTPa1
dwilson1,4N@_&mze)B
dwise,_fYLd+z*6i
dwolfe,)7gJNdNu#y
dwong,@D9WodyTpW
dwong1,d0ZKogJw)S
dwright,x5B(BK+J_m
dwright1,+8xXbe7QqM
dyates,%n9XwLyH%m
dyates1,Xsj#tJk5%8
dyerdiana,Fe&WZYXL!3
dyerjohn,yYk&n@sj&8
dyerjose,V&7FCsSk1Q
dyerlisa,+%+96VNk&d
dyermary,1l^RQkxo&h
dylan04,^6ZJuv$FsB
dylan12,)x4Lftpp5R
dylan20,f@J6lJHl6L
dylan29,)1WXClJgr2
dylan46,&JPJyMsN#9
dylan50,14^1TwLi7m
dylan64,o03^9B8E*y
dylan83,!*KPJS)fo7
dylan95,u5EifGGV$d
dylan96,KGj+4Kavj&
dylanallen,_5DO*aOx1x
dylanbrown,y8AKt&)6$r
dylanchen,yG1GcJyH_6
dylanchurch,AFzM1L)u9(
dylancochran,46QH!%pk@3
dylanjohns,Q)2JLdc0)i
dylankelley,S^Ns4gnC^C
dylanlopez,85CoezSN$*
dylanmosley,i3PP+qNP&4
dylannicholson,q&b8G9fsEK
dylanpowell,+^WCCYxn6x
dylanroberts,Do10K%NjZ#
dylanrodriguez,igS8JtSav+
dylanschneider,_T4idcJur#
dylanstein,7#7_4BiqhI
dyoung,&MW4jSeXwz
dyoung1,Vc$7L$h4Y4
dzamora,jt3BUSEbS%
dzavala,l(_2I7Hp7u
eabbott,@3VCTRpVAU
eadams,(AdYBMgki7
eadams1,&2Vj%Z*bs7
eadkins,F##E4G$e%3
eadkins1,)l460hFj$a
eallen,X_WQEgp*#9
ealvarez,#3z7CX7q4l
ealvarez1,*aJAu64Lr8
eanderson,S6&c)4Tm+@
eanderson1,&4Sew!Ox$5
eandrews,$y7WW)gY(n
eandrews1,&VYs3#Ql%1
eandrews2,^e8FjVQi5J
earcher,@X60AJ9dPw
earl75,NYK*8V^q*f
earlnorman,q1ZHhQLC$3
earmstrong,F+3G_xMrL%
eatonamy,Nr57&(B_!@
eatongerald,62t8PdoD*E
eatonjohnny,Dl%84YCo&M
eatonmargaret,uZN6(mewc@
eatonmelissa,7&6CsBLnOZ
eatonrobert,JmN1Ab@h+W
eatonstacy,+Rm%I4Pfa1
eatontimothy,&3@3EzcS&L
eatontracey,*$tr9Lc_9z
eaustin,^bK(#B8i18
eballard,F4pI+)ti*^
ebarnett,H*5v!Ncc1U
ebarton,(3rnt9Ly1J
ebates,%6FIOLv&bF
ebeck,M%4(HDqet8
ebell,L%g(I6AxU5
ebennett,Vr_E1hhP)6
eberry,@pW%3wBr^&
eblack,)@j7TZhg!3
eblackburn,@X2MJH!n%)
eblackwell,Nwa7UTlwx_
eblair,!fsL12GcZA
ebonycontreras,q+2VWxnpPa
ebonylara,qiQc9K4sf(
ebowen,OOls2Myg(2
ebowers,#%p3ZB_o1)
ebradford,958Xemx9%f
ebradley,lO6Udp8oi@
ebranch,_5*XYd$i0m
ebrandt,@V$SQrjL50
ebrewer,g3XNp*Lp@F
ebriggs,4(Uhp4qBOH
ebrown,$jAL6+pf&1
ebrown1,*7(z6PXbHS
ebrown2,0zQ2haBu))
ebrowning,giFqg2&m^3
eburgess,K_84i2Pbag
eburns,cJVYW(rF^0
ebutler,0m9TWzcn%h
ebutler1,*5yQUCb*PA
ebyrd,*8f2Ynxyt^
ecaldwell,X^)U(8Otyg
ecallahan,6wLIJ$K(&o
ecamacho,(A6kEwFoK3
ecampbell,_r6N#5jx*C
ecampbell1,&%xD9IXuqs
ecampbell2,fit^4HfPz^
ecannon,_R8H2xIl*o
ecarlson,fkgc@0Bu2e
ecarney,^u4$FRthCM
ecarr,*HD5lkP87v
ecarter,&kb8AP&Dv6
ecase,uC4JNxi)O@
ecastillo,x2#2FbBv!k
echandler,$s)HqT*n3f
echang,t5x&I_ju%T
echapman,c%3ap8MadB
echavez,9uZUA(bv#c
eclark,pfr3GZur7*
eclark1,0Dw)2eRrS!
eclarke,(4)i8WB!wx
eclayton,)25YXHEa)9
eclayton1,tt3SO%1x%R
ecline,)BwKp3WtV7
ecobb,&q5iKonpJW
ecoffey,@6T*Xtpz@T
ecohen,%4QAah#J!2
ecole,tk0!Rnj3^_
ecoleman,dGKZFhl4)0
ecoleman1,%7xuEeog87
ecollier,#gV%4*!Wg6
ecollier1,72*KyVmL_8
ecollins,!5E)qSuk*l
econtreras,32LbFcll!1
ecooper,*%$HZbdd#7
ecox,+7s(BJpimW
ecox1,p!1O(SFuBK
ecrawford,j+2)PTowXE
ecurtis,t_9)M#lvE_
edaniel,gI9rNYw5_l
edavid,*6#%pSa2%F
edavid1,o@4lNbAqQz
edavis,#S8!pOm3w1
edavis1,T2IT$KZ@+z
edavis2,9uF8YSrS)3
edavis3,R)q8meRzp%
edavis4,Hxu@2PPo%a
edawson,@yV)eRwdz0
edawson1,lr7JXy&!@2
eday,(7EsAmv6@8
eddie46,1n5G9iJ)B+
eddie55,@YBI6Ocy+7
eddie61,XN+0OwmLDY
eddie91,Br(_2sLgSb
eddiespencer,Dz_44Djva+
edean,7&2Bz1LutA
edecker,CTj3YAdB6#
edelacruz,#hOJKSwCm1
edennis,#2XS7s&@vG
edgar12,(9*YPMUnR&
edgar80,!5LYwBdtSi
edgar96,np7GtkDx*H
edgargarcia,urF6eTKh)h
ediaz,()5oWB^vkX
ediaz1,@zGGClfm2A
edodson,+B8yKEhb@1
eduardo25,&8TBHIggoT
eduardo35,Bn+t8Rvocg
eduardo71,i)U3AKqK+m
eduardo73,$36&b7Pzgy
eduardohurley,%44xx3Dw6W
eduardoowens,n!zGxSwg%7
eduarte,bpLDWc2e)8
edward09,HLHx_3Gd_h
edward18,dv@lW_jk$2
edward181,cW^3OkWbUJ
edward21,_W3bVgQb02
edward211,*r9!oZEB($
edward36,g3oN6Tib&O
edward37,@hFxcymu)5
edward371,#5i4YlpJa$
edward39,@$CXA9_a5E
edward46,_H4VN0aUF7
edward47,k%j9U(r#A_
edward53,!nz56LZa%s
edward60,WC4#!(zfo!
edward64,$L2Xs(amI&
edward66,+2QRrTwE@5
edward70,vbKVu70)&9
edward72,51OH$SMw%)
edward77,f^8TViy_Q$
edward79,(3PXrssm*F
edward80,c$1JU5Ts(G
edward83,FBw&0IGh0K
edward86,H2S+i89)&w
edward87,^h3iD6nrVW
edwardbarnes,$YS%VQnP5K
edwardberry,)1U8hRWs7i
edwardcallahan,Y@w5NNbp*3
edwardcampbell,er+*5eQtmk
edwardchang,Z^5B0w2kE&
edwardchavez,)c30KGvkGl
edwardcisneros,wX95yZRi6(
edwardedwards,s9$84ZwnOq
edwardfields,Ts6FMi+WP&
edwardfoster,e6n6I_)R@G
edwardgibbs,*#8@Cmbrgk
edwardguerra,S^1oTRVA9b
edwardharrison,yJ4cZqNd&%
edwardhayes,%iJqRgr$r0
edwardhill,5$VP7kfz$b
edwardholt,o4EoHOfK)A
edwardjohnson,^D$_SKJb%5
edwardkane,1@(9Kq5!u(
edwardkelley,+9iMJp_aSD
edwardlewis,)1LJVLwP)P
edwardlewis1,nPV7NKmo@5
edwardlogan,%4Mq8(fwnY
edwardmarquez,!seqPm)tt6
edwardmendoza,u#B78oBhA#
edwardmoore,ne*8Jco8_z
edwardmorris,$9ET28x25H
edwardmyers,O3Wyn36f*C
edwardparker,ZZ3QXcpnl@
edwardpayne,*3%oQB*GOt
edwardrivera,#!4EvXnl4*
edwardrobbins,iO9tKl(sy(
edwardroberts,1_pz5ATJ!u
edwardross,sptR8(Hg(5
edwardross1,F9l0^+FoO#
edwardsadam,_F+5oLe&4K
edwardsanchez,w%)6Qfb#NQ
edwardsangela,+fcTJ8FT_2
edwardsbrandon,oX)0FpxM*c
edwardscarlos,_q+7ARJtAh
edwardscristian,+9(3SBLc*X
edwardsdavid,N8c9MirG^i
edwardseduardo,Qz4zhNHUI!
edwardsjanet,$L3X+XdGP)
edwardsjennifer,)9AOAhu9JM
edwardsjohn,A%4mxZfk)P
edwardsjohn1,pW4eYHOf6^
edwardskathy,cL&%4&WhSh
edwardskelly,_8VNq5J0^q
edwardskevin,*rluF+Yn6@
edwardskristin,O#917CyW+3
edwardsmall,#+Kr2Grih^
edwardsmarie,_&_20I+ydb
edwardsmelissa,CA5!8Yd)3c
edwardsmichelle,YRR@0eOefQ
edwardsmichelle1,B%6XOhddDc
edwardssally,$+3B&3NrPW
edwardssarah,%2IJei%l9T
edwardssarah1,)qFU9St3pt
edwardssonya,$&3Z!v8eMB
edwardssusan,*m6Nl4Mo&A
edwardstephenso,Wu!G)5Djb!
edwardstheresa,+9^AcWVcP6
edwardstimothy,(TjGtgnR6W
edwardtorres,7c@6erDsi#
edwardwaters,)3r)C6rrgV
edwardwilliams,$0Ksj6myDu
edwin09,(3yE8TFn+2
edwin54,^391aqJyPe
edwin57,*@@T5M#a#Y
edwin66,)!9N&7jYPM
edwin67,u85OQT6q_1
edwin68,2s+J2Uh$Ob
edwin72,+46DRu$cz_
edwin80,5+8QR*0h9%
edwinclarke,(!f12FAufz
edwingaines,$)E2Kpor#D
edwinjohnson,X$_4G29CYe
edwinmeyers,zwM341Bdr^
edwinpreston,B&1+U0Zj+2
edwinross,KbZ0lF8x$5
edwinsimpson,2(aj7Gw4gf
eedwards,GU^r6kZlM_
eedwards1,YQ_6aUKj8n
eellis,S#56Ybk013
eestrada,*W4K$gVqRS
eevans,sF@q8DBts+
eeverett,T_9_4)Vl^p
eferguson,Cp0fOBtQ+d
eferguson1,&fa4CW@o9i
efernandez,2wnZxP2s+0
eferrell,x*8lTGtBvs
efields,*DZ0LdIu1w
efields1,1xi4RjtSA+
efields2,B9ey3Hq9P+
efisher,!9vmK(Cs@D
efitzgerald,YjA!yzr5_8
eflores,^kNWQiTV20
eflores1,05Ud+0wH^x
efox,+5eV!apsZL
efranco,_#E7FxQd8%
efranklin,q3ep5V_m!a
efranklin1,&wIkRRlYe1
efritz,e99KpZul)m
egalloway,!12Nj$cG4E
egarcia,G*v7+fV1+g
egarcia1,$*2spSxxlM
egarcia2,+8_wAxR@jB
egarza,H+68Ube61$
egeorge,$5aNl&M5fw
egibson,okr8HPud*u
egillespie,B&%3k5@wKO
eglover,$uZT*(Bat5
egordon,^4Wy%q3_&@
egordon1,TT8&^Lik$$
egraves,qsdEHxlq)2
egray,t3ZgEwKd+p
egray1,u5Og&2hI(F
egreen,yGLCc8oD(7
egriffin,x4YatXRp^y
egutierrez,@7utqF$i^U
ehammond,D0FnKzMU+F
ehansen,tTd0MBhxn)
ehansen1,)X6BsyEI#4
ehardy,XErRG+tk%5
eharris,@VZ2WCPo2d
eharvey,&S5*OjYZ3a
eharvey1,+R20!WoPId
ehayes,9@6gBSf*_a
ehayes1,CB2i)QHi9&
ehenson,r68Gf545!P
ehernandez,If0ZS3^yJ&
ehernandez1,8)2SlA8qvQ
ehernandez2,!a5*iJpVK#
ehiggins,(gpzSBz&9T
ehiggins1,2Q7KZOxg$B
ehill,893T5QWkF&
ehill1,+b1Wz)%u&i
ehodges,@XBqXYtvC5
ehoffman,F0JBMHAo#%
ehogan,!9y9MbOt3I
eholden,HO0xfVfjq%
eholland,&5BDEE6d*d
eholloway,^3x#9Ti@^e
ehoward,@JPOKVSc85
ehuang,%l&3Mdpfl4
ehuber,e6M*5Uur@n
ehughes,#xwDDPSzv3
ehughes1,1dDYox)P(z
eileen25,1P(7zzTuD^
eileen61,@E6COkuNYq
eileencobb,Ie6dwqSD^1
eileenmitchell,MOF6TrYr&S
ejackson,&o9RvY^iPP
ejackson1,mSPt2Taj(4
ejacobson,YoEYAcJL&2
ejames,C_B^Mq4z$4
ejohnson,2oGe%PAv!3
ejohnson1,TM1Uhsz9*R
ejohnson2,^0T^yBe_aF
ejohnson3,%4*yLDux(r
ejohnson4,*96QvoXl+m
ejohnson5,a9Lw#!f)^)
ejones,FB6NXeWh&S
ejones1,C*2PKtHt3#
ejones2,mG+7Qjvy3)
ejones3,0R4AW4yy*b
ejoseph,EcDjaPWB@0
ekeith,&8_aD^sz$Y
ekennedy,P!7g4ZojEY
ekim,*42mA4QeUb
eking,+UM^DfhI54
ekirk,M&8XEe6qNP
eklein,mD*3lCncH5
ekline,h^3+%Dvrmq
ekrause,5%T2MO1dJa
elaine04,T8#DC_bl&c
elaine59,@lb!7DTi(z
elaine99,+e@j7UOi&J
elainelara,$R$fB8HwF(
elandry,tab4AjO5*A
elee,bC)0Fnf0ea
elee1,0G)5CEyj8c
elevy,&7C@xkBDs4
elewis,p(68XR*qnk
elijah14,Cu!3&rG0X*
elijah42,*092Ef*zYX
elijah67,^+Gb&xH951
elijaheaton,JO2kVhVko&
elijahirwin,&t8MtfS@7%
elijahreeves,^7c^HScw0n
elijahwilson,y8MhRXfm%c
elin,Mf33JPaFY^
elizabeth01,qJgB46Os$V
elizabeth03,Z1bGeNbE_y
elizabeth04,^2NEzMuv#i
elizabeth07,L$W1PlKsU@
elizabeth09,n)%6ArwiJ4
elizabeth10,@D4A_sO2C(
elizabeth101,^SCmCOx6E8
elizabeth11,+)zwM0Ohz_
elizabeth12,15HQ*Spl(d
elizabeth16,9T7Z)fIP^d
elizabeth18,RPqp8NQc8)
elizabeth19,$XFt6Jf4l&
elizabeth20,^&X3Z!1k*9
elizabeth21,*5ZI$mgr4%
elizabeth25,!VINEnpD44
elizabeth251,96(nUz8N(7
elizabeth26,_14NatOt_!
elizabeth28,r4cCVBs(&F
elizabeth29,8B@7qY6l$x
elizabeth30,p78Gdl&I&F
elizabeth33,#3lXmljNxl
elizabeth34,&@2O2GuL88
elizabeth35,Jx$wlaN7%1
elizabeth351,&M5F%Eruj2
elizabeth352,@9iljCw&Z4
elizabeth36,kRT9$Lvg!3
elizabeth361,^fX*gbY)$4
elizabeth39,n(fc6Yl&Y2
elizabeth40,t^g7KKV5La
elizabeth401,@WXNpyrCZ4
elizabeth44,mA#3VJqBk_
elizabeth45,v5Rh8Qzl!v
elizabeth46,I!6ZyAEu5x
elizabeth48,9&WbCjxZ#7
elizabeth481,^17flCFxth
elizabeth49,z693mD6g%g
elizabeth51,(#g5W@gII1
elizabeth53,!cVwb(nq#9
elizabeth57,sx!0QTDnq1
elizabeth571,K(5RxS6KXj
elizabeth58,N9lb3MLp#S
elizabeth59,VWC#1YEnj(
elizabeth60,+^PExqkjr3
elizabeth601,3W28DHsI%N
elizabeth62,LV2DPD2t7@
elizabeth621,*jTP4y2MD6
elizabeth63,r(3lZnD$(x
elizabeth64,5!7D6Je@QE
elizabeth68,7nA1*yhe%%
elizabeth69,m^35JN1Ixp
elizabeth72,C5Hyh8K#)V
elizabeth73,&7OWdI&yq+
elizabeth731,%w3CbLGs62
elizabeth76,D0YoJ(e^+(
elizabeth77,%99EvHHmix
elizabeth84,a%(cBo#z(1
elizabeth86,^KNKPaVBb2
elizabeth861,)9LO(lGbG0
elizabeth87,!yC2XCWq3%
elizabeth90,%IR9zGt(!j
elizabeth93,c)7O1s$zPR
elizabeth94,z*0K&NI)yw
elizabeth95,zDHa2Qwq%E
elizabeth951,2E2hSr%e%s
elizabeth97,(bvCkGFCa3
elizabeth98,(o5Cz8TlcD
elizabethalvare,kCZ!7(SaCo
elizabethanders,&08RxkmfnP
elizabetharnold,%*DH$xnCV5
elizabethbishop,)xk1WWGunt
elizabethbishop1,9+t4WhavvA
elizabethblake,u8TwzhsF!4
elizabethbolton,PSVAGtDy$7
elizabethbrady,_8_IFw$zvc
elizabethbrown,Z24MP24r(4
elizabethbrown1,W0V%C&rX#M
elizabethburke,!(f2ZJkOZ(
elizabethburnet,X$u4Eh+q8m
elizabethburns,#d8M&1A2*0
elizabethcervan,H&&4)BKlE3
elizabethchase,!ORaTfBIa2
elizabethclark,)5PF1Wvq2r
elizabethclark1,)A1Iv21q$9
elizabethconrad,IV9C%%iCe%
elizabethcontre,r@4_AydP5V
elizabethcummin,AjIs)8Gi)7
elizabethdalton,p8hC9Fhu%&
elizabethdiaz,*9UmKukl#f
elizabethdyer,8+7BgZor8)
elizabethellis,c43JttkSX(
elizabethfreder,0%m45RZfg*
elizabethfreema,%94ZDKXNq6
elizabethfry,&0!8TcitbX
elizabethgarcia,S1_08EfRL+
elizabethgeorge,8n)wTdR^%z
elizabethglass,+rC43Smx0c
elizabethharrin,#w4gHAeyl3
elizabethhicks,%$S_)1oc7+
elizabethjohnso,&6MSaf8Vvm
elizabethjones,xx1@vQEq!j
elizabethjones1,3H(T4Dsp*P
elizabethkeller,*F5B)$pitv
elizabethkelly,rA0AYLiJ&k
elizabethkim,!3CsWQa7dX
elizabethking,W(2I4Qz$0a
elizabethkoch,@loDKSujb8
elizabethluna,)i5wDSlvx2
elizabethmartin,!JCdb+9EN8
elizabethmartin1,$40PHsvr_9
elizabethmartin2,Qt8xu&KjS!
elizabethmcclai,1wzqNGhe#r
elizabethmiller,$bA$las15)
elizabethobrien,@)6Jl^K82$
elizabethpham,*#6HE7ab9$
elizabethphelps,P15GN%yn$0
elizabethpierce,*7S__O6qFd
elizabethpowell,%PDRuzJj54
elizabethrobert,OAh0pi6o&#
elizabethrobins,r9m9ALsU!G
elizabethrodrig,zJ)E$x^m#7
elizabethrogers,c3yb5Ik@S&
elizabethross,#4n7FbQ_NO
elizabethroy,v$5@RB#e&O
elizabethshelto,#B6^AIOx+!
elizabethsilva,@K!w39Qvjv
elizabethsmith,7&y0TgkhO#
elizabethsmith1,_pS0Xl7OnZ
elizabethstewar,(6O2W@17@k
elizabethsulliv,oG4C^8^u0!
elizabeththomas,h6Awa9Xu)%
elizabeththomas1,ByOUnnBV%1
elizabethtran,T_04AJnGmO
elizabethtrujil,MmYSwewe*2
elizabethvaldez,_gYOEo)r)3
elizabethvega,%aYxvb#e8!
elizabethwalter,#j1^XZofF4
elizabethweaver,!oIZJUzr(9
elizabethwilker,$6hVevJn#R
elizabethwillia,(%VmFwAxm2
elizabethwilson,cUSN@7qj+@
ellen04,)9cEAugg$7
ellen12,I$0A%A_b4^
ellen35,)Nds4QanjQ
ellen45,^01@XMj8z7
ellen52,L!7__9JGOo
ellendavis,voa%7ObolY
ellengarcia,*4IeU#N8_v
ellenharrison,nvUFmaww@2
ellenhayes,(V6Hgk)iWD
ellenjohnson,&dsQ2Jtd&I
ellenmorgan,+A5)GHt8+A
ellenrodriguez,vq!5QVpUKs
elliottbrandi,C7d@AmJs$C
elliottemily,4Yj%E$Ds@5
elliottjennifer,4mNm9vbF(T
elliottjohn,2S&r3SMprr
elliottkyle,5Wd6J)Ac$x
elliottlauren,h6ML&(g&#s
elliottlisa,*Dke5zNq%$
elliottmichael,^A3NCUfhD9
elliottronald,N@g2RVlB2x
elliottsteve,*9HUursVv#
elliotttanya,h&Qb9ZGnae
elliotttimothy,*m0K(qTnxu
elliotttodd,*X35N8t_pS
ellisandrea,arzCO9Es@F
ellisanne,R$3BQGip2G
ellisanthony,3Q4TFlXt(u
ellisbeth,*QlmO0KaOq
ellischristina,6Klii1HjT_
elliseric,6@^xOp4e#h
elliserin,J05bKGstx@
ellisgeorge,9x&J_lPn&h
ellisjames,U@&M9QDhIw
ellisjeff,@%FO&r6$9&
ellisjennifer,0$0kTpgI$o
elliskenneth,!9Gn9Rfj(M
elliskevin,#4BPtY*+^p
ellismaria,B&51Hcz9O0
ellismegan,2KVKQ+kP(4
ellismelissa,4d3A0Ou@c&
ellismichelle,Ffz8WAuo$6
ellisongary,8sO_6bHfw@
ellisonrobert,)4YbWfy7Ws
ellisonrobert1,&(W2$zmAKP
ellisrachel,^65gG!tv83
ellisrichard,OlOfH&56_3
ellisrobert,Np@q4KSgj!
ellisrodney,4u)YOqMA&g
ellistiffany,!^6GdNcbiI
elopez,)7mW$lPhy0
elove,IJdc@nmw#5
eluna,g&n95NVfZ$
emacias,Ut#3L0orfB
emadden,^tOcPum!(5
emarquez,)4+G5iE&7z
emartin,A%OgGuk^$8
emartin1,e&9W0zba(2
emartinez,!_KL+NMs0@
emason,2y9rnNg_+#
emason1,&v@OS8No2p
emaynard,t(IYJqBh%9
emccall,1$4CAVQotv
emccoy,sWPgAah0)6
emccoy1,_tSYR$UBm1
emcdonald,)cnC+WZr27
emcintyre,@O4Wp7Siyb
emckenzie,$12sD&uBv0
emckinney,7Gc5Z13k*m
emelendez,D+6%RzuByn
emiles,q5LCBIxs*U
emiller,&1CiExtg&a
emiller1,*7Xz)6W0O9
emiller2,3PslOMtm#X
emily00,@Q7Qwfqb4l
emily15,_0nL+Kl@QD
emily16,puB2%8Uy(U
emily18,tpu6BF3Eh(
emily24,k23t89Eo+)
emily30,n1gRVv8t*3
emily31,7I0PDZzh6$
emily32,_TC1kHnY^r
emily33,!gSQcJzMl4
emily331,YdUgYbV+(5
emily332,!4HRoS7jOg
emily37,E(#w5xHuwi
emily41,_Q_4LV6hp%
emily46,%6^1JlrNjV
emily47,4sO4bW(uW#
emily48,v#M1Nv!%iZ
emily49,0(j)2Tw$!A
emily52,&f34LLCu#!
emily56,ddA9IeZnM_
emily561,!9yM79Hj0*
emily60,@kGY%JLwk9
emily61,_9QYZ7Md(3
emily67,i09x%SndG)
emily69,QW0MmDcd)7
emily691,)8mTs%RT51
emily71,Vkz51_Ldg$
emily72,b&C4IVNqdH
emily74,4+mTVQse%x
emily78,o_57FXbYW!
emily79,@jXQwdXL)1
emily80,P*&0LlSWtX
emily82,G0S8lM@9)o
emily821,0U!X*FJf^e
emily822,_X6BKzeQ7P
emily90,+_P2Tjmj6Y
emily92,)f3sXJ4n@I
emily921,q2BddbEY!F
emily93,uN7+KGCy&t
emily95,L(9qFabwUb
emilyarmstrong,!4ZQv(e7tm
emilybarnes,UuUIUHtg^7
emilyblevins,S8(jP6b_^a
emilybowman,(E3AbVWob&
emilybrock,XkRc%DPz)5
emilycarter,!2saJ3tInH
emilycortez,^0)VBOBB#b
emilydavis,#8j6QVd!eU
emilyellis,^LM$MckLd7
emilyestrada,Z7SgiD9p&o
emilyevans,%2JTF3Lv$y
emilyfigueroa,(5VJC4rr2N
emilyfrazier,!KIePsQLc6
emilygriffith,c^Aag3AfX%
emilygrimes,Xw7&a5Yioa
emilyhall,W7g@SMzt$@
emilyharrington,+17BDYqD!m
emilyherrera,%8039JWa#)
emilyhill,h163T$%eO(
emilyhopkins,&8hQ&)eGaP
emilyhumphrey,%r)RpRkGu7
emilyjohnson,%4OBy7rr*X
emilyjones,4V5z1nMh@8
emilykelly,2%n7Ty4$cP
emilykim,%7DfTUxAbw
emilymcguire,G9Fyzwkp$y
emilymiller,s7VYgaq$%p
emilymills,Ml)!3XpOBD
emilymoore,l3KFW3xi#4
emilymorris,@gA)@QVrp9
emilyparker,+91BMx8J_V
emilyperry,6qXZpsAc)_
emilyramirez,%b8uS8NfzO
emilyramos,#2Piee%Hb#
emilyrasmussen,_3v(Yy2ql$
emilysmith,Kb6K1LZd!u
emilysmith1,(T28y3Lcma
emilytate,)^uWPjiCn9
emilywatts,^@*%CNqqA5
emilywilliams,O+7hcFJ)bc
emilywilson,#s(O4QHo21
emitchell,O4A6hkz$(g
emitchell1,_susIBmyD3
emma09,k^FOR9Db+6
emma14,FH2PMalnD)
emma60,*19w&Szx^h
emma81,to(GpOBe(3
emmabailey,)5$C1m7H2r
emmaholloway,ULf6YV%g*@
emmamcmahon,&3F1Xb0CHX
emmawashington,$^7Zx8TrTe
emolina,WHp9FJNg)6
emontgomery,vG4PRL8p9%
emontgomery1,&7_BHHio1n
emoody,*WKq8^Nf%I
emoore,!U9QQO6a81
emoore1,$h9P2d4eCS
emorgan,63jCzu79+G
emorrison,sPKZ8#N6^7
emorse,BZ4WMwX&$+
emueller,IR!*1+NwFy
emurphy,#a9ptsQv3(
emurray,95Q&(8Cmv1
englishcynthia,S45EliXi^K
englishjustin,1^K0bquf_y
englishmadeline,&(4K6YlpS^
englishtiffany,X402NGkOy#
enguyen,*1h1RaGv7o
enguyen1,h9EPoA(8$(
enguyen2,%8sJbW0_Y7
enicholson,out6Ov61i)
enorris,q$*3#XVw9*
eoconnell,$#AkXQyum2
eolson,Q8WylF6n+2
eoneal,*1oXBn!xIr
eorozco,0!WIxrwO*!
eorr,)o@&Tp5k4o
eortiz,_6%Y$0vx$b
eortiz1,ReXB5sZj(8
eowen,#x3QI*aU8s
eparks,sl6dB@ou&5
eparks1,+2ZCz)i5bt
epayne,04LHWnv1_A
epeck,cQ)&15La2U
eperez,&u4wyUYyq8
eperez1,)I&(2Zn^0D
eperez2,0WN@ZWeW%8
eperez3,#%4H8!vsoC
eperry,+Z@HbWtBl3
epeterson,Ex8zGcab&R
eporter,Im$PR7LlMN
eporter1,iV2P&vrv&U
epowell,j_E23LG%zx
epowers,hxF@qCxR(1
equinn,(2A#AqaC^6
eramirez,ga1DNur@M)
eramirez1,!VkzuNzbH6
eramirez2,$08DalLko_
eramirez3,+4mXS2yH&X
eramos,T57cZ6l1$N
erangel,&7B2#%t^+(
ereed,bB2Rdk4e&6
ereed1,)6FMmKuaqR
ereed2,(Nh@z7Nut&
ereese,y@Y6ZNhNKs
ereilly,y3L+CmkR$1
ereyes,$714HbCuxY
eric00,$UdWWW#h2m
eric01,PR9KWw(G1*
eric011,t)1TA#vObk
eric02,KXE8&bKi#9
eric03,y#R28MbO0s
eric031,ZJ2IZx&Su%
eric032,8ev(5E9kw&
eric06,$Q3GapFXBj
eric12,T+(4hloSPX
eric121,$1IKEm@fvm
eric13,_z1eQg)s9(
eric14,&8OCYM#t$d
eric141,!55AHw!r%n
eric15,V0qzRBcm&q
eric18,EBF4Zk3b*#
eric181,8#a)uWWf_k
eric20,r83ABxRhh%
eric201,$wx0v0BvE_
eric21,$C2OUlREba
eric22,+34vBQQp24
eric221,*crWyPfa%6
eric222,Dw48LRo8*A
eric24,^o8I3grni*
eric241,%aS3VUf1Sk
eric25,cY8c2Cl^#_
eric251,a^hLxbV))0
eric28,4I+je^Nz^@
eric281,y)g8wcRmfr
eric32,%I5gOtbMp%
eric36,*w4IAwkUsK
eric37,73w1pCIia!
eric40,Zn5YOWUq3+
eric43,d^(9RnEh_$
eric44,d_7ECzsm$%
eric441,4&pg6A7hIH
eric47,$6@DHqE1AQ
eric51,@262dQ7vrC
eric511,#&EzgVyn4H
eric52,Ul7ZmE!+@*
eric521,QK0ARCtAp^
eric53,(fg4QR_b*3
eric54,m&0QRDrqlG
eric57,%8Yb#zAu)N
eric58,(%CLNGpnr6
eric60,J(4*Knx$l$
eric601,QK%0VyvawZ
eric61,+r9M73lPbS
eric63,*Y8L7sq!VG
eric67,!&6RJoUr(2
eric671,d8EdQ0Ay+h
eric672,Ot670RYa3)
eric673,D_6#g8pz3Y
eric68,yWv1CO8t3!
eric70,@6nFuO_(h_
eric71,SAF3Oqhus$
eric73,TqEDNQg2(8
eric74,#1xzF@Jb6!
eric741,RWE!71FnjR
eric75,5639xVib@L
eric76,0htlFnTu^V
eric77,87G@QSfc$9
eric80,1VG5XWMkk$
eric81,a7Ab!WoJ#@
eric82,n#eBx6S$(2
eric821,e&v12TEPMu
eric84,1AY0KT@qV%
eric841,&TM4IPxM1e
eric92,x14JM2Ko$2
eric97,)f11Lih_K$
eric98,55VgXoPn@$
erica01,56NThi)3_U
erica10,o3Zm__hC+$
erica30,)85Uctbapw
erica32,e61M%6XyFh
erica39,qw4Be_oj@d
erica40,)8oegcUmG&
erica401,$k%BRP9g+1
erica43,*RzI45MyuC
erica44,+D1GltjpA9
erica45,i^S0Chi+Kp
erica46,k*zDuUCH_5
erica48,C4F+frOV_2
erica62,@7THxl3TB0
erica66,#c_q9Ibofs
erica71,_Jg#mHdks5
erica79,+iR46bPz*q
erica87,@@#_0Ty3sR
erica88,j2&h2LaJJM
erica94,pV76ROcd$y
erica96,x$6Ztdgqkv
ericaaguirre,)c*VwbtiH7
ericabates,b^1oo5ub*J
ericabennett,#tA$SGp@#4
ericaclark,j_H7hF5dXb
ericadams,gZx5TXw(G(
ericafisher,a!7eYp+SLG
ericagutierrez,Vfd3wbA)t*
ericaharris,(+YBbEfW06
ericaharrison,SedHdPsd%7
ericahernandez,!_k8TpM#st
ericahernandez1,m$9d8KkGY&
ericahudson,rS0$ZpiXE&
ericahunt,%4%DkrMy17
ericajones,*s%Ve3KsV9
ericajoyce,2$1#UEMs8^
ericakeith,izWA$aKt&5
ericalexander,(x8*Tag+o%
ericalyons,XNOCz@kX!4
ericaramirez,$dZCtmJD21
ericaramirez1,Iv9cIGf!#Q
ericaramos,k$^3FLCw*!
ericasmith,h_0wwdfZrL
ericatorres,S2kd#7ItdN
ericawilliams,k!73XpgVq!
ericbailey,br!&LLck#2
ericbishop,j9u6NnLr+R
ericbrock,_Pv7jFAr)U
ericbutler,9KYFhcTV!9
ericcabrera,t9I&@5Sb^8
ericcarter,UH5PaWy3n@
ericchoi,Ba5Mrpeu#h
ericchristian,&5t39YidJ&
ericclark,8$)5NAjg7v
ericcolon,1TZ(azXp$4
ericconway,(Zd5KnrGaQ
ericcummings,Xm!L8CfMT*
ericcunningham,(9K5wbJsjE
ericdaniels,fP7Zol_p9+
ericdaugherty,7st70EH_@3
ericdavis,@6cNddSy^0
ericday,v*9Rl2gUF@
erice,*6gFIcyvt$
erice1,^4HpXFdBiK
erice2,wae^^+Dh)1
ericgarza,vfx21aLq&c
ericgates,@Zr1j*Rb4Z
ericgreen,(nKJE6MfO0
ericgutierrez,^d8D+(fi5!
erichardson,_^H7TZ7z9Y
erichardson1,(&TvL3hoa8
erichaynes,$+vw4QXt8i
ericibarra,b%9R6*BbO)
ericjackson,+#4nBh^)UF
ericjacobs,)(a2ZFLi7p
ericjacobs1,D1xOjKm+^g
ericjenkins,KYv9WN$kw_
ericjohnson,V^7O*Onfxn
ericjohnson1,#0iWMnz0!3
ericjones,r0QeUIG!#8
erickelly,*5GWBqt$sy
ericksonerin,*1T^Vlr2kp
ericksonjessica,!9XbL#rvTc
ericksonjoshua,*#RbQKvZq5
ericksonjuan,#tjUVIipH2
ericksonmark,U$hMUiIh^4
ericksonmichael,12OgsN6k)U
ericksonpatrici,k6hJEoCl%Q
ericksontanya,(H9L!EOoNF
ericlam,d3INObfy!!
ericlogan,nU7%RClwt%
ericlynn,Bk4&sFPn&D
ericmack,&1DLLnsql3
ericmartinez,Q*6XA(m43q
ericmason,KAfd*V#h*2
ericmcfarland,$oX8BlOY%L
ericmckee,_wJ15FcmSJ
ericnelson,V#!67IprXt
ericnguyen,@*xyT4OvsD
ericnolan,*)CTv9gHz4
ericnorris,AJC$5c*@^4
ericpatton,@S0QjbAFap
ericpena,j#fB9Q*xpJ
ericperkins,_A5FxKx()n
ericpitts,a3@vXkAp!X
ericpope,Qa!3s#V5#4
ericreed,^6_2DVAnsP
ericrice,kr7YW7Vnl@
ericrichardson,@5K)btM@u+
ericrobertson,Ap0Y7ShlR%
ericrodriguez,_SAw5Bgdr1
ericsanchez,$2S*oy9pA5
ericschmidt,U%49A*CbNr
ericschneider,+5zX3Bw&eB
ericscott,82QMWqj(#j
ericshaw,D2cGvQkQ!d
ericsmith,0P8qV#mh9*
ericsmith1,vo&1Grv&MN
ericsullivan,F_00MVqghI
erictaylor,!WcL@wj)69
ericthomas,u^9zEz59*L
ericthompson,P3B5W7e4%h
ericwalsh,$_9V7vUqEI
ericwang,&OB1qXYl#r
ericweiss,TU81zFnR*_
ericwilliams,(yr1ASaWB7
erik27,%s3O#fU1u&
erik61,&6qZx&iX#I
erik77,$3XKK+Rwh!
erik79,$8PuKH0vR6
erik80,l2w76Lcf%m
erik81,a!*5sBCvYn
erika04,4IL8U%Nv!@
erika18,#+a11HPo&H
erika21,k^3(FpUk#$
erika24,%pfO(0Fuqj
erika25,CC9l9Wswk*
erika27,*4^J^d4q_N
erika28,t!42XPws_P
erika32,Plh7q1Bs_6
erika37,q9X_k44J_m
erika371,_r74axOb6T
erika55,$1_S7Pez1S
erika61,R$u3In3XBg
erika65,78%Kjft#*0
erika77,Z#qbUdnw&6
erika82,g32&TxG#e*
erika821,WM*2C(a27!
erika88,@2D^0cM0I0
erika89,#)0sU_SrK&
erikaalexander,moEZKJd2@1
erikaclarke,y0OtIcki^r
erikadean,W0HsbPUo)7
erikahill,*7Hlzj5g^^
erikahinton,#14nEihlqz
erikajennings,0$TRkGTE+L
erikalewis,1O44G!wv8)
erikamercer,Dd9VQmt86&
erikanash,@KOZVgQb98
erikanguyen,R#5KJqKzr3
erikarodriguez,_LBK7iBtTq
erikarusso,5@7CqCRy_G
erikawilliams,&8K*zPm0F_
erikbarton,c5YyZgzk*U
erikcrosby,Wk4M8(Sp+(
erikdiaz,K3DaLsQw*L
erikgarrett,#9wHZ4!bv6
erikjackson,^uPkPS$78q
erikjohnson,zNq9INAue$
eriklindsey,q^6C4fu6#&
erikmarshall,_)3GQ7oqxf
erikmay,@z1L!Qp%tW
erikmcconnell,Fr%QcnK_)4
erikstein,3&rCtcc!@G
erikvaldez,tS7Lf_Fuz@
erin01,(_ZZFPk^b7
erin011,*6_s+Pz5lQ
erin04,*c_G!f$v4C
erin16,nm2Z5UjaN#
erin161,Kl)1MoiB*5
erin162,Kw!8wZsJr2
erin20,)iZMEgW20+
erin21,^y8WCt8WY$
erin23,&1QUM3iw80
erin44,!5EWVLsT1o
erin45,E$k@4jHb+P
erin451,lmw8QP_+z&
erin48,)Ec5IbPF*S
erin49,$+Y87!Ar9@
erin60,1m3nVl6v*r
erin62,PgUE91Ir7@
erin621,#B7NDan3bV
erin67,_U4J(ox4&h
erin69,42WJHx%o$0
erin72,6#^nYc%e*c
erin75,rZ7F5BLb(H
erin82,^La8e5Bs_*
erin83,uE58Nhcs+c
erin84,^cP3DxOpYi
erin85,#tj(oA)A2s
erin92,r(4ZZhSrE$
erinallen,ix4U+4ItC(
erinbauer,#8tB$MpS$8
erinbennett,!E5KEIn)&k
erinbranch,*x_eKFat^4
erinbruce,2^5672mofH
erinburton,^*$6JMBgs4
erinclark,nL+3vKQo1$
erinellis,!KyI!8Gg7i
erinflores,CL3SO7Pa(T
erinharrell,#50XlT@Dh^
erinjohnson,&cOVIN)&o6
erinjohnson1,LIo9E)Us$P
erinjohnson2,15jyYPGd@5
erinjohnson3,OB*w0Cyad+
erinknight,!P7NDJ+xcE
erinlowe,+1%8+8(k@U
erinmcdaniel,E74Me5Mx#$
erinmelendez,(1X2To*RGj
erinmorgan,_N%x7Tnt9C
erinmorris,hI#6Ivob_k
erinobrien,^oD3iTl!M)
erinramos,L&VRt4Px9p
erinreid,&ENBAMnNI4
erinriley,+U^2RHgzFH
erinroberson,(Gj_^8ZmWI
erinrobinson,%eYh1QCk8U
erinscott,7i9TYTyyL)
erinwalker,T@3WvMMGcW
erinwilliams,Tn)7_HqL!*
erivera,8h*tZOnD*o
erivera1,i*4nGWsRO^
ernest02,sy!R7UCa5A
ernest06,*4L9OseewM
ernest15,*m5nKezikF
ernest17,#6VSaRJnk8
ernest53,p(7Y#o(hJy
ernest65,gREGw7nP_4
ernest77,h1@K4UXhi&
ernest91,Kx&HwSqv#0
ernest96,!KhrIHOef5
ernestfoster,+d$rVWr$@5
ernestpaul,^dsE6UXfN3
ernestrobles,x#L3EVi!0j
ernestroy,vP4JCxOa$2
ernestsandoval,ok_TWSrv^1
ernestschmidt,$(h7lKu0D(
ernestwolfe,t#9HN*ML7u
erobertson,%W!8tAmXaS
erobinson,!5bb9YpeQT
erobinson1,5*6%1TfwUM
erobinson2,6a!*JrxL&I
erobles,jKA&8Xrf4u
erocha,Th9BX+wpQ%
erodgers,cQ4)T1ydH%
erodriguez,)89HObHa&g
erodriguez1,&^1YRDtyIb
erogers,@T3kPkqUG0
erogers1,G0EQEjmb!J
eroman,(I(b5FvduB
eromero,Lc#2AfrmFV
eromero1,#mig1uQD8$
eross,&*1#UFplYv
eross1,(16Hy8!%VF
eross2,!9+TodsnJX
eross3,3m!oeSWd^v
eroth,^09CBdCb*v
erussell,38mJgqH4_4
esanchez,%q61LUyqGg
esanders,3v)Hxhu6!x
esantiago,G0dMUvvZ$w
esawyer,dT@4FkP)x)
eschmidt,xf78CQh2P+
escobardale,A+8BVjmTJb
escobarjohn,$0t(KaTyWv
escobarjohn1,*8N5nOYm64
escobarpamela,!frkZ@a8!3
escott,8bJ#vO6V#I
escott1,^*)38rKqew
esellers,&pc+n@8oX7
esellers1,*rM7E!qhFc
eshaw,^6X&T)tkEM
esherman,R*Pc9GnE8b
esimmons,#zD2&lVp^5
esimon,!!hVAtBz0e
esimpson,Ger5AYqe3$
esimpson1,U(6DCjra^)
esims,I%1K0ixf*i
esmith,S#3lzTXG#f
esmith1,^7qXoeIHrq
esmith2,%F$15VAwgz
esmith3,(DU7dKpnJK
esmith4,FQ4V@mdkK_
esmith5,^P(ZNUTMo6
esmith6,^$JlFRqn7W
esparzachristin,so^3sHt7uh
esparzacynthia,h60d^Yhr@j
esparzasteven,@W2fOWhD$P
espinozacarrie,_Pz6ZRh9P)
espinozaedward,+6xIEasnsO
espinozajohn,58eNmx@g)T
espinozalaura,(6rP6vg*c*
espinozatanya,M(Z7UP!wcZ
estark,0Eq0J3nog_
estephens,q8EI0x%c*I
estephens1,iP8Td*JSU_
estephenson,jrnTy#Dl_2
estesheather,&3%J3PWez%
estesisabella,l06EwFs!I#
estesjacob,%)5DowFd4@
estesjonathan,#MZuesJ97D
estespeter,X*6wSb^u9^
estone,_9H^VO7vUk
estradadestiny,9(BvPfWn)e
estradajanet,+QUlyik&c5
estradakara,7#7(6)Rf(P
estradamichele,%4^3Kvhz9Z
estradatyler,7Yd69Llh*$
etaylor,RPLX3LfBy*
etaylor1,@2KEKty4aQ
etaylor2,(_Va8Fay8R
eterry,S$C0#Gcbe#
eterry1,y%5VlmdSvL
ethan03,V_w0_Za0@2
ethan31,O!z#37ArzY
ethan33,89Kq49vH%7
ethan50,_a!0yNxH3N
ethan53,p1MWHtG()5
ethan71,c!0eKfbyOL
ethan80,Dh%Z78Rm%9
ethancampbell,IuHXANGm&4
ethanfrazier,+sRpy4FyY0
ethanharris,+AD#KvHd1^
ethanhines,Y&4U#HGgS)
ethanmcpherson,45xuRsMp$m
ethanstewart,f7Rv3K46!9
ethomas,+wzrRdCb&3
ethomas1,#MX1LUcjP6
ethompson,**wP5tVqB2
ethompson1,T(ds9Zh6D%
etodd,$4@N*mvbHm
etorres,J&6B0^WoJc
etorres1,O99PKcD(%J
etucker,$3*uFNM06a
etucker1,V8uLRHhi_F
eturner,GD!Ho95vJ&
eturner1,d0l04NvPt+
etyler,R@wLK0Ea^p
eugene09,0CACD$Vb@N
eugene10,87I9WFuh$m
eugene12,e%3IEhlj^8
eugene45,^5%*%ZP9oe
eugene48,G^5*+*ItNF
eugene67,Y!2nR1HeLd
eugeneford,^6CTn*iKC^
eugenesmith,P@ue7KNf)7
evaldez,T9HcPjan$U
evan01,&9T8E3(tba
evan05,P@gpvWG8Nv
evan23,!V6SVwv7@F
evan25,_i)QArqv28
evan251,5+_40Dzxlh
evan27,)8Ha@sJihr
evan34,4N+2ljRv!s
evan35,o)XWQPr&#9
evan42,l5m0K(Gk#A
evan59,lXJYyNu5*3
evan76,&tkV5+eO1S
evan79,96LFX6Aj%+
evan87,k!m0&1Ddo^
evanjohnson,_2UtcgHadb
evanlopez,x5ZAn)!t&k
evanmcdaniel,*5Eg+uEF+4
evanriddle,@xqBERYWG2
evansalyssa,@H6Th#g+8Z
evansashley,s$0Mwb6iu)
evanscarolyn,93*4CqzpP)
evansdanielle,^0rCRWpa*3
evansdavid,@l6gV&iez6
evansdennis,@SjzUYkIC3
evansdennis1,#r!1W_9iZe
evansemily,3ilRVqz&%$
evanserika,eho3B!nGq#
evansharold,^FUueFjN)1
evansheather,63A#YErl%)
evansjeffrey,jJ8kBepd@H
evansjeremiah,I!P8Zh8Hb@
evansjohn,+8UFlMYH_K
evanslarry,9s@wQfjW!L
evansmatthew,#7fALDJnCr
evansmegan,jLW2loaW&9
evansmelissa,#z7@QkJv_3
evansmichele,J^3ZRQ#iTW
evansrebecca,v*L9MSkuYu
evansroberto,+(FB1XDq8A
evansruben,2P1Cr80h$V
evanssarah,&*VdSluA44
evansstacy,!7(Anyy1Vf
evansthomas,+)2jTj$r62
evansthomas1,#h0wrXKnJ#
evanstina,j8a^WguH)5
evansvanessa,N(42IwK8sz
evansvirginia,t&M1Ayo1J1
evanswilliam,$6fDVBMFfh
evargas,(tD6I^xD$4
evasquez,xNnU94Jr0!
evaughn,$ieW6wv&b1
evelyn27,6#68AXLxa)
evelyn38,S_Y3H5bTBb
evelyn86,)7V)mu1B$r
evelyncastro,#eOcb#n*W0
evelynharmon,u*5wREws@5
evelynhill,XQ!8Uaniuj
evelynjohnson,Sff4kJ4m+3
evelynlee,r(u0BkSrZc
evelynparrish,I^9C*Sfwuz
everettdavid,v(9FvIklMY
everettjon,5z9Bojsm!!
everetttammie,g1TH(eCv%G
evilla,u^VI%1Zr)R
evillanueva,s9+4#lPx48
ewagner,yV1C)k5wK(
ewalker,^%3tBkq%2_
ewallace,&P7$KGgs)#
ewalsh,Sk3Bjb2(D#
ewalton,$2H7KeG7y_
ewarren,&rqNhTiW33
ewatkins,6VfN34oI#!
ewatkins1,oU3E+wM1!H
ewatson,4ce6Aj+Ce+
ewebb,&qWz3PZz&3
ewebb1,@wdp+TLap0
eweeks,Gl0dQjxC#0
eweeks1,)6$EvdwY+i
eweeks2,)2YnTQs_B8
ewerner,u*S1i4g$AG
ewest,JlkE3ACss%
ewhite,&lu9U#(vin
ewhite1,y9V8Ihne)e
ewhite2,%8dOVudf%u
ewilliams,Tn%8TrE1G@
ewilliams1,3J(AOSpx^m
ewilliamson,&_@#9REnpV
ewilson,l%9n_RBlZE
ewingdavid,9I&)UEs&%7
ewingdeanna,I7%e@zfw$%
ewingmarcus,^#Hh+le%#1
ewingwilliam,_6IUB)MhDJ
ewood,)l2WltmH%M
ewright,8BV)UsdT_8
ewright1,OU1GJfj&s*
ezimmerman,(@4Tae9P8b
fadams,(#4HOXt+g@
fadams1,qMcD8ZUae^
faguilar,R*!0KUroRJ
faguirre,+$7JybXuI7
faith10,*1bYC_lXLm
faith37,atfnLq8w@6
faith75,BdhNXjkq+6
faith87,lM3kM@rc%$
faithjames,$yYyroJZ#0
falexander,LA9UkDqQ+D
fallen,X7s17Mv9^&
fallen1,kK82qRja*2
falvarado,$ngIBTxzo1
falvarez,6(2Pbmr(8@
fanderson,^aH)8Kzz@g
fanderson1,7!^9X@$blF
fanderson2,0yO4RNhp^S
fanderson3,rf2IMsU%f*
fandrade,8p3EH09A+u
fanthony,i!*P57IwlB
fanthony1,R&Tq+6AoH^
farleyjohn,&CFVYhX$v6
farleyrebecca,)81TsqBv&P
farleyrichard,(+4bIBzo0A
farleysara,69#9HYXty5
farleyterri,)@RcD^2vk3
farmeradam,*(KMzDoU7B
farmeralice,58DvdZXp&P
farmerapril,+4oT78Kvll
farmerchristine,$3QRi#vF7Y
farmerlaurie,45+8AYgLIH
farmermatthew,84Cj8czO%+
farmermichael,f*F00YZnQ^
farrelldonald,^cU9Su&VO(
farrellkim,!2Jyih*fx6
farrellmallory,&Nk)ljisC0
farrellmichael,J2HBXdYm!t
farroyo,t$4+Uk_qI_
fatkinson,e7cBNO)T_S
faulknerkrista,3VCX%Otv$!
faulknermelissa,WD4w_Sz)#)
faustin,^$1a$IVa38
fbaker,iR_p9N9ri&
fbaker1,h#9MLZqxU_
fbarnes,#)4Zm6I7LX
fbarnes1,U5KGUoJc!O
fbarnett,r%L0VNxYA+
fbarrett,)uNrrgZy%2
fbaxter,^%RI2Y3xFX
fbell,6Mp4Z_Wh++
fbell1,iGx2EBMc#Z
fbell2,P6y#i7Hpz*
fbell3,9X6Vnq97!^
fbennett,)H7GY&en2B
fbenson,*1AxjHQs+5
fbentley,KTMzBIFn@8
fbentley1,S5F09EkaK@
fbernard,@*9HOdLquX
fbernard1,_hDfxXpq0c
fberry,R3Y(QYog(g
fblair,0KS@Jjy5#3
fblair1,F3_WS7dA(#
fbond,$n24jdGaF^
fboyd,f5dB)$S4*y
fboyer,2RVJ2ENa+%
fbrady,cb72lXj3h!
fbriggs,4$Vxbl(R*b
fbriggs1,X)$9WIeBPd
fbrooks,f$97O$glpS
fbrooks1,SJ_3YRstC*
fbrown,5R2WaXfe^#
fbrown1,(e4DKePmn1
fburch,#73Si%IbjO
fburke,0Y7C1pKk(W
fburnett,($GqAasB7K
fburns,^k%g6CIb94
fburns1,5_6HPfsuub
fbush,7+8Vn*w^oB
fcabrera,I2j6Q*wt#u
fcaldwell,@51CmwJXzb
fcaldwell1,7(ArVh*a+#
fcameron,!5HtUTo4lW
fcannon,n*1A8z7kbS
fcarey,@@a%0Yp_zt
fcarlson,KUjB0bEqz@
fcarter,@n@xB$xE2Q
fcarter1,DZ6aG@cqa*
fcastro,p4+bU)Lv@p
fchandler,lLRJdMsu@8
fchavez,!4RNKHj7Hc
fclark,neW_5GiL@j
fclark1,#)0d_YGnA(
fclarke,7adl@Bdb&8
fcochran,(YE0EtB_H2
fcoleman,V789cLe!(z
fcoleman1,lZ$A!_)d)3
fcolon,jn&6RHDxmZ
fcompton,D8_TBz!D*e
fcook,!4SThbHIAC
fcross,Z1ZHC0Ry@g
fcruz,G$em8Ka@pD
fcuevas,_*BEJ1rgi2
fcurtis,rN8UY2zo7&
fdaniel,G@@0FJkmfQ
fdaniels,&X!%3Yh@@y
fdavies,Q0+)wGz_#b
fdavila,l*L!HoRJ)5
fdavis,)U*A3Eelln
fdavis1,v$5Y+Cf@VU
fdavis2,I(OrRtp0(6
fdavis3,pr&8FwSvfd
fdavis4,MdHxE9G5#9
fdawson,*m7Cy)uie0
fdelgado,#(A5)TlvJ&
fdennis,_A7F2erx#k
fdonovan,*Kk6AbQzsi
fdunlap,tX3EuBhk)9
fedwards,)J8!#QQy&8
felicia24,_5!R*w3*zY
felicia38,7mKK$ZpB_A
felicia43,oCO@6PRhQH
felicia60,xhomX0Hr(5
felicia64,^b7iRkSkhm
felicia85,o1x^_9Tn3n
feliciabell,!1nF7KHxMy
feliciaking,y4BZE0m)_N
feliciaparker,Ino8T8RGp(
feliciapatel,^L6VpS5ta_
feliciapittman,vbX5GTn++U
feliciareid,K^hF0MnC8N
feliciaschwartz,()MT4Mjg56
feliciatodd,&O5RoPg*^H
feliciavasquez,Ae2Ofe2Fh!
feliciayoung,*kQZrmdB*8
fellis,a#h@4FsqRa
fellis1,Sz^k9_RbY(
fergusonandrew,%hq5hXb#+!
fergusonanna,K6PuXEv%$(
fergusonanne,2O0#5)Nub%
fergusonanthony,J0L_fD@w#1
fergusonaustin,d)6qqRo8_k
fergusoncameron,%&2Il6ZR9w
fergusonchristo,oaI0ERM&!3
fergusoncrystal,3!O5aI&KHy
fergusonjames,*i5TCMadBf
fergusonjason,)46KJqo1g2
fergusonjill,E3y8^Rv3(T
fergusonjoshua,^w0rk%YnzQ
fergusonjoshua1,*8nYA9ji)e
fergusonlaura,m(2rBu7T+m
fergusonsara,@qOE%DKK04
fergusonshannon,Aen5eTOG&2
fergusonshawn,7ojGbq^F(k
fernandezandrew,+Nl&i9Ff)I
fernandezderric,7^6vlCib@3
fernandezdiana,*pdIB0pev3
fernandezdiana1,tjP88Hdy!@
fernandezfelici,7I8VLis)t%
fernandezjoshua,d%h5UzzZ)D
fernandezkathle,%HZJGTXbo5
fernandezkatrin,Vf&79TcoS!
fernandezpatric,07kxVbz%_c
fernandezpatric1,+5U9tG@kMT
fernandezsamuel,Da#Q3HBzS)
fernando51,%9Ya0PdeH1
fernando84,5^H%2I57mt
fernandogrant,%*O5OPqpiv
fernandolutz,*581X8umHF
fernandomccullo,H(1Xyys(rc
fernandosmith,ysin9UUj*Z
ferrellbianca,)9Xq$Zs34&
ferrelldiana,#uL0BjwL+m
ferrelllonnie,d4kFT+xm#B
ferrellmaria,@YHMfKbro3
fespinoza,X&0dSYMg#+
festrada,+Yz98XPwT8
festrada1,O@X8O!ZhU^
ffernandez,K1LrWav6(o
ffleming,!(@d89NyMw
fflowers,zwVP1tYW#9
ffoster,hnQ3JJZyP(
ffrazier,&aBNih4r#7
ffreeman,np2Mn5+F7_
ffrench,9Y6pdVWv@z
fgarcia,+(2OZz(49r
fgarcia1,4417DBu(#_
fgarcia2,&C@2GcvwtJ
fgarcia3,4RbOpL1m%5
fgarcia4,))#$0OWi%X
fgardner,^2y7AGdsZp
fgeorge,)rn2mSd6V)
fgibson,kY)1yUHo#g
fgibson1,n9*58YXb$%
fgilbert,#0tF_IBep*
fgomez,Z$g8uqZtT8
fgonzalez,*&3@OOsA2W
fgonzalez1,@0VPnduojl
fgonzalez2,62Fhhaqk#b
fgoodman,z3Mn9Hxz&G
fgraham,0uY8!AzO@&
fgraham1,z$(bv4OgVE
fgraham2,yrI9sTvn#f
fgreene,vV#68DkRA8
fgreene1,b6Y8r*aP!w
fgreene2,UJ^5UcnwgT
fgregory,Ng3tP#K6y)
fgriffin,V*q3kVclef
fgutierrez,2%5XFj$uzN
fhale,GC1nH%Mk8+
fhale1,O7bpysGf^Z
fhall,X7$(1nKyWH
fhall1,^ke0H#dr#F
fhansen,42ZBuc4F&M
fharris,T#9#%0Zp6+
fhart,9NDbAjPz@J
fheath,E@QDy6BtAn
fhenderson,+RtJSE+k!2
fhensley,#nIjFgDQs5
fhernandez,&9dMR5WYGc
fhernandez1,mniF0Cmim#
fhernandez2,&uq9GFibBr
fherrera,^ZV9kkhi81
fherrera1,s_6jH6Eb!*
fhill,zra6&DaYO)
fhill1,_27XPt#Ja2
fhill2,oeFOqhUG+6
fholt,EE98i10o1!
fhooper,&t7$7PfpcX
fhopkins,9h8bTGeq(a
fhorton,L&9E@x^okc
fhouston,(95*ZYz+#m
fhowell,$J8CoAcuKY
fhubbard,k0+b+9FtYa
fhuff,)CLgE%OoX7
fhughes,jlt2Q6Lb^u
fhutchinson,FyWbRmRs*4
fieldsdenise,ClVDw4lz#5
fieldsjennifer,v1TuoZE*!z
fieldsrichard,FG4RWvyh$9
figueroaadriana,qN8IdXoj_$
figueroaalison,8s)YTW5s(#
figueroachristi,#6NCkNQ*n8
figueroacourtne,)5EbhyHbb3
figueroacurtis,O+19BPmoOB
figueroajames,g46fNjqb)G
figueroajulie,)!7BYucoZt
figueroaricky,696$BiJF++
fingram,BPX53Fcs&6
finleyautumn,c$3MEdnAF%
finleydevon,7uhiCgJl*5
finleyfrederick,_4Var2mhb@
finleylarry,(+P*jXc6i5
finleysusan,5S6TPn6up@
fischerjason,D#n9JyTG^4
fisherbrittany,%pTR8prWH0
fishercarlos,_JnW8Hbcuy
fishercourtney,+re7P76zt7
fishercrystal,T&n2^TqF%!
fisherdiana,Q_5R)mguCF
fisherjack,B*Vt1T@l@p
fisherjessica,s@&192Zo5v
fisherjessica1,Il4ilWhTR!
fisherjohnny,#T07CfBDen
fisherjulie,i!4HWDhBPo
fisherkatherine,3yEK!MU9!)
fisherkelly,qce3YSyL0#
fisherkenneth,b8RcD0Wl%%
fisherkristin,)TMWw)cp6#
fisherluke,c!U5dVu9+V
fishermartin,8I1BGvdZ(V
fishermitchell,&_Jvg8sJ%9
fisherphillip,cqm7+FBa)2
fisherrebecca,4k)%ECcu@6
fishersamantha,@19B6aBvS2
fishersarah,%$E^TphtN7
fishersarah1,^)bsMBax)6
fisherthomas,dNWI4cSgn$
fitzgeraldangel,aGsLvB&W@2
fitzgeraldconno,DS$92F$l^!
fitzgeraldeliza,MVx*2QUpwt
fitzgeraldheidi,@Q4*TESj9M
fitzgeraldkathr,bzL8wHD1*9
fitzgeraldlinds,(8$)Yxrjo7
fitzgeraldmatth,7Ut_8Dbi(a
fitzgeraldnicol,((Eg&++p16
fitzgeraldshane,)ij^I5Sbr2
fitzgeraldshawn,w45zf%DuA#
fitzgeraldtamar,&JTAa7dfh4
fitzpatrickerin,n84oPSlb@!
fitzpatrickhann,U+e71AkulE
fitzpatrickhowa,A#6IFmtEkh
fitzpatricksamu,%d159Lg1v#
fjackson,#5r^58Vr)_
fjames,5n3AMd9R%m
fjames1,@4ZAMI)bOj
fjames2,1C@Rd&sY*!
fjohnson,ZXTVtnZx(0
fjohnson1,%d$c0PsWEP
fjohnson2,%7X_p(6Bc7
fjohnson3,$1WIphLcAI
fjohnson4,@H#Io1Tqfq
fjohnson5,5vye3Gyan*
fjohnson6,_ingJs62&1
fjohnson7,6@gff3Bht$
fjohnson8,&GLurmiwQ7
fjones,kV@6IAcrj&
fjones1,^3_Yqmos_^
fjones2,7+7WJ$%z@M
fjones3,35m1Xndt*C
fjones4,!6sVxzdLPP
fjordan,kX0_eZagK^
fkelley,+b_i7B%pF)
fkennedy,!q2Hkr8N_B
fkim,A#9SRy50*X
fking,2fu2GP+y+z
fking1,V36IdCmK_0
fkirby,C0!_&5Wd@S
fklein,o+2HlKVHd8
fklein1,5PoSQ9hg!w
fkrueger,K&*8Nzt!r!
flane,_6VqmB_YV*
flane1,aV6IMkvjt&
flara,#^NP90*@x5
flawson,$72YzdOB6(
fleach,78Wie)fv^t
flee,f$Pq3_Jl2L
flee1,N49MNdam)Y
flee2,g7PDUF##)2
flee3,)p0ZziQv)f
flee4,)PFUBY9d70
flemingandrea,bivPxD8f$5
flemingandrew,^y5Zwco_m^
flemingashley,9$!X1aLvL!
flemingcameron,)4SLX0spvD
flemingcody,)fGPXUzi42
flemingcorey,tqu(02WhIf
flemingdaisy,14UbYYXr%K
flemingdavid,05$S7O0zNK
flemingjoseph,D^&+72Ttgz
fleminglauren,&2uGhZf(Dz
flemingpeter,q^NrhP0&_0
flemingrichard,uNuDf8AG#3
flemingteresa,oYTdsD6^$0
flemingtimothy,!bHWI6Ylw7
flemingtodd,*k*$AdyXV6
fleonard,19RmmD3h$N
fleonard1,4JWrl8cd)a
fletcheradrian,^DYr11VbH6
fletcherbruce,bHvDCKZe_9
fletcherjoseph,if6@9MAlrw
fletcherrichard,!S%02PyAgc
fletcherrobert,Tt#8P9lWqo
fletcherstacey,6q3aJord)m
flewis,@AU6X3hh75
flindsey,#V2n@PJe6*
flong,yrhf2wRGZ+
flopez,*qPvEpnbJ2
flopez1,@_45ZcxmOq
floresallen,uSH988fmj)
floresandrew,&BRQ#LYfD6
floresanthony,Tk6m*FqX$H
floresantonio,Jm20Q)@yO@
floresashley,_1+lJ@Fih3
floresbenjamin,ZCUKm_Lt&1
floresbenjamin1,%kXMdXlp5!
floresbrenda,_1Nu8TXs0&
floresbrian,zPO1k6#iC%
floresbrian1,X7hujGuv$X
florescharles,$8kRCyo9@6
floreschristine,8FXmesFo_b
floresdarlene,#V2cHl9zz@
floresdominic,VTKTw)Sy^9
floresedward,83OGZnKx$y
floreseric,cd6cnAp^T$
floresfrederick,^Na6Rj48@K
floresjaime,i^B60Krxn%
floresjeffrey,#ReL(tzku3
floresjose,!Z2aSue_qF
floreskatie,(0HPmmFp#9
floreskim,C8iVduD4&T
floreslaura,5mUcbcMT_j
floresluke,BG2Su(yW*3
floresmadison,$(w(5CGes(
floresmary,(7nTIP%jfa
floresmeredith,A4Ty)Izg_c
floresmichael,^1TsPdPtYI
floresnatalie,dB9E6aGg+(
floresregina,3AHeiNZ&*M
floressamuel,$Spi2*Lvl)
floressylvia,TL_0xKdBm@
florestheresa,ro!Mr4Rj*T
florestimothy,!dCjY_vj#7
florestracy,J%@5PLTl_i
flowersamanda,VEdO72Zho@
flowersbrenda,#4iYN)$g6_
flowersbrenda1,t%)$Q3RaYP
flowerscindy,#Xl@o1YaU3
flowersjacqueli,Z&B3AfkHyV
flowersjohn,A2X*Ev)A*4
flowerskathryn,*^0XFZKmwk
flowersmichael,23U4h2lY!)
flowery,&E@2xnRj1l
floydamanda,+65xWsqd9Y
floydjessica,%c7kEe8C1g
floydjohn,n^76w+Qz+n
floydvanessa,#GSnthr35U
flozano,a2rrSdq!&(
flucas,6e7aK1Kv#K
flynnbobby,&QU9O#Nq1Y
flynndiane,Cj8%4Bxw+T
flynngrace,)CO_JNSwV1
flynnheather,o!a5KLeic@
flynnkelly,T+d2I5Zie3
flynnmarc,VC9QY87z(k
flynnmatthew,F5GXoAqS_A
flynnmichael,kO6jcQ6eG%
flynnpaul,Ji_8#MqA(4
flynnryan,ovHP1vy9&9
flynnshawn,N%1nOp@hrW
flynnstephanie,+HA!flLfL8
fmadden,k1$GQICd#1
fmahoney,6UrOhJeX(D
fmaldonado,fhLigvsl+1
fmann,q8u5XuMq(B
fmarshall,9uzET9V@^F
fmarshall1,F$j!1NMtU#
fmartin,Ce!m9SnU(4
fmartin1,%lg0Ra21SU
fmartin2,ROr6Kt@ix%
fmartinez,@cEE*Q&er6
fmartinez1,qt0rMv#z)b
fmartinez2,@P!eU34i!8
fmartinez3,N_p7TSqCPk
fmartinez4,(6oqLfjOi0
fmathews,K3pzYhHY_m
fmatthews,AI&9yOSu@2
fmccarthy,fyQL8tkY$2
fmcclain,d3+GgQPs*8
fmccoy,(5CY*xo0SG
fmcdonald,*1f_8Ni3kk
fmcdonald1,+4E6@Ph2!Z
fmclaughlin,_a5aGcR*T+
fmcpherson,5^#1iNoSci
fmeyers,0gDu0esN*@
fmiller,Xw$6PCqbd)
fmiller1,^HJmY6lJ39
fmiller2,_9AKvkOoE5
fmiller3,(sBb!Wlv@7
fmiranda,7jfECTf2#Z
fmitchell,E@q0xPdrx3
fmitchell1,@Ft3YxnzjA
fmontgomery,hkE1LTbs+i
fmontoya,RlcVq7cP^0
fmoore,6eo29LWCY@
fmoore1,$l0mnhZhbz
fmoore2,U1c!G9SqF)
fmoore3,_I7vMijxq7
fmorgan,#7WKt+exbL
fmorgan1,*p7HlVx)a4
fmorrow,e%W@8CsTHG
fmoses,b4a4IzbC+i
fmoss,w4_Y_CGc*%
fmyers,G3(f_Xq__v
fmyers1,#(%ZLssFy6
fmyers2,t%O(8Tl1R!
fnash,*wAreCkxI9
fnavarro,!21!_ROxjS
fnavarro1,u0oQYqJ$@q
fnavarro2,3L7HWuYcD_
foconnell,^6vxC@3le8
foconnor,_95T5PnLY*
foleyerika,lx6_x3ZtQ&
forbesbrian,F%4YTN0pvt
forbesmonica,#6G&^A^hbR
forbestaylor,!hmKg7FzF+
forbesthomas,vbL3Bfa4#f
fordbenjamin,EqGVgOT*!6
fordcatherine,Ho5tVvRv_I
fordchad,T%Ib6*En_0
forddavid,T%R@9AHk$P
forddeanna,*sK0u_Hz@t
forddenise,*g!8YZh0vO
fordjessica,&6B51Ctp@u
fordjocelyn,IC(s4MKhOq
fordjohn,+22Ppuz#y_
fordkathryn,^C)9Ta)J4p
fordkelly,$uM+$CO01B
fordpamela,Y!HbaGb+@0
fordrebecca,#w%3S3Hs*i
fordstephanie,+Bm3^MeqR5
fosborn,!I&eIAeHx2
fosteralejandro,oe1PMzVv$2
fosterbruce,#7!^T5yy18
fostercarol,QL^7HzoRs#
fosterchristoph,29Y%9EKi87
fostercraig,%W3O4mLf3S
fosterjoanna,*Y9Pe0(ROI
fosterkaren,(&O5NoCnZ!
fostermark,$0neKhZWz#
fostermichael,3mQLDhlm(6
fostermisty,%1aIfLd6vF
fosterrobert,65^(VDNT$k
fostertammy,*majDfl452
fowens,t*MKa59F&5
fowlercharles,rD5Eg3o4)p
fowlerfrank,XIp7TbRr+5
fowlerkatherine,+AaA4VuiMq
fowlerlaura,7MBdCL1%)P
fowlerpeter,$fQ14Xppa4
fowlerphilip,wc5RB(aj(0
fowlerstephanie,p8q9Mwbd*_
fowlerwilliam,V8TWBJIr+X
foxamy,!3ld#HCvyG
foxandrew,#lKOJ4m24q
foxbrian,L1XcHQtP)#
foxbrian1,*7gEmtp_@n
foxdaniel,H+8LietV^v
foxjeffrey,yC0zE)jct(
foxjennifer,@wu8Ep_9I4
foxmegan,i3N1qE!!@Q
foxmichele,$A8UNts6)u
foxthomas,Xw_2SlNZ$6
fpadilla,kY23wXA+#4
fpatel,_9OCqSZ(_M
fpatton,Y3pNhRDg!(
fpayne,2VKv&FdZ_!
fpearson,3WDRmY(m+r
fperez,#R53RTWlfC
fperez1,^75P6qd^mg
fperez2,Q8ft_8Cpn1
fpeters,s@0HPv4N$M
fpetersen,@5TJbU)dl1
fpeterson,!C88IngI)t
fpham,n6+4i5Ty(3
fphillips,+sLTT4kGO9
fpierce,9^ENs!yP+B
fpollard,q#08AyqsIM
fpope,@8NDu%Nbyi
fpowell,@a6RlkUpjr
fpowell1,siEN4g@A)4
fprice,r!!G8kBy!i
framirez,_3uUxS!z*a
frances56,%_vZTUukv2
frances62,(AT3B5w1uI
francescarter,e)Is1KmyQX
francesconrad,+3UC+qZ6Dz
francesmiller,*BWO!iwS4q
francis76,f^4AHi7utA
francisco15,^nh8CILkW*
francisco68,+DDGom%Ud6
francisco80,FP#%9vMgnq
francisco81,v#*Uimht+1
francisco94,r0gMADlL$s
franciscoallen,#G7Vdx8DxF
franciscobarnes,#0Upf9P#$z
franciscoberry,%I+7UYrQbP
franciscobranch,_2cXI8Wh0L
franciscobrown,(2C(nq_%u+
franciscodaniel,_0e*Q_Ps7F
franciscoduran,_LKAGOg%T8
franciscogates,#RC4qt^o9A
franciscoortega,yN9bDkEFd*
franciscoowen,C$9TxRpsb(
francisjo,&o0rDw0zN!
francisjonathan,y75Ub)#E%*
franciskaren,v%6Yo)Gc@u
francislisa,QIe@8Kg)9R
francisodonnell,_3Qas+fseZ
francisshane,#2GAePjqjv
francisstephani,+@0PV2rdRC
francodaniel,r7ObTdh_+9
francoelizabeth,qj8BsmB)O!
francojames,#e&cICsK!3
francojessica,9%!1PtXg(h
francokelly,i)t+mXna&1
francoleslie,#dqXe7Mg+3
francolisa,F$m11DWpv(
frank07,RGF7^BqWS&
frank18,$@47OhyPe(
frank29,_CQ6)Gch5i
frank31,4yelKC7x$0
frank55,nsafHEYo&9
frank62,Hej6JUz8*#
frank621,Vd6ANJi^q&
frank68,*4BwQnYR*5
frank72,8poL47b3^j
frank73,@!8BFu!4m1
frank90,_71GCgOm#Y
frank91,ifX3E0YDE_
frank92,f1op!RMX^0
frank93,Ze(1MrzUcG
frankallen,sK&oU$%x#9
frankbarrera,Yx6QLf9X^0
frankbarron,E4DkHv)Z#7
frankdavis,N+5O8GJow7
frankgonzalez,9F)e7Xcp^9
frankgrimes,)37VHSdE&2
frankheather,nF9^oX_v@0
frankking,Cg14KvImr&
franklin46,v3kJc^M$!W
franklinalan,z#k8SFUpto
franklinbarbara,q5Kl68Vzw@
franklinbenjami,AdK4iA_Ro%
franklincharles,o+6AnjhM(a
franklinjohnny,3@F9H_Aocz
franklinkaren,&8ZuZq6l1W
franklinlinda,+1fRpVNp7u
franklinlucas,&inZ1nzw_0
franklinmark,3N)4ImpyJw
franklinmatthew,++c5*BZdY8
franklinpamela,&(0COEte&p
franklinschultz,htg8E6wPi@
franklinwarren,AO*A80Hrml
frankmichael,6J$S3AfeCh
frankmiller,&WO0RKKg3N
frankmiller1,8QERPcpa#z
frankmoore,3dzEEyX6)9
frankmyers,WwIp4+iy_4
frankolson,Wo+4ZMmi20
frankowens,d^46%Frv6)
frankpeterson,k2WbB7Sw)k
franksilva,&fPSk3o!#8
franksnyder,E_E1IGCuef
frankthomas,(oI&rUHsM9
frankwilson,PR77Rw)o(v
frankyork,U+!5yzTqCV
frazierchristop,@4SJMGcvCg
frazierdavid,3ifIXo_7$9
frazierjeffery,c!1OfvW&$7
frazierjeffrey,0t6iMBno!m
frazierkeith,vkfe3Dr9+8
fraziermatthew,!vd5BfclFh
fraziermckenzie,w$8Yc@(o@_
fraziermichael,r_c6Y_fT*m
frazierpatricia,%MwP2Obtw2
frazierrussell,%^4SYuLq%W
fraziertommy,Fv*#7D7kE&
fredchavez,*5U9cPzkz@
frederick07,@vYFpc5R85
frederick08,X+l$5xWfAn
frederick38,3f6Ohj61Y&
frederick57,7%5PzpGHEU
frederickchrist,@)%wBfua47
frederickharrin,%6t)LrVo#H
frederickhender,8LH4fl1O(J
frederickjohn,@^1Rn_(i*%
fredericknelson,BNU1u1Wc)8
frederickphelps,La8yMdFdi^
freemanbrent,+C1gy#js^3
freemanerica,qREGccBG#5
freemanjean,(YIqGj3Rg4
freemanmakayla,#F7u4B@ovk
freemanmelvin,2)5!LGVf*1
freemanpaul,%ZMNUbagk4
freemansteven,_@y8F%EbQz
freese,*4*mJDo#r+
frenchdouglas,fYaO7gdAy_
frenchkelly,$dF!Ap%+6A
frenchmark,)#M6^P%wpJ
frenchnoah,@8j4CoULvX
frenchpaul,+kPB$z7Bl2
frenchseth,Oa_1_qT0r#
frenchtina,Y6WPj!@9$b
freyes,_13XBrYPZA
freyes1,+iOJ6BGg0M
freyjoshua,+!3qR7qTE1
freyrobert,H8DqfYmi+*
frich,!8+jFMF#lc
frichards,xk4Q2v!M&g
frichardson,C_I6KQyMuI
frichardson1,856JKn%JD#
frichardson2,X7Wgz%9P#6
friedmanann,@m0PVfmu74
friedmanlaura,!rLg6av5#2
friedmanlogan,)jF4HUWf+r
frios,9_36UInwB!
fritzbrenda,*y8NsMx&Vj
fritzmegan,t(7Ho#*xzN
fritzmichael,WC_mz4Fkjg
fritzsydney,_3mt^GEe_A
fritzwilliam,*zUh6mEfm9
frivera,i%ePq2EbO4
froberts,IcD6AFh4+1
froberts1,JT14T6en^@
froberts2,8e*4yZYe)e
frodriguez,)64FkD7w$J
frodriguez1,GSR6dFlg+!
frodriguez2,&oT2wTi^y7
frodriguez3,8mgQ10Li$@
frojas,RM)1Jm)S+(
froman,qw7aLTacm(
fromero,@9!9mOiDgV
frose,pz5X9GKj$*
frostangela,q3f7NFhH)4
frostkristen,N#4DLmJWGi
frostmichelle,%9OUiWLjU^
froy,2OY+5Qef30
froy1,4o%YdHt5)C
frydarius,zxL5BFoM@L
fryejames,GW30KR_c#o
fryenicole,&^89u4Bc*5
fryewilliam,he^nHDaX!0
fryezachary,7Cv3_Kan6&
fryleonard,!@ADB3qN4L
frywayne,+PTWPh+J3*
fsanchez,#9!#OHku2%
fsantiago,a+2L8lfiV)
fsaunders,+#M4zn@SE7
fschmitt,(XjX1xQf18
fschroeder,8_R6zTroPT
fshelton,s2FYeeZL_i
fshelton1,5MuoKNo$)8
fsherman,4Oc7W8Ll$d
fsilva,8*9hxtLm^n
fsimmons,I60oaFps_Y
fsimmons1,#6Ca1EOw)2
fsimon,6exE$mEt+G
fsimpson,I+1TutLXt&
fsingh,r2Nkpcq9_U
fsmith,!PlJHfA)X1
fsmith1,9dt0EDr8y%
fsmith2,9G4Rpsn@#d
fsmith3,8dS5*aPIw*
fsmith4,*9(Fr36@)7
fsmith5,#)aO5G+tBg
fsmith6,67rk_Xvk(l
fsmith7,2A5Oia%&c+
fsnyder,urfG27Ce^1
fsteele,@4K+kwFE@v
fstevens,j)IX0SxqI)
fstevenson,+fXpeno2p4
fstewart,_3PSATb5sg
fsullivan,!8*enTe7oO
ftaylor,tF@ck3$vP!
ftaylor1,K)4D0GLGsa
ftaylor2,I^791oDr9U
fterrell,uYFxeoMA+7
fthomas,*#MCwnAk#5
fthomas1,$GXJkRSL@3
fthomas2,lnBA#uh*+6
fthomas3,c1)1LBkh_Y
fthompson,v(4LVSbouI
fthompson1,!37Ojqlf^d
ftrujillo,Sh0FjWTg0$
ftucker,uNNHiva+@7
fuentesandrew,oEKtM9Qxv_
fuentesangelica,19eV#mnc*v
fuentesdaniel,NY4P$ycg(#
fuentesjason,h&6NeupU+I
fuenteskenneth,!Lm3SnQhv(
fuenteslynn,jF1_2E6q0!
fulleramanda,!KU9CT*ks7
fullercatherine,$C(QpbCq*9
fullerkathryn,E_5_I0Ef$G
fullerkenneth,Ty&I_Iid$8
fullerkevin,$#8$ULzbks
fullerlauren,I850xK@i%t
fullermarissa,$53VdSngnK
fullermatthew,!1h8sOigk1
fullermegan,AmC0OsMD(J
fullermichael,!3IMM^iyf4
fullersean,fnH0GDCiA(
fullerstacey,&_5FadLrUq
fvaldez,)55nL*en+r
fvaldez1,xeUYR$*c_0
fvalencia,*sV*P^HAp3
fvargas,S%N52Qod7)
fvargas1,jqIqMy91(6
fvasquez,Q#$65+C5vq
fvaughan,2F##2Nx6bd
fvillarreal,#aJ3LcIzlf
fvincent,3r+0(IXdWB
fwalker,Y5Ruaj8o%G
fwalker1,(NY7lxrX2c
fwallace,#3L&MPc4y3
fwallace1,+@Dp!2ak*0
fwallace2,)E(#*7Zho2
fwaller,*j^_EGJum6
fwalter,_20riSyKzO
fwalters,oQ_Q6M!n15
fwashington,*l4%1LNq0Z
fwaters,3Zt3pUs2v#
fwelch,*l0XXqAwd)
fwilkinson,l+yA1OzuPk
fwilliams,*t%4XFkJV@
fwilliams1,%%6*mvYaww
fwilliams2,LT57AoLP^0
fwilliams3,(1!KlMD0sx
fwilliams4,eE!WH2Nfx)
fwilliams5,)a5K_Mr&aB
fwilson,XAn4J#1jM@
fwolfe,&46(aMa^Ne
fwolfe1,G6v!L(Lb(E
fwright,_p9#Hj4lpk
fyoung,x8BYKbLz@b
fyu,@3EpVljM2U
gabbott,3YW1$bXs$f
gabbott1,9HrTt7DB$M
gabriel03,*acNV5JfS9
gabriel19,V&4tmPo+*3
gabriel22,oS0NQse4(K
gabriel23,#AnR_0qY#9
gabriel25,%&##9Znm+$
gabriel33,%mFHFTw+k6
gabriel41,e13BS7pi_9
gabriel42,R&5NFi$yhJ
gabriel72,^POW3K9St0
gabriel80,yAJnMd)w#9
gabriel88,!46MnZ(orL
gabriel89,%!kF2@FqpZ
gabriela10,+*5ZoQxzMa
gabriela50,h!7#HaxI55
gabriela60,WK%9XirjbE
gabriela77,oF8VoL#I_P
gabrielacampbel,#e7J*t%f_E
gabrielahamilto,^(R&qXva!0
gabrielahudson,thnL31MOF^
gabrielapitts,+&9FcjGdI@
gabrielbennett,5D&Gsww++0
gabrieldavis,$4ppTBhNmi
gabrieldavis1,%h)FG3Hghd
gabrielevans,L(*1vCd1je
gabrielgarcia,t@(y8I!oy4
gabriellagregor,_^Q3)G)91p
gabriellajimene,K*0*QoPfTD
gabriellamalone,DpugvX4V)9
gabrielle37,%48lNDJvY7
gabrielle39,N!2jBfl5gr
gabrielle48,)iSOE$QU7Y
gabrielle56,+k4wFOIB4c
gabrielle58,l(6_Fbms)U
gabrielle72,el^d3Ow(L%
gabrielle85,k+6SMDhn)f
gabrielle88,x2t13TnB!q
gabriellebond,lyJ4RFU+I$
gabrielleholmes,0q&%W2uq_C
gabriellemartin,s2RYiQNn)D
gabriellemcinty,#7wVy+Xe^7
gabriellesmith,3_d6ZqKDMJ
gabrielperkins,4*FFbjaC&0
gabrielrichards,GP7JjbWr&!
gabrielsantos,9A2YbjNH$K
gabrielwilson,wX0AAcUx4_
gaguilar,*oCGiMW0n8
gail55,B_6Up@&jbm
gail63,M(Wa6MYeb$
gail86,z7F)u9Mo8*
gailnguyen,QKW16Fy+^n
gailochoa,(LZMpvAu6L
gailrussell,#8$MiOfXIY
gailsmith,S(9DMcme&R
gailwilliams,RI0GZepc#6
gailyoung,@2CV4YAm4P
gainesabigail,&cEO7Vctfy
gainesantonio,(TX2F@aOuv
gainescourtney,*97ZDC!b_C
gainesdawn,$9HFYJiL%7
gainesdouglas,&8BmF0FlHN
gainesmaurice,d&j^2mGaHt
gainesmichelle,GRzZIpCQ)6
galexander,4%j8A0gYwo
gali,k1GjXkY0$4
gallagherdonald,s44!dKC_)s
gallagherjames,o9zLmV87*c
gallagherjerome,br1U2v+q+L
gallaghermichel,z$c2MyBeml
gallagherryan,cN63k66fp%
gallegosashley,*u6OYfFnVa
gallegoslori,@1+^BBLi_G
gallegosregina,&2^8cQAcG!
gallegostyler,))#F+NJv*8
gallowaykarla,Q&5J5zOZ2_
galvanalexis,idT6Svlz*8
galvancaitlin,%7UN_mvKPZ
galvanlindsey,7qIp4JIm%!
galvanlisa,48Vf35vD%B
galvannicholas,3)5dLiwBvj
galvanpatricia,f7nfAEKl#S
galvarado,cm3ZJCesU%
galvarez,r@x!1ZhYkL
gamblejames,5Z_1wQHsH%
gamblejames1,6%5eB9qRfr
gamblejennifer,^6P$Ks5h+I
gamblemark,p4*^eSWu+T
gandrews,#n96YiXqfZ
gandrews1,jA5Lggn__8
garciaabigail,+0YYg14^Ek
garciaalexander,Gj737hOgG^
garciaamanda,&+8DW(_Zj4
garciaangel,s07UcxGeU+
garciaanna,B2U2LcF%&m
garciaanthony,66DPTyQ4#6
garciaantonio,D805d&Dw+P
garciaantonio1,(X0IxL0v&8
garciabeth,^O3!UqI1Y2
garciabradley,C8Lga&%o@$
garciabrenda,r5Jo*o^j$*
garciabrian,&sVTIMmC7(
garciacassandra,@4_^6Iue(&
garciacharles,)a4HVCdd7g
garciacharles1,!EFEv$wZ7e
garciachristine,bQkGh@6a%0
garciachristoph,95*nIVub!E
garciacory,Q@1nT0Dqbi
garciadanielle,mu!5W$Vfa@
garciadanielle1,*42bbZpeR5
garciadavid,W@90U8sv5+
garciadennis,*4K!t(Rq+0
garciadiane,h@m7NtPI+y
garciadonald,8zliRrzz#5
garciaemma,!eH42qWoWO
garciaeric,&o8L9tYrwk
garciaerica,WGTBl8c%(5
garciageorge,*T6X%$*hh9
garciaharold,*xS4c@11H3
garciaian,UBT91ZFao^
garciajacob,+!S2HgJ4jJ
garciajacquelin,^Y9N7SOk38
garciajames,kH7OirqmA@
garciajasmine,G6vSgeqi!6
garciajeffery,HK!1PjecSP
garciajeffrey,#9)nMq0v6A
garciajohn,&T4LO4Rb8S
garciajohnny,^Izn0LrhQp
garciajoseph,m^5NXQbVEl
garciajoseph1,^#T5R6pHLK
garciajoseph2,d^Fjp1Fai8
garciajudith,C2)Q9Ww*)M
garciakevin,J&7Cub9AEg
garciakimberly,qb!jFBZY!1
garciakimberly1,O3A46Sf1&r
garciakimberly2,YK%_7YctlY
garcialaurie,CaH1U*Y1e^
garcialisa,cU3^^dCc)1
garcialisa1,$9TUY*&a+k
garciamark,$MfR&pKbX8
garciamark1,+XZKd#tc0c
garciamary,Q+C%*Whi$7
garciamatthew,Kfc7PyEeM#
garciamatthew1,p#1)Co#X#%
garciamelissa,5&EEfLOn)8
garciamichael,1n&1YIOj_D
garciamichelle,$HK%SmgWC9
garcianathaniel,z%0ONaHq4y
garciapatricia,xbl2RZ1&O%
garciarobert,@0U!F#)$og
garciaronald,(!EDig$hC9
garciaryan,pC3no9ZfG)
garciaryan1,+96MHSONwi
garciasara,y7M1(6Xn@g
garciashannon,*63Qmrcn4n
garciasteven,$9UY5cDUmB
garciasusan,%m0Q5GBp%C
garciatiffany,WXz1Bje*_i
garciatina,6&q4Nw2b^W
garciatina1,8tgFekf+*x
garciaveronica,7p6E_xbr^l
garciavincent,i!1zFZoERX
gardnerandrea,5Nn$BTM#^r
gardnerashley,R3ZvVDrs$Y
gardnerblake,L655QbYX+3
gardnercarrie,_Q3r0I!qL7
gardnerdanny,0GLPYXHk)m
gardnergina,q@y4M@!a%$
gardnerjacob,)L$IuOxg5q
gardnerjesse,mZ!4T@bMii
gardnerjohn,*$6WPTMkHy
gardnerjohn1,)0BQ8qAdRW
gardnerluis,5D4othHoW@
gardnermichelle,(1IN#ud_K0
gardnersamantha,d3!LYnJJ@5
gardnerstacy,^4MF$$jzxc
gardnervincent,fTwhXosf)8
garellano,)#W7p&sLr2
garnercindy,N+CHatu3!2
garnerdanny,!2iUF4v1U1
garnerjonathan,7(Bo93JnBU
garnerjoseph,^bgoHJf%72
garnerjustin,VCsu$Pis#7
garnermadison,Ag1ECKq3^X
garnermichael,!1D7ZgRs_0
garnermichelle,%FB@Mf!F4u
garnermiranda,^D*31F%kVD
garnerpatricia,HRhCdjTv+5
garnersara,C(yi9BTWCc
garnerwilliam,%P5z!DwxzO
garrett06,TJ6^8POmqr
garrett13,!jSxYakd7E
garrett46,Zut8dlQmG@
garrett65,f3CezRnO*%
garrett651,+r%1YIeMLr
garrett88,g0gAgsgY%a
garrettball,%MKiZ5kiz1
garrettbrown,o+4XqLz_oS
garrettchristop,%6S1$nfAl^
garrettcraig,EH$28Hb9%@
garrettemily,%TMMIQG4h4
garrettholmes,Kb!y3H*qgB
garrettjohn,+t#UAVo+08
garrettkenneth,Y4p&F$Az(6
garrettlee,@#_V7_Dqc*
garrettnicole,U31NrzpP&J
garrettpatricia,$1B9EXp(N)
garrettrachel,Vw@*GTNT@9
garrettroberts,6t^5UJyz6m
garrettsantiago,L136SyS$^A
garrettthomas,9$u8sJLkDU
garrisonashley,+B4If9DiWd
garrisondenise,b$51klSxf6
garrisonjacob,f95lUIiP^8
garrisonrobert,#2ysAS(F8l
garrisonsharon,V$U7*Wzv(i
gary03,+u@4Cl_5%7
gary07,w!Z0Qwx9d)
gary12,)!v4MiRl4i
gary19,25UKaShb)w
gary26,RPa1ZeG8!!
gary29,*dDoMqcB)5
gary291,*ND+0KGfXl
gary33,f1@AhRx4$h
gary34,J^9J(p#u!#
gary43,ya+M2_wQ+8
gary46,HgHDBqaA_9
gary50,+7AapjTv+h
gary57,*l2G^JuTC#
gary62,&6GijuQo*g
gary67,546wT8ha^U
gary77,&9KXrgHxBD
gary87,!R2BtK3oXr
gary98,H26O$i0Uy%
garyarnold,_6aH)hVn5w
garybennett,R8jYv8%Q#A
garyblake,T_3c+^cZlT
garyfisher,cs#2XZQjC^
garyflores,w)30PbIl4y
garyfrancis,K@5XrGbo(*
garyfrancis1,Ns5xpWEMz%
garygarcia,#(R8!&z34p
garyhall,!90oMlJaW^
garyhuffman,d8aG*F8M+0
garyjohnson,!wJQiyF#1W
garykaiser,dl^0H$mmOp
garylee,F+41WDHg61
garymartin,(E!5q&JhPx
garymeza,o8UJUHcd@6
garymiller,+F^5TMfNI9
garymiller1,$@_2EznROp
garymorris,!+vK6bPvQy
garypotter,+56Asg9_5B
garyrobinson,y$d2)KPtp7
garysanders,)3BcI!zer(
garyshelton,&UU&Ll*b1L
garysmith,7O&CA%Q#%h
garysmith1,Lk79QDf3O*
garystephens,TU%CP4Pcw!
garytaylor,0E1653Xw!$
garyward,51aVXaEd$_
garywhite,&LPKMRj@1t
garywilson,k9SZNQ7j)S
garzaamber,!H2WxMRmp9
garzadavid,!qHVy9u^2M
garzagabrielle,evDsNr5b#9
garzajacqueline,(3E^Q@7xw#
garzajessica,!9WmHHXryp
garzakaren,pR1Yl7U!)+
garzamark,_7dDqT^pnq
garzanatalie,TFu6I5Tq$+
garzasheila,Ti&&%5Eb^h
garzayolanda,$rfAE)Eb9C
gatescharles,2p&)54Bc+H
gatesjeffrey,5!F2WAOIhj
gatesmaria,pj)j@0F(4&
gatespaul,*W32Uh5vR)
gatespaul1,!l^nCx5!o0
gatesterri,f!Y73Xy(Fc
gavin38,$6dOa&)lg1
gavinaustin,!FVNkx5c2c
gavinhiggins,6yZ7Shw4%6
gavinjames,J_&0U*nj_w
gavinmichael,Q9OlEeTz&V
gavinperez,yu&Gx*A4Z_
gavinzamora,J8VaXBMT(G
gayala,)0GCvsfngJ
gayala1,45nxG7nO^v
gayheather,)72IEFnTY#
gaymatthew,_g1+L8XlYa
gayrobert,^FeHQe&#j6
gbailey,SA91TDaNo#
gbaker,#_ZUI*QuV6
gbarry,&3G9eUmj62
gbeck,y9LyEOhA@@
gbecker,BDz0Lk(8)b
gbennett,cWO63QdRs&
gbenson,!5_SyFnzu5
gbenton,2NX3ChFS^^
gblair,an4RFPy2)2
gblake,LZV*4Dgsg$
gboone,5(DEGWnq$4
gboone1,An+I4LWb6f
gbradford,qu7%JUzrA^
gbrady,%B5VwTycp^
gbridges,nOH8B#uP+4
gbright,W##d3FrH#&
gbrown,z6jh6XVL*j
gbrown1,9msEb3os+9
gbrown2,KS3VnvskB#
gbryant,c#I6jA4aZj
gbullock,+^5JhEGgL7
gburgess,9*k8PZu@@_
gcameron,R+sc2CSo+_
gcampbell,&72OfK%hjW
gcampbell1,kL3FXGDl@e
gcampbell2,$NXNfzAyW2
gcampbell3,M2DvIKdr!7
gcampbell4,u^$KByExK3
gcarr,ME9R58XfX*
gcarrillo,OA07P$Tp&W
gcarter,CM33lMct#V
gcasey,frU2pS1mD$
gchapman,5B9suhXuQ)
gclark,%)39ZDQm$0
gclark1,c3t66oYe@e
gclark2,!9ytIByodK
gclayton,oOPvSEso&9
gcoleman,i&+3J#wzI0
gcollins,%3cVQ+nuup
gconrad,jrD*gTaB*2
gcox,!7Cv2TTYv@
gcross,o+PvkMZ%+7
gdaniel,))Nx3eeem0
gdaugherty,0f$aqOB&_5
gdaugherty1,)&gGZ8IlSB
gdavis,v_VX74IO@l
gdavis1,Y06ONg4bM$
gdavis2,E$R4EOaAL!
gdavis3,I2G6bar7^n
gdavis4,fxnO2t!l_0
gday,j)94ABa5qQ
gdean,(zLtFAox)2
gdecker,4jLF7QOw^%
gdiaz,91CAbo+V#s
gdiaz1,!Q5uX9Wk0#
gdickson,%24LyKW4k6
gdrake,%EcBt(Pv73
gelliott,*gJ7IJSt9X
gene52,ud0cjL%yJ*
genejimenez,^e%8XRnl%+
genemoore,+_0xTvB+tV
genesteele,uzgg$1Drb)
gentrydawn,+oL1aWs+3@
gentryelizabeth,^Jx1F6dVy)
gentrylouis,R1dTijg##x
geoffrey03,9^W0UpVr_&
geoffrey05,)5&kGWkaQJ
geoffrey69,uHW9TJ@nH*
geoffreycole,#Amw2QUs#J
george04,)!BrSVGz%5
george07,913tXMth!$
george08,$@g6I&zeG8
george30,!8JTmERJn2
george34,S3_K8mCyue
george37,a&4TJjQsl%
george43,M*D1D7IqNz
george44,3Oxjm4bw+j
george57,FwIFP9_v&9
george61,q&75qFcZ@6
george62,^i5Ypfjv1f
george63,*6CHgp&SEw
george72,_(1+D(u2(F
george87,f_4RiNr6LS
george91,Y_W6fiyt2X
george92,#^1liyGbif
george95,(U6mOFyQ4$
georgebarnett,7@&#0O@quB
georgecampbell,vm09TJxL)%
georgedebra,_Ta7PL3t8J
georgefoster,wz8dQbId@#
georgefranklin,!4@1QLFi$Y
georgegilbert,8&2(Vm#KX9
georgegreene,1+N&JWmR)r
georgehernandez,H9o(S4aC(X
georgehunter,6^0sKkZ9Cn
georgejackson,(480cVGT9h
georgejames,lt94Qeqa&r
georgejordan,uuTs01Xh3^
georgejose,qw1gHwBKk!
georgelee,(mx0UOcaRr
georgemakayla,T_L*V0Dk2O
georgemartinez,(2AjWNzCY$
georgemoore,@9nX6HuiX9
georgemorris,3b5A*HBi_V
georgeperez,%!47SftIg*
georgepham,Us28HlBl$^
georgepowell,1g@XKdjp+1
georgeramsey,%^9rUWrx6+
georgerios,t404JAHi*G
georgerogers,)k5CtAqL&0
georgeryan,5bWEyR3q#d
georgesantana,57MS#6QkmQ
georgesantana1,@6@i+Xim^1
georgeshepherd,$2jEGwgl+h
georgestephanie,&9DB+qzz&C
georgeturner,_6fMl80p2m
georgewashingto,M715PYDM%s
georgewilliams,1#G@X8Gh9z
georgewright,#7UehA9z^2
gerald05,_cuTeFk+T3
gerald16,)4r1UbJKkK
gerald17,!HJ40Ek*(K
gerald37,K@_4H!jZAq
gerald61,u0N91PQ&#p
gerald72,!G1Poij$&&
gerald82,p8GIXDMV)w
gerald90,nGv9J7^tL@
gerald901,mFk5Psdc^5
gerald92,E+W8N!cw6M
geraldalvarez,7_zUk8gesX
geraldbarnett,$Q^1UH2hdW
geraldcameron,*lO0WdsC+8
geraldcopeland,d^6fFKP+)o
geraldfigueroa,*8@8MQylb7
geraldglass,lf_3X2IitN
geraldjohnson,*DIfY0pu5K
geraldmata,gD262#AsI#
geraldmckenzie,$i%1Oof0xl
geraldwatts,W4+P%%Dp&T
gestrada,#iBVzNE%U1
gfaulkner,3$*25XvDj@
gfigueroa,#hyJXXwMl3
gflores,K9hQBGmn*t
gfoster,%OG%9Gbfv+
gfoster1,A!A3gIo&!8
gfoster2,Q)!FZnl#*8
gfoster3,Z_6zRoCa%&
gfrancis,B)BWn4kjFX
gfrank,&TZ3WIWb*@
gfreeman,_k9PvXAkru
ggarcia,^#L06DuK@q
ggarcia1,e_m)35&g6E
ggarcia2,2gJ)giO3&Q
ggarcia3,%G8h78Somz
ggarner,SrvDx7oM$6
ggarner1,@4Z9l&8DHN
ggarza,&5Z5ubPrhY
ggates,8T8%UHry&)
ggeorge,Rx&a14Wx(@
ggibson,z_TsNi$8(0
ggonzales,)8pP$#&ui(
ggonzalez,uBDvKGn0(9
ggonzalez1,o2K@e+bQ#A
ggonzalez2,#7YMSoLk56
ggray,e3+(GP+y+i
ggriffin,81L8Gs+1(4
ggriffith,H8l)e$Cf#f
ggross,Pi*RzS5J$0
gguzman,O5Nt_n3+*o
gguzman1,WKx9IQfH)1
ghale,$A3zbAq2Z@
ghall,7+I8FjLkl!
ghammond,mD1n$Yxai^
ghammond1,_4KWHVcd1f
ghansen,LT8%k^Oa7!
gharding,Q(7+KGUwm$
gharris,RU0OZfDo1_
gharris1,468Zf)nF#k
gharris2,(rGlX0!b23
gharris3,nEV02_Oi6+
gharrison,J#4@X2vWB!
gharrison1,CiWn8zv*(1
gharrison2,*jnQLzqZ3#
ghartman,%M%1+fSn&g
ghawkins,(5w!R*Vbsc
ghawkins1,*Xd_0Kxc#c
ghaynes,P$2o7YYcG1
ghendricks,b4XOSqk%&3
ghendricks1,X@7sirXaxx
ghernandez,_qU^OtBt7(
ghernandez1,#WBRvRWR0H
ghernandez2,5g5eOCc@#P
ghernandez3,0*6P83TamE
ghiggins,6#I0^9ag#3
ghill,30Rw_Xd6**
ghill1,^(0WBbAyd+
ghines,6zxT5Ql(%R
ghobbs,J5PRfxjk_8
gholmes,+9JjSaCEW%
ghowell,+ShY0Fbib6
ghuang,C4TAqKSm$L
ghuerta,d81Miw+Z)m
ghughes,M)W14&Wd+%
ghunt,#sm0+YxjkX
ghunt1,^oU7XzHh_L
gibarra,I7)VsXv#$s
gibbsdevin,!_QYBve)f4
gibbsjessica,R3)GySxn#E
gibbsmichael,+VRs5Nvy(0
gibsonanthony,@rJsgOX!9t
gibsonbrett,(p5Mx84tK6
gibsondeborah,#)D0_COh61
gibsonjeffery,&kyQx#pb#3
gibsonjeffrey,)yxmZ(dvj5
gibsonjody,nI0QDvQl_e
gibsonjuan,@)g64Y+w2T
gibsonmelanie,!1JraG&j+)
gibsonmelissa,ag#0qXsHs#
gibsonnancy,#rc6GVrx*$
gibsonrobert,nzZ0CK2l@!
gibsonsteven,wkK5IDhm__
gibsonvictoria,!4GjIoN5tH
gilbert43,)7hfoM*N)x
gilbert89,3D2CSphsF%
gilbertbrian,&8MtCHeT^o
gilbertbryce,14Pm4uem*D
gilbertdaniel,%56PHwkx#2
gilbertdonald,1fPvH9lQ(8
gilbertjavier,U9nWU6rj)(
gilbertjudy,#(h6vI*xlu
gilbertlisa,&S1UFcLz8L
gilbertstephani,V%J9e3gnGK
gilberttiffany,s3XF2hTp$G
gilberttroy,N4s$R(Ax+Z
gilesalyssa,!1dYu&pRna
gilesgary,Te4vgCRl@&
gillbrittany,NJLnE2Kn)N
gillcrystal,K_2BJytky#
gilleric,(_1B7tb5)*
gillespiebrando,_aMsu8X!6m
gillespiedaniel,)dSZHJ4t%7
gillmelinda,++i)54Xf#^
gillryan,^O7Nkb2px0
gilmorebryan,+_LVzWNgB4
gilmorejoshua,P23NSYYt&E
gilmoretimothy,adQLnrza)1
gina02,Q*@U)1Ewm)
gina28,^2KGCr6cBF
gina45,qh2SlWmv+M
gina48,#DtM2PPo5G
gina56,+RGA@mBJD9
gina57,PzHDXvtE!8
gina59,@8bVuLLlwl
gina591,4h6JfTc_G#
gina61,W0hFDTBt)5
gina68,eYQ2DAtM!1
gina70,$6s+Az(7$r
gina71,0VN*C0KfUb
gina72,j3&9Asdwf$
gina721,&+PPcIeGd8
gina93,7LPf91aug+
gina95,+9Xp*ik%sa
ginaaguilar,r&7TFywa#4
ginacabrera,%(gM2fFu)h
ginadiaz,_0XyRymu9f
ginaford,8)Pwzv1+(F
ginagarcia,%8Ny52ZCtb
ginagreen,)9*o4ZnWE!
ginajohnson,%1L#5I5da+
ginalindsey,_5VyTKf9w1
ginalivingston,PSz2UsK+@o
ginapeters,B_L1&BZo+T
ginarodriguez,H2$0SdK%ex
ginasims,+p)9NhaWJ3
ginaskinner,$g1rzUN+F5
gjackson,9a3^KY8l@h
gjefferson,&9)(1IQruH
gjennings,e56Tcgpb(W
gjennings1,Q4h0Mduk%3
gjimenez,jho*2WuSRT
gjohnson,DyACdlJP_8
gjohnson1,f_287rNnl!
gjohnson2,76o9TJyP(9
gjohnson3,6eP5vjA_$0
gjohnson4,1Go56OGm2_
gjohnson5,x5xHkoX7_)
gjohnson6,5!q2CGOvTp
gjohnson7,7M2FY*r&4)
gjohnson8,)z_+$hqgO9
gjohnson9,nQ47QxyyH$
gjones,x9x#I4Tk$X
gjones1,b9nUETQb)R
gjones2,9fSoeNce_I
gjones3,)hX)L(Ja4O
gjones4,AU0UTWmjM_
gjones5,(yWYsnAQz4
gjones6,+HJ9eJSh7q
gkent,k5(&k+OJ!n
gking,A*Gn4Ogm$s
gking1,S7B*D9WbD6
gking2,65vdDNyb%r
gklein,$3pQGziL)l
gkrause,%B4MFbJoBy
glamb,&8FNu7kgqK
glane,^O0@TjhIx#
glasselizabeth,+7aMAsGzv2
glassleonard,bE8gJCr7!4
glassmark,PI8aYqJ+#W
glassmatthew,3a8XCzh9@v
glawrence,&E9xXmCiN7
gle,)ti6yAss+l
gleblanc,6!4NYB$wEB
glee,&$46UsPpz4
glee1,(63NjVYni7
glen13,P&1VV2gcIa
glen20,ZH5ovnnS(%
glen95,)68mWhx29E
glenda13,+iVdfBM2Q2
glenda90,&g(3F*Ot@D
glendadavid,97EAXarX+%
glendagray,Z56J9lOcj$
glendahill,#&D76^Ua04
glenn20,FT!9B)g*U$
glenn52,KV37DHHy@2
glenn56,U*5ZS0l_vH
glenn60,fvM4nBzq+s
glenn601,!ncGvg8WN0
glenn70,GH$0SMsu$I
glenndanny,#TOUtfA088
glenngarcia,#5sUt663b%
glennhunt,ToW6jHDiK@
glennjeffrey,mr1tYZakO+
glennkevin,w9r@p7Rn0V
glennmargaret,+1fxhZdp9P
glennphillips,4mEqFBPj#F
glennstanley,@6NmPf!u9w
glenrojas,id8!A6vq6+
glindsey,f3&P3zL^^j
glopez,_uhAeHqQO8
gloria29,8n1+7XzH4Q
gloria41,s(4s%*KzF9
gloria49,al(FFbGn$3
gloria53,FrZLIWvL#2
gloria71,!61fKgp@*9
gloria73,B+a3UvjFX_
gloria78,%hb7RNDt2@
gloria84,qzTy7^VpM&
gloria98,NLzNe5mhq(
gloriahernandez,o$65V3yTLk
gloriaperez,(3ltS0i0)E
gloriawilson,J6+&ELdj$m
glove,QQbWWi&s%4
glovergregory,0#ISes3tyB
gloverjessica,(86FxGfHaz
gloverjessica1,&8K53XwbSz
gloverjon,@$25S6Nz74
gloverlisa,SP3RYZer%+
gloverronnie,@l7pYNLljI
gloversamantha,44miPM2U&n
glowe,P)^5Q0Hb#v
glucero,!DAN+dS8d0
gmann,)84BIJa*&^
gmartinez,6iYZ%rA1#F
gmartinez1,#*Kt07MPZl
gmason,!_^wJ9b2+1
gmason1,t#0wo5Ox(U
gmathews,)v7L*tgdWf
gmathews1,)d5yDiNOKx
gmatthews,%tZa%7GfkM
gmcconnell,a78CK(ji!1
gmcdaniel,y!V7EZnBQY
gmcdonald,#3Tt20xS_0
gmcdonald1,%knjBTWC28
gmcdonald2,zB1hz75nG_
gmcdonald3,qo1uZPBTR!
gmcdonald4,(D3m4EPagn
gmckinney,$84FSrnlVp
gmcknight,$66cq^Q#hp
gmclean,Xl1(JnT3V!
gmcmahon,g_9HeyY$dg
gmedina,tx^6*tJhD@
gmendez,^Z30P2nb%n
gmerritt,)6EC20XLjx
gmeyer,)5ZAA%fr+j
gmeyers,@5k&l9yvMT
gmeza,3+Vm5+ZieU
gmiller,f_C6jafG#7
gmiller1,&9VJE2Uz57
gmiller2,Z1A8Ggl(*u
gmiller3,w%+X9pVBpi
gmitchell,V#S7LHChq_
gmitchell1,m22_aHgDe%
gmolina,$Q6sLubPSh
gmontoya,2t^#!Amn(6
gmoon,k&68X+jA$L
gmoore,!cA_G4w7&3
gmorales,(b9O4Kgkc4
gmorales1,s7hA2wqG)e
gmorgan,+Y7GhquSz)
gmorrison,tY9TRl2O3*
gmueller,*D6Z1*iB+9
gmullins,@dmbAvhk#6
gmurphy,&r)HJvl$b6
gmurray,_%7C2miMSZ
gmyers,%hUT2DmxNA
gnavarro,rU8XFu^pj+
gnelson,(5W1Etsv5U
gnewton,@EVzVtxK%7
gnewton1,5ENtA$^9+x
gnguyen,s#9V7oie8l
gnguyen1,_kI$6MZ3!3
gnorman,7f5&qUWi@c
gochoa,)UDa$yDtC7
goconnor,$5z1fZ2dvb
godonnell,HJ(13#LfUS
goldenashley,(q6qG_je5k
goldenjohn,%*CKVdfU^4
goldenjose,kw4qb(PlJ)
goldenjoy,1#1SeQ7^cY
goldenrenee,VSMsiFSo+7
goldentracy,#3xJN)Ll9Z
goliver,2!#YD1OpEL
goliver1,3!hc%9DsJ+
gomezadam,&a70wQXzh4
gomezangela,Lgk7Yu(m@o
gomezbryan,7*67bAeFXw
gomezcarol,GDhAZ01kg!
gomezchristian,h^#vi6Gu5)
gomezdestiny,zPHEikJ8)9
gomezdiana,@+_6eHJx#U
gomezjacqueline,!s0tPLjW51
gomezjames,feX8WWkc_#
gomezjessica,18QDKEJy*g
gomezjoshua,y2_76VofC*
gomezjuan,s+8^CqUsos
gomezkathryn,#5nAQH1ARy
gomezkimberly,qad7tQPHW*
gomezkristin,+9bIdVwirB
gomezlacey,(p4VX0wA47
gomezlaura,$GGccUWzG2
gomezlisa,*5EtPcgJ@r
gomezmadison,8*If77z&!3
gomezmark,&7S*VIyYBg
gomezmary,i&n6Qt&L!b
gomeznicholas,l6V5!(*g%U
gomezrachel,NL8ZXQjdB!
gomezrachel1,dDp4NUri^^
gomezryan,0H4%)Hax2!
gomezsamantha,d2oP7ytz(1
gomezshane,Nmt71Ks57)
gomezsydney,SIybvgSn%9
gomeztami,^#$J8xSsaV
gonzalesaaron,&G56UKEv5&
gonzalesbenjami,jZ&r74IwlH
gonzalesbriana,(8l7FnTul0
gonzalescarlos,%i0xdSilxW
gonzaleschristo,%bwFtJmpL3
gonzalescurtis,&2k2PevjwH
gonzalesdawn,jk9nWihgA@
gonzalesdeborah,^&&tM#soU2
gonzalesdonald,^VVW#1Lr7v
gonzaleshannah,6IFpmg^x@D
gonzaleshannah1,zG04Y%SwG&
gonzalesjanet,0lHxNRvf$%
gonzalesjoel,Ke8lF_mgI+
gonzalesjonatha,+iN7X7mPLA
gonzaleskelly,sN+2UgfM*t
gonzalesmary,L9E$MlY6*S
gonzalesmary1,%2YHlgu8p8
gonzalesraymond,@U!w1IBr!+
gonzalessabrina,&4_Fcu#sf4
gonzalessandra,x)1Aa%f5q%
gonzalessheryl,reF7hDHrY#
gonzaleswilliam,^d+j@GAZb0
gonzalezadam,aa0FO7g99)
gonzalezalexand,c%v3JQ8uxt
gonzalezalexis,tc6o_0Bb@@
gonzalezamy,)*I7Wmub*U
gonzalezangela,i3NAA^Cc@Y
gonzalezantonio,GCb5r@Ru(y
gonzalezaustin,_G_@6+Dh87
gonzalezbarry,Ns+cY9Oz@y
gonzalezbrandi,&wEQvOO43(
gonzalezcharles,AWGdfJ09)4
gonzalezchristi,+T%4JPk0ML
gonzalezchristo,y7&QRhsM)1
gonzalezchristo1,&+*LGDM&3a
gonzalezcindy,V4u)PCVi$&
gonzalezdaniell,$x_5MpeiW2
gonzalezdavid,U)f_5Y#d1w
gonzalezdavid1,Y$96eYd8Zj
gonzalezdiana,%37@rhnJ7L
gonzalezdiane,GF$9MAjIL&
gonzalezemily,@Z4JoL%bO+
gonzalezeric,n4OMWerl%)
gonzalezfrankli,&539JwxQ^f
gonzalezgregory,%63DGMZ4u9
gonzalezheather,X0^)2fRvCH
gonzalezholly,D$1ZzrEtqo
gonzalezholly1,eGI5RTKx(h
gonzalezjacquel,6eh9y(TS#C
gonzalezjames,9t*2FOjhh+
gonzalezjason,((2Coqaf4O
gonzalezjennife,6#YLPEgl*Z
gonzalezjerry,wb_L4B4rp!
gonzalezjohn,5x#i0LNiUX
gonzalezjonatha,U+s5DaFc8%
gonzalezjoseph,q5y8E4yf+G
gonzalezkelly,9&3PBqkBE(
gonzalezkelly1,!j9vJ%Hrzw
gonzalezkim,q69YCh13^)
gonzalezkrista,+u4V%t^9I5
gonzalezkyle,o*6xAusQ&c
gonzalezlarry,!N0ACtrjoP
gonzalezlarry1,b%576F)Ndr
gonzalezlaura,pz3eBR!k5$
gonzalezlaura1,_XfGKl%N6J
gonzalezleah,^2hWZ2#p%a
gonzalezmaria,0I^$x)um)6
gonzalezmark,lw%3DqhuGv
gonzalezmark1,1ipeBeG4*$
gonzalezmichael,YiF$WkoK*7
gonzalezmichael1,v^1VX0eG&I
gonzalezmichell,U^6H0Tw82G
gonzalezmichell1,xO5piIcj!2
gonzalezrachel,R%6uArih4x
gonzalezrebecca,%2YLFIb#n^
gonzalezricardo,(#2wCJ(vUj
gonzalezrichard,u+JkR8bikY
gonzalezrobert,xq*Q3ThUo+
gonzalezsabrina,)24%bVgSsv
gonzalezsamuel,hN@Q2WSh9E
gonzalezsandra,(pdGzobb!6
gonzalezsherry,*0BZ#!rCAk
gonzalezsteven,Jh8Y$Azg!U
gonzalezthomas,%0RgPOdwBQ
gonzalezwhitney,(2gO6nHANM
gonzalezwilliam,58JXM%0*(c
gonzalezyvonne,D#+I8S_iG9
goodbrittany,()8V3Zyxz2
goodjackson,g!E60Qmy3A
goodmanamber,7U0M0F@u^h
goodmanbilly,0EbC0Tbja$
goodmanbrittany,R@&5V3Be0D
goodmanjames,y_&i&2PrxS
goodmanjennifer,xSh49oUwu^
goodmanlinda,2d&7ZgHe%4
goodmanmary,%tNu6ZJi#K
goodmichael,#nRAGHex&2
goodwinaaron,Y$6Vy_V+42
goodwinbobby,a)b7HRwb#J
goodwinjay,Dy0Tkvbxf)
goodwinmonica,_23FxCnaRG
goodwintimothy,372DFqMf@u
gordondeborah,z6A(YdC%&x
gordondonald,@jgZB8DmE7
gordonhawkins,@0Oytghv4!
gordonjennifer,ofp7BGSwp#
gordonkathy,$R7cMvGwAJ
gordonkatie,$98T*N6g%v
gordonkimberly,Y&LHRRqJ!8
gordonnicholas,zniV77Ucv*
gordonpaul,%&Ok*)Dhq1
gordonrobert,H0Tyt^#s#t
gordonstephanie,wU(6VTza$(
gordontanya,vkk1F_Qy*%
gordonthomas,(4G)dY2P47
gordonvernon,@rIjkOXxQ5
gordonwesley,KW_0CiKkTn
gordonwilliams,)7qMIcj3b4
gortega,^R9XH63iTm
gortiz,sVs*2GfxGm
gouldcrystal,v@4DHhTy@E
gouldgregory,(4M72KZxhU
gouldjonathan,bv0ZOnG(%T
gouldkathryn,HY7704Ir(J
gpacheco,F$Y4Y3Wny(
gparker,)2bEZvJv&r
gparrish,JuWS1CqP%g
gpennington,U7Uc&BXg^0
gperez,+cA&as3jK8
gperkins,*Olla8&zH9
gperry,*4p8Crup6v
gperry1,Z)7Wn4B^_p
gperry2,i)+)3K_eWz
gpeterson,8yDNxbM2*5
gpeterson1,aC3118*xl%
gphelps,ic2Tf_ekI#
gphillips,1%9f7HptKq
gphillips1,o(6SWqI))h
gpollard,)3Elhii07q
gpope,y@cZ3M7mcC
gporter,%$L5HssW0D
gpotter,&UcbEL7t^3
gpowers,33aE%cRz^f
gprice,(t2GKJpz@2
gprice1,!5Zdy%hE0c
gprice2,!V*aTGc380
gquinn,saRaK_2G$4
grace73,nO0MdLnhY*
gracebeasley,NuSeYFbR%2
gracecarter,4M!4C3Px)Q
graceking,lb6OUo!_#5
graceramirez,x23IjQMG^9
gracesmith,%&81Rrlx$c
grahamangela,z5(2BbTf+o
grahambrandon,80FZxdz))1
grahamcarla,_f6Zaj&Bi4
grahamjason,v_&XV4RqqR
grahamjennifer,y5@xsQ8e$&
grahamjohn,)6yCZvxsFC
grahamjulia,%#3TAhaa&Z
grahamkathryn,HIxhy$Io+8
grahamkimberly,hJGtUVwh(3
grahammelanie,s&J1_imc%G
grahammichael,(lhG4EuNpA
grahammichelle,g^u7cvYu*9
grahamrebecca,QMRlXifq#0
grahamronald,7^9pFYmLda
grahamsusan,*54ROgqR38
grahamtracy,+qKKAjmQX3
grahamwayne,p2$SUtMm^D
gramirez,P+HI5Plw8G
gramos,GysA+2GdS_
grant82,U!X3M7EzCX
grant85,+wOcvd)I2+
grant89,u8$1Xln6zh
grantallen,pnh8CJ6PO@
grantanthony,(%5QHZOm+@
grantbailey,ZiJrk8s&^8
grantbrent,%oYeJUW7@4
grantbriana,in$7NZrCUv
grantcarolyn,kT)79Np7Ts
grantcassandra,jBV#wPv4^1
grantchristophe,k5(E6AUt!U
grantfuller,7+^&28Mnp7
grantjason,7gkW#N6R$9
grantjennifer,plIKEL0+#9
grantkatherine,(4DVOL(dxy
grantlarry,%0HL3eCn$p
grantmaureen,9I^Y+Ot##E
grantrichard,0T&XQ(M1@k
grantrobert,tXB6ZrZDD!
grantscott,udZfJ1Wcw)
gravesamanda,&qR0IxZYZ4
gravesbryan,F65ufUf3#1
gravesdavid,(L((0Obubf
gravesdenise,H5$5%3Tc4G
graveskaren,#h5R$bTyZS
gravesoscar,zhPrTD3s^1
gravesphilip,&%Z9U2evD4
gravesregina,M5%mreSf_@
gravesreginald,&7Q&0pES^z
gravesrobert,WRULVGsj$4
gravesvanessa,)K5(UwSZsG
gray,54I!h(fJ@y
grayamanda,^PlSrilY9$
grayanthony,%^#7EvPk4s
graycharles,_5QtH%Ktr2
grayelizabeth,$AMdsph2h4
grayhannah,+jO$CesW6O
grayjennifer,qk5vSAd+$*
grayjesse,E$oS9Y*g4(
graykeith,x%6*MkAGPk
graykevin,i*0K8qCr2@
graykimberly,9q3&$5U^)U
graymelissa,JyjW1NQLb&
graymichael,1B%+IXkn%8
graymonica,^k759V&sdq
graynicholas,%!+aLIMyN9
grayrussell,%SC^ogfP!8
grayshelly,m_$V8Wss6#
graysteven,bM1VbphM5%
graytonya,+rK9lFfjWW
greenadrienne,(20%rESh#(
greenanna,G1^5JxASe*
greenannette,sH4uDdUqy&
greenbilly,(8c9M@sAIZ
greenbradley,0H28tDbG_P
greenbrandon,WiJqh57K_1
greenbrenda,)^P8N)vlvj
greenbrian,Y%X8Lon#+p
greencameron,VN750kLy_R
greenchristine,a8VSSvvQ$l
greenchristophe,$4JSX^2WYw
greendavid,%2OH0H9hvW
greendavid1,(d1MnKBp$k
greendennis,(JCXc9+u83
greenealejandro,TAMt_7VoqI
greenebrian,*7zGt$5G_6
greenecheryl,C*wRJ6Vj!I
greenedaniel,+MoAuoGUN6
greenefernando,$r1XyCBs7s
greenehaley,@&tx4W!aQp
greenejenna,YOk6VuhS*c
greenekayla,#$e9%BWro$
greenemary,08%yHbQz!C
greenernest,Q_t0PBzag*
greenetyler,3*cLHla(#z
greenewilliam,e*Y4Js#i+3
greengeorge,NTD7JrdS7^
greenjason,_(7UE^Vxrg
greenjeffrey,#@!Y1)2sqJ
greenjenna,#)XDVsXe2g
greenjennifer,$BPR)@Ug_7
greenjoseph,!3*UEN40@v
greenjoshua,2IP8*VIe&8
greenkaren,87G!3Kfs+3
greenkatrina,Ph7FTWy(U)
greenkim,s+0e5RUuET
greenkimberly,!8erD(v)ZZ
greenlarry,$0LtI@JjbX
greenlauren,(F1Pl$#G_6
greenmargaret,qyz+GO#m&5
greenmatthew,(mLjXw*$5R
greenmelissa,#Sz7NhMfRQ
greenmichael,Z_&3RAsE9M
greenmichael1,1)3$fMt^Bp
greenmichael2,v)2spoGm9z
greenmichelle,0A#1Ohq8^5
greenmikayla,*0MJw9J@sH
greenrobert,8SUXi8Hd$D
greenrobert1,$TD0u%Ga8v
greenroger,!tDrjL@k2a
greenstacey,(B*8Q!yQNN
greenstephanie,*9C&ZBak6x
greenthomas,*rZ^sGmQM5
greentimothy,#c^!UItoU3
greenvincent,&83C@F(k45
greenzachary,!qP7AItk%8
greerandrew,(k6&jL4x5x
greerashley,IHQ$tm8s^3
greerbrooke,#g2!MNDaBI
greerjohn,@Z_Yj9F81n
greerjohn1,!e2GoduZw%
greertracy,!j%RyZK$2+
greese,(fvJ#TxuU2
greeves,8Z%oL8Ix*g
greg57,v#2BMw_gNF
gregbaker,4yG1Lpe2N*
gregbrady,VKEzDStO)5
gregg00,CY1FmhK^J^
gregg11,&0PXPOgmeV
greggkim,^_cE3VCb1d
greghamilton,UOf4EOv@p_
gregory01,_If(FBaJ1f
gregory03,qN9t7Lg76#
gregory07,*GhpYvsnj4
gregory08,poq7X)bZ@Y
gregory11,)CU3qwIcF7
gregory13,2ZN*BUiL!O
gregory16,#CT1kBh1oI
gregory19,%5mLAWoY4a
gregory20,h45CZ2zf^O
gregory201,%zTem3qrj0
gregory21,2vdG4Fp2$6
gregory211,1xCz9Dyy#2
gregory27,3#f2BuL%po
gregory271,yo$(2ZlsDb
gregory29,3#gG2Q$i1D
gregory30,iq7D1DoD&a
gregory33,(0wGgOLRrf
gregory34,M6QzBHpT(A
gregory37,*6%7HzBfN@
gregory40,w@3XjVwsO*
gregory401,fLm)9I@zK$
gregory42,wb6KDcNLo!
gregory45,HP2s_Gqzl+
gregory46,5sLFau+z%n
gregory47,&aYC+WEu!6
gregory59,*7OVyJhiuq
gregory61,DI85A9fg$W
gregory64,pS9UN#eV$6
gregory67,)jzFFLpns4
gregory70,o+x6FoEk@s
gregory72,@**&5I9r3M
gregory73,_xHdUlSiW3
gregory76,7k5Ube6!M_
gregory80,iJA6XPlC__
gregory81,$LFP94Hd)4
gregory811,L4Ovka*q#i
gregory82,juo)3Ce*c^
gregory821,(3Sip6uUyJ
gregory86,t$7HnjUF_o
gregory88,2A4AAu5mb(
gregory91,!jyEBvjtj6
gregory92,(lSUNfJO2A
gregory97,e4_G^6an&E
gregoryadams,M_NE421k$X
gregorybaker,mNQ1(2Jmi!
gregoryberry,&mEdn8E49v
gregorybrady,XvIE6@o(^8
gregorycarrillo,B&A2^MaxmE
gregorycarroll,%h0_m2w5A3
gregorychristop,@Qcv4VcECF
gregorycruz,%IF7n68r93
gregoryferrell,CNi0T5Rkc!
gregoryfriedman,$9WL(Iy&cg
gregorygarcia,Q5KE#e&k+(
gregorygarza,$73Bj^SzN*
gregorygloria,*2%jd0o@yI
gregorygonzalez,MvKPuuzf+3
gregorygriffith,JC1lHTUg&o
gregorygutierre,Jk^UFusG)4
gregoryharris,OCj@4)DmpA
gregoryhernande,r@0CMrIzWJ
gregoryherrera,WI1EDSYro&
gregoryhoward,4k&Ar2OoGL
gregoryjennings,Md63M7+ub_
gregoryjesus,5a1M9jJ74#
gregoryjohnson,_7oBie!lCZ
gregoryjoshua,5QNynKG3+3
gregoryleah,V^8EwPQw*G
gregorylewis,Jf$3KWKyg!
gregorylloyd,GxXYmWrI%7
gregorymargaret,+u9fOMmf*c
gregorymccoy,!0Z2Rtzz+6
gregorymichael,$zA8(Egl!0
gregorymike,_6eT7eJ0y+
gregorynoble,OMl_0Dw7++
gregorynorris,s9wgMxTR(s
gregoryoconnor,@c3N(jEAna
gregoryparker,$8H#47)zG6
gregoryparsons,69HSUofj@V
gregoryperez,yB*4SChexw
gregorypierce,!Ad(0BWl*+
gregoryprice,h!^4iEwr0f
gregoryramos,8BAFuBzO^l
gregoryramsey,%t4tfiMcv3
gregoryrebecca,zmw#zSp1+0
gregoryriley,*cMiQ%dP@9
gregoryrojas,0w95aSw3l_
gregoryschaefer,RV2FTL4t&C
gregoryschultz,)6Awp#(AvE
gregoryskinner,0_v9NPGzML
gregorysmith,Z!*75YPj0s
gregorysnyder,nv@I2SWG+4
gregorysparks,wXVT7Num%@
gregorytate,efYggpmh+6
gregoryvalentin,I#c1JWZgzr
gregoryward,7w^k5GvRnK
gregorywhite,3#)t6Ld6&9
gregorywilliams,#YELQu)mi4
gregpetty,r&78FYzscy
gregwatts,*Y1F0ckKX$
gregwood,aT1Cyl5M@_
grice,*Z%F2N3mBS
grice1,aa5Fh$cwA&
grich,8*@6!DYdLt
griffinamanda,N#I2OfDaG2
griffinbrian,y$0YzyqdWI
griffincheryl,As4FfX)K&a
griffinchloe,6qqF9CE1U#
griffindarlene,GUnA0RGdx&
griffinjames,)SXUsX0vp5
griffinkenneth,C5(e2tLj_P
griffinkristie,J)j^6Mi)%P
griffinnathan,f%U4ZDoJa)
griffinpatricia,QF!b*3Eb$6
griffinrebecca,*RIo0Pg^u7
griffinregina,mj1gUT0rh_
griffinrichard,+$71WjPnis
griffinrobert,r*j1zUKg)$
griffinronald,)%e7Lkkx05
griffinsamantha,))3W*CWa1k
griffinsusan,FtZ6ECd9)5
griffintyler,!QFpM#uh%7
griffithbrandon,^dYfDvfx0E
griffithjames,_&A5mLrsB7
griffithjerry,^)FhL&G+d2
griffithjulie,$3RZ9Pprbp
griffithkenneth,b#1Q3(jF%S
griffithlevi,e8aJQ797)z
griffithmitchel,%7l&bcHyaB
griffithroger,bMjN0lPv(3
griffithyolanda,2J)pWPdt#^
griggs,*kErvQb&3e
grimesalicia,hmDj^3f$@1
grimesallison,WT4X5DOh4_
grimescynthia,o)db@1OlYI
grimesjessica,qK#2WlMev0
grimesjulie,^6^InYxpJP
grimeskayla,8C+QjIhz@#
grimeskenneth,!YVWgA%Xh1
grimeslisa,!*by2Ud_iv
grimesmichael,8_zK8Eay0A
grimesnicole,%+*Gh(9j8R
grimesvincent,MD^vPCPz)2
grivera,aP&5K^riN_
groach,C@60%mHw4&
groberts,x!23llMmKb
grobinson,7(pB0EqAAJ
grobinson1,uq*1!hSI+1
grodriguez,c*r5Vjx$QG
grodriguez1,7Qq(2Es9Vi
grodriguez2,#JdJ4Kam%h
grodriguez3,J*6XlZlVzm
grogers,m6K^HNJX#r
groman,@OJ*MOt6V0
gromero,Jbw47IuN!#
gromero1,_mDsH9d#s4
gromero2,+4z6Vr)7*+
gross,+E8GRIbw*0
gross1,^45A#gpfNL
grossanthony,8D5WVIpZ$3
grossfelicia,*y*FTjFp1d
grossholly,_5*yDBjFEd
grosskaren,Q1svXA#k#z
grosskimberly,)$g2INn(uj
grosslindsay,$1_SWVDg@1
grosslori,$@n#1Rv_T2
grossryan,rz^68*AzN*
grosssamuel,7rOmZxf)$J
grosstony,%28QcX^K!u
gruiz,!WR4Ksfi7l
grush,N^GQ3bXm50
grussell,+E8FgTIb(0
gsanchez,sn%3%oKxN^
gsanchez1,y+(Q^1XjvE
gsanders,e8d#G3Cgp3
gsantiago,!(sx(3PjRT
gsantiago1,CN*9$PvW)!
gsantos,lA42OUap%E
gschmidt,LwZrGOel$7
gscott,O)6Lhqwk7q
gscott1,8Py!W!yy%e
gsheppard,$%1MA4vVV8
gsimmons,YNq(A6LqOg
gsimpson,U#XbEqH6%9
gsimpson1,+fP11Sd@N9
gsmall,7L*CKq4d_+
gsmith,%TYPG)pC%5
gsmith1,A9R&JR@y^P
gsmith2,pU9KmB8vR^
gsmith3,)4ZmqE&dB1
gsmith4,4(u9eAWz#S
gsmith5,UrW0DN5a+$
gsmith6,)ZJl5A7vpF
gsmith7,5&sSXTuJ(N
gsmith8,SL@9KBTpv3
gsmith9,*qSAd2Cw30
gsnyder,G!74zBrkbx
gsnyder1,5_pPH7adxS
gsparks,G76SKE_d$3
gspears,a#6TnY2yHo
gstark,$43Qajdf$7
gstephens,%VzKnGg(F5
gstephens1,@0UOgj*h#6
gstephenson,IR7MFjfiG(
gstevens,%7qJ7jb!DG
gstewart,&7b2VsfJYq
gstewart1,jPw@SZ5e_6
gstokes,(j3+e#GoSI
gsullivan,%VNnVk)!66
gtaylor,_z8dGGUdjj
gtaylor1,^F9HiPUJ@P
gtaylor2,^ZI!2DGw7@
gthomas,(ux1B+t^U(
gthomas1,_ZT4F&zdNX
gthomas2,tZe0!ILe@q
gthompson,zN2Q0LRuw^
gthompson1,#1FUeQHg!i
gthompson2,6O8w87LcT$
gtran,bxhxiRYO+8
gtran1,Mt5Co^%y@b
gturner,)+G*M^sd3r
guerradanielle,$*^_KGL03v
guerrajason,y6&7GHxh*_
guerrataylor,gS4Lwud5&n
guerreroaaron,p6KjOiwN*B
guerrerobenjami,4yK7REiy))
guerrerobriana,#4WWrUDi32
guerrerocynthia,cHO6WuLs$h
guerrerojessica,%Wde@Ghlb4
guerrerojulia,!gbQp37hJ8
guerrerokathy,jreTJmfU+2
guerreromary,Lgu9KOTjz+
guerreromichael,7WZco1n**@
guerrerorachael,!t3SX(s_Vh
gutierrezanthon,z%+2HIcxQu
gutierrezbrett,_^YB3zn&Z5
gutierrezcarmen,amvMd9ZY+7
gutierrezerika,#kKKsxST3C
gutierrezjames,UO4s#vWi6%
gutierrezjames1,2Ob3DDZjs&
gutierrezjennif,339IwAIn(N
gutierrezjerry,^EoUYjyn!6
gutierrezjoseph,_56U9gUu2^
gutierrezjoshua,%kEIt7yeQ2
gutierrezjulie,w74Up*Q#e&
gutierrezkather,Ym6Yvyve#@
gutierrezkeith,)vbrj7Sn+7
gutierrezpatric,B)wZ28Ga!*
gutierrezshanno,hG!A$RAw*8
gutierreztyler,j((3sqXkJR
guy12,%&7UDglGid
guy16,hb(J3Hdq@D
guy86,^3oFXvbz*t
guysilva,6hDU*Tc#%H
guzmanangela,#&^NRzx*5%
guzmananna,#FQkDl5^14
guzmanbrandon,*8U90vRxNy
guzmanchristoph,m_Gd@3Ze$y
guzmanelizabeth,Tz3OizHsg^
guzmangabriella,)2thIp9gNp
guzmanjason,V62FSSup%c
guzmankaren,&64hKCTet@
guzmannicholas,@3cL5Q@gOK
guzmanpamela,$gw^9D_Iz&
guzmanrichard,OS&&I1nR(3
guzmantiffany,+6BJlmnkxc
guzmantracy,4YYGukuf$L
guzmanwilliam,Q5+AD)zd&+
gvalenzuela,&9Num(+Nif
gvargas,1(m7EF5n&b
gvargas1,@+rRtICri9
gvargas2,cC)1Ew#gdK
gvaughn,3J12M*(vF_
gvillegas,h+F62JFcS_
gwagner,!LgBBGtjy1
gwagner1,*Fc95Lzn@1
gwagner2,@*Wei0Hoo6
gwalker,n%is0X%ecy
gwalsh,!nqD7DXo&7
gwalter,b@H*8Dinia
gwalton,)0aoTNUs^J
gwarner,*1S^hlh8^9
gwarren,R47%(AbF(4
gwashington,&65F8nv@Fs
gwatson,T7EVA2vf&r
gweaver,%ivNT5DdW1
gweaver1,(2RnMelnqJ
gwebb,^hA+htua8o
gwebster,7%1DggcFOx
gwells,r)R6Okpem#
gwendolyn08,C8Zx&JHn!2
gwendolyn55,LDx1&Id2_h
gwest,^*7BYHyjS5
gwest1,Wd%55R)fqF
gwheeler,2KbXbcGb!6
gwheeler1,BQMe2&Ciz!
gwhitaker,hj3O2xI3m+
gwhite,_0OCcNf8E9
gwiley,99+6Vw9W+#
gwilliams,Lz%3XPTm0+
gwilliams1,u9v*BJSE&j
gwilliams2,)UC2Gxfe)^
gwilliams3,$D$J5Wwt2m
gwilliams4,pt5QiU+i&4
gwilson,$1BKsCF*rk
gwilson1,kI%RAsXB@8
gwood,)0*X8AeZb%
gwood1,2WwyV8dQ$s
gwright,!fkEZ@oc%2
gwright1,&4lTXiBn*T
gwu,S7YY48PX*j
habbott,(X@)m0IwH)
hadams,B%@c4Ca#*u
hadams1,%9bq00Xj6p
hadkins,&@6PWK#zD9
hadkins1,Kj9gUeXm@B
haguilar,@C(4G8l9yv
haguirre,^+veUsdAA2
haguirre1,gr9kX!Yu4)
hahnalicia,+rUxA3Nri5
hahnbrooke,$tTnH2P^l3
hahnchristopher,W5MLCgT*^f
hahntodd,_9MNzlLaMi
hailey05,Nz6z)Kqm(P
hailey52,_Z0SC_ed1_
hailey73,*^Be11VaEH
hailey79,g^9BBD+yfY
haileyfloyd,_SVApsX)a9
haileyperez,@6BXPLaeIP
halebilly,Xq7SMmPn@F
halecaroline,r&z0Ch7aEI
haledebbie,^f6WPwuPoD
halegabriel,*0d#YzbQCQ
halejacob,Xw!a7DnP0t
halejustin,a9*90Dnk5M
halekeith,dngMi2Vp$6
halenicole,WOYyQ5h5^9
halepaul,&91G7Dky#W
halesheila,bo72zuWaz&
halewillie,J*3Di!zdY_
halexander,&H4Ih%Vt@m
haley01,%Tn8KYwkRW
haley18,&J0cRRzjE(
haley33,)ol$3BsdVw
haley35,$i_19Fk$%a
haley56,2JQzHxLm@3
haley61,+KvsT+eBo5
haley70,E+PE8Y5mOJ
haley73,@ymmM4Baf9
haley80,R3Ler(#q@3
haleyblankenshi,03(RqLmt_K
haleychristine,*CDXrfZ)3_
haleyestrada,!ph5Nvt!#P
haleyharvey,KuO86tG0^6
haleyjordan,@Q^1XGo)xF
haleyjoseph,CvmC1f1m+6
haleyknight,$0Y+VEun)2
haleymyers,*QClBnUP!3
haleyortiz,+X0nPG8dr5
haleyrita,M_1Q3K9mln
haleyryan,3IAtPITg^q
haleysmith,7uNJjJKi%Y
haleysmith1,%4P7FyXplu
haleyyoung,_iRrWnFqP3
hallaaron,I424pbDr(N
hallabigail,flwX3mC#Y)
hallalex,+cEKNgfw40
hallalexandra,n4K5u+Bm6)
hallamanda,a(7tCix05j
hallamy,F^y6eU(3xc
hallbrandon,8U3Pn56xf+
hallbrandon1,2@o6pEydn1
hallbrent,&$L0R6Yt6e
hallbrittany,_0C3ANvt%b
hallcameron,(0RIv0FbvR
hallcharles,@$i0M_DP1g
hallchris,^RjPvFh4X1
halldawn,(jz)01Qs9^
halldeanna,3R$o9xhwF+
halldouglas,l3l6RKej#l
hallfrank,1VaI@qcz(3
hallhoward,!4Mcp5%GEN
halljacob,yXGm)7u^*5
halljames,@2iNuP8RTg
halljanet,(0wS1X4obH
halljason,rxY&8NFa^U
halljohn,7GO8V1y4z#
halljohn1,)yVBRRqu2W
halljohn2,AtK_2N4iN*
halljoyce,o_7V(Wj_J_
hallkatherine,&2FNZMSh8r
hallkayla,jV(Di6jv+5
hallkimberly,@0UxiE+nZ4
hallkimberly1,gH@r0BYfIj
hallkristina,(HnKYMYw*4
hallleah,fqTM4RPv^1
halllisa,ZeN5Y&FmA%
hallmary,W5AKko3G(C
hallmatthew,8j95bTVx#(
hallmia,)Q*nA4Ed#U
hallmichael,_g8^HdQqVA
hallmichelle,&7wVX3bRFw
hallmorgan,rU6P1ev@a$
hallnicolas,6AMLp!Rv$3
hallrachel,02(0PcNZ%L
hallrhonda,rp50K6sE%o
hallryan,w_7uyD&m)s
hallteresa,r^H5EOCzFv
halltodd,0hqDj^4S%Y
halltyler,&gb*KnUaH7
hallveronica,Z2G9L9Gc!5
hallwilliam,cTJ9X2Hw&5
halvarez,70Sk%Cge*E
hamiltonalyssa,&6DaJAszI2
hamiltonbrittan,(ix37XCp+%
hamiltonbrittne,TRB6aH5hr*
hamiltonchad,$NO%QE5hu2
hamiltonchristi,@%t5RB)82q
hamiltondonna,m%Vt49Abd3
hamiltoneric,8e&4r0Nk_H
hamiltonhannah,(X)5LSwp(k
hamiltonjeanett,%A01uBXzZu
hamiltonjoel,@7vRZvpFEI
hamiltonjonatha,%2qgMu5vQt
hamiltonjoshua,)SO2yrKzXQ
hamiltonkathy,o&6ocCmyaJ
hamiltonmelissa,!1NCXD9q&P
hamiltonnancy,0rz1$1Ag%A
hamiltonrichard,uw8_kSTl)X
hamiltonryan,m*OLK8JjH$
hamiltonstacy,Uv_u64XgTr
hamiltonwillie,c0EPMY$h*g
hamiltonzachary,c)4r0Qf+jK
hammondchristop,m6HwGE6p#g
hammondcynthia,$65M5z2)*q
hammondjerry,@5FnzO&uV6
hammondjulie,6C4xVogG$6
hammondmichelle,VUI33Jr5#G
hammondtina,io#C#2MwxG
hamptonangela,NU#QJ@)t!9
hamptoncharlott,_@5Eh3#4b6
hamptondaniel,Fou%E6Qz@1
hamptonjason,$9byPvQkkl
hamptonjeffery,42Yu)HnN_s
hamptonjoyce,@_hPvHwj)0
hamptonmark,!rdH$ZMq65
hamptonsierra,)#u9RfvC)D
hamptontiffany,z4UCoVsL*c
hancockdesiree,_*su(8EvSC
hancockjeremy,_dU4VqjC13
hancockjoy,*3GT5t$%_A
hancockpatrick,+4Q4AuvEwg
handerson,@2c+2WcaB(
handerson1,#oa_4Tww28
handerson2,N55e+KPl+^
handerson3,D!uY42G^sj
haneydaniel,*@B0C8aP!i
haneymaria,o#jT3iMxjv
haneymaureen,!+2Kbz_Kw9
haneymichelle,^Nn1ZjD149
haneytimothy,le9Ic5qxS@
hannadeborah,l5)G7T0wTT
hannah06,^9RX3O1F&o
hannah14,h%k8RMPb_3
hannah36,#dThlotV*5
hannah38,@8lMgWori%
hannah55,+0y3KTfx#R
hannah65,dwpve2Ma8&
hannah66,$&rVUCqO8)
hannah76,qD2k7G1j$x
hannah77,ar9CZoms^)
hannah771,!4q*Q(Y)Yt
hannah80,*fWca!l*I2
hannah83,+5NjX$g%GO
hannah84,t95&V4eQ@2
hannah88,1+x1X@ArBY
hannah90,y+O8ZyoEXU
hannahbaker,1@4q5&QgNv
hannahcruz,A9Dqwvvy^E
hannahelliott,&*1wSiv_07
hannahfranklin,E&Vq5WYg@d
hannahgarcia,Z7*9WjVxS$
hannahgibson,__5YYsyfq8
hannahgilbert,(5iinHjkHp
hannahgreene,&2BPMYa6G&
hannahhendricks,@&Q8WSqeiX
hannahhess,*YVLG+mL*5
hannahhill,NDC_fI(e#5
hannahjohnson,*4)cUS8xwi
hannahkoch,y6SNHp_x#5
hannahmartin,+xK3%IRzq3
hannahmartinez,Ak6NYNOc$D
hannahmartinez1,5Y*YNtir+9
hannahmartinez2,&sD+7OkRU8
hannahmcgee,n7QueCvl+K
hannahnelson,dS4HuCSv+@
hannahpotter,&73B4bg%4e
hannahsellers,j7HQZId&!7
hannahsnyder,F0WXRDpc)p
hannahwilson,&6fRhKsCt6
hannahwolfe,g$*3zYwacG
hannajustin,MxC1BmOu+o
hannatheresa,21CP0t&X(Q
hannayvonne,&mr5YOe%B_
hansenamanda,s0%*4P_n9s
hansendaniel,86BBMugV^)
hansendanny,DuIX4FPcx@
hansenjane,!S*p2^Pt!^
hansenjerry,F_Bu6Kcx_(
hansenjonathan,5K+D7euQ4&
hansenlori,*+9Stxuefi
hansenmichael,%6S7Oex^Ou
hansenmichael1,(JnBg0Vg8%
hansenrachel,+0Q2GRHiCR
hansensteven,)KQAE(Tr4c
hansensusan,&LUNCPaT*5
hansentiffany,0x@^3HAoN&
hansonashley,#f4DuGnVTW
hansonbobby,_0R8NLisea
hansoncalvin,(yG1jITMx5
hansoncrystal,#8+1C3MpuG
hansoneric,$tHhX7DeEN
hansonfelicia,gCNF(7yP)6
hansonhannah,u#!%UPRe)5
hansonjessica,u1^fovBp$1
hansonjustin,mx0CZvsG!7
hansonkenneth,!4*LJtcYte
hansonkimberly,$YC6gjHeU6
hansonmegan,1C(OJ7At8n
hansonnancy,Eo&z6Ogh42
hansonphilip,#7gM(Af8^b
hansonsarah,8w$fNWuj#2
hansonstacy,e4MM*RMd#+
hansontara,)95HV(BrER
harcher,V9O!0LPnPH
hardindavid,g)2MTLaGZV
hardingandre,Fxr@7PmdC5
hardingcarlos,@NiiKN1Zb3
hardingdebra,*Rd1Uz6u!R
hardingjoseph,e0!VIO10)v
hardingkylie,1buSGdIi$8
hardingrobin,_854XUa84D
hardinkathryn,1sJ12Fyj*%
hardybrandon,#708XrLo&*
hardybrandy,Fk5!lZd26_
hardycarl,7wo3f8TWB_
hardyemily,5ot*7Soj)R
hardyjohn,$17Jmw3Rlu
hardyjordan,3^QPg3B73l
hardymichael,ky)HGrSL&7
hardypatrick,o1KIbys#%w
hardyphilip,2qO7GXe%)K
hardyrichard,%2LiYKdj@d
hardysheila,62Sav&)3%r
hardysheri,Qvj)R6Tiwk
hardywilliam,u&Z5K%zeJd
harmonerica,K0##9rKcXk
harmonjeffrey,ea+57Pj8GM
harmonlindsay,jI4St@WT&N
harmonmichael,DkLD2Frp+u
harmonmichael1,&Lh09Dy+se
harmonrichard,^1R1A5Aafq
harold12,S6DKQNIA*x
harold65,w9%MWt%Y^2
harold75,$nSZj%No34
harold87,&a1uIbgj1A
haroldalvarez,jS)2K^oxjk
haroldchambers,^+KOw9)nL8
haroldlowery,rh+cP&n8$2
haroldmathews,^!M)Aob025
haroldtucker,3pJ4A#nya@
haroldwatson,3zjZyWh)@l
harperhaley,0A3ZNy(*(M
harperharry,3Uh6HLNcC(
harperjames,$%UV86m8I3
harperjoseph,jf6ZStodp)
harpermary,++UYe+&N41
harpertammy,08(0Jmcf$O
harperwilliam,L*26Sz5qmk
harrellmichael,6fLztlVH*f
harrellmichael1,QA&r7%Jx4I
harrellrhonda,p_1KLjYd#Z
harrellwendy,i)b#UdYx)8
harringtonchad,5g1Dsw4u#l
harringtondylan,kk2W!klH(%
harringtonmiche,pc7YViK@$4
harringtonpatri,^)T2rSayO_
harringtonrober,%dVYap&7(2
harrisalexandri,*F2uQyMki&
harrisandrew,UmLps1te&5
harrisapril,(5B*%Porgi
harrisbrianna,!oZ@Nit(65
harrisbrittany,4U4FZNxB#6
harrischristoph,x_93SAv)ba
harrisdaniel,%bPSamyW0o
harrisdarrell,xl05eJdYr$
harrisdonna,26IQ3#Fh@#
harrisdouglas,T)7p3OUu*G
harriseric,x!1rZHkeY)
harriseric1,47VqP!O8+w
harrisevelyn,_0)$74WzZ9
harrisfrank,$1BHgtY92G
harrisjames,76Ed4TvA$h
harrisjeanne,@$tFc6@253
harrisjeremy,Y_95BhvhIN
harrisjohn,_eMvcrp&40
harrisjohn1,x6JT(XHo)7
harrisjoseph,^KE0IcFLC6
harrisjoshua,9%H5JRFyRs
harrisjuan,F9oaZjhi%5
harriskatie,%_IS3Mbq&F
harriskeith,S^iiX9QpwN
harriskelly,LD$6Psdd&S
harriskristina,C3F^+KuW$B
harriskurt,g!a9g(Id^V
harrismarcus,&(5tZB9j$0
harrismartin,KcD#3Avou3
harrismckenzie,%sn9TntzKy
harrismelvin,$+s2*owGgR
harrismichael,M(0MfA2bBg
harrismicheal,86Sky66R@l
harrismonica,hG+8RRhcNw
harrismonica1,F$50Ns$NqP
harrisoncasey,mKscRK+Y)4
harrisoncheryl,)y2*Eq9fC9
harrisonchristo,i4YKTtgX*p
harrisondavid,_1Z$k)1VIY
harrisoneduardo,&OE07aXIi6
harrisonharry,%9CKQmz7)C
harrisonjacquel,e+g0r(ueaJ
harrisonjennife,$7uRy_epTk
harrisonjennife1,N*xc8jXc++
harrisonjennife2,Xj9vHc&S3)
harrisonpatrici,8)wT#kX1%4
harrisonpatty,&_O#99Nt+#
harrisonsandra,$2#EPa5S3E
harrisonsteven,%j46ABfYz2
harrisonwalter,V_V4Muzz#G
harrisonzachary,Ya2Zhtez+y
harrisrichard,2z(0R0Vq^9
harrisrobert,K@RR&H&u(0
harrissharon,0s5FJ(vj&H
harrisshirley,xr2^yQb0#0
harrissylvia,zI!W6AIpj(
harristiffany,#JBeEYj9v3
harristodd,1%EIZaou%7
harriswhitney,$jMT9tOeG8
harriswilliam,l&2OQt2l6q
harry23,@9uqvEl@Ax
harry38,6foF0Abs&@
harry62,j3eO1@x3#T
harry64,kR1Xp%w1n!
harry66,nhD9QtoTP^
harry92,$A28KiIzUH
harrycastro,9_u#2HLb^X
harryenglish,$+4Ex*f3+A
harrygentry,%KtAeGywT5
harryhernandez,N#r21DSfvj
harrymartin,etpM4O*m)^
harrymendez,*BSkYJhab5
harrysanchez,0s1SeQ*c@r
hartchristian,%el4X9pveK
hartcindy,MJ7lTih7&2
hartdavid,bS98CvJVS&
hartdiane,^B(VsNxP_3
hartelizabeth,l3yTivSc&F
hartjeremy,+gZZeApsH4
hartkristin,l12F)fUx_5
hartmanangela,^9aXNbiBYQ
hartmandarlene,$B8yOsMpMa
hartmaneric,WoB@t9YqQh
hartmanjonathan,#_MV4K)qNG
hartmankenneth,%81IDkMtVC
hartmiguel,x#8Xfqf!@v
hartsharon,4sV7Tw#G)p
hartstacy,+oe4Gx8q#N
hartwilliam,48!F$PMv)i
harveyalexandra,u((6VHLi4y
harveycarol,g9x$PmSp$Y
harveycindy,1!*1%Sk+HJ
harveyhector,#SW9Y_9rdQ
harveymichelle,!La0qZ*mgE
harveyryan,4F3!4xwgH%
harveysarah,B+5RishZWQ
harveystephen,z3PE4Bi$*1
hatfieldandrea,O5MH!Ri(&m
hatfieldchristo,00K7Ma$9i_
hatfieldjessica,WyVXTjMz^9
hatfieldkayla,ta34Ba75v$
hatfieldolivia,!vh1puPkh4
havery,Zyi2DWr1N!
hawkinscaitlin,)YHaWjxoS9
hawkinsdana,3u8QZk%DU)
hawkinsgregory,&TMumcHu7!
hawkinsjennifer,C%g8ghQfxu
hawkinsjoseph,s79UDAyJ%g
hawkinskatie,19wP#83x(G
hawkinskevin,kF1MbWyn#4
hawkinsmary,^x7&AwGxi_
hawkinsraymond,fz#4_pUn3&
hawkinsteresa,&tt6C0k!gG
hayden59,Wh_G4Sa5^2
haydenhenry,q5@XpRj#!!
haydenjoel,1$B1Pnp281
haydenjohn,!%1T4xi8Gw
hayesbrandon,bZN0EOkT@m
hayesdawn,zj8QBqkKW$
hayesdustin,yT%2LQRoU%
hayesjeff,0V3gi$Nf)_
hayeskevin,Dr3$9YFj2c
hayesmelissa,oE319Gjg*j
hayesmichael,5q26Da4jT$
hayesmitchell,g$)8z1Ct_J
hayesrobert,iCKA10Rlh!
hayesryan,+gUMPmCoN8
hayestonya,^_4Q9pXrq2
hayesvalerie,*TFJHuK52u
hayley01,8k2a@Fza_6
hayley18,u9y8AoQn@l
haynesadam,!1y(NGqNiU
haynesbethany,)4XyT)mgAR
haynescathy,RJNzMOZ^@0
haynesjeffery,M^C2PqB%Qf
haynesjoseph,7AbKWMWl&y
hayneslee,kkVh+YAo$8
hayneslori,&9IbYnxuTm
haynesmary,yKGx6aSbT$
haynesnicholas,C57%TTt@_W
haynesshelly,0LDO_Wpw^4
haynestaylor,P0LZ9iSe$(
haysamy,N_0S0hcPzn
haysgabrielle,ml2Tv7Jnq)
hayspeter,!bOTJgMYh6
hbailey,LL^!1z@b^5
hbaker,3qZ5FlJ7)k
hbaker1,#E@V0MJv4u
hbaldwin,gZ@2m6MyQu
hbarber,U#JAL+Ti^5
hbarnett,zj036Dj!v^
hbarrera,PM1m6Vs+r+
hbarron,^hp*K1MB5L
hbeck,ZBi0eErRR^
hbecker,85#8*H9cce
hbecker1,dN$S7lTr3#
hbecker2,1WTqtVox(v
hbell,th2vNU6e&L
hbennett,j@YsC9Qg_6
hblair,a6ZVFLGf+r
hbolton,ARAXhRUZ)6
hbond,(*Fn4pIy#0
hboyd,%Z+a0ZSy4z
hboyer,#66Rictgf*
hbradshaw,q_8(PWNjMj
hbranch,63uk@1Sz2(
hbrewer,c&C#x0dLNH
hbrown,L_9OD@vS+Y
hbrown1,S&L6BnK*D4
hbrown2,$4I69PkP8G
hbrown3,_3rQ!^Mvvh
hbrown4,^DSKBzibv6
hbrown5,$hTH1Ngu+o
hburgess,!a6Vp4@M7B
hbush,%p&7X@Xvi5
hbutler,o@5p5lI1%g
hbyrd,8ua_#RLW*F
hcaldwell,+4T5O_x_dV
hcannon,8jFm2eB9!7
hcardenas,+2@eOZdXzj
hcarey,*$#6d!ZpxG
hcarlson,W(g0yfFgXd
hcarpenter,$29Qojqu0d
hcarpenter1,hE95Ya3z(8
hcarter,Q3Q_EUpS!8
hchavez,%99QhT_^Xp
hchung,*5)Dbjw5P9
hclark,@R&s#9Cyro
hclark1,*OXAY)s!Z7
hcoleman,qUh*9Ntd$0
hcoleman1,b5GtB@oq%k
hconley,f1DWfUq1(n
hconway,)@1+ZDrV6H
hcook,_h4G!8_tq)
hcortez,XR8Acjs5e_
hcrane,*AxPmSt1$2
hcrawford,#1AqM18h&d
hcrosby,!3%2ZBmu+1
hcruz,zllYzSdz^8
hcummings,66!9C1wHlY
hcummings1,t%4Yg0p^@C
hcummings2,lE2E1%6q%!
hcunningham,1WGyqP1F$O
hcurry,7@8w%N(j)T
hdaniels,BYDxpLy_$6
hdavila,(%!K2PcIeU
hdavis,_(x_0U6ih^
hdavis1,4m5(Y1fs@z
hdavis2,e*&6qzKyex
hdavis3,)(1VNAErEn
hdean,Il#5MB8zwI
hdiaz,5B8N)*zw*M
hdickerson,&7@9_EOTc0
hdickerson1,$^IDmBZB!5
hdickson,&T0LvyePlF
hdrake,#)@7L!c6*K
hdudley,jn@*n1Jxe1
hduncan,lXCazP6g#4
hduncan1,s0ZsC9Sw_D
heathann,6#x72N6#ma
heather01,&i4Px(u+%6
heather03,GzCqj3Zn_o
heather05,C6NhV7hg!L
heather07,&6WBXhwY3J
heather09,+eRflreF0(
heather12,r&40uEQr)6
heather13,d)7LM9x09l
heather16,_2*0NLibGm
heather19,#FkDA&jy4e
heather20,J%55SwNMxt
heather21,at3N&2ua+3
heather22,D2VBaI3x$$
heather23,PV8IZsCa!A
heather24,^_a6OwDJGb
heather26,#(67_XGx#&
heather27,wXKv%u9F^9
heather29,(x&K($(F2#
heather30,4i$%WYKp)(
heather31,I3!QrFer$C
heather311,6y5m5OOwK^
heather32,+%BaAmu&9e
heather321,$5MVROakDJ
heather34,!RWH^6wtP2
heather341,g40XGL*o*p
heather36,^z1wOE9u#D
heather361,Ld5XIefJ*y
heather40,#d3DQ(@n!V
heather401,J04_gvLv%h
heather43,T@8(NBqn(1
heather46,$zFSg6Vo(0
heather47,+qNj@fqg4&
heather49,t2DJZUDd&(
heather51,$VMme!qd55
heather511,!f2gCkDh_5
heather58,j+6RncGt_l
heather59,A&2%MmHZ1y
heather67,1Ja%1Xc%2I
heather671,GWO8TbLM)&
heather68,k(O@9Vmyt9
heather73,(l55MTlxZm
heather75,_Jl7Gyl$6n
heather78,#y6NVi0yYk
heather83,l97UZ66h(^
heather831,O!c%b8Tk_V
heather832,%9K(H#sa(e
heather87,P%)2XEnp@1
heather88,KRB4@3Gc_A
heather90,R5QsmnNY(@
heather93,C)2iNqULw&
heather94,gP7IUiw$g%
heather941,k)5su6Qy+T
heather95,v$z5mFeo_0
heather96,yA5HG#yg)e
heatherandrade,+J7S8YsKCE
heatherashley,#!L5*B+fPu
heatherbauer,(&W9KYyXP2
heatherbenjamin,$P1*QVuxCd
heatherbrown,)@Dv(hlgk5
heatherbryant,^P0ALKnZ05
heathercalderon,$BlfTH8i8b
heathercooper,#vp3Gc2yXb
heathercunningh,Y#6hm8UzDO
heatherdavid,%hnRVG7R1F
heatherdillon,#!7+FxYDpP
heatherduncan,%10Yry07QR
heatherdunlap,R%1XfRJh#p
heatherdunn,_elmMW5cP9
heatherfrederic,)ND9NOGwbA
heatherfuller,82B61Xlfx$
heathergriffin,3#0cUKMtFN
heatherguzman,#it^0WviFP
heatherhampton,*N9wO1FyYx
heatherherrera,9tX+Mzju&(
heatherhickman,2+^8UTed65
heatherhubbard,W1SSxcYo)G
heatherjensen,W4u5)Hx%$!
heatherjohnson,5*97MLbl*y
heatherjohnson1,Fg$24Vilj2
heatherjohnson2,%_0dM@lh_p
heatherjohnson3,(XS86oNm!(
heatherjohnson4,uw3mNcswa^
heatherjones,E593*M^D#r
heatherjones1,@S6WEwpGY$
heatherkeith,rgQa2JoK(E
heatherkent,T8o@3Hymsp
heatherleach,+fFt3BN8F8
heatherlee,%aUXRAhAx8
heatherlee1,7#e0Bysp@%
heatherleonard,2#dn7Ddx5!
heatherlopez,uB_(VNfd_4
heathermartin,si@P3Gq!WN
heathermiller,*88UR^vvxh
heathermiller1,so&6E@1eAF
heathermitchell,ird+4yQjCl
heathernewman,wM8GKpRF%)
heatheroliver,P5F^Bnso!*
heathertanner,x5PlZjbs#_
heathertrevino,+5SOk8@hD_
heathervillanue,Kp94G8wD&@
heatherwebb,$VI(arAoi9
heatherwest,U+Kb9Ldjru
heatherwilliams,g^iCM57yKU
heatherwilliams1,_ofRyWe*9a
heatherwilliams2,)HEELhl#f7
heatheryoung,e(6S7My9hf
heatheryoung1,Hx7Jyw5tP^
heathrussell,_vnSbwu%E1
heaton,LuX9D#Caw+
hebertbrenda,V(N6F%t#tI
hebertcheryl,jW0vqUwgX(
hebertfranklin,#4tGvApm1B
hebertphillip,d72jpOkb+u
hector05,t2f^0NMld5
hector10,)GHRw)Npb1
hector32,P3^G+z0z(D
hector67,1lg62WCw#l
hector78,#yuZP^SU*7
hector781,*a6YnlxV9&
hector94,pYh04XkyG*
hectorcolon,((9HL0jeMG
hectorfreeman,#6A(9aOy%f
hectorhubbard,2#)*9Byl)!
hectorlopez,%M5lbKom#s
hectormaldonado,Z2sN)lud@i
hectorsteele,T4W(zR6F)#
hectorwoodard,e%2@oR!iIn
hectorzuniga,Ue91YlJZ)j
hedwards,4^8K*ag2Zx
heidi10,mI3Qx&fb7(
heidi18,IB_1K5eg)e
heidi22,$kAWlmRJr9
heidi24,%7@JjoZ_PU
heidi26,uc3XdD_W0&
heidi48,B0c0Lyqk$3
heidi49,wg0WpZkY&1
heidi53,$qw5Iylm(Z
heidi57,+xH)TKgza0
heidi63,I(9nI$$kMa
heidi69,#3kXRMrBe%
heidi83,_7fMSj#iSQ
heidi95,QS3LB9vQ+f
heididavis,m7(aSE+1&T
heidigraham,R3lrlMfr*E
heidimanning,!YboV0rx5S
heidimccarthy,e_n$0Ksk2*
heidimiddleton,BR*2Za3n$M
heidimoore,$4H$iVb!_M
heidimoss,f3lYcb1H!D
heidinolan,uu!M8Qa)s8
heidiparsons,(Vy%X^Wt5U
heidiraymond,5&2D!j)Gdm
heidisanchez,$z2ySIt^F%
heidiwatson,5Ql3S%Mf@f
helen39,sY#8Xdn8d9
helenbailey,2!45IP!jVJ
helenmurray,i_X77NuWAt
helenreynolds,_KwY1+msV%
helenwilliams,&&+dF(Vv+2
helliott,VevWU+3A(5
helliott1,H1_I0eJeuM
hendersonamanda,%QSJ8BWs40
hendersoncraig,*8GbmzIP!Y
hendersoncynthi,&UKJ^tcHd0
hendersondaniel,QK$*N6sKP!
hendersondavid,Am9XhzOkY!
hendersondennis,1sOk2ocV_9
hendersondonald,w5THoYen@5
hendersonduane,amVnO1Bv*1
hendersondustin,KV(0CpTz@&
hendersonelizab,B$6HQmx$5&
hendersoneric,vg5AmgWW&3
hendersonjason,5GQY68fO#2
hendersonkathy,G(8pLcdDs+
hendersonkelsey,kSu$YjZa@2
hendersonlaura,2zU)L3MuYG
hendersonmark,#6tH%GXmOp
hendersonmary,X!a5XvuR@q
hendersonmeliss,$T1FQJiqiK
hendersonmichae,f%ez(5Wjdl
hendersonnichol,rO8Zh)Rw&k
hendersonpamela,!oUCDtnO4a
hendersonpaula,@OT25y@Q1V
hendersonshirle,*YZ9OsCf84
hendersonsteven,C40Z3e*V@8
hendersonwillia,!#Zy&MRZi0
hendersonzachar,A)9I0A+jIg
hendersonzachar1,k1NtGKL_(v
hendrickschad,u5#8gARn+D
hendricksdavid,b4J6WqgF(v
hendricksdebra,!4mAbk3!Tk
hendricksdwayne,S)1lIDhuac
hendricksstepha,fV(8fAu*Mr
hendrixbrandon,z1KVQaMf@Z
hendrixjoseph,+B1Uv03_ol
hendrixmelissa,)6R$yl046B
henglish,msz1Iqb6!%
henry34,B!w6XJkj$E
henry48,ES)15_Pa4I
henry52,c(3Std7Pje
henry59,#12PsKLmlY
henry86,d_8(DybNs0
henry95,1#d9Z_pE09
henry96,oyZ(9gDqdo
henryallen,l2Fpk@z1^f
henryamanda,Z0Q$gS$x#u
henrybaker,0ng8FnP2$p
henrybradley,&FhJZNxR82
henrycharles,y@+3lcBiCM
henrychristine,_II0SD@ob^
henryclay,(b87@AGo)i
henrydaniel,P@*5QEcIVt
henryfuentes,*cR_vVcFz1
henrygreen,$XSCFXbih2
henryjames,@H66T%m4ee
henryjill,oe0LiF2)b!
henryjordan,+883KtmQ)9
henryjoseph,irh(6NujM&
henrylong,l2JaBe*e$Y
henrymonica,+1KVGoDH%j
henrypowell,%3QEloLpyF
henryprice,mX9ZgmfMR(
henryrichards,_1LmLV&)iB
henrysandra,Jbj&4jCxRY
henryscott,ggPppeeV)2
henrytheodore,JjJ5VQ(c!D
henrytiffany,Mm1TDIhs#9
hensleymatthew,@PmT3njkj7
hensleytaylor,@1ZEMkebJI
hensleytodd,*9(e2Be3JN
hensleywilliam,$f6_BwGqP$
hensondavid,HS*n0)&mm)
hensonjames,$0*OQpwC&b
hensonmariah,694QFOsm!Y
hensonmichael,Sc0&9Etwz*
herbert03,3h9Q+oklg!
herbert28,zViDTV^v&4
herbert56,WkX5Hsjk+_
herbert97,wahiGUEN&1
hermanchristy,(okc13Hq$*
hermanjulie,^h2HPApSnB
hermannicholas,^BOAdBCm53
hernandezandrea,16r3YGcu*9
hernandezandrew,P0Yl0t32#R
hernandezangela,(g13vVep3J
hernandezangeli,)24TN5azoR
hernandezanthon,K$*Eh6Wx)8
hernandezantoni,Q2SiUdPh%u
hernandezashley,(#v90NRxyk
hernandezashley1,T8*4KSyjRb
hernandezbenjam,&x&MDc8v26
hernandezbrett,)A348tNaof
hernandezbrian,p1xML#dq(Y
hernandezbriann,##nzKUmDP2
hernandezcarl,*y76sZjEtc
hernandezcynthi,&h0vHdHF_q
hernandezdavid,Z!4USH^r+r
hernandezdebra,O4Tuw5Sw@v
hernandezdevin,)#tq1JCvy5
hernandezdustin,^l4uHHay(z
hernandezeric,dgr%3Ncjr#
hernandezevan,)^LnNc9s_3
hernandezfernan,$C8sQWBp$8
hernandezhannah,5b2XKPm)q+
hernandezjames,!5SyYm$ARj
hernandezjessic,n$V6KcUwG@
hernandezjoel,w8(w#4KgUb
hernandezjohn,VVc1tUInO!
hernandezjuan,0E)0P$c*Qt
hernandezjuan1,0&(6IMqhEV
hernandezjulie,+7A5J6LwD9
hernandezkennet,Z5!2nOFb6%
hernandezkevin,&(QeYLEi7u
hernandezkevin1,g6NFpVnM%&
hernandezkevin2,)mU&Gwnh4s
hernandezkyle,!7LaYzM3bi
hernandezlaura,kF60q%Gmg!
hernandezlori,G%V2$!ia3L
hernandezmatthe,%+M2W5yeD6
hernandezmatthe1,vi2Lo(wkn!
hernandezmichae,kB3X2Ssbe$
hernandezmichae1,8&5Yl4_&^d
hernandezmichae2,sV7GAQ9l_^
hernandezmichel,q1Qa^q5R!Z
hernandezmichel1,&4kHWxkwaO
hernandeznancy,BVC)0Wg+!c
hernandeznathan,$hqx9mQdm$
hernandezrachel,!CXIpVIqv7
hernandezrenee,%NE7FmAJic
hernandezricky,%57DKzFZ!t
hernandezrussel,s$+3*aan%U
hernandezsamant,@U6Rb%feq0
hernandezscott,@OMwWxS0h6
hernandezstepha,Y3AqTJCz(E
hernandeztammie,+oU8q0MfGh
hernandeztheres,+NGXOcp64N
hernandeztiffan,#9f7r5Ev#y
hernandeztimoth,#5CEbb!xX2
hernandeztimoth1,BH75Uu_j#w
hernandeztony,cD7^v4PbN*
hernandeztraci,*4xCDEw1a)
hernandeztracy,^5m1q_43Uu
hernandeztravis,z05jPe3YE_
hernandezzachar,7M60cPNh&9
herreraamber,YY8mGMk1$i
herreraamy,*S22rFBe)G
herrerachristop,#19wKgxSp+
herrerachristop1,E2G+UYZx&H
herreradebbie,8u+H+*H1((
herreradennis,!MJ5NjwR#$
herrerafrancisc,NB(0O2hh^w
herrerakaitlin,q@0FcyuKx(
herrerakaren,N$3$0_Xlw5
herrerakelsey,o1hWg)qr@W
herreralisa,@3ZV$KTyv5
herreramadison,^igk9mK0e2
herringcarol,_U3Qvi6xIv
herringjacob,)F5SbCk8j+
herringjohn,*l57Q2Iu28
herringlouis,M&2FHtGoQj
hespinoza,!76F3kIjP^
hessalexander,ik2WVIsN)f
hesscarl,++i74V#7+l
hessdiane,z#_7!YBg2V
hessmary,gI2UZPde&x
hesspaul,$_Q1XmmmeB
hessrobert,+Y3LblxGS^
hesterjessica,h82EjTgE5)
hesterjustin,bxVc2sMN@2
hevans,uGT@7L(u*g
hfigueroa,WO2yKOu!C#
hfisher,&lutuN!z(8
hfisher1,$3u0JSfZdW
hfisher2,X6JyX6dS@@
hfitzgerald,9jUxNOfq!5
hfletcher,c6E3nWFD(d
hfox,XqJ08Xt1!f
hfrederick,9B5QiB5WX^
hfrost,d#6Oxr)qit
hfrye,&PA%%7Wx56
hgallagher,jd!!1GGd+L
hgalvan,^RNbj)W)97
hgarcia,@x3rENns+z
hgarcia1,Y)3E2ienTw
hgarcia2,$H4%UOud_1
hgardner,a&7Av_yEjS
hgarrison,5DzaTee#_2
hgarza,@r%+r6XAV!
hgates,$Q(4T4lbl3
hgilbert,l#54CojYF#
hgill,)m89Gzud+8
hgomez,N+HW01IyC*
hgonzales,v@+5dNOkNK
hgonzalez,#X@1HIHa^e
hgonzalez1,Sj6OHGa2_&
hgonzalez2,dC0W*@ie&Z
hgood,g2Go0upq!2
hgoodwin,_jU6N!Ix76
hgoodwin1,_3EhSbAQXG
hgraham,*D3edM!xU#
hgreen,c09UZQ3w*1
hgrimes,%&N6P9UojH
hhall,K23WsoG7s*
hhall1,jB9EOfHs_m
hhall2,9(JKJZs9)1
hhampton,h53BfeItA_
hhampton1,(9RjoKWJq#
hhanson,BkI1Jw9m4^
hharris,Ft70PS5ti+
hharris1,*NF5Dn(O$(
hhatfield,+pLffb8ta6
hhebert,Uo2T4I8v%n
hhenderson,hvy4GU_nk)
hhendrix,#o54UOm(Hu
hhenry,!b+ALxg75L
hhenry1,_7aIq62@E%
hhernandez,&DR9XTwE^0
hhernandez1,6j1^5yYw02
hhernandez2,YQcyFBld(2
hhernandez3,po77p+Ld&g
hhicks,xM8Gr*ev@Q
hhill,E&S(T6BynQ
hhill1,1&8A3MQwLf
hhill2,7TaRoQK%@D
hhodge,^I&6%VYgn_
hhoffman,5+%y0RHl)^
hhoffman1,)o09DMoL^@
hholt,M2boMwCv#w
hhorne,oL2R0YxK(+
hhorne1,I77#A&_cX#
hhorton,%NNavqXT+1
hhorton1,5V3OmRWwY%
hhouston,z@18OmYD8b
hhuerta,$untQZ6n8P
hhughes,8Vz0oQQj&n
hhunt,PCS9Jcxb+Q
hhunt1,9lR47Kg5W*
hhunt2,#(c4aWErU_
hhunter,V!5(VphnGV
hhurst,#e+(Efa05y
hickmanjulie,)Ro5SMjmK^
hicksallison,4b11eKgA^_
hickscassidy,RORi6q#cq^
hicksjames,)11*JuOWND
hicksjose,l_bL0V%fZz
hickslaura,%R6I5YBuh0
hickslisa,%*LM2^ObW6
hickslori,@+26O%@b1*
hicksmaria,m7GOnI+U_i
hickspaul,SF4NqfxoA@
hickstodd,#f5Nf0jgo^
hickstracy,*+7^fQTfK2
hickswalter,xm9F&^f!^8
hickswilliam,jv#IEaNb!5
higginsedwin,0*4RgFxy!_
higginsgary,W1xHtRju$K
higginsjoanna,J3zbGVaW+*
hillamanda,0a$!7IHO^z
hillanna,U$zO3E%xZf
hillashley,Fq#z%nDC_0
hillashley1,*9$zWq91%s
hillbarbara,yOH$Q+x@)8
hillbrian,Rou5O$CrB+
hillbrittany,o0Cyl+sQ%!
hillcheryl,#lcms7Rbq!
hillcheryl1,l(ZF@_nc(5
hillconnor,$B2_2KJikK
hilldaniel,3kw4DPhA(p
hilleric,d^69X6piZI
hilljames,T1+0L8)qX5
hilljill,$skBUK!c)3
hilljimmy,*@SWszaG*9
hilljohn,+q60IcBr@&
hilljoseph,!1mC8cGxE@
hilljoseph1,(iQe3(Pz*r
hillkaren,%QRDsrpL5O
hillkatherine,b(+s0E1tSJ
hilllori,)1k3eQFril
hillmadison,*BmMULqX)4
hillmatthew,&P9DjgQb2g
hillmicheal,i0a#ViYf$Q
hillmichelle,#Q3AR14tU!
hillmichelle1,%)+Yb8JjX4
hillnicholas,UvW1Lm8%4&
hillnicole,w9Gj*0G3#b
hillrobert,sC5CUE1f!P
hillronnie,6g5n9Gt1^$
hillrussell,_4KwMmCw0Z
hillstephanie,0pTa8ENhl%
hillsteven,@IzAVFJCp8
hilltracy,B3DV3wF6(C
hillvirginia,86YwJo4i*v
hinesbrittany,pB2J4R#wL_
hinesdiana,9q++2BtQ7)
hinesjennifer,_Dw#Afbrq3
hinesmartin,_We@01Ijxb
hinesmichael,^H)6Ccwt&h
hinesregina,&^UBJ7KeFu
hinestracy,%nYhqeIWk4
hintonkevin,l3Amj@7H%w
hintonsarah,(PfvPQ4t4A
hjackson,JmY$7DZFP(
hjackson1,8^6ZS%CKgs
hjackson2,Sw6QVDVbp^
hjackson3,aoVJlc8M@8
hjackson4,aWkdT2HQ$7
hjacobson,z79PtJz$!r
hjimenez,^!nH*a^v55
hjohnson,(5@HmEincO
hjohnson1,o@1*EfYjK+
hjohnson2,fw5O9Q@l8&
hjohnson3,1iVf8KXk@+
hjohnson4,mG*t7DBp74
hjohnson5,!*8OyhF6Uv
hjohnson6,+oMtHmZA3)
hjohnson7,!&3Wfas7+e
hjones,**7yKin32k
hjones1,S17&Ne8w!9
hjones2,2d2DUrjR**
hjones3,&E73Cxyy&4
hjones4,zRJA_bl9(1
hjuarez,AA3S5dwnq$
hkeller,2*1Ei7z3Hs
hkelly,sn2nN+nQ#2
hking,vZ%s1CuGR$
hking1,$AOIPLn*e0
hking2,^&g9%Mp67(
hkirk,%f2k@N3e#@
hknight,j0S^C7Qlr9
hlambert,b(5RiUwnQ3
hlang,+M+aC1uHP1
hlawrence,)(5mVZqdtR
hlawrence1,_6d!ZltUvX
hlawson,$moaO!Xk1T
hlee,$vqPLxIvb6
hlee1,tLdDK0XsE!
hlee2,E#c25Bcu&R
hlevine,bK2_7Jws10
hlewis,#0$a2UGt5i
hlin,XY56XbVJj&
hlittle,@m0IUzUPtj
hlong,*)$XO5Upa@
hlopez,l@1oecXb@M
hlopez1,*e0Wwz^I(N
hlowery,N)Vv6&mmdY
hlucas,0!2I+O$z_r
hlucas1,zo3JaNim(t
hluna,!1jCcj*fDy
hlyons,LN90sVhp&u
hmalone,u1JW)*8g_l
hmarquez,WdygOAoZ+0
hmarshall,3&cqT3GmHX
hmarshall1,2T*N(wlw)b
hmartin,iyZ3RZM!*(
hmartin1,JJ3FemKi@k
hmartin2,53_XyZTX+4
hmartin3,f5Z66M2m2@
hmartinez,)01wWWeR$u
hmason,e08Grk89+N
hmason1,CnFiSJ6R#8
hmatthews,w_Br91^gMX
hmaxwell,^0t$kYoLsD
hmay,!XW1ZuRU2B
hmccullough,DB#5bJXeX_
hmcdowell,*qxlTxtoP3
hmckay,Al8&9uFq&y
hmcmahon,Nu^2ZUys0I
hmcmillan,)2qSIk6iR3
hmcmillan1,*u_0%PSf!t
hmcneil,)!0@D0Op2)
hmcneil1,G^+J4Ne%$6
hmeyer,jbWVKZc4@3
hmeyers,#L8yMQVr7r
hmiles,$jedZl7KX8
hmiller,!HN+3bOzv1
hmiller1,FI0wgF@cs+
hmiller2,m1adJbuk(S
hmiller3,M_9(U@F$8x
hmitchell,5TArUNUe!1
hmoody,@RSU4An+1n
hmoore,&CYL1zXfdK
hmoore1,al0DgKEw@1
hmora,+3T9QRlzqv
hmorales,DSB8n*RmX_
hmorales1,J*93zYexA@
hmoran,+90AkSMJp7
hmorgan,98BrFwuK&h
hmorgan1,*zPevEM2+7
hmorgan2,y#h1m+d4MR
hmorris,xh08Le%KX(
hmorris1,ur#@fSHn+5
hmorrison,nuCNcQn0(1
hmorton,x^6S35OyAj
hmorton1,7ZBa*66_(G
hmoyer,v+92RHVv$D
hmunoz,n!F+4R*Dfq
hmyers,IJxk7LPl@W
hnelson,81WcFFO8_e
hnelson1,o3GC1vhy#6
hnguyen,iuj5MMu$$Q
hnguyen1,@mCMKbyx)3
hnguyen2,cw)3GX#l$(
hobbsjerome,J$4I9Lib+0
hobbsjohn,+V9NcXgCZM
hobbsjoshua,@z%Ng#Jx+2
hobbsmarcus,^u*04eYrlt
hoconnor,xu9q$PkU*T
hodgeamanda,6eRiaO@r^V
hodgeangela,1o9OmIErB%
hodgecody,rYGmc$ea_9
hodgemicheal,!nO2FI@#9t
hodgeronald,9D4!Qd@Am#
hodgesjennifer,d7c2zAVZ(n
hodgesjennifer1,&(rfURwti9
hodgesjulia,6Q2DChWs#u
hodgeskathleen,T6QiGsOg_d
hodgesrandy,iuw$9Bw*e(
hodgesraven,Nn%F22RpcL
hodgesrobert,P7kMstfC_&
hodgesthomas,f3!OqeTu@U
hodgesusan,^(WgwJzM+7
hodgetommy,@XY+wgMz9j
hoffmanalexandr,0@^1Ds#u)h
hoffmanamy,C@C6t3NFho
hoffmandominiqu,&e*u6oMrUG
hoffmanelizabet,e5JjY2tF*A
hoffmanerin,me1EIRkf$M
hoffmanjames,^t3ZoSJsI$
hoffmanlisa,D5aQ6RHj@B
hoffmansamantha,4T!m4fbpS#
hoffmanshelia,!3wKFYdz#!
hoffmanstacey,B&9COp#UU!
hoganandrew,Q^8xAKhW8g
hogandavid,^2GrfApwx!
hoganelizabeth,A#to91twHO
hoganemily,df0@yUW&m#
hoganeric,*U7@0bLqYo
hogankelsey,+!DqH+_y8e
hoganmeghan,Dfu7P+sz#(
hogannathan,^5IA!h#c&P
hogantimothy,eTf@7XbX!7
hogantommy,!065$BXq2Y
hokarina,p(H8N@J1Ln
holdendaniel,(54G#nWd%G
holdenkrystal,^3QZX1xurC
holderdawn,W^TIUMe4@4
holderholly,&M56nXc0U6
holderian,_PLsHxYjc0
holdermatthew,9(3WXwwjz!
holdersarah,$8JXvAFHsG
holisa,)m%iYs+(U2
holiver,@8MZq5dL7S
hollanddanielle,HL6uGuc@m*
hollandgary,qU%9ZPBgA(
hollandmelissa,6$%5_RS2tq
hollandmichael,_Zm5sBlk2z
hollandpatricia,&7gl3ARuuU
hollandrenee,R9OVi%WT^$
hollandsheena,^0L5qSoG)7
hollandstephani,_1K#^vRyIh
hollandsteven,IiV02T8f_^
hollowaybrad,36y6jMRs!N
hollowaydon,lA6BkgA6(v
hollowaytonya,h2fN!wBm+I
holly03,301iLjGx(D
holly18,11+1ZWlh&i
holly19,B_5SSf0dl(
holly191,9&3yTNaAL3
holly20,N*z8N%Ta(S
holly25,y*O0iUjoIc
holly37,4+U5rY5jRF
holly40,*F^8qC$e+c
holly48,ofIaUbZ(*2
holly52,+jESD1Ovsw
holly55,&5AD!sxD&q
holly57,z^G4vBtJ(+
holly58,b5at51Jb$)
holly61,pW3!fBnN*g
holly67,!m8(AFgmn#
holly671,IsT7ZCt$o*
holly72,@lE^t2XhbZ
holly84,%uDuA(EFg2
holly841,)714Mo2z*G
holly88,@#3Zy6PriP
holly89,n8TI$QK!@u
hollybaker,*pLwuY8cf7
hollybaldwin,)jG%%dqvX3
hollyblackburn,(h$6H9xA%T
hollyduffy,Em&bZ0EZi@
hollylopez,@UF6(L3dX@
hollymcgee,s&@&0Lrbg@
hollyperez,%oV4rrgds2
hollyscott,8#Bn@0)5$g
hollystevens,v1KI7l#K#u
hollywilliams,_cqIMsTl#8
holmesalicia,1tQsqjoy(2
holmesalyssa,m*5L4(zlhX
holmescrystal,xf#2_Gxa#2
holmesdaniel,c&KES4&x*1
holmesdaniel1,w*h8iCa0Z4
holmeserin,&+#Uc^r)0i
holmesjeffrey,AN3M1dsg%&
holmesjennifer,p3#LTIbC#l
holmesjoshua,wJ7k)jHp)R
holmeskimberly,xq$r)9Zo0u
holmeskimberly1,#5VR9Ena39
holmeslarry,h!BA0jYw0f
holmesmichael,24gjkLq^^M
holmesnicholas,M0J3pQFq##
holmessteven,fJYGy&qz+9
holtaaron,32*9_Vx+(i
holtamber,xmBGKlgy&8
holtbryan,!^EwEOlY9m
holtchristina,As%Hb6si@2
holterika,$4)8Ws7$4D
holtkathryn,6nz8DrBoP^
holtricardo,!I7Bb+3nQL
holtryan,&@00VNnTR_
holtstephen,C&d1Je)s+n
holttimothy,a0ZQ_pr1_n
holtwilliam,#*7(rMLY+g
hoodadrian,)0k(qtR6fo
hoodgina,3y^4qdNmJR
hoodjennifer,&WdKKUzH9)
hoodjustin,dX*0M4Ap%u
hoodkelli,FF^7sSZloG
hooperkathryn,TO*3pxRqOT
hoopertim,Xn5LpX6nj@
hooverjacob,514U^Qqv%d
hooverjustin,Z5^Nstx+@(
hooverkatherine,_23J)MIy35
hooverkayla,1oDY*q+v_y
hoovermelissa,D21Ui*TkY!
hoovertaylor,Jt5Gkx9e@l
hooverwilliam,HX6XS_ei_%
hooverwilliam1,^6!CR^bjjr
hopkinsalexandr,0*AG0adp@c
hopkinsamy,&z9TRkHJ9q
hopkinsdennis,%JeiwEo5m5
hopkinshannah,x@1TdT1B+W
hopkinsjamie,D(wC5Ejt)K
hopkinsjoshua,^D(0GypS9y
hopkinskayla,R(9FmAw4)d
hopkinslauren,&VL7ZGBaj_
hopkinsryan,0xA_6h)r)N
hopkinssusan,^O9W*VNy_@
hopkinstina,1)31DD!QYs
hornadriana,%tJ3NQnV9K
hornediane,5114XwYi(@
hornjoseph,!q2EaeVfjp
hornluke,5#@5RlfvnE
hornmargaret,$1HDKqwHV8
hornpamela,Mk!*h5Sogh
horozco,UZ)6ASvrE&
hortiz,!1SZwn#psc
hortiz1,14N$4Jcs(^
hortonderek,Qf3IvF_29$
hortonjennifer,6Y0P%rm@w(
hortonjessica,R#aX5KXz@L
hortonjill,a2YI$G1Q)#
hortonkeith,Jv$9rdRvgL
hortonkyle,@rYw7n2o55
hortonleah,%df9&MIdD4
hortonmaria,^1S*QcQnVJ
hortonrachel,ZYiQgfCh#8
hortonvictoria,(5SkZiJt7S
housebrian,@MEsrllCu2
housedouglas,w(6kT3KrC%
housejohn,5*d89Dla_6
housenicole,b*U4e47xIR
houserobin,!a7gCAOH9p
houstonchelsea,(X1)Zx2Tsa
houstoncourtney,!y^nc0Vw8z
houstondaniel,hq!0&0SkQt
houstonjennifer,lU(WfrIl%5
houstonjoshua,tF)O86UemL
houstonthomas,2i1GlLofQ!
houstonwhitney,_&zzz3whlK
howard02,*5jzUpYvR+
howard28,@6_%CVLa%a
howard74,1xLR+)RA+Z
howardbeverly,+2s@BdtE(l
howardbrady,&2EHpy2mAE
howarddarlene,w1Z&45SfU@
howardduncan,%k0jBB4x%u
howardhill,+_Sn6Jaooa
howardjacob,V6BsAkZY)Q
howardjames,8p0eR7ty&^
howardjanet,nTs8ZIjB^Y
howardjessica,F8fayFhf)4
howardkeith,+@0&HCvqtU
howardlaurie,!dtX6noi4l
howardmeredith,4#68F%wr*6
howardmolly,%9RRt13V3r
howardsara,7!F*)RMj&1
howardshannon,(Jx2MLtsRG
howardtammy,04lmG$Kf#M
howardvanessa,^Jd5BLp&i2
howardvictoria,(8(Y4wjSg6
howeamy,+0E_jYG)n9
howecandice,ffP2WQ!aY#
howecolleen,JCQMKKtu_5
howellamanda,q)1wpZE&tg
howellamanda1,ubO^1L1p6_
howellchristoph,&5eL#iSi1e
howelldavid,^cN2mmWN70
howelldonald,D*4z4(t7%3
howellhaley,1@2y3KJfV$
howelljohn,kx0S@0bzM&
howellkathryn,X)v5AvOniW
howellmaria,*4Gm0NrAd4
howellmichael,@D0Vl^gxuT
howellsteven,IV)6k@PnxG
howelltiffany,)2*P3HpN%3
howellwendy,aKPW)Fmu@7
howellwilliam,!5@LAzw4yx
howemarcus,Fg3BIVAxT)
howens,3O8rMGpzE!
howesarah,(g*XroE2p1
howewilliam,6MnYf69i+m
hpacheco,+DCVCusmQ5
hpayne,)BLKku637Q
hpayne1,@ZgF4+ReD%
hpearson,6#H9X7k4#$
hperry,EFXK2YeTX%
hperry1,O6_tpJSv*5
hpeterson,M!39ILYmTN
hphillips,5kB!I*Tq%2
hpineda,!8OZhoLezU
hpitts,(#wpr8Cl69
hpollard,^QJ(rlJe6L
hponce,TB_5IWQt6S
hpowell,dh8sBweTA%
hprice,Drw3E+Gd#^
hramirez,s41E3V8)&h
hramsey,$0Fwl_VQI4
hray,0%Zq6cSr$%
hray1,x+FG6YSZPw
hreyes,(XH5XuspG4
hrhodes,s)L7SyqWk!
hrich,&03xL5kp7)
hrichards,$+3MLvMx)E
hrios,C#eZZ0JctB
hrivera,(7rGTC3iuy
hrivera1,$S$57!FpE+
hroberts,_0QSSkEa+7
hroberts1,_t1BD)jja0
hroberts2,*^5HpjAhTY
hrobertson,Q&0kNLb%_R
hrobinson,*1zT^XWu&Q
hrobinson1,mI3LAfy)!3
hrodriguez,+98GfcJan@
hrogers,)wXHzwvju1
hromero,me(7%UNxC!
hroy,#8!u0CKnnF
hrussell,Qf(CCd6F+0
hrussell1,7XF1(Ex6@f
hsalas,h!6C6R#lZA
hsanchez,GoPUZSHB!4
hsanchez1,$tc1hJr@$B
hsanchez2,#mXV!P_le8
hsanders,FAF@45Pee%
hsantiago,+8lv6Q^Ge1
hsawyer,2#OkH&Tm^1
hschmidt,Wn78hCDv_Z
hschroeder,Hx^1wRQa&g
hscott,)xuSR@Vj)2
hscott1,1_I0s6u_*J
hsexton,5dC6CWN$4_
hshelton,(3jKyf(ez2
hshepherd,qRM8pvBl!6
hsimmons,SU+Jf6SufX
hsims,^2QUE+Yga7
hsloan,^n6NjV#izX
hsmith,)!Vy9PxoPV
hsmith1,T30cRp%m)G
hsmith2,DtJOry2B+0
hsmith3,Pz66S^knw!
hsnyder,%5zRx6lFc1
hsolomon,W)3UmIJQ6X
hsoto,9E0N%#ds&7
hsoto1,qY12AK(i*E
hsparks,&oEwx(%wC6
hstafford,Vk@_xxLo#8
hswanson,8j*TXUzi)k
hsweeney,xM7xZvosJ!
htate,_iRHmgp$0I
htaylor,2&_7B_sj&_
hthomas,G2BkOgSn_+
hthompson,BvKq4MbXi)
hthompson1,+40RRrqJ7t
htorres,_1S%Hqseg2
hturner,Gg4Oi)Ft#z
htyler,_y4Br^d6c*
huangbeverly,zg*9QHmq4Y
huangjennifer,ZHL)h7Ybv_
huangsandy,%9VZAymekh
hubbardaaron,GXD4Gaei#Q
hubbardadrian,f5ECt1yb^B
hubbardandrew,@*aY9R8$ov
hubbardbrian,@M)F!%Fsf6
hubbardcourtney,*4G98hA8Ld
hubbardfred,^0f33&f2Xk
hubbardjohn,+2Ga49vbJ#
hubbardjohn1,S*0$RTJvS#
hubbardkrista,#50Od)7_3P
hubbardlarry,*6N7rp7SOf
hubbardleah,%99(H2q$k9
hubbardsamuel,@SShjpr5I1
hubbardsandra,^7JYa^YFKo
hubbardsusan,Mi6JJelSk#
huberjoshua,@+#36lTz*%
hubermegan,_9e!4S*j6q
hudsonandrew,HK0MQku@%k
hudsonelizabeth,y(&4JJwywT
hudsonjason,)8HuwqGN(e
hudsonjeremy,CuU5X2GMI!
hudsonluis,^GeNN$b9E1
hudsonmelissa,N+7TBZvm3(
huertaamy,Fq2%nFqcL*
huertacrystal,^9qHYLw4A&
huffbianca,@v4CvuFqeu
huffjessica,A6IFD*!v#4
huffjohn,7MPbqHqp_0
huffmanadam,*4LSYZwnW2
huffmandylan,#vg3MHh61Z
huffmankristina,702dFgQe%h
huffmansarah,Gm(@UvkS*2
huffmanstephen,B(2VpCo282
hughesallison,#%(3V@bq72
hughesandrew,S8wWMCZt_B
hughesbenjamin,(6rUNvUA)s
hugheselizabeth,2u&FuZfN#b
hugheselizabeth1,)07U5#vd)F
hugheseugene,(6*XFSOZ_i
hughesjohn,L*(Y8*Ib94
hugheskimberly,_ikAQZQjq5
hugheslinda,lBGfRxpk@0
hughesmartin,_kl7QHVvg1
hughesmary,@0JlvnemWd
hughesrobert,(6ccHHF@ps
hughessara,$7fY7Cnm56
hughessara1,t0XTCH2n#l
hughessophia,!9U2GXmm*6
hullbrandi,$mAeoDpv^4
hulljacqueline,Qv$87pUzB3
hulljulie,xTJ1N0ny&q
hullkimberly,6H^8BRTp5J
hulllynn,2yPeiyzL^5
hullmark,zb+L7ZjaeT
hullsarah,(*_1kOq5t$
humphreyjesus,$q@Avtjhk4
humphreymarilyn,18H6fJVy$+
huntalex,*BJ0xz0qb5
huntanthony,_48*Jcf3@b
huntbrandon,LUG9jYFsp!
huntbrenda,bJI_404j&#
huntbrett,%&Y3OmLZcy
huntemily,qV9B5ynA@t
hunter26,*05gECq*8b
hunter34,_&kFaM%)&0
hunter42,$K3pEHxf#U
hunter59,1*1UyfhSuj
hunteradams,56eMn6Ft+q
hunterdavid,NRRwr6Or@v
hunterdebbie,8aDQSuYQ_p
hunterdorsey,)etLKi#RL0
huntereduardo,&4pjcKnDp7
hunterherrera,ovtF!1Aw*6
hunterjeremiah,!^Q5Spc8B8
hunterjeremiah1,K_4vbEUi6z
hunterjoshua,*ig1FxDy1I
hunterkeller,H53SzmIjh@
hunterkelly,vKVfA9Hx)2
hunterrick,@6Z(HzpX1U
huntersmith,)cx4VPv1KO
huntertiffany,+j8hMfNlg+
huntertiffany1,rbF_F6Xj1(
hunterwebb,Y2*4a2Cc%!
hunterwilliam,A*UKk7omxP
huntjerry,+$RpugGT2F
huntjustin,DVeAVOsz#9
huntkenneth,SuO0Tor0p+
huntlinda,La!e8XagK@
huntmeghan,@DnUu*!S5g
huntmonica,61#OctzU%!
huntrobert,45hQ5kyX^$
huntvanessa,^%3DT_)h$*
hurleygregory,o4Lkaws2^h
hurleyrichard,N_5IBm^c8!
hurstjennifer,&o2M0ZqNIU
hurstmichael,&qcfCmnn67
hurstricardo,Kg2vJqb9X%
hutchinsondavid,zghO1Jf@$y
hutchinsonmaria,j+KP6cWviC
hutchinsonmatth,*YiGt#VfU0
hutchinsonwilli,)Y9sxKJd%n
huynhdavid,kmCEEDoc)0
huynhmanuel,xC7Q$LtY)p
huynhmark,Y%GZ1Mb)R*
huynhmegan,CaRIT2an+6
huynhshannon,J+nRiM4$*3
huynhvincent,BKIRi)Fz+6
hvelazquez,@tJcPyQXh5
hvelez,E3cRDVBq)U
hwade,^_TjS!tf(2
hwade1,F+2TaW2Aya
hwalker,5G00HBcs(h
hwalker1,TQh%6Qa_iB
hwalker2,Udq9Ycjr@2
hwalker3,N7_Q$UGi&0
hwalker4,vJ2IjZ(s!4
hwallace,HE1nEm9e$Q
hwalton,0_uPFxFx)T
hwarner,+fMA9RHF8z
hwarren,)p+41zYfq^
hwarren1,EQ6mVVrc$W
hwashington,D@7zvSb&bP
hwaters,+1cxZSq_N1
hwaters1,8+PK2Uy7HK
hwatkins,$%7oRFw_Zc
hweaver,hF4JXsOp4%
hwelch,sYd9zU&j0#
hwells,B*4KklS7+x
hwhite,uWz4ivBg$4
hwhite1,raCM03ZI7_
hwhite2,!^%s*sVge4
hwhite3,O01N(Vtx+(
hwilliams,$M2$lOlV(O
hwilliams1,r6mOdSVZ*S
hwilliams2,o94YNH_z(U
hwilliams3,oc7@Q1ZxL4
hwilliams4,oakE7cCn*2
hwilliams5,u8*%sQc!^8
hwilliams6,VjkE8U%pU@
hwilson,+o2*YuN7M)
hwilson1,ap&GsEfI&5
hwilson2,!50GkI#YG&
hwoods,e^4^EaDyyu
hwoodward,%yX0rn67M9
hwright,D*s30oIa*@
hwright1,#f6YqmvwcQ
hwright2,wKB+93Bjbt
hwright3,3y50BjrAQ+
hwright4,K^U@0+B_ks
hwright5,Ko*3Lk!s_&
hyang,9+Wr4VzoK8
hyoung,z(hW1Jg8dO
hzimmerman,)L4EXOMyc!
iadams,G_xl0MuXpC
iaguilar,KH%9J_Hxhw
iaguirre,5^9!SxnJgM
iaguirre1,M^_7H(3p+%
ialexander,iKuo5CCm#0
ialexander1,484Dz$3K&%
iallen,*^M&0JgF+C
ian03,!VEjNfp#5O
ian04,_Lf3GvhL&h
ian07,Qp4upiJ1C!
ian09,_mRHCng0q4
ian20,^^(1DrGTw&
ian26,a3j7MfDe&E
ian28,tbJvP6aT!7
ian46,+7tOcc7+xl
ian73,!8G04AspYb
ian75,F8h4!z!c+G
ian751,&@6JB2vmsl
ian83,peZqcqF+$6
ian98,Mx0FkIAq8+
ian99,$3Gsw318tr
ianbarber,je5vNSop(Y
ianbennett,0wEI5aUP@@
iancohen,K(!2KTgTOS
iandrews,@7b1Hus(eV
ianescobar,*8R(pB4vXc
iangarcia,6w0kA@Deq$
ianhaynes,c+581nlLfU
ianjackson,5)61XDrr@b
ianstewart,_^R8*Fnbum
ianwaller,P1IvS$Uv#p
iarnold,dNi3ROOqG*
iayala,K3SJE#sj*y
ibaker,(@6GOaIc)F
ibarber,%7D#7rU#&d
ibarker,+Y%0GG#Ow1
ibarnett,!qB1Nk3jZA
ibarrabrandon,NdI%Oxa%^7
ibarracheryl,tNRs(j6a+8
ibarragary,KS_Xv7Ksn*
ibarramichael,5mBT^okS$4
ibarratimothy,)ZRfTOeC9n
ibarton,F+3TxprX%q
ibauer,^!HH(evoB2
ibeasley,61FC+6bN&E
ibecker,e5WBu6n8&K
ibell,3J#8n4Kl84
ibennett,Mw1XpGPk*s
ibennett1,SCX3HXp^@9
iberry,&ml+Qsx7j4
ibishop,3YD2Hb@P4%
iblanchard,^6rIzw47MC
iblankenship,T0_Lg0vy$q
ibright,v)Vpv&F_&7
ibrooks,2JHMEHfc+x
ibrooks1,%J964&Yli3
ibrooks2,f2Zz4k#t@%
ibrown,X256+MFh!J
ibrown1,S7X%o9ad^t
iburgess,3uoILsxM#V
iburke,%t4XyT)5rp
iburns,)$55nGpmG)
iburton,(8g7vFvdmL
ibush,)VELbtc$9x
ibush1,R(a0D&xfB*
icaldwell,$i!h3NZs#1
icampbell,_Ub7GWsN_Z
icampbell1,*OI&f&U5q9
icampos,&FV8DdVZP5
icannon,k#^eb1Sk*z
icannon1,^1J0Q%kd9t
icarlson,@iGL1T!dI%
icarr,^#0&CjX(Be
icarrillo,+zLykPJz2t
icarrillo1,iFEsrTGy$5
icarroll,6Z2NAduH%Z
icarter,%&yDv&rS49
icarter1,Z@67%qvmOK
icastaneda,NO7kdJp@+A
ichandler,RC3DgRhcc^
icharles,bO3pVmFm_x
ichavez,bJ%6S0Iw_0
iclark,_8mCAFNmVT
iclark1,^K9kXDxnGK
iclark2,$UTXamvw23
iclarke,@m6UOOtvzs
icochran,8ZXyB*jn*2
icole,M&7aC5qy$&
icoleman,dDVg(v5b$8
icollins,$3pGn!Ra*l
icontreras,_$82bYyjvo
icook,V+k1@$ZfIN
icooper,Y(K+2Dtb0s
icortez,F51ftTuu!W
icox,!0HWsu3U2+
icox1,Cd63mXa1&8
icox2,m@+7Cm*369
idaniel,fc3iTmZh(R
idavidson,Wu4UveDx^#
idavis,(4uToGZhzL
idavis1,Z#l7D1Ak+d
idavis2,C&NL6XiC+)
idawson,6!79I3sU2J
iday,&_(C5kTbhU
idiaz,+$(9ofNqA9
idiaz1,!54SVx*24p
idominguez,!1gSg9Ni(g
idouglas,eJlRvSZu)3
idowns,!2AH5SInXb
iduncan,_8h9kZjV$Z
iellis,$7gzLuhrP$
iellis1,&W686Nhwr&
ievans,i%#K1Iw4gJ
ifaulkner,#KTU3TyQs(
ifernandez,voKc9DIu@0
iferrell,bkvL00Afp#
ifields,C@h#01GLdr
ifinley,%_0&YWEwu9
ifischer,@^IG+68l@A
ifisher,^IVJ5QGmq2
ifleming,&I^L2Qg&g$
iflowers,_3Tn$dhKf8
ifoster,B8jckW%o^u
ifox,h%d8#LknfH
ifritz,2U2&WuLot$
ifuller,!m8Bsca+s%
igarcia,Mvo0*Quga+
igarcia1,g+j+u2Qb%1
igarcia2,!+L9VNg^N3
igarcia3,(1GRzhqtGP
igarcia4,&c_m80M199
igarrison,$4%cTBWy#d
igarrison1,%JtYoxHE9e
igarza,^kFUH1UnOU
igeorge,$n%jj5IcL+
igeorge1,&DlN8bPtN)
igibbs,^P9Pj1oao0
igibbs1,E_58TwgBpc
igonzalez,@d$3Ctad!U
igonzalez1,)RHSfbuuH6
igonzalez2,19NDSTcb&E
igonzalez3,KS)&9PXghB
igray,zZ^5VQpqIF
igreen,B0P_lieg+3
igreene,$)c4HXal^U
igregory,W(8IAld3G#
iguerrero,Ud#*5DPl$&
igutierrez,+7o#ZEmlf&
igutierrez1,72x4RccU+@
ihaley,@@$JLa5zy1
ihall,z37M8YkF(j
ihall1,4$6AOk_R$(
ihamilton,h_%6A69m+Z
ihansen,0nHTmoOD@U
ihardy,!k5H#r4T!F
iharris,(*0GNBxV6%
iharris1,l3Ny49Cf&5
iharris2,s6dq6Mdp*#
iharrison,%1YjY9clFe
iharrison1,@c_8P8a@e3
ihart,P@qEP8pjIJ
ihart1,s^0IL#!f!d
ihart2,%Bgrl2iug3
ihaynes,R%fxHWuw#2
iheath,&4UkWuyX1c
ihenry,4^BPy7OC!a
ihernandez,8Cs_QrtG)(
iherrera,F_37_mBsBk
iherring,ux#8x_Kd&!
ihicks,E!#M9L(tB@
ihiggins,CSm1Prg9$*
ihill,cR^08iPxk_
ihobbs,tOz$3Vq1w5
ihogan,_X1ZfRf)(#
iholder,VWw2WhAl$^
iholland,y%0FeKOn*b
ihoward,B1(WTYl+^s
ihowe,Be9(Q3Atc!
ihowell,_F3A@m1k#s
ihubbard,!32qMYiK$L
ihull,&$LYz8pz_2
ijackson,w4M7VxAz)K
ijackson1,@W8KNaSyz2
ijackson2,VN4WaAuu!g
ijacobs,$0)5USpAB+
ijacobson,X0IoKqos^1
ijimenez,90Ydu)Rh_j
ijohnson,gz3gUvNYr!
ijohnson1,iy4yl6Re(^
ijohnson2,11NS3b(c&W
ijohnston,Ir^1FCauT%
ijones,a2lGNF6y@c
ijones1,)u4Ehws68z
ijones2,J6tovQBp)%
ijordan,^oKb)MeD@1
ikelley,Hj7W+Pb&^&
ikelly,77X3Tq6eX*
ikoch,ZJHViJvx#6
ikramer,$&S62Kpcoj
ilamb,ta8IJsean)
ilarsen,hjuQ4@Do#^
ilarson,s#5d6*TP*b
ilee,r(H02QhdfH
ilee1,g+Xk6OGbqt
ilee2,^70RI*td!D
ileon,@2HzEEaH_*
ilewis,n2bGEwor)N
ili,n8B6V)j%_Z
ilittle,2pdXz@bD#3
ilong,(hYs2XqbgQ
ilucas,)3G2yTLYW3
ilynch,sO1VGbcmp*
ilyons,J$i41!TvU6
ilyons1,&b4KClTzKv
imartin,@F5aX_mSqr
imartin1,y!f10zFtQd
imartin2,JQ22Sc$7(J
imartin3,1+N9AZh3M+
imartinez,$9@PbPQo+b
imartinez1,@BO1DEt)10
imason,+uM(P(ZmT1
imatthews,(81LVM_v0w
imays,b5pJKqQ&^P
imcgee,d!qXfH2g(4
imcintosh,Ob!1GW@ipE
imcneil,HId)FR+o%9
imedina,ME4@8_0w_9
imejia,g#95hVDxng
imendoza,9%xF6RxHZ%
imendoza1,D+5h2aEkMu
imeyer,*@52Ym@I)L
imiddleton,U594lYm26+
imiller,f@0*1IAnPb
imiller1,8uz7aCNzL@
imiller2,W*2rS&Yvi*
imiller3,_9b3^UOtM$
imitchell,0w$8NPj4rB
imoore,k0xkSx)Q$8
imoore1,_3!zTsz4Nf
imoore2,^gDg95LAo7
imorales,U8R7WiPp*Q
imoran,N_%8^TYv*k
imorgan,YRP1gBoI(2
imorris,9%jlEODz(5
imorrison,&3p_Uydy_S
imullins,ylDr*e0s$0
imurphy,@pyP^Y%vX3
imurphy1,qh+8IobI_%
imurray,&8QMPO@bq+
inelson,&+Ceb4j34+
inelson1,(jsDCyP9&9
inewman,j0Y*Z7)@&f
ingrambradley,aTJH%8EjZ8
ingramgina,rIk+Q8ZdQ@
ingramjason,dkC+3Gwq0H
ingramjennifer,H1GWKFqE+_
ingramjennifer1,$l0AP3Hi5#
ingramkevin,p@Ad0TdoyF
ingrammelissa,f$1$DybnWa
ingramrobert,dxlJx7Dop*
ingramsamuel,iqU3Vihz1)
ingramthomas,%!(2FvA%#6
inorman,)nuWJrCvU3
inunez,_vAJo0Qdu7
inunez1,g237GgX2_%
iobrien,*2C7y!PlxZ
iochoa,^3@ORq(0@8
iochoa1,2$1oKd+mna
iortega,_9GnDDQvV4
iortiz,F*7ikStd^H
iortiz1,6E@+8Wirh$
ipadilla,j1%+5XUfIt
iparker,2REtDfXe!2
ipatrick,@6)+RmcBhR
ipatton,4c+B6BvACB
ipatton1,F6HGWj*i@m
ipennington,f(W8FbMj*6
iperez,T9B0CccG@^
iperez1,uT#1Pm%WJZ
iperry,)AY^e1Nvf%
iperry1,%h8%VI_w*R
iperry2,$6sTCHejaS
ipeters,!V6wKQfz%d
ipitts,8ypR3p%6@s
ipitts1,W#9YAjFm#8
ipitts2,$8+me2Go4)
ipollard,&xNarS8q%7
ipotter,S+3Jmu@afc
iprice,s$b*KZ_@+8
iproctor,kNq9NVlS^x
iramirez,)D0CUUxe*R
iramos,5ex2Ktm6#D
iramos1,nOy0mPCy^^
iray,!Xf^5tXhm4
iray1,v!5Aja_LoP
ireed,%(ynU0WvTH
ireyes,**9usFfgCk
ireyes1,7pRCHpYb+q
irichardson,a4P&Dgoh#x
irichardson1,#5WCJdV@+L
iritter,Ln1CJYyYG)
irivera,)f7mjEixPa
irivera1,q%%(7ZiV07
irivers,U+t83NMtz7
iroberson,^qixY$j_11
iroberts,@0eUAt!iz2
irobinson,!1A^D0Nx!(
irobinson1,MN8b8#Hc*C
irobinson2,#_@6Ojekf*
irobinson3,3p6J(8y7)&
irodriguez,d@Bs4hQgt)
irodriguez1,DW8IjaQU^b
irogers,R6zDiaYf#K
irogers1,4MpGAbWa&&
iromero,&f7Ahqv)pm
iromero1,(Rp6AzqZ*v
iross,@wvg47WutR
irowe,wf&26VpmPV
iroy,M&d5eQcn^P
irubio,m29GPHSx++
iruiz,(P45EKe)L@
irwindavid,m3)2%NidaG
irwinwesley,LCOC4(PaO_
iryan,r8*f22Gc!!
isaac50,ji^$23TS!#
isaac62,@gDYIDsdA0
isaac73,RM(3khGww@
isaac78,k2m$1KUoRY
isaacbaldwin,p+*1FgV_ur
isaacmccullough,_m8Sac(x5Q
isaacwilliams,6*m16RvS%!
isabel62,D$4Slphi0I
isabeladams,6bLiqSEo&6
isabelbond,(Q$!5Euk+j
isabelcohen,y6iX(%9P!k
isabelhoward,t3siIGou_w
isabella02,1jCW6A+e!H
isabella64,Wd0CLzOo$3
isabella68,(fC98FqemS
isabellaterry,)1qs7BCxEa
isaiah09,($BRs9cG7G
isaiah40,%5T3SoRjd6
isaiahbarry,9dtJScnC$j
isaiahhansen,Am*3Srvrk$
isaiahkim,)RXHCCabx8
isaiahlopez,apH2)Yfxm%
isaiahmcgee,^S1oCza_1e
isaiahshields,!V3QRkuM$!
isalazar,vg#9DDWAX)
isanchez,g+l1d3Kw3Q
isanders,Q6Q^lRJk#M
isanders1,^2bx68Ou9P
isandoval,!pM#P3ujp0
ischneider,R9_+A4Pb@3
ischultz,&9FQY&rz+l
iscott,9q&LLccW!@
iscott1,ox9Ff_lL#1
iscott2,)T8)4*mw^9
ishaw,m8UHmltT!9
ishea,q2x@6Yxr*#
isilva,$JiTdV3oS3
isilva1,$02TEksKu1
isimmons,0$39VnI(3@
isimpson,J81SAcIa_Y
ismall,!77hgUE0Ey
ismith,*7!Ap^cviP
ismith1,&fVCGZt7x9
ismith2,9bo8VjDzZ%
ismith3,*s5PsFuF%5
ismith4,WQ8Qh&yY_g
ismith5,C&5JUr3f%(
ismith6,o^UEIXGo%7
ismith7,_bo*OmB$&7
ismith8,jGA331Bi&S
isnyder,7z)ST7ElyJ
isosa,M&Y8AYsnZB
ispears,ZY3jbE6q5#
isteele,+1z0OqTg$%
istevens,*qY5EWcv6d
istevenson,i)C64ALy&p
istewart,LR#3B&cjCN
istewart1,*%w4QdjYNB
istewart2,%37p5Piv6L
istone,+S8aZZvn)M
istrickland,_s88#Tp2qZ
istrong,$@%9jVOg@I
istuart,S&^S7NNcXG
isweeney,(MX!h8Nqso
itanner,EV^2SKh)3%
iterry,(l#y9nSxvx
ithomas,@(IKP4l9VA
ithompson,+8mLcVpXZ5
ithompson1,0O98PWoOe%
ithompson2,qZt4HjPR$$
ithornton,%wJG5MBpE1
itorres,w6EfSZ!z)v
itownsend,$N7hJaEp&&
itownsend1,kE5WcVr5#a
itucker,^REc1Iv*a1
itucker1,^)M^4PHzK0
itucker2,B&0tESjZ&i
iunderwood,0Dr2KfYz$U
ivaldez,^(RqaLhH68
ivalencia,8Q7Pyjpf!0
ivan46,w@7GYH$w$L
ivanbrown,!zwEPUSEC9
ivanjacobs,*qa8LW8v4&
ivanross,#1sgIqSzT0
ivasquez,#_Xkc4Wmk3
ivega,FqOF+ORs!0
ivelazquez,zK^O5MGzW#
ivillarreal,%VF1_wcg2f
iwalker,%8IRxBr592
iwalker1,+0kgeZ)*ry
iwang,&7@6WNEfzy
iward,7(LSMwC6*x
iwarner,F2lMqODk$B
iwarner1,K$5kCpLlFw
iwatson,*u4dWWxz7R
iwebb,+5X#bwxuFt
iwest,_IBGd!mB9C
iwest1,&4GhR6xh$e
iwhite,z4@gTye*%E
iwiley,p&f65)HnJf
iwilliams,^&5GuWBcqU
iwilliams1,h0b9CCMez%
iwilliams2,lx$mvOc&%4
iwilliams3,)B!@TczE31
iwilliams4,eX9(qYU5)2
iwilliams5,uLBb0LWd0@
iwilliamson,cd7Nth_l%N
iwilson,B1KFuuSk%#
iwilson1,o7(7OptO&G
iwolfe,&67oERGa(_
iwoods,o)1jQw)T*#
iwoodward,*QFA1Zg(%)
iwright,Y9bA8Rzd&A
iwright1,9EAGyGlr&J
iwu,^3ERcLo5Hp
iyang,Up25sLUf_)
iyoung,tdp%1ZzTf^
iyoung1,LR0$7OsH4Q
jack05,p97HVfgCC(
jack14,ucYCXUmF!0
jack15,M&t6FJuLYe
jack35,!_3BWwxy5i
jack38,(2QSIIw&Oy
jack52,1PP7eYLy#_
jack64,r5()ACxb$U
jack87,_205A5Kf+s
jackburton,!q7BqHgu76
jackheath,o6RMZy8l$l
jackie36,@)GE1!Zq@c
jackie97,MI8HJze%^a
jackiearnold,&6nEiwCyH3
jackiegregory,$G*wXK^g12
jackiemiller,)DG1_wAlG4
jackieroth,5kMp+V)$^9
jackiewilson,(5(0WkqeTF
jackmarshall,0%gQTLBm&(
jacknunez,0*7M@vdpTE
jackoconnor,18rEws9Q#T
jackson02,u500bpAe^&
jackson06,gX5PbGtE)t
jackson17,gzcT3QKH%9
jacksonaaron,&2BUQc$HLQ
jacksonallison,2#7Ey#ln!%
jacksonamanda,@4GVXIKxct
jacksonandrew,l#1TEF8zUF
jacksonashley,%e)Hxrr8F6
jacksonaustin,(S7LtF2cq$
jacksoncaleb,)Z3bCAar$p
jacksoncheryl,%0GgZja#4#
jacksonchloe,6X^)3CHmrS
jacksoncorey,@sYEe&^x@7
jacksoncourtney,&$q(VQJi7P
jacksondawn,KzYpJfz6^6
jacksonday,15knBds5%l
jacksondebra,@d62GlH@+v
jacksondevon,&N_z0G3xAK
jacksonelizabet,s4S9hvFz@F
jacksonemily,Lfu6Xq)v&^
jacksoneric,YV6M2NNb#(
jacksonerin,$C$+H2s5H7
jacksonjack,jv6(W7ePn(
jacksonjacob,Bzn7Id%yx+
jacksonjames,@P1HvtjvVS
jacksonjason,&fWnmQf5G9
jacksonjeffery,L1eEg2hX%^
jacksonjeffrey,4SOHl_nx)T
jacksonjohn,XUT5zMbK7^
jacksonjonathan,&Z1rIZ9msN
jacksonkaitlyn,(8ZYMgxjm3
jacksonkatherin,P9#@BMy#@E
jacksonkelsey,j&i6OlrveG
jacksonkevin,*&VzRiBFb8
jacksonkevin1,DPl2cQ*dh$
jacksonkim,M@)4t3Lhcm
jacksonkimberly,9Vy+5KMjk1
jacksonleslie,31SepkXd^H
jacksonlisa,Dg9G1kh9+5
jacksonlong,*uJRWyxog3
jacksonmark,VI)5zB(vhb
jacksonmichael,dD1(rsud*)
jacksonmichael1,J1*N4Hbu8g
jacksonmichelle,&dQ)@e#aB8
jacksonmichelle1,rl84_J4)1%
jacksonrobin,X$h4XHwGzR
jacksonrobinson,F#@5SjX)P@
jacksonroger,h&$F6C%r)n
jacksonshelby,#pPGsqcyV8
jacksonstephani,W8_9X!4joE
jacksontamara,T4EmUUVF_e
jacksontimothy,*3g%1K%bgU
jacksontonya,Kez86GtVW!
jacksontracy,PJ8!Z8Jkf$
jacksonwendy,_ndVc1$y+8
jacksonyvette,_r7QNrjvK2
jaclyn85,+*g6Z1ShGG
jaclyn851,^AZCZe%Y0%
jaclynjones,e7^6BMagj@
jaclynkirk,x&2_4eWdso
jaclynmayer,KxYIk5Bu%4
jacob05,)3B*pU5i5h
jacob15,Py9L+qo!p&
jacob18,SV15Ahd(!O
jacob181,mbR*1CNiM+
jacob21,I&05LOzQwU
jacob22,KKX&(BUu@6
jacob25,%e@H4R%K5I
jacob27,+a2UkhND&P
jacob28,pEC7Gxd1F^
jacob33,&pAa_7TH@7
jacob38,v2M&t+8X!9
jacob39,$nNSqZlpg7
jacob41,o7oWB1Kx@5
jacob42,o0i6MQn!Z#
jacob43,jf5HYbXqv$
jacob45,wy6BFAm(0(
jacob46,!qJZSeqKa1
jacob49,h1YXy13j)0
jacob491,&n9B(nIo3F
jacob57,dw4RhdEZy#
jacob63,Tv1BmXxZ_g
jacob70,Q)Je7nHjBo
jacob77,n_w5rVViYj
jacob81,@4+#QG3nA1
jacob811,vx+&3Cu$Fs
jacob84,@kcpV$ud*9
jacob85,R^_7NA^zMS
jacob86,H6)9pJIx_^
jacob92,i*N1GwKtNA
jacob94,(3NZU7boPv
jacob96,(Ut_6PRhz@
jacob98,W569fCxx_g
jacobalexander,fJ8cFUpHc!
jacobbecker,l_Q7tKi3@7
jacobblackwell,XP5fRAob!O
jacobbrown,+JR&Ot(W$0
jacobburns,v2JmBIUj+a
jacobcastillo,*652)Svv+q
jacobcherry,YP71_yYla!
jacobcoleman,U+N(5MqiFh
jacobcruz,Y&_^49Sq3x
jacobdawson,wIEVsKTX&0
jacobdelgado,bf^7@Z7pVg
jacobfoster,c8V!BD%M)I
jacobfranklin,5@jFnqlP)m
jacobgibson,aG4P1Bt^(^
jacobgonzales,C5U7LIqLq_
jacobhernandez,HH2m%8tog@
jacobholmes,_JWdcM3rt6
jacobibarra,958B)Fz0^J
jacobjones,&TSI8glz33
jacobjordan,6&R45YUgH8
jacoblawson,&T0hKdlv2&
jacoblogan,@z9DaNYYHV
jacoblopez,(wTK0uvU9)
jacoblopez1,)6LhEcaZYE
jacobmadden,$FGX!1v)b5
jacobmalone,Mk+l6Jn$q*
jacobmassey,90AswoM^$*
jacobmeadows,pZy#65FdJ!
jacobmiller,6vEvir+o&p
jacobmyers,Lh0Xqgm(@f
jacobnelson,&CVy^zVSc4
jacobowens,7@lw5XY9ay
jacobpreston,y&Li9VHuYa
jacobreyes,F4Jdwx&4^Y
jacobriggs,eTx^7!Dw^)
jacobrodriguez,*1V2q^1u2i
jacobsalex,QkD&1XqQ32
jacobsalicia,@S7C(h9hh6
jacobsallison,^sJulKi(87
jacobsanford,&8I_z5alp4
jacobselizabeth,Ghhr1Oc%0$
jacobsjennifer,j)w6uSio$p
jacobskimberly,Jk^5Kfyw11
jacobsmith,#EL&Wsta73
jacobsmith1,CNze7WhW(@
jacobsmith2,&9TZVtQT+u
jacobsonandrew,M2VcW7t)$7
jacobsonmichael,s+9XAPv_s^
jacobsonvanessa,YO!2T2qk2L
jacobsteele,7pu3Mk!xx!
jacobtorres,#!9XtJ6BYp
jacobwalters,J$7&vZne!c
jacobwatts,!1&PL8%tyE
jacobwheeler,+ydlPo7+L2
jacobwong,@5g(e+RzUq
jacobyoung,zu6B0NrgS#
jacqueline02,lwl97CHxL$
jacqueline12,Ph9uJni_A)
jacqueline20,iR4GXmqpH%
jacqueline22,(LCZwE+b2w
jacqueline26,t6uLtHJE@e
jacqueline261,T8HwO@NQ)J
jacqueline32,hR8p$Gg4^8
jacqueline36,^ipkLAVqQ8
jacqueline41,_1V5eRAgKr
jacqueline42,(!G3cHvYVi
jacqueline44,*RI0W8yq7+
jacqueline48,%%ERJG(w#6
jacqueline49,+2KAv^Bt_6
jacqueline50,97R@eIVw@b
jacqueline51,+1FiWc7^F4
jacqueline511,!e@5f6PzzP
jacqueline62,7C^h7Cj7Wv
jacqueline63,%o&IllhkP0
jacqueline65,vy3FhM34E(
jacqueline68,o&CPCw4fVK
jacqueline73,q9c^RJYz)W
jacqueline76,5!8e51s&qR
jacqueline77,$7D#6hBl_M
jacqueline80,oR57S6Bg(8
jacqueline801,!4ZlfI!A#x
jacqueline84,ZR6F&!nv_h
jacqueline87,)7ChWiC*rH
jacqueline89,**2sWKpm)@
jacqueline94,k(8jsHxCDm
jacqueline96,81GCqF1X%Y
jacquelinecarte,JF%2@fEvV+
jacquelinechane,lMwR8Xm!N@
jacquelinedanie,*A%m7H)aiy
jacquelinefletc,^6L+EmRj*s
jacquelinegardn,k&8Err^u&^
jacquelinegonza,(6hh7UVi)u
jacquelinehartm,^G67F#vz%I
jacquelinehowel,bxO*NBl$(3
jacquelinejones,sPPca9bs+6
jacquelinemarsh,hZ2CWd96^d
jacquelinemitch,5xPtVRar#U
jacquelinesims,5rTP3oAv&C
jacquelinethoma,!B^0HsQ996
jacquelinevilla,40SwLui))x
jacquelinewalke,@zAI9XDf6K
jacquelinewilki,tL#3Xcbzo&
jacquelinewrigh,1*F13S2uko
jadams,$o_Z7iSwLo
jadegross,$qTmGsQkE9
jadeibarra,c+9WtxV%BG
jademoore,y$3NJjAlP+
jadepotts,$zQ#MdSlR7
jaguilar,#R6_3%Ltq+
jaguirre,5oQ5J^Es__
jaime25,3K3UhQny)#
jaime44,P+0C74Jc4s
jaime56,l#P7(FpB(B
jaime72,mSL@u2^g^)
jaime721,P5(1EKpm%8
jaime82,T)9VS#XsEu
jaime87,+TOR!wlDh9
jaimeguerra,+6E5ud*w$@
jaimehaynes,#aDvFblS81
jaimehill,X94CxxOs@E
jaimemckenzie,+_&2T*kKhI
jaimewright,+OPCn0UsS4
jake04,8StAdd4b@4
jake14,u_4*PAGf(y
jake28,%_3P_nRkn1
jake43,&#ARwH^q8l
jakewhite,T1NIDTD0@l
jali,i_qkelP3Ke
james00,N3#4vRKs%z
james001,)1NSdx*PBN
james01,N5VzrsuD&6
james011,zMb03RwS)3
james02,ck6a)7Sklb
james03,_fM9xH+nwN
james04,@6CPzcB9ml
james06,Obu!3Cfo$^
james07,^T6XJYbm(y
james08,#30X08z1_D
james09,*45ApE^aa9
james10,oO2wUadop+
james11,(4Ow+ONYLj
james12,QY29Bxkm+i
james13,_$7ipDneNQ
james131,A0clSuB2&e
james14,wg6C!eYB#8
james141,_cfg2LPc8m
james15,V644G_Mf)7
james16,(1dF6OEN$k
james161,+yQ$M3ot%0
james162,@GJUKYsy0L
james163,z+!9ZOjOs)
james17,5)Jr(Nsi&Y
james18,se^#7XbsUc
james19,cz0vTfpaG)
james191,z7V4Uyzy#g
james192,jgYXyu)t!9
james21,_)_QnZCk!4
james211,c#6BSra#8Q
james22,!3Y0Sv1%ka
james221,#2z0AWHk@W
james23,)6HyNrQGx5
james24,VL$MJVu(!7
james241,OS)yQ0Wd+h
james28,Toy#6Lywsp
james29,++YNf7IrL9
james291,m1_lj@BR+b
james292,Q)7^FpLwUV
james293,!xArDVwR)5
james294,cx01SApJ+0
james30,lJ+9O8zA5+
james31,!U_#NDEyh8
james311,81HfSJPx(B
james32,&0FhutByA+
james321,fd4gAlGN)w
james322,%8+RFj!RAJ
james34,l$m9EnTyY^
james341,(&8Qtf$0+2
james35,U4%3@QHlrf
james39,Y2wDJ3tv$B
james40,atjDn%Hs^1
james401,O(6XdEt32^
james41,_$YAhu!pn6
james411,*6cD5Lvpi6
james412,@c5*6FmfB9
james413,VS(4#Yip7o
james42,jh*MxebM#9
james43,V!0WB2yzG&
james431,+PRFk+bc9U
james44,)m7+EsegPy
james441,v+1iItzGCP
james442,@o20ISdgCi
james443,MIisYDhg(0
james444,z#4TE)%juR
james45,z81Tax5T+J
james46,C&gHTg@b!9
james48,#G%!55ZsK!
james481,#4UAXzoqY6
james49,m4Uf@QFl$8
james491,Y%5_Dkbp&1
james51,MDBcJ(g(&6
james511,%D%0KiAS*9
james52,5b9^2)Mg!A
james55,$58duYzn!h
james57,&YW(5&DkhG
james59,_9BLKB65dp
james591,^3wVL7nsX)
james61,!GNXnrAqW9
james611,N)l11D*w(#
james62,1gfN(D1h%c
james621,8JkN7dwA(o
james63,A&t3LDnJyH
james631,fKN9Gblyk+
james632,#Q7JTN+f$6
james633,#7yoUO^qZY
james65,cT2UpRJQ$B
james651,UuEJ1yJg%_
james652,*3HE+0g$dK
james67,Ku4WYV$XH_
james68,@!T8vIJE8v
james681,3g*eD9Zxz0
james682,#b9kN%mlE(
james69,W2qNZsc^)!
james691,!e8!5SfeLl
james72,*uC10mY(#5
james721,f)m9&0U34w
james722,6X4)40Kz!*
james73,#_z3YxD!Zd
james74,$ed&*D^f0Q
james741,K(!9G)Ls8I
james75,%$yR!ChQu7
james77,27KJx0tI()
james771,6#1LlrEbKY
james772,e!8Ed7Q$^v
james773,liUOfH1g^0
james79,E+8YAjmeHR
james81,!o*GOt7Gl4
james811,^f3FX0wuho
james82,@1_N0Iar6K
james821,&06Xa8z(vq
james83,xrwDcw!H+8
james831,(N6&1Qg_(5
james832,@6EEni@vNV
james84,4PDZF#uc@M
james841,%OoN6*Ye8U
james85,^(I#Tf4y55
james851,#Whw6Kzi+e
james86,*9$VC62jT#
james87,7NLy!yg(_W
james88,U8QXHs&j$9
james881,lEs*tRIh_2
james882,(72C7Ari%W
james89,0#614OVeOj
james891,47HQMxHx#B
james90,&5TyK(jlYP
james91,vtL+4Hbigr
james911,!pTdOym(8f
james912,OKnpE4Xn(5
james92,#04qDsclue
james921,%LNaO0fvR*
james922,1HJ(E6eK$9
james93,ub2tjDaj^)
james94,#%9Uk8o+2K
james95,NI74A4Mt&#
james951,dWL9PhZh(k
james952,)PJzFeAN9F
james953,*%7$Jp6mFl
james954,^H50RTebhh
james96,+X2NsWrVzj
james961,&nnUcoyv&6
james962,60!ASsNd*b
james97,GE6MrYlv!c
james971,GL*Co1Sa(6
james972,my6Fe5^b^)
james98,%pXRw@rr1v
james981,@3T7J0bu_y
james99,&0KjCBl2Kk
jamesaguilar,%1$VmvGy86
jamesalexandra,el%0DHJq2s
jamesamanda,sT#)1Fuy+T
jamesandersen,0f1L)0$i)_
jamesanderson,y*(0Ftxlok
jamesanthony,1T+BJaw5^w
jamesarmstrong,7Rms4LBer*
jamesbailey,Mb9YyZYL@N
jamesbaird,e2AAZ4Gz^!
jamesbauer,%cuv(yQh9(
jamesbender,^MrqPoWlM7
jamesbowman,UY5BHk_d&@
jamesbriana,6*J2FS#X%p
jamesbrooks,^)NWK7AqWy
jamesbrown,3YVvOuJ9)5
jamesbrown1,#3u&%xS+rh
jamesbrown2,4c6W^cdd%z
jamesbryant,@oP4engd4U
jamesburch,(prF9F7vo5
jamesburgess,$@6NCfGdz7
jamesbutler,$zm14RDimb
jamescastaneda,%)QApdZwS4
jameschad,R*3!dZax*x
jamesclark,+pkUBrFdF0
jamesclark1,!*49mFfsoR
jamesclayton,$Ym0Usx7H3
jamescollins,7^KFKgC4*6
jamescook,3x6XM!9i*(
jamescraig,Z&99H#FgBy
jamescrane,%(R2bD0r^*
jamescummings,+sTx$tCzP2
jamesdavies,uvMCmT+h)5
jamesdavis,@Sm2X+Gz5O
jamesdavis1,W4NQhtAh+9
jamesday,7*0IRz+Z%7
jamesday1,N4b5HI#wy#
jamesdeleon,o8Ny#V)7!0
jamesdesiree,*9t7bHM5um
jamesdillon,M7YmTivE$C
jamesdominguez,v9CBh0va$L
jamesdoyle,m@@23^XqI3
jamesdurham,IIg87hVj!S
jamesearl,wlZD6D%g_1
jamesellis,dp#KIW9p)5
jameseric,p94FsJr*$$
jamesestes,s#2dgpBd!W
jamesevans,Ih4FVdeAD^
jamesevans1,*3v1Hki9JS
jamesfarmer,)1ZhJ^(i1m
jamesferguson,^*8GRoOf#%
jamesferguson1,_6LUnhskp5
jamesfischer,fPxa2vibg#
jamesfleming,S)J7R@u)y_
jamesfletcher,$oxwEUCPF6
jamesflores,)W0v5SWxRg
jamesfred,F$Fm0)PxVn
jamesgarcia,(J7MlDY6_v
jamesgarner,6!nHWsO^+k
jamesgilmore,Ewx5hdUs#d
jamesgolden,+3RpHf@#)5
jamesgonzalez,8%b7kOsqv*
jamesgraham,Vj!4Pe0K4_
jamesgraham1,U^X2fBpq!^
jamesgrant,89&RgPSr)I
jamesgreen,TQJ9Qgxd_k
jamesgreen1,EB^!2pEpAL
jamesgregory,Zg+xX4QVm+
jameshamilton,f2W+8YkddI
jameshampton,yaER3jcL&4
jameshardin,a79XShYol@
jameshenderson,(C#nFXqbp3
jameshenderson1,))P_fAF9^8
jameshernandez,%l6XVrUOR*
jamesherrera,(24RrP57!L
jameshogan,Z99&)bWys#
jamesholt,z7MCh4#m%@
jameshunt,L&4PMAugzu
jameshunter,i1^TKfnJ%1
jameshutchinson,hA!41Cd$3h
jamesjackson,GN8fX+s*+R
jamesjacobson,N@&$3Myw2B
jamesjames,iC+S7lPtd_
jamesjasmine,u(6G2oqE_&
jamesjason,%baB8QiuH6
jamesjeffrey,$fwhqEwRJ8
jamesjennings,*2!5!W*r_o
jamesjohnson,&0Gr5QcnHy
jamesjohnson1,(1MPDRipX7
jamesjohnson2,h6zCBuUa_5
jamesjohnson3,m8B2A^Pp_l
jamesjohnson4,+)0MIcuhxd
jamesjones,HyP3jGDcE!
jameskaren,05*l0YAmwk
jameskayla,5%ONpl7P+0
jameskelly,TB8#j8Hcuw
jameskerr,7_L0LOLq#e
jamesknight,$Ymd9MIjuI
jameslarsen,V5xFWVHd#a
jameslisa,!9JIxhYF@U
jameslucas,L06ZVll2%*
jamesmack,dOIDu6Bgm!
jamesmanning,d_%d!7A91b
jamesmcconnell,+D9AHaKwi*
jamesmcdonald,)9z!qLbK9v
jamesmcmahon,+4S_MIrp14
jamesmedina,Ia3@qTfO*$
jamesmegan,n4#OtLS9^c
jamesmikayla,t3Z%8PSmra
jamesmiller,fv*0Wlcrig
jamesmontgomery,AY9Y6UyiX+
jamesmoody,4MBR%Skz)#
jamesmoore,+EVCWsy1Z0
jamesmoran,*!y4M%mdtS
jamesmueller,@Ihe&!Ty(0
jamesmunoz,PQev24No&v
jamesmurphy,QSbw7Ll2)2
jamesneal,($@9)MKqrc
jamesnelson,PjGtIQ!c$4
jamesnguyen,Y)j6(WRuHp
jamesnichols,(S1gW^u2&4
jamesnunez,%6P7QI9s%x
jamesochoa,@GTHnRT1z1
jamesodonnell,+oXR_qfh(8
jamesortega,Bg#M^8MgU5
jamespatricia,zoDxeGk@(0
jamesphillips,^S!0SkWstP
jamesphillips1,KF8Z(fUO_4
jamesphillips2,n!3N2l&ItZ
jamespierce,8qh64Vmx+*
jamespierce1,1TD59Odyf%
jamespruitt,jSSGs3Pek_
jamesramirez,_W2Y0DLe6o
jamesriley,%6G9rzM5%G
jamesriley1,)VQvp#Roi1
jamesrobbins,#nv%sUO*x4
jamesrobert,$w50QupK^G
jamesrobert1,y(_O3Hw(Cv
jamesrobles,%AUrz3dV0$
jamesrodriguez,u#Y9+4Bygd
jamesrodriguez1,(X44aMpDbj
jamesross,^OJ5ApQic5
jamesrussell,)OB5n_Lmok
jamesrusso,(#6hpNAzgW
jamessandoval,$KQJrTuy$4
jamessandra,$Q5DgeSum+
jamessantos,r^&f&PoD^2
jamesschmidt,aqwYf$6F)4
jamesschroeder,y*7zIy5C*b
jamessmith,u!O0uWWevS
jamessmith1,$nuwFfm1_6
jamessmith2,f3bN&Yly$z
jamessnyder,9!9TGQgJ)r
jamessnyder1,2_M2q3hphG
jamesstanley,^E7Cx$&Ayg
jamesstein,!r3EP%cap(
jamesstephanie,+sO5VQkudP
jamesstephens,_2*PqE#ugw
jamesstrickland,+_Fk@ASq7z
jamesstuart,%+8%(oIftW
jamestaylor,JQtcIOtx(0
jamesthomas,wM2QnPDw@7
jamesthomas1,$0cFDme^a)
jamesthomas2,q#V1jJ0aLj
jamesthompson,TE3KW7Gb6+
jamesthompson1,%@2(3Jq^hL
jamestucker,*Jg2NqvG+6
jamestyler,Y$5LlVVhJf
jamesvillarreal,&0Lusohtu!
jameswalker,@5A^xagwJO
jameswalker1,p2bL%Hvb_e
jameswallace,m8Q5pMx3u&
jameswesley,*3qT8Ihxbr
jameswilliams,kc3&6Qv*yf
jameswilliams1,53NosBhw$D
jameswilliams2,$G9eDKyUfm
jameswise,GW4*xGnh_E
jameswolf,%bdOPwij^8
jameswolfe,_8c(hJmekK
jameswright,@z3WMixu@7
jameswright1,P@k5GEVfAs
jamesyoung,r1NTcz#s*d
jameszuniga,#T0BaPSv&B
jamie11,)EeZvWbPH2
jamie15,$M$2Edzh$b
jamie16,8)sKsD$L*0
jamie21,@Y30BpXv+w
jamie29,et^V4FAy(p
jamie33,O3Bj$K0&+v
jamie36,ed)1SSddZ%
jamie361,q%z0oqNlmZ
jamie46,1f3NlECu#c
jamie48,!r2GHzkS6(
jamie53,+1asDef+qt
jamie60,(g4MSgMJk0
jamie61,yzt8IXIn_k
jamie62,%5v4vzWpxe
jamie66,+3QzdW9@#1
jamie79,@x_E0W9tCG
jamie86,78n8kuNjy$
jamie90,+dEE$Dq!C4
jamieburgess,&!6bI#i_i3
jamiecantu,35)Rbaof(f
jamiecarroll,A(@5DGmrZi
jamieclark,#7JURi)m*6
jamiefox,4TAAZgaR^9
jamiegarcia,Q4Dc$jz4&O
jamiegibson,1%K4NylBjx
jamiegibson1,+N5GUZBtMG
jamiehamilton,Mh)3)IrMQ(
jamieharmon,@rU!ZtVU!0
jamiehendrix,#sn39InW4C
jamiehernandez,(#6GA66a$v
jamiehill,@yu5iEyyz5
jamiehill1,7*(9Wspb6W
jamiehoward,gA4GW4t)X^
jamiejohnson,o(r4)&Jd)g
jamienielsen,z4XG1Y7*)H
jamienorton,!WH6FihSQt
jamiepage,0!9^@UtVI+
jamieparker,(^O9UJDnFp
jamiephillips,$qyC8JndD(
jamierobinson,wlT@2MsJf#
jamiesharp,NhC9KuKbt$
jamiesimpson,k$7LjdMOnC
jamiesnyder,ML+7$Xd0fT
jamietran,+*w+4K9e2H
jamiewang,%3FYbgYH#!
jamiewilliams,%@1O1Ujxp*
jamiewilliams1,B+%0LXCb5z
jamiewilliams2,)(*Z+3Gb3z
jamiewilliams3,A*o^v6Jn#(
jamiewilliamson,93d^ZjrK^o
janderson,1a4_vD33!^
janderson1,y7JTjW9y&v
jandrade,96*1SaVk+a
jane28,$m$1YB#@F1
jane54,)nXFfmst0I
jane92,k0S5eW%x!S
janebates,%vd8JaXKal
janerasmussen,&l7QPcc37j
janet07,2%^7%WzQRp
janet15,Z)1Gmafmvy
janet22,Y2GuoeN#!o
janet26,4oV%bx7x+3
janet34,Pa&8BoUKa*
janet39,Y$2&QEdORn
janet52,8!Q44(df^r
janet73,^1H7xK8t+D
janet731,YJ87S!uE)@
janet74,FyU%0Zh6Jo
janet94,)6DQJpjQ!4
janetanderson,@QD(Q1NjI#
janetarias,M!^6KNBt!v
janetberry,&Fe%7Odt(1
janetcarter,Ar!s9Fpssr
janetclark,O^4n%2xsIQ
janetdickerson,E_6FA65u*j
janetdominguez,Qt7(qEWx@2
janethayes,^L7TD36j55
janetjones,^@4WN6)q#i
janetlewis,_+PPxGUs)7
janetrussell,&HkDUhFE3c
janettran,g@4wW+Py1B
janice25,IY97!Arg)(
janice30,v9pWi()q#T
janice33,!pNM3NUz6#
janice60,%#7&OXMyko
janice64,3mChSaNr%F
janice77,b4U2YiQa*t
janicebrown,@1YqV9w+03
janiceburns,si36q*EFg#
janicecannon,FOY5FMxa*V
janicedavis,**eZYjkz2e
janicegarrett,g3C)WAj&)n
janicejohnson,#V8mJDrlDe
janicejones,@GWj(9To6n
janicejones1,4DC*3Gnf#a
janicemays,_Yj4THrR%q
janicenelson,9GRdcri_!X
janiceprice,KE1CUcAw$&
janiceschmidt,@D49DP6n3q
janicesingleton,@w$5PRJacq
janicevillanuev,(l6GdAa#%1
janicewyatt,)sCWW6lb6v
janthony,74UXpRsu&Y
jared07,(Qs#0hOu88
jared15,!DV3UcAl5h
jared17,#2paItI9wh
jared27,#MB5P7bMV8
jared33,&sZRNl+s93
jared36,$F%vCJtNO5
jared40,d&O6Zf5a*#
jared401,k&*7VfHxCX
jared53,IyLzUd)_#3
jared54,)1Nf4_e675
jared61,LWJ3QMa8($
jared71,_^g6Sz^x)s
jared95,KDOswrVi!7
jaredbowman,@jV5AOhz_9
jaredcastro,$a5c&Zkr5J
jaredcole,vu)p3Nx^&o
jaredhouston,u9Q)WvvJ*g
jaredmiller,&hMcbJu8o8
jaredmora,L1ZRwn*R+m
jaredsalazar,H^q8wLCo0f
jarellano,ep2SsdNa!0
jarnold,^#KlVU2MF1
jarvisbarry,dxvW4W+s$$
jarvisjacquelin,#pHxsJ5Z2@
jasmin01,fl4ZMgUdV_
jasmine06,3(911msnjA
jasmine14,W^5KQRncpK
jasmine141,$q!0LdK9_!
jasmine33,o0%3ETCbsB
jasmine35,#5i33YboKg
jasmine41,Q@QZ85NeKI
jasmine48,&wZiBa#AX3
jasmine56,i3THwqZx!7
jasmine75,55#O0zWs)6
jasmine76,4Geh1njd*C
jasmine83,P#!Y3EVk7a
jasmine86,+F4F!%su*O
jasmine88,MaQ_punA@4
jasmine91,4y69Jprhp(
jasmine95,)TOFkOwZ!1
jasminebaxter,+!idjEe7jA
jasminebradley,1z8x^9Jtg&
jasminehancock,%_E^lACp9n
jasminehart,x2!aMnDE_s
jasminehouston,(2DcpYaW!i
jasminehughes,uVBOGodN)8
jasminejackson,s4pQyrC&$L
jasminelopez,$4UNH(bfS@
jasminemarquez,#189Fj+SX!
jasminemartinez,_7ryQgn$*Z
jasminemoody,+GLMCJlH46
jasminequinn,)c4WUY^cdn
jasminethomas,j(d@2MinM@
jasminethompson,WA&)5PQxf_
jasmineward,^6D$%Vto7N
jasminjenkins,@pm94BfX&9
jason00,o6433Ej8_o
jason01,z+7JUkaq!8
jason02,$B6RFkV76j
jason03,xh#2hFwsIf
jason04,*4fzS&w9pe
jason06,a_0xIlqqFm
jason061,Gj+0NlrHMk
jason08,(8ZRP@oiwh
jason09,#D&5NBPs^3
jason091,&9DIw&Rp#6
jason12,q9+YV6dw(@
jason121,)qfg5Z722&
jason122,(4MNY*5O&j
jason13,(O8I9v5$M%
jason15,eUB4p^Kz*c
jason151,+lUGIltPg3
jason17,@egK5Hfwy#
jason19,%P2gF3KlQN
jason20,wOL7$8ZqG2
jason201,IRV7XhIz%)
jason26,w%2XjPzFad
jason261,%Di8sDpt6o
jason27,gkp)H6Qn^^
jason29,bx7VgS(Yr@
jason30,o0bJC2Do%F
jason32,w4MY%h5o#3
jason37,A+x2TvrGxe
jason38,Se9mitMr^8
jason381,$K%7J5aziP
jason382,c&2WE8)Y_8
jason39,@jEtOdw%e6
jason40,*2XHy3xc#N
jason41,(LXpm*tiu3
jason411,+8cA7NYtOW
jason49,l&lW2PNe$!
jason53,Xr*x5Kj&+h
jason54,)OAWpHxSl5
jason58,%RA(FMHls5
jason59,f*3hBmq_+)
jason63,Q_Ey2YQe2@
jason64,Qd(b3Gs_rs
jason641,v9RKXoip^W
jason65,vKm_39DkD#
jason66,1$4g1O5i^w
jason661,c_$@t9Gr@p
jason67,Ij2@W5EyYe
jason68,#31J)@heN^
jason70,P(F4UgjQu*
jason71,FB6^EOgtW*
jason711,M)R2AnaI&c
jason72,k^I8HWYiwg
jason721,ef7(GMqcv_
jason73,x(0RxHr40!
jason74,g&4)CAeg%w
jason76,mS8Dz0P#)Z
jason77,+2NwE3)z8o
jason79,!6UfbdHBxQ
jason791,R3RR^4hm^R
jason792,7Xs52BZs_a
jason80,q*m1X)nuDh
jason83,0hT$2+Mt4#
jason84,4JzC!zDy)2
jason87,#1hbkHWxTl
jason871,iQGmHEq7#9
jason90,)8wmxFPmok
jason94,aX2DseAT%s
jason941,058DBGl5$5
jason96,h!7jAtSx)6
jason98,UAOwaPZr_6
jason99,P83T5mv(*A
jasonalexander,y8DfT(K!%d
jasonallen,B%3EumorhU
jasonallen1,b^dy7MufoT
jasonandrews,+cI5YmOe+9
jasonarmstrong,#f68DLo))(
jasonarmstrong1,0$8YRrKtK3
jasonbauer,#svmIPBm3K
jasonbell,xZJH1cVO_1
jasonblake,lRGvf)Of+7
jasonchoi,O6nLXi2+$y
jasonchristense,!66gTk8gDs
jasoncisneros,+6NPNa_QjZ
jasonclark,nu^(3PWs+#
jasonclark1,6_10DsRIgL
jasonclements,qTvP_GtK#4
jasoncline,u*0RKwI_yh
jasoncrawford,@6JfF7vJJ4
jasondavenport,Hj7$BZz5!%
jasondelacruz,*g98NRtL#+
jasonduran,^K(uSDhV@6
jasonflores,rvVgEWQE)7
jasonflores1,$hK6LVVq$Z
jasonforbes,OgK%Eb)m&1
jasongraham,&7Uv^8)nFO
jasongrant,0!t0Ol6j2)
jasongriffith,NHZ%8gDgdv
jasonhall,xK5+IcQxs*
jasonharris,9fg!2Y8t&M
jasonhernandez,B*P08hRiN@
jasonhoward,*4P2I%QcUW
jasonjenkins,Q(9Xb6p!5Q
jasonjimenez,!22Li8Z31Q
jasonjohnson,C!2tH$6b1J
jasonjohnson1,J1Tn#Ku@@B
jasonjohnson2,_jUMI*xs7y
jasonjohnson3,U!1Fck1P&8
jasonjohnson4,QoWS@ezr+0
jasonjones,w_B8KNpL&2
jasonlawson,^5+GBnNhrg
jasonlutz,1VfZadcq+&
jasonlyons,)CK1^1fk6q
jasonmartin,Jv)1HmGbdA
jasonmartin1,)0^vT75c74
jasonmartinez,^1H@O_5nfT
jasonmcdowell,$MxF8FJl0d
jasonmeyers,!w2XcSpFST
jasonmitchell,37Cd0Z#j)6
jasonmorales,_qkb5CSl64
jasonmorris,_b**1OlUM(
jasonmorrison,k(o11@uaXP
jasonmyers,8*OV!CnQ%z
jasonnavarro,u4us3Ied$M
jasonnixon,R00+)5Eh3t
jasonolsen,_@G)Lmpk74
jasonpollard,%(0sHWjkt^
jasonraymond,zOh_O8*xR!
jasonrichardson,_r)0uR0qyf
jasonrichardson1,S_zs5PtUs^
jasonroberson,07L4zCCK^%
jasonroberts,@5FPFkfeew
jasonrobinson,9n0$6Qoq^s
jasonromero,_^N)HM%j25
jasonsantiago,)m2tXAAzx@
jasonshaw,$2epMNcRDD
jasonsilva,$%9&TXnqw^
jasonsimpson,)HvBniJ@w6
jasonsloan,VaT6WAVq@L
jasonsmith,94gh6Rpi!H
jasonsmith1,(XL8tXDref
jasonsmith2,!6pM&Dhre3
jasonstewart,w5QKMu^p%9
jasonstrong,1HaCLPja$6
jasonthompson,G_&x1XZwcv
jasontran,FuM3cV@o&q
jasonturner,)LdjiE3k86
jasonvega,$15dYsAnN6
jasonwagner,3u_YOKum%@
jasonwelch,6#5d46P4%m
jasonwells,R55QrVubv)
jasonwhite,+9qHMMit$^
jasonwhite1,!#7RDODoXD
jasonwilliams,(9Olh5GO6y
jasonwilliams1,%DDlUceo*3
jasonwilliams2,$ZjYLv7+4W
jasonwilson,$nFoVWcq^6
jasonyang,6qNDiWJd$3
jasonyoung,*V1y%JGva3
jasonyoung1,R%7E5PKHib
javier34,w@6RGxI(d)
javier57,#2zwjPvOkt
javier69,+Ii6IY#qMk
javierarroyo,g!l3nFLN6w
javierbernard,qJqka3Wx@A
jay12,Y_5Fc!VVJ3
jay26,5o65Z(PpV&
jay37,Sx8XjYzs#+
jay60,(GRIAEb(s8
jay79,C!X7DaLd46
jay86,f)%H0VbynX
jaygibson,dwqP+TW*$8
jaygrimes,Kg4+d+Hv#^
jayhowe,Z(qxv5Xd^(
jayjenkins,%%1XLcx0d+
jayknight,+98E5YlfmK
jaymercado,%yE66M&rSc
jaymolina,B)85X4aaUa
jayparker,^cTOOdaql8
jayrobinson,k)1XUyTA3r
jaytucker,jcwrFiNg_8
jbailey,@%9!Cs673r
jbaker,_(1LlcIcG^
jballard,BPIh8&xmB(
jbarker,U8wlqyp!)l
jbarnes,@6i$LbUoBY
jbarrera,)NBU3FQihS
jbarron,&4gfVoq9lF
jbarton,wQNqQJ3hJ)
jbaxter,*+Q3RK+2Oo
jbeasley,@(52VkzYYo
jbecker,W65bZo+t^0
jbell,*OOY2Riw0*
jbell1,&6J*A5Pq2l
jbell2,_3ul@UlIXn
jbell3,#2+LI9Qz)6
jbenson,j@33SDxmmw
jberry,#GYz@B@B0H
jbishop,*$7V1cKvN*
jblake,OEd!2Wt5dA
jbonilla,t1Wc98D$#8
jbooth,5%1TEC+c8v
jbowers,@n8qNUtZdt
jbowers1,o2+Z1LRwNy
jbowman,@2BiCl&GA1
jbradley,dlNC6+g6_2
jbradshaw,p+6TCDm7LY
jbrock,R(2OkmSgf+
jbrown,)P^wdX3ss1
jbrown1,*ASMMwnw9J
jbrown2,%3nVYh(k5x
jbrown3,n(D5Tco3@F
jbrown4,AI9Vyyuy#n
jbrown5,ftxfVA$!^5
jburke,DU&+B8Wp$Y
jburns,b*Axv2Zdr+
jbush,*8a9NzFODw
jbutler,%YQ1ShKzr8
jbutler1,!%$&1Sbz57
jcalhoun,%M0Je&Xc)N
jcantu,KvBx0^)i%0
jcarrillo,WPL+3MUd$v
jcarter,cwH3f+Bpu_
jcasey,B)I0b!TzYx
jcastillo,*5Pprmok$o
jchavez,l@5EfNZjfd
jcisneros,l!7(2FoG)!
jclark,7YemIz#V)Z
jcochran,r%K7HVrpaR
jcohen,hm(M^4MiAQ
jcohen1,+gSGyjA2J5
jcohen2,hfE7nyjd^8
jcohen3,m_O5UYEbwC
jcole,uX^)0JwTJr
jcole1,)vuMxFiv7m
jcollins,#0m1IRBpw7
jconrad,7Uu5EHJc^5
jcosta,90Y!)e29_q
jcraig,^oVlt4NlP8
jcruz,rj_J)lt%(1
jcruz1,1S8QNXuc&a
jcurry,w+6uNrlGYr
jcurry1,3@0Zw%spb#
jcurtis,$Ei79bMyE5
jdalton,+D7VNleut)
jdaniel,nf4T4XaU&^
jdaugherty,E^mPPCbG_9
jdavila,m9PgED+b(k
jdavis,H_ibe1Ug8e
jdecker,5)8m7YEx2n
jdoyle,CX^65Hprd$
jduffy,_z0EsRx@6X
jduncan,$#0LiCRLXf
jdunn,#rARt6Krv0
jduran,+41NTbe&Z#
jdurham,%@%F1Xxxs#
jean22,Oyn#8sTux&
jean29,t(r2lQaDb$
jean31,WZ4J%j%m+*
jean39,6GFEy3zoZ@
jeanette72,*7vGvtZcI0
jeanlawson,XL)7Yvgg8%
jeanne27,c3&L5sOH_l
jeanne88,#2bnDEwQ@5
jeanneduran,%9EC!MNf8_
jeannelawson,epE8Ke#v^2
jeannewatkins,vWIxJGk3(2
jedwards,)DX&cvGeT7
jeff15,q5aAOutq(Y
jeff22,3l&@fgMv^*
jeff36,#4ZaAy)s_V
jeff46,(p2qUT3g*9
jeff87,@8tkCxvU1y
jeffadams,(1rBDMcKiC
jeffdonaldson,o^C8IjpN))
jeffersonjonath,0YqNM7Ge$1
jeffersonpatric,+v2RayZK0Q
jeffery05,%ySfPfyS44
jeffery09,%+^WjL3oV6
jeffery12,%b476HEurz
jeffery19,@SBdIur^87
jeffery21,1)4rIu36G@
jeffery34,_9dH#OzQxj
jeffery35,_N2Zgv9mYR
jeffery38,Yc!48aMjHN
jeffery43,LtI1QeuZ@&
jeffery47,Y#1HEq#gs&
jeffery50,pEX&e2Hh^%
jeffery62,$1V_Kprt4V
jeffery66,%0Bbc)QLog
jeffery68,7*k42mVzwM
jeffery70,5_wR5HacfD
jeffery71,710RlD2l@e
jeffery77,55LPRfpG^t
jeffery90,^(Mr8+pnkB
jefferyallen,#6Pk(9v9q8
jefferyarnold,$NGEcEd%z5
jefferyhammond,&bwBpwb_2t
jefferylopez,_USJ3CNl)Q
jefferylynch,62KwYIt!#m
jefferyroach,#CE81SViO1
jefferyschneide,e%JWkpxm+6
jeffmccarty,%W&r8LihU*
jeffmercado,+0bVEQ2fwk
jeffpeterson,qd5KGmEs#8
jeffrey00,o!*4&Pa++1
jeffrey02,06JulC8J!N
jeffrey05,7!8SKLLayk
jeffrey051,(xLZsZDOJ8
jeffrey08,(b2CGrlj6h
jeffrey09,D1#ZOlL#(x
jeffrey091,o13ZeFOl(5
jeffrey092,8@yqF1Mi%z
jeffrey093,@+82h$Ju^#
jeffrey094,!7Cu%qOk3*
jeffrey095,#KkD5LStk4
jeffrey10,XmMSR$BX^1
jeffrey12,!D^%r3(j72
jeffrey13,b7LUq#%K!S
jeffrey131,7kzDMTz1@t
jeffrey18,@8vKc*qRVy
jeffrey181,_cICSyDZ7o
jeffrey19,Es3UrBBO$i
jeffrey21,K3IMAk2R_q
jeffrey25,%!HyyWIJ2X
jeffrey27,fb8m!ACl%&
jeffrey31,%OWZ4af8g8
jeffrey32,+_Z(31Ffjt
jeffrey34,_8DRe6nH!7
jeffrey35,^6AeIHty^j
jeffrey351,(%9B9dbS%D
jeffrey36,h$a5LV@^$3
jeffrey38,W(2k_Hjh(t
jeffrey381,vKyr4Vuu^7
jeffrey41,dfC9(8Gr+5
jeffrey43,(c0V2eQ#g8
jeffrey46,EAY_0gZpC_
jeffrey461,A)4pxmVm_%
jeffrey47,%7CF*nRV9F
jeffrey471,0Y8@Ri&SJ^
jeffrey472,(^(Mz*zB4N
jeffrey48,^dhgrSfW88
jeffrey481,+X1XMMJy^&
jeffrey482,&1Lnwgw2Co
jeffrey49,$DCCd%AQ6v
jeffrey50,#QFyiXsE6c
jeffrey51,y0WUy1HJ%b
jeffrey511,BU84YZVw!(
jeffrey52,b!6U4Unplm
jeffrey54,A1R@F$Jr&^
jeffrey56,_S9YkNHxU0
jeffrey59,y2Les$Wm!K
jeffrey591,+3Vw&__vwU
jeffrey61,k#4)8Uf^tK
jeffrey62,*Nit(KHy7W
jeffrey64,lt6uS^)u*+
jeffrey641,85Fx#Wof_t
jeffrey69,SO5X6YcsV(
jeffrey76,@U9Rt97y3C
jeffrey78,Ftg4R3p&u@
jeffrey79,*wgC7ft#N3
jeffrey80,!lT2GlJV28
jeffrey801,s$AjlsEH!8
jeffrey81,r*5Ng2yluW
jeffrey84,PH(Qp3Bx94
jeffrey841,8&3DR^ftu6
jeffrey842,s1GW^xi_++
jeffrey88,&U6TZfShAh
jeffrey881,_2XXsgZrLm
jeffrey90,$2BF48ds9u
jeffrey92,K_8vCiaXq!
jeffrey93,5_U67DQov2
jeffrey94,56VAaRc9_c
jeffrey96,@q+h4UWuCG
jeffrey98,%4Mo4CJjd5
jeffrey99,b89R8(fr_y
jeffrey991,Lx1_KXqi#@
jeffreyadkins,Q6KgMy^%*h
jeffreybond,UF*6LUsjmA
jeffreycallahan,5&1)QOwv*V
jeffreycarr,b)z0U5Zr0J
jeffreydalton,aLld+2po6%
jeffreyellis,s*8AJ1rP4a
jeffreyenglish,8(IZIkVj_C
jeffreyes,nS*3W#Um&M
jeffreyeverett,2dA5p!p2+$
jeffreyferguson,*W8cPTwcWk
jeffreyfreeman,(sNzQcNpF3
jeffreygomez,n3KCJvt(!&
jeffreygonzalez,(&IF3Vyi3Q
jeffreygraham,$1Q0T^HcIu
jeffreyhanson,9i6YTfnqM!
jeffreyharvey,@nK1v9NT_0
jeffreyhenry,n1PZyulY+q
jeffreyhernande,(P8WM3Hx!(
jeffreyjohnson,@qMXHgGjN1
jeffreylarson,VT1I5jh!2^
jeffreyle,8PYoDo$U^^
jeffreymartin,!g5^P6i_1T
jeffreymartinez,sFnk$4VgGh
jeffreymason,85o4T7&f@@
jeffreymercado,v3EQf2Aw$a
jeffreymills,44MLnIav&R
jeffreymueller,!EZ5OM6i)c
jeffreymunoz,BL8c2X#fs_
jeffreymyers,^s33C2Sr^1
jeffreynelson,nPRHD#ls#2
jeffreyodonnell,Ko+E1VoL+0
jeffreyortega,0&E3(PHg@B
jeffreypatrick,r@H8GkXqeN
jeffreyphillips,5_4jX2pt^)
jeffreypowell,@0ARQuDEIw
jeffreyrobinson,$2HiboMX$H
jeffreyrojas,75tNitzk!B
jeffreyrussell,&IuxHMGo*1
jeffreyshaffer,wFN&9MUaDk
jeffreyshelton,W@5oUhhukS
jeffreysmith,*649jCLi4^
jeffreyspencer,!Hx5KGlt1+
jeffreystokes,$#@2EyQ*z#
jeffreythomas,I^s#3EyAsc
jeffreyturner,%es))Kt33N
jeffreyvasquez,L!1Aw_Dy2z
jeffreyvazquez,&9J3hD9jpv
jeffreyvega,Ro18ASztl*
jeffreywalker,%&q4Bdy5Ba
jeffreywatson,)PhV3^ZzNS
jeffreywilcox,&I1_!IxRIM
jeffreyyoung,A@o*I2Nt6d
jeffsmith,#oD6D^)w)r
jellison,$7hUYu5_j@
jenkinsaaron,s*77Ya%m6e
jenkinsamy,$M(CF5zmJ7
jenkinsbrittney,1%o8ZCSeen
jenkinskaren,OD1^5ZSd!@
jenkinskelly,Btjr6ICp(s
jenkinskimberly,$2uj1Pfp1P
jenkinsnicole,!)1f8V7gnf
jenkinspatrick,_2SblAaL0*
jenkinsrobert,+R4Prs3kg!
jenkinsryan,@+uQUD5fQ9
jenkinsshelly,K7RgWj_u!$
jenkinstammy,@d96Hjp98O
jenkinswilliam,a1+faSJb)*
jenna12,T60RJjaWx*
jenna18,q#5^MqG9aX
jenna35,&VCitSYUz3
jenna43,e%N6lFv50P
jenna431,!v2TSQyl(^
jenna432,2HD)5&Zv$R
jenna58,b2rv4RVc&1
jenna66,!90CqS!+l5
jenna81,1!h82ULkS1
jennabird,!6AVTOg7_H
jennacole,#3s^L8GeN7
jennarichard,W#@1P1sdbf
jennawilliams,Hm9CFfss@+
jennifer00,j8eQIG^Z#3
jennifer001,)13xHGtZwJ
jennifer002,)Zgc2TTwg%
jennifer003,(UQEZ#zCN5
jennifer01,l49DgGgPs*
jennifer02,(9ZSGh+G6i
jennifer03,2&^7HUpa!9
jennifer04,n4PCKXcR^B
jennifer041,!o9QREKz#E
jennifer05,npE1PNIwf_
jennifer08,%k5XUVfms^
jennifer081,AyDfPpTc+2
jennifer10,@cFIBRly1x
jennifer12,wvq8IvyV$&
jennifer13,@@e6FjKAw%
jennifer14,+635DR5gKP
jennifer16,7sW1RIA+%k
jennifer161,!53JvVyp6B
jennifer17,feAnofj**0
jennifer171,_)5DOrrxaJ
jennifer172,_F3Gx1u^!(
jennifer18,+xDnTinMq6
jennifer181,t&9@sOvoRe
jennifer19,6#m5UZGvez
jennifer191,0$69ru)qNM
jennifer20,D@N49JvHjm
jennifer21,EsI!K7FqGl
jennifer211,&1E257Hmm#
jennifer212,ZO0!j4Vn&K
jennifer213,Y0Fp!o*3+n
jennifer22,C+vBP9LyFm
jennifer221,(9@IlT$d^8
jennifer222,xvg0D(Zp2*
jennifer23,B%9BdR$G1p
jennifer24,$3K1za#bI&
jennifer26,6MZXxB)i)S
jennifer27,n39zAktf_%
jennifer271,&Ay99(Ra(C
jennifer272,21EUzmmK@j
jennifer28,YY$2GtShWS
jennifer281,93X3*0On+Q
jennifer30,ckDH#1WkS!
jennifer301,o5T5CcE&+8
jennifer302,O(6AUkS#YO
jennifer32,!rXgZfyZV3
jennifer33,v@8H(p0iRO
jennifer331,*7HKMIg5$t
jennifer34,2dLu@Op9#S
jennifer35,$v0Jnd#%D8
jennifer351,_WhM_Afwc1
jennifer37,+#9Gqe2wjc
jennifer40,oIYC$K(b(4
jennifer401,0!77Sy(Z^4
jennifer42,@#vI39Xze9
jennifer421,(e+j*9Tq3O
jennifer43,h52Iscr()U
jennifer431,(684Fza4Hm
jennifer44,*!0TttlySg
jennifer441,i3hvz9Fb(k
jennifer442,+J3UgsDm6+
jennifer45,$2NkdGNb_A
jennifer46,4+8XOD9m%k
jennifer461,SJ$2)3DihN
jennifer47,5eCNxW+5^e
jennifer471,)xU@&#p9Q4
jennifer48,exZ61VT6Q$
jennifer481,%R5n5I&vWt
jennifer52,$*9T5tly4U
jennifer54,(XZ^kZN96w
jennifer541,pu8t_RKes$
jennifer56,_+Ll&5NHa1
jennifer57,Ow9lN@8rp&
jennifer571,jp%d2Eno@t
jennifer58,_2BasGD$fd
jennifer581,gh#0I7xsOJ
jennifer59,o@sv&1Eu^@
jennifer61,%3Fhebty#C
jennifer611,oFY%y5GfHO
jennifer63,&Qs1kTaaCP
jennifer64,#0EvnVdaSU
jennifer67,L5I*iDEm&c
jennifer671,G5UKowbV!k
jennifer68,UPzH8tdjO_
jennifer69,ozNbaCwF#4
jennifer70,&8#1Bcbwy2
jennifer71,rBA7Kr3kS*
jennifer72,@4kUcF1NQ2
jennifer73,q@q1YRl21G
jennifer731,)Kl2k#Qg@!
jennifer732,%3fp6GjRJO
jennifer733,5#2GDxRug@
jennifer734,#RrFHM3m52
jennifer74,470ZDwNu(j
jennifer741,mc#10PxgMS
jennifer75,75CS&n4d(g
jennifer76,^7zWnr#U+c
jennifer77,H_U58BJSSz
jennifer771,yl5N!nHxb#
jennifer772,!8WfCkaaBE
jennifer773,57U3cZ^uW%
jennifer79,N3+eF9ew$d
jennifer80,$B+1uTAapQ
jennifer801,*DieBMTl1!
jennifer802,(V)zV6fw8K
jennifer81,0Cm$vFpv%6
jennifer811,16hZVkBj^E
jennifer82,bJfIENDt*7
jennifer83,(#&79LfbH)
jennifer84,&vcgY_UjC6
jennifer85,#8N+OMNCnF
jennifer86,k2P+1Qd0#6
jennifer87,Nm9SOtMzN(
jennifer871,i#L3FWgaS$
jennifer88,_qc5fVHpNP
jennifer881,j4kPPHCl+y
jennifer882,v79CY_nk_p
jennifer90,)dOWLPtsV8
jennifer92,7(c$9Wj4%P
jennifer94,S10BE#$e*0
jennifer941,V#oAJPRg!6
jennifer942,ip6QTopQ)A
jennifer96,#MlGWgw!X4
jennifer98,r9ZTI3V5+6
jennifer981,B%_7hTfn5^
jennifer99,6_MOMw$0!a
jennifer991,$CNJ(O0dx0
jennifer992,&S9BbF0n_z
jenniferalexand,)1IYqviZ7X
jenniferanderso,_0qJLRRibc
jenniferatkinso,&w5CZs_C(q
jenniferaustin,%c5G7QIkB2
jenniferbailey,#lE#91u37A
jenniferbaker,lNi(b2Oe+r
jenniferbaker1,)qESf&&c$0
jenniferbaker2,#k6PIGu!74
jenniferbarnes,QgA*ne_S(2
jenniferbartlet,)Vy&1hXlw9
jenniferbecker,9+!h7QErxl
jenniferbenitez,P^1SM5DfY$
jenniferbennett,x%D$ir$b*7
jenniferbennett1,tR)J7ACqq!
jenniferbest,1*kfDd2g&z
jenniferblack,!I3z+Yur07
jenniferboyd,H0O3H*qRm^
jenniferbrooks,QCGJ0Wqp)4
jenniferbrown,z4Yb^bZa$Z
jenniferbrown1,*kH4lUoB58
jenniferbrown2,(qC61Hogep
jenniferbrown3,A5&A9XSkB2
jenniferbuck,j6YrIT3%(T
jennifercarrill,swIY4FE(^$
jennifercastane,_0VLujpQ8h
jenniferchristi,%0CriWOZ9y
jenniferclark,z%I1ggXwrC
jennifercoffey,$9YIiO!hyo
jennifercook,@2n7L&pCKq
jennifercopelan,%UNndP%1!1
jennifercruz,8Z2gwUe6W&
jenniferdaniels,n95QklQz7_
jenniferdavis,s#G1AFLvmb
jenniferferguso,)a&5JsQV*#
jenniferflowers,zG9oC%bsz+
jenniferfoster,d0NKUtWu#*
jenniferfowler,Z^T1AiF5IC
jenniferfox,FmcL!6Lh@D
jennifergilbert,(tTWP!6X5G
jennifergill,x$0XVng+cF
jennifergill1,y+8SyAs^Bd
jennifergomez,65#c2Apz^4
jennifergraham,U^3OJgJ8ol
jennifergray,Y0OLuYJy!3
jennifergray1,Pb1glUmqx^
jennifergross,*60YXdigx^
jenniferhale,!8B(8llNjH
jenniferhall,#25a@Oc6gm
jenniferhamilto,*WcDg*3Om6
jenniferhaney,L4Jz%IOd(L
jenniferhayes,592SoQX0__
jenniferhernand,RxTJ1Wxy(7
jenniferhernand1,%%XHxXNcZ8
jenniferhiggins,Z)(X5K3wAW
jenniferhoffman,^*z5^Si5Tt
jenniferhorn,uc$8MLoa+K
jenniferhouston,$6o)I3lI&R
jenniferjackson,J!9VwO47GD
jenniferjackson1,&_1WKJRs+c
jenniferjackson2,^2^lwE0lVh
jenniferjacobs,!X$0DQj5Ie
jenniferjacobs1,&15U@skIm_
jenniferjohnson,(GHr)1Ekl+
jenniferjohnson1,PbBBZ5gw$3
jenniferjohnson2,+$f4$Bxe%L
jenniferkim,xhKZ0)nv$7
jenniferklein,38J2$Ttr!w
jenniferlam,*n4Te62iL+
jenniferlara,!kXGfwAU8k
jenniferlewis,n@O1S7Uxag
jenniferlewis1,^XgO4$mQ17
jenniferlewis2,D1tMh_uo&3
jenniferlewis3,z9Ew(OL(_H
jenniferlittle,0AP8ww4o!6
jenniferlong,z07pLl2@e&
jennifermarks,8_7QO6Ao^e
jennifermarshal,(AF31WwCT+
jennifermartin,PX1XSs66N@
jennifermartine,#%%Ed8msw3
jennifermason,+WNHLFrOW7
jennifermcconne,@r2+xMdyr5
jennifermccormi,*2B!IL1syC
jennifermckay,+JP(VT)e0Z
jennifermedina,*#K$%6Fbti
jennifermedina1,v!7AfBhGPU
jennifermendoza,*KDIsfE8^8
jennifermeyers,r)4Xblcup(
jennifermiller,Xl26MSYii(
jennifermiller1,93Xvfjzm$4
jennifermitchel,^CU!H0nc8i
jennifermolina,GW+0uAsBW#
jennifermoore,)w%0GepAud
jennifermoore1,&z63vJk5u4
jennifermullins,+4pLxXR8Sy
jenniferneal,a$7lK)PgEs
jennifernelson,^2ty!0Z+jZ
jennifernorris,_e0tX#co!r
jenniferoconnel,(O+8s$WhA$
jenniferodonnel,@$q1hDJk)9
jenniferorr,o*q1YLJsoG
jenniferowens,@1nF8Ii&kz
jenniferpage,&^3YC@#lJN
jenniferpham,n*9iZRg%a%
jenniferprice,xIo8ITYu@_
jenniferpugh,8TQ00kIw$y
jenniferreid,f!2DT1Rn_2
jenniferreyes,!^L55C5Zac
jenniferreynold,kzYYz$9%%2
jenniferrichard,u2SafARD%Z
jenniferrichard1,+V1EnpHIY9
jenniferrichard2,ZNGi_PMk!9
jenniferrichard3,^YV5sBmi*!
jenniferriddle,*bE_g##4@5
jenniferriley,q48sI+To%3
jenniferrivera,o(XL7YqFeh
jenniferroberts,wCB@mj#o$5
jenniferrobinso,2KN7vNQz^3
jenniferrodrigu,jHp$a5GrTz
jenniferrodrigu1,*4$nhVdA@I
jenniferrojas,%6Q0ywDG4Y
jenniferroman,02G#4S5a(p
jenniferrose,ki4OZyUqf!
jenniferrose1,(wonHioTI8
jenniferross,@1S9YeDrZr
jennifersanchez,^6H^oJto+U
jennifersanders,vu2Od0n4&C
jennifersantiag,s1OassTE!G
jenniferschneid,!i#7OiNw%g
jenniferscott,7_8+JLgXzh
jenniferscott1,6S+5HzKc*h
jenniferscott2,y2B+*%yy*8
jennifershaw,doq9D12G#1
jennifershelton,(!S0_9Rqeo
jennifersimon,X9tc9Rer@v
jennifersloan,L%EW7JvwlR
jennifersmith,V7nt)OAa)J
jennifersmith1,)7h8DPLsk(
jennifersmith2,()U2t0rx@2
jennifersmith3,^wN(Zjkb0U
jennifersmith4,Fo1sbfF%&!
jenniferstein,_5hkvV4YxE
jenniferstout,3#VbU$Hr*j
jennifersulliva,KVLNSP4t%0
jennifertaylor,h315orBh^0
jennifertaylor1,+y^JFeSW^7
jenniferthomas,R6ZLR^^x&4
jenniferthomas1,+7M9GcO5RQ
jenniferthomas2,rq6FNyOzD(
jennifertucker,7iCLdYFC^@
jenniferwalker,80af%E0r+G
jenniferwarner,_0CXTh$HZx
jenniferwatts,B5G4D%1q@l
jenniferweber,!i2GR9nz4)
jenniferwebster,gM1Qmc(lA!
jenniferwest,MQ5YVu+U6#
jenniferwest1,KV9V2v6r)(
jenniferwheeler,A9^(TIOJ^b
jenniferwhitake,*98KfGXSOk
jenniferwhite,^1HDh1JEp)
jenniferwilliam,aaAn3dXrN!
jenniferwilliam1,l!elfLqZ$8
jenniferwilson,&DX%H$x9p1
jenniferwilson1,)6#pO+qhL@
jenniferwong,92NnpuLj#Z
jenniferwoods,aIqV9Yf!%b
jenniferyoung,#6LmJ6GT6S
jenniferyoung1,(&K5El2cn+
jenniferzamora,)o6Cr+CLY&
jenniferzuniga,5$8CS!OyW7
jenningsangela,!ddM6)Py#4
jenningsdavid,Hc&0KYrfF+
jenningsdebbie,dn5OMc2ql%
jenningslinda,#@&h!3Sf*)
jenningsmichael,M%mW6IgGP%
jenningsstephan,nXJNqvne_0
jenny07,_Hy#5L#wRZ
jenny18,@oU98qJ)0_
jenny28,+znTPf7fT3
jenny49,2usWemXU%f
jenny60,I8U2oN4b$h
jenny94,X4aSZqIT^o
jennydrake,_&a&4eRtXv
jennygalloway,^0ByBAa)Q!
jennyjones,)!HLx6Xp8Q
jensenbilly,_v9GUJac)0
jensencarol,jtU^1LdWmQ
jensendwayne,1)VRF7KdJ5
jensenjacob,w_02Kw7xF7
jensenjamie,*L)xAdm+7K
jensenkimberly,A@N+8KKpHe
jensenlisa,PLHt#2Iw9+
jensenmanuel,w(r0#X4d0Q
jensenrobin,AXG$bk(1^2
jensensteven,B^#Ua3fy)V
jeremiah13,6104XDpt&@
jeremiah60,#H1Wc^FFQ#
jeremiahberry,v!i8$D$l!Q
jeremiahdalton,49x0irNu$6
jeremiahjames,ZR2uGhxm%)
jeremiahnguyen,!76DE0wx$k
jeremiahoconnel,8*0FUc)w##
jeremiahyoung,B56GV%iTT^
jeremy00,)m0Ieu&Cl1
jeremy02,)98%#ZTeKc
jeremy08,AN7HTvhJO#
jeremy10,GnYj+mpO_1
jeremy12,_GTGDfszx7
jeremy13,^2c0SS)yae
jeremy14,#z^X(0Qx_A
jeremy17,f@34I+c1dm
jeremy22,z9hqFiVj^1
jeremy26,Qc77aEUo+o
jeremy261,TI7RZJi#o$
jeremy28,#_h7C)ni*i
jeremy30,5!X0PlztNj
jeremy31,_8SNnKndw2
jeremy34,6sWPHH9Q&3
jeremy37,pytOAB(_%4
jeremy38,kHp0PSIo(8
jeremy42,%qlF$tCQ05
jeremy44,^2fyW*@H_q
jeremy46,13Mmty5h&3
jeremy52,*%2I1ai(QS
jeremy55,5f+3EauyhB
jeremy56,S0_IgP0k*O
jeremy57,)8$TQeNc^X
jeremy58,0d^z5FM2!8
jeremy62,!P64Nilol9
jeremy621,ATr!!5Dn#f
jeremy63,%O@Wl4Ec71
jeremy78,+g8KJC^O7@
jeremy79,C6bzYCfy*j
jeremy80,#!gJYX_w*4
jeremy82,N4!Ky+EC!o
jeremy91,n!0TxWPm&@
jeremy94,2#_Qy9RlA0
jeremy96,J%6PKxV4D(
jeremy961,(I$2b)Ri&E
jeremy98,na*7MNmgp$
jeremy99,13Rxkau(*f
jeremybeard,Og^3yJk!G^
jeremyberg,l0*ETcTu%D
jeremybrown,!4JYwM2kGs
jeremycastro,ajQz9HGy)(
jeremycortez,!lK%s^b*7P
jeremycurtis,j9MRX1Uh*l
jeremyedwards,*gC8CJExS&
jeremygilmore,@d$oRxaL0P
jeremygonzales,Z#41o5EogF
jeremyhensley,+_4ZjRduQi
jeremyhernandez,Vs2VqTdC&3
jeremyhunter,G(#4NriDcq
jeremylang,NeJ!zdir$9
jeremylopez,aMMeYt^o_2
jeremylopez1,)c8FXH1j#D
jeremymartin,+VHsFf(h02
jeremymills,a@sUk0VyFb
jeremyrodgers,&th3!SOk^2
jeremysavage,3zOYhun*$s
jeremysmith,_N43BXs@@!
jeremysosa,@s9%%RycT+
jeremythomas,T!6ua4Wimx
jeremyvalenzuel,R^pfG2DSIj
jerickson,4u%!FN%l)n
jermaine16,%XMiCNrr58
jermaine18,jBYxUiSu)2
jermaine20,3C&vKg$f#0
jermaine47,N@R7mTIodd
jermaine56,#5816)Bx&4
jermaineherring,+B!9IeLu&^
jermainelawrenc,m%PRAedp#5
jermaineshaw,zI5R7wef^7
jermainewhite,vK48yGHp^L
jermainewilson,VJt2GJRk))
jerry02,x)2HsQnH6c
jerry05,r^+76Ffjwx
jerry06,MtZ4AendP#
jerry11,(@pCH6qaJ8
jerry20,_L7k^BIl+6
jerry201,u%0C*AvwgM
jerry22,xyUByqse+5
jerry24,35uXAQRo%r
jerry35,N#9rB%bKsB
jerry39,F3^8!@Coog
jerry49,Tv1uFQHXK^
jerry491,@Q4Jq4CXwt
jerry61,R%YN^GKpr6
jerry64,#3dS0oX9U@
jerry88,&4z4Nbqo%_
jerry90,sEW1LOVd%4
jerry94,xi1uMXRwb!
jerrycastro,^TOwnEka4d
jerrydickerson,L#7HKzcq)y
jerryduke,s3)hKEI)_6
jerrygardner,!c3LNMtiD5
jerrygoodman,V1Hs2Coc+j
jerryhall,1%OFh8lC_2
jerryhall1,Ua)Y8IrJR@
jerryhodges,NHKF2Vfb*_
jerryjackson,yd$f39KubN
jerryjohnson,6dDi(nKa@%
jerrylawson,E5IFuZ&A#U
jerrymccarty,+SXC^Fh$(0
jerrymcdonald,w$@E9zPv$3
jerrymorris,I#p5Rf3g*^
jerrypalmer,+pO(DErE$1
jerrypham,&EB75AyqOq
jerryreid,%1AjOThslf
jerrysimon,@3THzFcqnj
jerrytodd,yQji1UTy(z
jerrywarren,7%4YCnRNB*
jerrywells,s_0(3LCT)y
jesse07,_rIaMxW52*
jesse08,$^8XCl^UJ$
jesse12,5c5V%PGgU(
jesse15,w1@V+S$p@2
jesse19,r1bOYvAy^M
jesse20,_#kOo!NsM2
jesse47,tMPM6U3u@4
jesse48,#7fSG8gVYO
jesse51,0nzu4vGn!v
jesse86,#*QA3lXkqZ
jesse89,!AKUwS(7w7
jesse92,ASk2IBlwn#
jesse94,_$y_S6zK7W
jesse95,w3M0wNg6^A
jesseandrade,^I3wGm(O^C
jesseaustin,)&s7KfSu!_
jessebrown,*#1e9NXtaP
jessegiles,4B46lhTL_s
jessegonzales,_8_m&GfQIS
jessegordon,W2A546Rr@C
jessehowell,5yWFB1!8(s
jesselee,Z&D4eVIpNS
jesselewis,QA5aAJf%*Y
jessepeterson,#4T8Nk#CP+
jessepeterson1,%A&4JT0asj
jesseshaw,2O9P6nIV)U
jessesheppard,^32ULvDc)8
jessesmith,r4DC1#no*6
jesseyoung,%^s0^Oq#Ne
jesseyoung1,%brX0ygMl8
jessica00,_14rAshj&)
jessica01,me4sCt*e^6
jessica011,*jUEVM_z9q
jessica02,71ZJ2oYY^s
jessica021,)P6UiRqx5E
jessica022,nHk_9paw)%
jessica04,M@2dRqdhH7
jessica041,Q3Hy7HkE!L
jessica05,o2MbV9To^v
jessica051,#1BL3GRpa_
jessica06,6x$e9M!yGk
jessica061,&&GTBsii79
jessica062,vQ0ZVikO#R
jessica07,6$+3YySbGX
jessica09,6yLkFbJh!&
jessica091,*+3uiYqL73
jessica10,4(j7VKeuHy
jessica101,&VC++zCsW7
jessica102,ye38ZRYnb@
jessica11,$770FD0kjC
jessica111,c$1tkN@f_J
jessica12,*c#z6Ega_1
jessica121,N^0BzYy&3E
jessica122,zrRCehy!)4
jessica13,Hpx7!TBA@(
jessica14,$1Eh3iU#ZU
jessica16,(8*Zu#hvkO
jessica18,!R_9gAIs6m
jessica181,^&3j6LKK8k
jessica182,E^670WkTgP
jessica183,Q1Bynp$v(T
jessica19,0@7R&aGyD^
jessica191,)B8TjdROr!
jessica20,79cZoiFJ#7
jessica201,x#9+A$wxw2
jessica202,%5GTxnPZ)K
jessica22,(X6TClvy_7
jessica23,@oD!ChC89H
jessica24,_OiLIY4Mb4
jessica241,mT67Yury$W
jessica26,c5KJG1k0#F
jessica27,4B9%6e^i@B
jessica271,60@7Qw(E_5
jessica28,c4edYuVA_r
jessica29,j%Mb6EGimU
jessica291,^6VqZ!@eYV
jessica30,bC*6fADyGL
jessica34,)!7uMHYcD%
jessica341,+wxLcZkq3z
jessica35,@6MPhxrO0q
jessica351,Tgr6ALxkH_
jessica36,(5TO6Gtm_b
jessica37,4N2+0ODtv!
jessica371,r(D3OQGgz^
jessica43,qL_6jJ*h^+
jessica431,83Z@&e18!y
jessica44,Py9Nx1Fl)w
jessica441,+roOuRZq+4
jessica46,*^P2C4cs7j
jessica461,0lM5Qove(D
jessica462,!n9C9hBw4N
jessica47,ebXScbOG*9
jessica50,&AEM3Hvao_
jessica501,34NVGHjI_5
jessica502,^7YhbJNOD6
jessica51,@D4uQji*)F
jessica511,2$0Kmf4%rF
jessica52,y1kCFtdh)x
jessica521,b9YlkTbe(v
jessica54,Gn*p4!TlJ+
jessica55,qHNGIX6L!1
jessica57,7IB*_)gu#(
jessica59,!AUQddQP5e
jessica591,wS2G3K^dX+
jessica62,2#o!9yJnn_
jessica63,Tp_$5CehS@
jessica631,&)A%J1CeV9
jessica64,bQz0Rjnq*)
jessica641,*Q7yZCj*N4
jessica642,*hKXVBd%Q8
jessica65,K%T4(MgttK
jessica67,^%GxG@wh9f
jessica671,I8PMR!Um&f
jessica68,#etU&Jsua8
jessica681,@@161_SsNC
jessica73,^#j5nVWgHc
jessica731,Lid3D7Qg!_
jessica74,WW76MyIw^z
jessica76,OVV4FXIu)&
jessica761,*39L(Nv8Pt
jessica762,^Ha5P#lip@
jessica77,@Q8RctUaj3
jessica771,f2W@rV1m@e
jessica78,l4GbE3&e_J
jessica79,_2XG$^jr4y
jessica791,N#E4HzyaVh
jessica792,sls50BYa&s
jessica81,u@5T3kBj_U
jessica82,)QXWmX%n3L
jessica83,_XDoVylR5(
jessica84,)Fx01Ve2&*
jessica85,_1BEaKPpfa
jessica851,^kxBr^0pg8
jessica852,*+2EtfZHkv
jessica87,)1U4$%MmSV
jessica871,)uGyf9VS28
jessica90,*A_ZROoSM3
jessica901,58BQOxjZ_4
jessica91,z!H6LWLF9f
jessica92,ZRTsjPnL(9
jessica93,35HYFtyY(B
jessica931,On&9Gj7!FU
jessica94,@j2JpzDar6
jessica95,5xdfP#uJ(H
jessica97,QvbOwW1h)3
jessica98,P^6ViaOc)k
jessicaadams,8+I9Xi+mv+
jessicaallen,bQW8EO#bv^
jessicaandersen,0+6ZRd+!dk
jessicaanderson,(#6r*Ci&*F
jessicaanderson1,op2E7Okc$_
jessicaavila,)8TAU00b!M
jessicabarber,t&zTuw6rTO
jessicabarber1,^CYK(z%MA8
jessicabarron,QP)3KNfrx@
jessicablack,vJRv!4Lw6!
jessicabowman,^69$aQSeE)
jessicaboyd,$2iZhNevTE
jessicaboyer,0@4PBnrC7&
jessicabradley,$KVdc%2rg6
jessicabrown,Wl0ZVcua$S
jessicabuchanan,&EXCq0NL0i
jessicacalderon,(5)V*ycLaC
jessicacampbell,mpI0Yijv*W
jessicacannon,R8cC2ECu(Y
jessicacarter,O%7yIsz6dc
jessicacollier,E4Fc1JTx&u
jessicacollins,E*ku8iGiqE
jessicadavidson,%@Q3UBNlSv
jessicadavis,V^9(!OwFz(
jessicadean,a0U7xE#wn%
jessicadonaldso,)7GDueaTf8
jessicadonovan,P1YKmaiX)p
jessicadorsey,KA615Emrx)
jessicaellison,%2NA&aeD83
jessicafernande,zh4rvHZpn*
jessicagarcia,uy1WNJ3p))
jessicagarrett,!+lr6KlTDv
jessicagibbs,SiLao()8!3
jessicagordon,@03$VtPfmp
jessicagreen,x7%DpRks+4
jessicagrimes,(NGk!Fk)7p
jessicahall,6mxZTfso%n
jessicahayes,$isfE)tjv9
jessicaheath,(hGpnbp$z6
jessicahendrick,(2oY(5CjqH
jessicahernande,^z51#F3iq4
jessicahernande1,%KWgab!M$1
jessicahicks,Du!%9(SlPs
jessicahooper,5!6*Vu$Etj
jessicahorn,e8x98K0i$1
jessicahunter,)3db84Ez*h
jessicajackson,RT*1aGkZeD
jessicajones,^)%9WAafBR
jessicajones1,#4nd38to3J
jessicakelley,Z1@0oNoI!d
jessicakennedy,@gBEohgFe7
jessicaking,$3BtaSL_@t
jessicalee,!rx$SnYi23
jessicaleon,_5#12Kaf5^
jessicalozano,%YqIZe329+
jessicamartin,I%0V6CstaC
jessicamartinez,&+0LYapr5w
jessicamckenzie,t3WQ9+E_^_
jessicamcknight,cJkqipzN&5
jessicamclaughl,edq1%lIj+%
jessicameadows,2StseCZe(7
jessicamiller,@Lwl#Gjo33
jessicamiranda,7Gk9SBed@v
jessicamiranda1,quZW4lOyl@
jessicamooney,#%ed6Gpk90
jessicamoreno,G^F66SkB#(
jessicanash,!uxtz@VS8r
jessicanorman,!3i0NE#ejN
jessicaoconnor,c3Sd&C%y^q
jessicaortiz,+cGWrl0r2!
jessicapalmer,@4qChiJrNX
jessicaparker,^3RLtZ$&r8
jessicapayne,+2Eb6@5R)B
jessicapeterson,^1tOqKx$w+
jessicaphillips,N8H)8Oa8&k
jessicaporter,vebIhczo+7
jessicaramsey,$26XEawzN#
jessicarobinson,$tBgM0Pu#)
jessicarogers,AzgTY_(s!3
jessicarussell,_62AnMvxPk
jessicasanchez,(NZ1PbwvXs
jessicasanders,!k_nOPuu5q
jessicashelton,NsaBs3Yie&
jessicasmith,%1rEKCsK+1
jessicasmith1,)eq5&_Ufs9
jessicastewart,x8fYNEoq+P
jessicaswanson,@JJq7JWg3t
jessicaterry,3Vz0EP&he$
jessicathomas,ldO5OQxd(3
jessicathompson,k_42G+F^5u
jessicatucker,$60rnVglaH
jessicavillanue,_wr_Mf)(%6
jessicawatkins,xUNoDXoY@2
jessicawatson,^lzUSM@sP6
jessicawilliams,j8J47c3i$L
jessicawilliams1,$s7Ohpk0Q_
jessicawilson,%+3Cxri*)x
jessicawright,*Ea4VKrsPw
jessicayoung,DA58MLGu^4
jessicayoung1,rG9cKHJx)1
jesus17,!g*1C6HxoK
jesus22,&8C^F!tudw
jesus32,_OExf_dmr5
jesus43,fnEOW7ka^6
jesus52,*2+E%bsZPd
jesus68,^t!71&Dmf^
jesus83,*W2DobODKw
jesus85,@KsFEWyH(2
jesus87,+C1)Bl$XsK
jesus91,w)_4@QdUnl
jesusbentley,)6K0QGoacV
jesusblake,1R6Dylyh*#
jesusclark,M(S4KJaiS&
jesusclark1,wr8ciXTw@X
jesusdavis,I9F7cDKs$P
jesusdawson,_SlGSGhp44
jesusgreen,8@9vOLxU8f
jesushill,*B1xC3hh09
jesusnguyen,4v)8IG*aj(
jesusrose,o0+4XPrE(F
jesussmith,+Ushl3Kb07
jesustucker,G)*9GIRz)B
jesuswillis,Xyh0MWSx!S
jevans,!SYWUPXNs0
jeverett,T$5yHy%jWt
jfarmer,!8NOEOijX5
jfields,@iwFhXYI*3
jfields1,7!aEB2Mq@I
jfields2,#5ecPcFzfz
jfisher,*C0&Tq7Y&4
jfisher1,hW7McwtKo+
jfitzgerald,Ur2%8Yoi@5
jfitzgerald1,%%Mv7JaKK@
jflores,mB7lGt1a&Q
jflynn,y8J!c(by#(
jfoley,z^5CLGaZ$p
jfoster,M5ZdL#ca+f
jfowler,x&5dLV0a1c
jfrancis,7nmh4Z4o$&
jfuller,CR2WRbV6F^
jgarcia,!*DzC1FzHi
jgardner,au1ONAEn#0
jgarza,0$a4AVL#9s
jgarza1,Cf9&iCm^%*
jgentry,!$7IX!6g+_
jgiles,!ZUx4JdQGy
jgillespie,o*2u$UiiU+
jglass,#*Y8i7Z4ge
jglenn,&w4u0^Gh*M
jgonzales,tM7hKEa!f^
jgonzales1,Llm8VLuvH(
jgonzales2,&LjDgjd+44
jgonzalez,2dwkFaIj+d
jgonzalez1,@m0(qCkkkb
jgonzalez2,Gc*m6U6v8u
jgonzalez3,ST6VH$y%@0
jgordon,A(0FwWCx%X
jgrant,%*Eums#+r7
jgreen,X(8zTrQaW%
jgreen1,Q4A8X#rc0$
jgreen2,pvnYTp_Y)1
jgreene,+D42I)wm3O
jgregory,ZtY*2_FsX&
jgriffin,h+oW#6Mht)
jgutierrez,$Z)mEhAwY8
jhale,4HQ9R!co*w
jhall,t1L9zL12&E
jhamilton,!@m25Sdw3R
jhansen,0GIQ*nTm*0
jharmon,CL5YiNI%$z
jhart,53%f6KCts4
jhartman,_&E6%YFj%q
jhawkins,g&2Qz8Te^g
jhawkins1,m8Gbo*xf^8
jhayden,y2&AiNaW^3
jhendrix,G2v+O2Iy%p
jhenry,^gS7qhnm3y
jhernandez,6VPDCXHg&5
jhess,&%Ri0nIr83
jhogan,(8_*Kre5#%
jholland,@0Z6PRebrs
jholland1,8hPWqEuv%2
jholloway,_jK!K!hc8V
jholloway1,C@40Asicye
jholmes,49P_$gPk&N
jhood,T!J46LHf#T
jhoover,*R1*)DhX5G
jhorton,3R9rwVNn!&
jhoward,4OM6GjO$o+
jhowell,%PV*IemQ7t
jhowell1,!j7QF_l_(F
jhubbard,&2bBaN1_5R
jhughes,a289Wc@gR&
jill01,)H7FJPKiX2
jill08,tIUEUV_p_0
jill14,Y%#A6@Lo#X
jill15,q)0QT!^vJ&
jill19,FJS0xaG_@5
jill21,U@8h%HzDnY
jill23,*1R7P#qU#m
jill231,^42PYsO%yf
jill28,!2ktCyTn@C
jill33,^^u7MwZ7if
jill45,Y&39Ji#!KV
jill53,a(&LT2ZhIs
jill60,M0*P^q+g@i
jill75,o^)2dHgD(S
jill78,^k0&_2TfbX
jill87,o7Ou9sgq)K
jill96,dj9HTzj2&L
jill961,&0ExnNDqki
jilladams,xoLY2YnG4+
jillarellano,Q(3Z8w#Tt$
jillbrown,@Vb*4lYfbG
jilldunn,$V5yjrVuZs
jillguerrero,^3Vc2g9)er
jillian18,z0JY7hsd_o
jillian76,j30qIgTU#&
jillian82,OChn5)Ae+5
jillianfranklin,%*BhIWtra4
jilliankirk,tu0@ERr_@)
jillianmyers,*979DXq6cy
jilliansmith,PRWkZkCQ+5
jillianyork,j4MY$eFy@c
jilljones,2w8g7VzlO*
jilllyons,Fd+ERaOu)5
jillmarshall,E#GG1FDvNj
jillmartinez,6e)5eOfsas
jillmoore,B^6HAhdBUQ
jim10,Z#r9A5nTi$
jim19,h&)&aKeC!7
jim23,l2JhYJE&)y
jim36,R5M7DJ3fG&
jim60,Et9SkCmK@+
jim69,_2oBCkfMGr
jim89,s#6Jkn3Poc
jimconner,K7v5OIQj^b
jimenezallison,^76#I3kyw0
jimenezantonio,*76aKZoQDo
jimenezdeborah,c+C0FXIs+w
jimenezeric,f1DmA6al^k
jimenezjohnny,^lJiw$XGy5
jimenezmatthew,lwyWSRlv)3
jimenezmonica,#8GwFfG6D)
jimenezrobert,^)ptkOfdB5
jimibarra,+77HHbYuEQ
jimmy16,15GU9GP#!h
jimmy27,x_2DBo88Qq
jimmy52,@pWXbWo&S0
jimmy69,!17B)S#s5$
jimmy77,P^6opNhZK)
jimmy84,l2X*N9$I)s
jimmy88,F@u6MArjxI
jimmyandrews,$y*w28Ax&s
jimmybanks,S%xKvu7%(7
jimmyblackburn,08WVJc^d*1
jimmygarrison,k2eN1TGl_S
jimmyparker,d0V8F^jz_3
jimmysalinas,*N%Q&%abN0
jimmysmith,iaYZEgsw(8
jimmyturner,*gjP9SvTn6
jimmyzuniga,)6CvKd_g5m
jimsmith,r*SXeW#X!5
jingram,^q&&M8PvrO
jjackson,7!6Objgl*D
jjackson1,+O&c2Mvst%
jjackson2,_c4CEbjwve
jjacobs,JY%a03Rba^
jjames,aSOT9EdU!5
jjames1,v(9@zjDlD%
jjenkins,(5Ut^vXO*p
jjenkins1,av3pMHFJC!
jjennings,L(ENxWu1_7
jjennings1,@W0Ep4p&_#
jjimenez,y^5V2qq_1p
jjohnson,#dn7VWf_eu
jjohnson1,s(4Ys3wuuO
jjohnson2,@x3P^yXc2Q
jjohnson3,ls474aGdt!
jjohnson4,!ZXH0n8g9q
jjohnson5,K!ZBgRu%@4
jjohnson6,$+H7HgG)JL
jjohnson7,^1@tUqck)8
jjohnson8,Kky0KQewy!
jjones,M)e&6G(uLK
jjones1,@hHvs5AqM^
jjones10,3KTf++5i)Y
jjones11,)AJ6mX)mK7
jjones2,7v)RoHaX#4
jjones3,#TVI!mkA46
jjones4,#88nMHe0n8
jjones5,!_rG^iXs91
jjones6,t#1*Bp_J9c
jjones7,v#6ZZR&a(y
jjones8,)6YVMLc@0z
jjones9,BN@8TaRcAN
jjordan,r)KZm9Kw40
jkane,W$0IEUnuV*
jkeith,G838#OUbi$
jkeith1,7#4ZVf#lS@
jkelly,)0STaV#txC
jkey,)mWZ&@h*&1
jking,s)1Y0N(hyr
jking1,6g9UFoMH%0
jking2,qxUSG@cV@4
jknight,09gPxvl!+t
jlamb,yY6JOLWd$0
jlang,CifPg_mX%4
jleach,$W4DQdqFG*
jlee,)v9AjsCqm7
jlee1,v$l4IMp!T*
jlee2,VX#W@2Oja!
jlee3,Y^9AjLtH%_
jlee4,Y+22NCJjPL
jlee5,l^52#PaqTi
jleon,*a)elZcn1m
jlopez,)fBIpFBlx9
jlopez1,w_7MW2&F9e
jlopez2,+&7QA7wrKY
jlopez3,&_uxo8TiHu
jlopez4,&1bg^LEoML
jlove,C7oFq$g+%G
jlowery,^4PAFpUw*8
jlucas,*9YQ*$3zyE
jlucero,1(8yRC*x^*
jmann,D_988LzqQY
jmann1,WE9Sn75UU*
jmarshall,*9q6uY&bD9
jmarshall1,&89(*IMx)v
jmartin,%)&Inh8oB9
jmartin1,ZHV_kL(C^1
jmartinez,+0My0Yf8#O
jmartinez1,@$#5bZEACe
jmcfarland,#4Y(BN3Bzp
jmcintyre,&f*JsyDI3Q
jmckee,KE01(PlhT(
jmedina,*3CUhJjO_@
jmelton,+Z^QLGyjF3
jmelton1,_NXkURj^(5
jmendoza,IUXmsjIb#5
jmerritt,^6CZtOv@3k
jmeyers,Ri!S#wuj*1
jmiller,+)SGKyjr$7
jmiller1,*0QKybtl1w
jmiller2,xg6A2dr$a+
jmitchell,@aWz#UDm5j
jmitchell1,!Q_D6Dq^0p
jmitchell2,(bIrujGZ%4
jmitchell3,*64XoXqx7J
jmoore,1(tN1Osnu+
jmorales,)w!*IvR_7k
jmorales1,A@b0oKg*5F
jmorales2,$Wu5Am_uOs
jmorgan,HMY8aAf!R^
jmullen,5d58OFCx_+
jmunoz,az1MgkWTY$
jmunoz1,5XEGyX0i&K
jmurray,V0&5bVKh03
jmurray1,$fNUj$rXB1
jneal,X(8o%Ba(@_
jnelson,$1Up^#uj_6
jnelson1,q_Q1UsHAO+
jnguyen,)Gi%a8e008
jnicholson,$K3B^m2AE(
jnorman,6*$iMc)n)1
jo55,_1nOmxZf@_
joan41,wuX*2AEt0J
joan64,RQbBma6E)0
joanbarnett,+JWWuM5lM4
joanbruce,ReT%4BamE*
joancoleman,J0p#K6RkN(
joandavis,Z5l3*rjl!I
joann44,5cMGI1ku_Y
joanna39,%FMZ6FPf#0
joanna94,WMAd65Gj&4
joannabarrett,De7s5KusQ_
joannabradshaw,s&@LM7qrfA
joannapowers,(Q4BoTmS6r
joannarice,*D19MXQvfu
joannasmith,*mdqeI0FN1
joanncameron,L@Gqv2M80h
joanne12,)Nb9CHxZYT
joanne30,rk7T+8NFy&
joanne63,ssGKwmrJ%8
joanne81,)tHORQiMr2
joannebrown,9MoNS3uf^Y
joanneray,BHu9rYBn@R
joanneward,g+e9NOa)Ks
joannhernandez,_gM73Lbo16
joanpalmer,0#n@w8WvRi
jocelynduran,*rp5Fr_g8)
jocelynkemp,ZTXf(8GtgG
jocelynnunez,Z0!C0FYnE%
jocelynsmith,(vqrJNPj2x
jodi07,@W(Pv32a99
jodi14,ihYWA1vE&0
jodi79,W3@^BDeU%p
jodi95,c53*HJn_h^
jodi951,C6B$0LeSRu
jodimckee,35+)HzCZ_m
jodivalenzuela,5ur8BHfHp)
jodiwalker,#!6(8Vmz1#
jodiwalsh,%vC!5KUfE8
jodonnell,iuk+2Oug2s
jody03,4V)31yUhO0
jody57,R8@4yNjr)r
jody89,F02z_Mlp#u
jodycooper,h(9J2nga+D
jodylawson,(5bMlMJ6An
jodymarquez,Sn%6PWRKs#
jodymorrison,o$P4FqCOOa
jodysmith,%drrC+KJ5#
joe07,OxXXK3vc(5
joe72,%6F%rQeuGw
joe87,(5L9Ac^La8
joe89,o*+9T6l^yL
joe91,vZ8FYGeh_9
joe97,%3j3%P_iL!
joeacosta,q(P7F0yW(v
joebriggs,0S5RtvN#&@
joeduran,&5gMJUVEpL
joefernandez,0%lbA!Enk0
joegarcia,ft+!0ImYPW
joegonzalez,sNTVin$y)0
joeherring,#w6Y%oTK)z
joeholder,kt4w_RCaR#
joejames,A6ZC#QQv$z
joejones,!0vXfR%y%x
joel00,qA4Cz6tST+
joel20,D4kbIpIp@+
joel21,(7aBZWaxbq
joel39,++AYX3tN28
joel42,k*69V3md#l
joel43,2RsAuQsn&I
joel46,&9mQs1p1BZ
joel53,o2Nw&A)B!i
joel57,%%&Q(tZbm3
joel62,#MDX@4lx(!
joel78,+$4zZa!IK7
joel781,V%78IYneM7
joel782,z)h3Mu_7Bo
joel783,6)pzHw8Q$n
joeladams,T&7MlVd5!4
joelbrandt,Y+7XVAic6J
joelestes,32yOypny$Y
joelhernandez,GW0lOb&k*u
joelholt,**0H%%xjXK
joeljordan,t^J7CewfG5
joelkerr,$nMKgpSj%0
joellopez,g7U$TrVa%)
joelmaddox,d1NT_#v6)f
joelmartin,u41BG0uND@
joelmartin1,w8UXaLIw%1
joelmorse,j7o9mIgu@n
joelpotter,nj5iCZuoA)
joelrivera,)a!ROb(kb8
joelrodriguez,QIzE3VHjH)
joelwalker,(5SUWfcO^r
joelwall,Lwk4EgbK+U
joelwilliams,(JQ#Sjg0i0
joemonroe,goC2FLTt@9
joepatterson,bTk0!Srec&
joereyes,#0Q6Gsuwg8
joerivera,!zZgfBbOr2
joewiggins,+8UASvQqx9
john00,+Mh2m+Ecm4
john001,$3@+6nUzOn
john002,TJr5wD@qe(
john01,2+83KoKy!@
john04,5kHD5peK_m
john041,mFe8Pa9Yz@
john042,A&7X%ocRWA
john07,)&4$bDfe(&
john071,_o3GEFes#5
john072,5M&DqCer+8
john08,$AQIYtw+s3
john09,XjJ4Z0+c+1
john10,$1Z!M)YeTb
john101,()%4KhqtJ4
john102,qP^f4CotGI
john103,@+55JVcu#W
john104,I&8w4FnDGz
john105,$39CZdOfwe
john11,B4TkSMtI*B
john111,)_8Xndqa2w
john12,d$1xF81g+z
john121,)89XafEgO+
john14,_N_#2Mrj(4
john15,)+4g@4BmS+
john151,hlk5D3Iz+K
john152,Tgg3Z6rf%V
john16,E@_a9xUp(p
john17,&EMO7GFzs*
john171,&f3FHx(wg3
john19,vOv5SoP6v*
john20,HC35_dju)*
john21,+r_779CQZ%
john22,IAy5UH#b&R
john23,5_rlN3$y(j
john231,823roO2a@)
john25,t4ZyH0gv$Z
john27,mb8U#Glw!K
john271,*d1KNporC4
john28,5!3VuGB$au
john281,r9@CcH_g_(
john282,6qVL+8PunT
john283,J5(sTKbk^X
john29,+!1ADsixk%
john291,_26IPe5NC_
john30,&8DJIo5a^6
john301,qq)2AHtr+A
john302,41d*3Cx2QR
john31,%6OY+htePZ
john32,4e5doGqpP!
john33,%5dLnCz9EL
john331,^G*A_0k*R^
john332,7lVNg%vk!E
john34,MZo6fNMwJ+
john341,@837Oq3mv7
john37,&8HbsG@+)x
john371,PWH$!pty+9
john38,3p6Xlj9g$^
john381,u809gH3n@F
john40,t86wp2Zl@_
john401,6Z)5P2khYV
john402,i0CRtURM%w
john41,M+)p5BCwLV
john42,&3qv0Vz2&$
john43,ff2YFOoYh+
john44,c0H3b(Z7_v
john45,2JCg0kNdj_
john46,&e95F5Gj@E
john47,s!8lGc#X%q
john471,)K6Xl$9pnG
john48,2sCWEnai)3
john481,+6v&ZIPtos
john49,nTIo*Zxc#8
john51,1gFlMhw%)l
john53,!kKNaFDk&5
john531,*6Aru5Hb)!
john532,@ztkR_xUN0
john54,_Vj#Y1iun1
john56,!5JhYw7vk5
john561,^_5VNaG&@u
john57,&8yLsi4O)v
john58,+6J(lTZwuk
john581,)ujC2IriZ&
john61,(PZhnEeQ7n
john62,(8yEhr5#4w
john63,^+W5q2sbxQ
john64,F&i6D)oM^v
john65,*^B89C2m2#
john67,j*7#YAa3D*
john671,Tw64XAxhH!
john68,Jm5BeGov##
john681,u_!7OsBkDf
john69,qpKd%oXe(6
john691,0kr02CaA*E
john692,+92AqrGuH^
john70,qYkn67EtA#
john701,Z*I3Enoovq
john702,+5sTuaT$$_
john71,!ANiCKsAZ4
john711,70nJaZcD@Q
john72,4JDo8YeGI%
john74,+dFOY4)&Y1
john75,t3p^I+Uv^V
john751,^33nLLT2Xj
john752,0K3TSwj(%w
john753,#7FaZ5UzTJ
john76,ZL1i2cHnT&
john761,_UUqbGeH&2
john79,*3KLkmqn7B
john791,%Nbn2Fqdt6
john80,Tkw+2DR*@#
john801,^oF5HLw4w0
john802,!u0H^oD$uw
john81,$qYwk2ID+8
john811,2*8GFRoS_J
john84,oTN7Scqx!H
john841,(DGLD_l8I3
john85,48)V0Di9%U
john87,9L4NwVAz0%
john871,t@6T2OJd0!
john872,cX*+Sj+_%5
john873,#&I%THcV3^
john89,n_uM#3rpsC
john91,T^^2$NOe7r
john911,9XV77Cd2^d
john92,_cv7(Vhpxc
john93,!02Ntfn3*$
john95,w+9ETFo^(&
john96,975IdC&o@L
john99,dE(6IIdcvM
johnadams,_+rI8Cpa12
johnalvarez,xa6AI+Ve%H
johnanderson,AUkq7RhL4@
johnathan01,+BTfMpOL!7
johnathan30,&EFY9sYTJ9
johnathan51,q)Nk!o3q)4
johnathan57,s9SAlztQ^f
johnathan81,9T_7RYm+5+
johnathanayala,@8o@TbX#zw
johnathanball,W)NSxopN)6
johnathandavis,B2eDSiaS#@
johnathandiaz,S8^0*QZe$!
johnathandoyle,@cHGPoPK!4
johnathankenned,td8fFTa*@8
johnathanpowell,mlMkEa&d(8
johnathanwillia,DS@G%6Yd4&
johnathanwillia1,0sSgEYfi!5
johnayala,SCBDoUJi%0
johnbailey,R@nt8O_o3A
johnbaker,d)cvu9Uhpf
johnbaker1,fvz8Ucxg$W
johnbaldwin,p0pdNIAr!h
johnbartlett,S8Fp(Foq(i
johnbauer,+p69GV5wq9
johnbenjamin,^dW7YcgLg5
johnberg,30Y#jjUg#v
johnberry,ioc8O3Aa!C
johnboone,GN(0RWj0jB
johnbrady,3M%JM_Oi#0
johnbrown,#HX3uiYcx+
johnbrown1,^d4vDaJuOH
johnburke,h^**KwDr%5
johnbutler,_9S31tJs*B
johncampbell,jbt3Cqr_)Q
johncarr,@e1xmKmPw^
johncarroll,TuVwQb!s^9
johncarroll1,q%43DJcvgQ
johnchambers,eK1V2GCd(d
johnchaney,#E%ZzXiv7K
johnchapman,^3juVNx53g
johnchavez,^VRaETVv&2
johncohen,#Zc(0At1Uy
johncollins,#5VAADdfoF
johncooley,^*4WtBRJUV
johncooper,@2Trpuxgl*
johncortez,&SNUwMqx8L
johncox,umJBSVSM%7
johncruz,nr+V1HMu%@
johncruz1,_6IKMvrIS6
johncunningham,+0x2qBcqY#
johndalton,B*3OJePcfS
johndaniel,x@LnB*HA$8
johndavis,^F%D#)Tyt7
johndean,K(9UtAe+ux
johndennis,Y@y8IZG8jc
johndillon,QL22&KAu)!
johnedwards,_K3N5mHnmy
johnelliott,2#&UNngx)0
johnflores,60Pvk^ei^s
johnfox,2JsA56%f@a
johnfrazier,k!4$4XPo8o
johnfrazier1,7T5Ij@MwC$
johnfreeman,8#6%b7@z%H
johnfry,*u3DdSijDD
johngarcia,!(S7$^Nz9#
johngeorge,d0kZCwW##y
johngomez,79&DRalG%V
johngonzales,@^v1*OYaq)
johngrant,)N17XIfhwt
johngreen,7_d2P0pU^j
johngriffith,3S&G8dKf90
johngross,RpO3KMiy)#
johnhall,4^55_EOyd^
johnhampton,rL97xQwIt+
johnharris,$4Nd7Mi0lq
johnhayes,q8PkCeli!n
johnhayes1,U1Vv8nbX%4
johnhenderson,+CaZkvyoy8
johnhernandez,&4Wkll#esb
johnherrera,&i2WbGHl&p
johnherring,ePm8vFzgP#
johnhill,En_o0PbsF9
johnhill1,JVT%!7Myr&
johnhill2,!7QS%qFOG2
johnhodges,H+2Ux#e(*7
johnholland,#UD1shWvV&
johnibarra,%1MY5yBQrZ
johnjackson,hN_+0Caje*
johnjohnson,N4Yz0$Gv)Q
johnjohnson1,v(Fmh3VteI
johnjohnson2,2Y#1Yv%O6j
johnjohnson3,$r03Rfq8*k
johnjohnston,JZmkITLv@6
johnjones,zykn7Obd^1
johnjones1,O$9Bw(Mekn
johnjuarez,(W9Tc*CZu1
johnkelly,+NIqjLnr81
johnkennedy,0(5vC18n0*
johnlee,h5FCbJql*m
johnlewis,a8I@5Wu3W@
johnlin,%SQT*VoNJ7
johnlozano,@2As1cbcr!
johnmartin,ow!Qs1Mf+4
johnmartinez,$HfP$hmyU8
johnmartinez1,*a1@6Xmg2r
johnmartinez2,Q&1pDRi05D
johnmartinez3,V#ID^5Du&t
johnmendoza,%Te$6MSu9y
johnmeyer,vF7a3&Ot#(
johnmiller,KkW+8hRm8*
johnmiller1,#5&@f0nJ&D
johnmontes,P5gllCy)@0
johnmurphy,fwl2BzEfI_
johnmurray,#7ZCqlxG@v
johnnelson,H7YZFMuj@i
johnnolan,@ISjlv!)I5
johnnorton,)214N%oQeY
johnnunez,0&f8EEv3aR
johnny03,1bQAQtx%$9
johnny07,!4I@BMj9Bv
johnny44,7Q)5jLz0ZC
johnny63,71R)unVo#6
johnny82,!b8S&Wzu8y
johnny83,(82Fet#z4f
johnny91,P(5pYVhzkn
johnnyconner,(sY06HfW3)
johnnycox,P923V7sz&p
johnnydavis,W(i5E5i)%A
johnnygonzalez,74QLx56@+H
johnnymendoza,!51G7uXQGd
johnnynguyen,+KmN$gqb7k
johnnypeterson,xJ0ZbJ*q&L
johnnyreed,2)1$(UuU!*
johnnyrichardso,2o99Xbfk_0
johnnytaylor,*0GyqRqb!2
johnnytorres,@sIzEyt4T8
johnoliver,@6iJ4nGe4+
johnolsen,(wXg#jGs7C
johnparks,pag*^9Jdow
johnpatel,h$662KLjrN
johnpayne,!sg7Hy*o8#
johnpearson,H1R&l91h#k
johnperez,)y86uO%ht@
johnperez1,kd1MFeFf#$
johnpreston,VrL^3hHj(Z
johnramirez,%2hG$u7E0l
johnramsey,$11TXlzopN
johnrivera,((H6G$rpRU
johnrobinson,$g9ZJbgx(7
johnrogers,&)OW4TgOB^
johnross,&I5TWvFj_3
johnruiz,y^2!D2IygN
johnsanchez,(Wd)WkWnq1
johnsanchez1,An#3dyVa&)
johnsantiago,p^Rc34qXYG
johnsbrooke,^rEQSQ6&r2
johnsdarlene,0r7uQODZn%
johnsellers,177Z!_+u%_
johnserrano,t*3mPry2v5
johnsharp,8$H8g#*tRM
johnshort,^yQidcdw+2
johnsimmons,^FKfnxRUq0
johnsims,+5$07JGulp
johnsjanet,^01Zv%h(V1
johnskinner,_345TP%jqP
johnsmith,RC8fNDo()z
johnsmith1,%+Z^5fEh38
johnsnicholas,1QeEyrXE_8
johnsonadam,&2IaB+2PlX
johnsonalexande,$(F7#kxFP3
johnsonalexandr,vI3k11f&M$
johnsonalexandr1,5F1KLeG4g*
johnsonamanda,0!6C!qmM&%
johnsonamanda1,_4S@8!uC*3
johnsonandrew,@1AJ(7+xo%
johnsonanthony,x8IAmWCK&B
johnsonashley,!5Xl)*aav^
johnsonbenjamin,$YRlz5Dob8
johnsonbenjamin1,KpQ8B*a@&8
johnsonbenjamin2,!*MVJw7+y1
johnsonbethany,$qRf5@Fp33
johnsonbonnie,hH5KTqMck%
johnsonbrandi,&F1Rq7N!B6
johnsonbrandon,_TzVLPRny2
johnsonbrandy,(0N^crtuof
johnsonbrian,Y$78IgdS$R
johnsoncameron,#K8N$sMb8M
johnsoncarl,u(G#q8Vh8!
johnsoncarlos,!CVkSo4op3
johnsoncaroline,y)1J1Yyofb
johnsoncesar,_r3O(17ofC
johnsonchelsea,@23N)zEX$A
johnsonchelsea1,J%4YKdI%%4
johnsonchristop,mj91oMAII@
johnsonchristop1,5Jh38T)p%J
johnsonchristop2,y(e3Wr!3)6
johnsonchristop3,^1fyGfmoJW
johnsonchristop4,#cYkmPvwR9
johnsoncorey,s8d3Bi#J)&
johnsoncourtney,&5S#es&K_(
johnsoncynthia,TG2NNPfvu^
johnsoncynthia1,W$v9RVLe&O
johnsondana,v&5%Vnj8pV
johnsondaniel,80rf8+iz&D
johnsondaniel1,q_5QbYyvH1
johnsondanielle,m@6%RVsKe+
johnsondarius,%$PNjXUk+3
johnsondarren,#k#ZztZw&8
johnsondavid,y#7I*Zebx#
johnsondiana,v5)IzSFc$V
johnsondillon,_BJ_O_ax0u
johnsondominiqu,UFz3CMFx$*
johnsondonald,G!Y&j+yr!5
johnsondustin,Y3Ft4Zox@8
johnsondustin1,8Ht&4JroAr
johnsondylan,*Q0SOu9t^I
johnsonedward,&9CN+7yoFD
johnsonelizabet,+W_egDkk)4
johnsonelizabet1,6fw3RIFI)s
johnsoneric,E7Fe+3OE@k
johnsoneric1,!wMoNPOr)8
johnsonerin,51AM*Dh#^%
johnsonerin1,!8fJt7Sfu7
johnsongregory,@yQnnG$D(0
johnsonheather,Cs7(C2Qk+*
johnsonjackie,)04(uTkKB^
johnsonjacqueli,v3PUNNW)%l
johnsonjames,!aYqTfhvV4
johnsonjasmine,S8aUcwgj_C
johnsonjason,Zg6KKG#H_2
johnsonjason1,4+19MYad)Z
johnsonjay,h_5D&u69c9
johnsonjennifer,Fg#3uvPe^V
johnsonjennifer1,L()6(dDQ7z
johnsonjeremy,)xO&J0b3&4
johnsonjeremy1,2dLwf^vS&P
johnsonjerry,yBxTMeiP^7
johnsonjessica,P@@(8DNffo
johnsonjohn,@QB8F0Ra)n
johnsonjohn1,@8M1Zxnq0+
johnsonjonathan,*r^#7Q!qsS
johnsonjonathan1,*Qu0Q*p9^)
johnsonjonathan2,5IvUYBqc#G
johnsonjoseph,uG!4lDTjvF
johnsonjoseph1,!j8Cu8liSs
johnsonjoseph2,c+yr9&YpbF
johnsonjoshua,17PvecUg#Q
johnsonjoshua1,rb836YXo(f
johnsonjoshua2,+9MG!lbo#o
johnsonjulia,5x+Et%_r$y
johnsonjulie,Xj4ZON2KC(
johnsonjulie1,3M1Ucgq1)a
johnsonkaitlin,K%z1Eb$IIf
johnsonkaren,@kfxFcU)+4
johnsonkatherin,E0m)P8Yr)f
johnsonkatherin1,f!5P4aZmfb
johnsonkathleen,XGyx3F8z*2
johnsonkelsey,!*uVpLzL)0
johnsonkenneth,$Foas3Al_+
johnsonkevin,fSP#g07ex*
johnsonkevin1,&dA*nq7i8u
johnsonkevin2,%nALaTHu*2
johnsonkevin3,h72Refqk2_
johnsonkimberly,%XYpnbKM3v
johnsonkristen,RI4E_CtV@v
johnsonkristoph,*C^$DiI$a1
johnsonlatoya,1R6AbSAU)Q
johnsonlaura,p8)YWaYl^A
johnsonlaura1,o_7w4MxGbU
johnsonlaura2,IG#$#4Dus6
johnsonlaura3,V5URawIX#+
johnsonlauren,)O&lNMw8T0
johnsonlinda,z^8FgsoONE
johnsonlindsey,p1@5xCTob1
johnsonlisa,$J**C8W+g3
johnsonlisa1,@uTh5Njn0Y
johnsonlori,*3ac2RTvFI
johnsonluis,&3Df*6qy*n
johnsonluis1,@)11MC&kgD
johnsonmariah,R82%WazB@s
johnsonmark,pP8Wv!3k)z
johnsonmary,0mM)6NOKG*
johnsonmatthew,0QcL99cgS!
johnsonmatthew1,@8X43jKe!5
johnsonmatthew2,Q^cZ5L4eTv
johnsonmelissa,M$v@74Uopl
johnsonmelissa1,m28EC_Dg%1
johnsonmichael,S75MuAXew_
johnsonmichael1,#hMs5Zfv$Q
johnsonmichael2,*2UX+V^fvB
johnsonmichael3,%pf#LZtq30
johnsonmichelle,#9Ox0j6Ba)
johnsonmichelle1,_3Q9Zml7(G
johnsonmichelle2,&v9De^DgI9
johnsonnatalie,!KU4QFbgDW
johnsonnathanie,z@+B1M53%3
johnsonnicholas,Ju&@2K$l3G
johnsonnicholas1,@@f3Jv!o7Z
johnsonnicolas,N5eOXwIn(n
johnsonoscar,HbP4qtlr!4
johnsonpatricia,UZ7NH8ymv+
johnsonpatrick,Cm31mnPjQ$
johnsonpatrick1,USUE0JYpl^
johnsonrandy,l)0yG43m$s
johnsonrandy1,_*0^IQVdlz
johnsonrebecca,Y9OOvQqa*5
johnsonregina,!h%1Btuh)D
johnsonrenee,^1EhJKxB7B
johnsonricardo,R17DSixz*M
johnsonrobert,ZN+0Fv7u$Q
johnsonryan,$P3NuZsH_d
johnsonryan1,Ru%A46Nc88
johnsonsabrina,+EhWKuGgY8
johnsonsara,iG(0Hq1Jd)
johnsonsarah,%2G1I&Rrgs
johnsonsavannah,WxN5BBk(_7
johnsonshane,z_8*WiAbpc
johnsonsonya,^2S_CJqCT+
johnsonstephani,#sZJaXiCU6
johnsonsteven,n)7BrvFyk&
johnsonthomas,aRiR6zSA@9
johnsonthomas1,^v4$5!Dxk8
johnsonthomas2,_F0ZLMdf*c
johnsonthomas3,2D@4B3aMcg
johnsonthomas4,+Vd_KCGR5k
johnsonthomas5,srr3ALly$L
johnsontina,2c4nJ7Jb*q
johnsontodd,Q2d09Ggr%R
johnsontracey,%D&X8Ebvti
johnsontrevor,igVw!sGA$3
johnsontyler,%E7R05Wcpy
johnsontyler1,+7PDK_(m%R
johnsonvictor,ntCCg%i$*5
johnsonwendy,!426EuE&AF
johnsonwilliam,u$M^0gXxPp
johnsonwilliam1,UX39%KkWk_
johnsonwilliam2,*dvwDiWo05
johnsonxavier,)9$+Mvvynd
johnsoto,$9Mn7lh!mZ
johnstonaaron,i2l1mFqw!x
johnstonangela,@hXE#tGXX7
johnstonbrittan,&sFWaGSmn5
johnstoncandace,6ZH5GGGd)9
johnstondonald,DjsBIVrO(1
johnstonjennife,&I4SXaYk)^
johnstonjerry,phI4Wjg4^V
johnstonjoseph,U^7W6Ujthc
johnstonkenneth,)kt7Zzvb&4
johnstonmartha,$6LY4DGh+1
johnstonmichael,1ZYhrDwc%k
johnstonsamanth,2S5Fq(sY&H
johnstonscott,m97T)m28H)
johnstonsteven,()AWLhXFy3
johntaylor,+3R%v)Nm!*
johntaylor1,#mE8g_zwk7
johnthomas,0N5yEJdU(o
johntorres,AM+5*G4kmr
johntorres1,aRQ3ATxw_!
johntran,N+@J1ENhsl
johntravis,#Sw%7NxXw1
johnturner,@15wDuo0ba
johnwalker,$_9gChUNwL
johnwaller,Fh3fL5AIx!
johnwebster,doESoxvF$2
johnwest,@9PKEmJcRc
johnwhite,jE4Z)Ryx_f
johnwhite1,_2V!wseK!8
johnwilliams,66U%4Lir)H
johnwilson,gkZE9VaU+1
johnwood,$338lBoo$e
johnyates,$$Ca+yXw)5
joliver,X!Ur1ILeSf
jolson,Z^)W2ILyTH
jolson1,(qH3LbrJN!
jolson2,!5B+lJaF3m
jon15,mw8mYcsK)Z
jon22,n@h7R#Eu$h
jon23,1d9ZL3xd$!
jon32,I5QgDz*##5
jon50,t0SR^e#v%e
jon92,Hs5B2Sgp(!
jon99,_0RgoSMj3z
jonathan05,^8Jbvidw&+
jonathan08,z$X7VygF4l
jonathan10,Gi3_vVCz_t
jonathan13,3J52HoQwD%
jonathan17,!l6knvJlq5
jonathan18,_PloK1plR7
jonathan19,7!9+BZMa5)
jonathan191,5vcTxa6Y!*
jonathan23,@1M(61Yu_W
jonathan231,#u4#d4Yvan
jonathan26,v%1PP(cJLU
jonathan261,&4YG_F9igc
jonathan262,Z)81WQEnoM
jonathan30,MCm7Tcu*#)
jonathan31,N!t0#CHfyZ
jonathan35,)xJ4h2Vv$p
jonathan36,$wg%x*Qev3
jonathan38,$a35AsNlbh
jonathan39,YvxaIyoC%8
jonathan43,*95uBWrk1a
jonathan44,u9SMYxgn&#
jonathan47,_zFUs7Bq&2
jonathan471,!lN(!7wL3m
jonathan48,JQr$T%Yf#7
jonathan481,@yb2F2tr+^
jonathan49,76C07PMd@F
jonathan51,W84iy(fq^M
jonathan511,(1WIAn6fa2
jonathan52,G6Wa4Rjgn(
jonathan57,*1a1_FhWK+
jonathan60,E#5C&zIqT%
jonathan61,19BMQito@!
jonathan64,p!7r9tBr!s
jonathan69,(84HXLjouq
jonathan691,Wlvt9QDa#8
jonathan72,W_Eo4XPf&z
jonathan77,&Oh#x(Cd^4
jonathan771,0!2DAx6zjH
jonathan79,91En+dyI#$
jonathan81,r#3wH)Vt5i
jonathan82,7ICNv6nu&a
jonathan88,+FwL5&Qv3K
jonathan89,%$CH35UkrI
jonathan891,#O6HEc+0Yj
jonathan892,#bu_LMzD51
jonathan90,@0OMZoah_3
jonathan92,6pCii&Mz&C
jonathan94,f9JIM*Wf!c
jonathan96,Q&+2#6N#@v
jonathananderso,%2*+SkmiRg
jonathancarpent,$O)FAUeGS8
jonathanclark,cxN6@DHxp^
jonathandavis,#eOnItFj^4
jonathandillon,HLp+6Jd05(
jonathandunn,+rTgenEz6V
jonathanfernand,m@2Vx_Wa&+
jonathanfinley,f*7D3CcC5e
jonathanfowler,&2Zb7Wd#CJ
jonathanfry,*11P&HSv9Y
jonathangonzale,sT8!YZYj_C
jonathangrimes,l)oifWji(6
jonathanharris,cbX#uVy6*4
jonathanharris1,$L42AcAc1w
jonathanhoward,E!13ZLRzn_
jonathanhubbard,HmI6Qf43!G
jonathanhuffman,$_O07^Wx*T
jonathanhughes,(wOp+D3^5V
jonathanhumphre,8@1B3TfL()
jonathanjames,h3CQWPx6&A
jonathanlevine,g!@21!Zuaz
jonathanli,!OFDmlfB0S
jonathanmartin,W_1eRgYfEr
jonathanmay,wAJViZ+P#1
jonathanmcclure,x$0Jj(E80C
jonathanmedina,ec2n^XhS9@
jonathanmiller,pkP#2wZw+K
jonathanmontoya,$LLsp)o+@4
jonathanmunoz,7%7VZrm4yi
jonathanneal,+o2UVVaFlp
jonathanoneill,xI%4WhLF^L
jonathanpalmer,2#8CGv!uuc
jonathanpatel,W408Fbklc!
jonathanperkins,xf^S1MWpQ&
jonathanreese,K0kUrTZq&0
jonathanrichard,@2UPQ)Rxr2
jonathansims,SSg#85Ltg_
jonathansingh,A)6wKdew3e
jonathansmith,!5Tmk^v0&Q
jonathansoto,ER9JJ6Gc%c
jonathanthompso,po1TE0jTv!
jonathanthompso1,K)6!^TpH8!
jonathanthompso2,^28@Cnj2S6
jonathanvillanu,%Z6u3bPpl*
jonathanwade,35*A#pS*(l
jonathanwade1,_T5IMohk!5
jonathanwiggins,xJ6JDQBes@
jonathanwilkins,)&IQP!bE1^
jonathanwilson,Zw2GxZ7AX#
jonathanwright,E5juVlrt^x
jonathanwright1,#bG6Z6Oj*E
jonathon69,Ah*_4HN8h)
jonathonhines,b0SB)cjZ$*
jonathonmcguire,^9vzeEs^Qh
jonathonperry,^sTy%jR^7v
jonathonphillip,s3O2eOl8y#
jonbarton,(E3LRJCr72
jonesaaron,)1GEBte3bO
jonesaaron1,4@S7lTGcX&
jonesalbert,Vi2(DhSb%8
jonesalexander,F6NTjIhS$A
jonesalisha,ib8CKdGBS*
jonesallison,A8fT4UoK@7
jonesamanda,_w5VaYf(#1
jonesamanda1,@p0Yywzt7p
jonesandrea,wMn4#FVd(!
jonesandrew,bnt4hWo&)Z
jonesanne,J$_50AQx^v
jonesanthony,!LQrFJzwu6
jonesashley,e37@Ni2w*D
jonesashley1,^S(25DiuuQ
jonesaudrey,e8ex@!F2!a
jonesbeth,K$26VbdDvk
jonesbeverly,v%9tZur!qX
jonesbrandon,*E0udVqjuw
jonesbrandon1,^t#CAmwg80
jonesbrenda,XG8+^6Zg*@
jonesbrian,w6RBnAm%+R
jonesbryan,z2gjXcW!_D
jonesbryan1,k6Ji4RYo^c
jonescharles,4xeRbH6d@N
jonescody,@l0ByhEFSo
jonescourtney,(58rJFl*SJ
jonescrystal,pQmL3H^y_o
jonescrystal1,)6UzrkCQBF
jonesdana,!1aJb*We4@
jonesdanielle,r!1Xisnsbs
jonesdarlene,!1rndIoY6j
jonesdavid,z8tJ10so*0
jonesdavid1,!GQN9Y9fjj
jonesdavid2,J&02CMngN#
jonesdawn,@t$H@*bO69
jonesdiana,NID5mroun%
jonesdiane,F*0Er*nnN@
jonesdillon,Pz!3%GCrsW
jonesdorothy,6&1HroJvkm
jonesdouglas,%wW87Ww&r%
jonesduane,3aMKJT)B+l
joneseric,I14O_$sZ@q
jonesgloria,!7cNlp_s#V
jonesheather,+3oX5swrBa
jonesian,$)8OXPMs$s
jonesian1,(IgONbMY%5
jonesjeanne,*3BRTvY9Vz
jonesjeffery,j^PN4KuK&%
jonesjeffery1,$vY5Sypm8r
jonesjennifer,@9JGTIJkyR
jonesjenny,nVv7!WUuz!
jonesjodi,(UTNd4q&47
jonesjonathan,&50&HXww(%
jonesjoseph,@fBW6icv4G
jonesjoseph1,k@xz5F5b+1
jonesjoy,1wkInhHc+5
jonesjudy,T7KDG9_^(w
jonesjulie,%mB3Zy2#O2
jonesjustin,&U8NtTntgM
joneskaren,gB^*R0PhTh
joneskeith,#K(0!HwbI)
joneskelly,%8cu3XZwr5
joneskenneth,!yfg$dR0L5
joneskevin,5fRy3J29^+
joneskimberly,#(9OhD66n*
joneskristen,)1JNI2tX*a
joneslauren,+i_P3Jahyc
joneslisa,r7)XZPmb#H
jonesmargaret,+C^6xXfnl!
jonesmark,S6mT(IjV!O
jonesmary,3S_YeRcD$L
jonesmary1,(vBOwzvn@4
jonesmary2,c(2YG5zLTr
jonesmelanie,Q)5A8hVJ3t
jonesmichael,^$uSQ6119q
jonesmichelle,&9Nq+2im^i
jonesmisty,c$9FbTLtxI
jonesnathaniel,hiM43S%k$6
jonesnicholas,$ppJKJ5O&9
jonesoscar,_Fyq7fOqR1
jonespamela,!X0UdJs#$o
jonespaula,+4pMwENut@
jonespeter,%3l$%Ls$Gs
jonesphillip,*Vq@olvan4
jonesrachel,(BUu1Ran(u
jonesreginald,2m72dXl_5$
jonesrobert,$a@Ym@A#3S
jonesrobert1,*cZv8Ikh$4
jonesrobert2,j69MTqPv*U
jonesrobert3,f(4GSzf(J@
jonesrobert4,rqv4@PMf$)
jonesrodney,8jAiV5_)@8
jonessamantha,J%1o@+Cee+
jonessamuel,Nkj5PD)em(
jonessamuel1,A86ZuONnu%
jonessandra,_$&6xaLuHT
jonessara,(EAc#6Pq!J
jonessara1,s8Mwk(xa#a
jonessarah,)1a5RLTs)e
jonesscott,_up0rCjWy&
jonesscott1,6b7CjTFo!^
jonesscott2,BL1H&*Zc)0
jonesscott3,Jqtnwi02_7
jonesseth,iPYx8BSv(Q
jonesshaun,!G1fgGfAUd
jonessteve,)6EU8BZqms
jonessteven,7WBHibmt@1
jonessusan,v&^J1HAsF^
jonessusan1,#6JFZhY9Vt
jonestammy,&2CXYzugql
jonestaylor,&9F5M)laOe
jonesteresa,JJ(2gKc1HZ
jonesteresa1,*1ZbPQYR5I
jonestheresa,+&7E_VjjUR
jonesthomas,0_x2AFmiNZ
jonestimothy,kgG66b*i#6
jonestimothy1,@8IA^oCxH6
jonestimothy2,#NAsy2Jsfn
jonestony,_HHF1hvm6n
jonestracy,j!2hYe6i)+
jonesvanessa,*t^BOwH9y*
jonesvanessa1,1%!9Dpb(3@
jonesveronica,@jkyEg1r!9
jonesvincent,)51sN1R)!c
joneswendy,HZ+1JpFyXg
joneswilliam,6*XhSGq(#C
joneswilliam1,l$3sEg4#X!
joneszachary,$KT45TtaB+
jongeorge,xp%L3IpxNL
jonkirk,#2SYig_XzN
jonlogan,fY)g8Pz)Hg
jonrice,s7Fvm2qH^6
jonsmith,4bS2Gd)$k@
jonwilson,+q96Z6aF40
jonwood,A)P4N*nz1k
jordan11,&F_g5DrBF8
jordan32,7+&HVWmH+_
jordan69,+mS9FDYsd&
jordan82,l)^0JKdE%@
jordanadams,@7SqW1oMu4
jordanalexander,@%M7DM0a&9
jordanalexis,*#2BkeayDE
jordanamanda,S_&7Sixw+4
jordanandrew,)5Ps6!SB9q
jordanashley,#Ke5HiiLA(
jordanbarnett,bb7WKz5Xp$
jordanbenjamin,0(9x7cX#Ai
jordanbooth,S*6*TBj8YY
jordanboyer,gu98O0Pz%b
jordanbrian,P5UIIESn+N
jordancameron,i4c8VA^o$+
jordancharles,Z$51OJlYhu
jordanchristoph,_AtNGnNc4M
jordancohen,0*&dt7IulU
jordancook,4me5x+El%e
jordandennis,01%KlrZ#(0
jordanelizabeth,P_IUIzVH)2
jordaneric,eGTZpF5nE_
jordangonzales,#9tAlEeq&K
jordanherbert,n)LJda0x)9
jordanhernandez,7lTnPYsH_6
jordanjane,V$60_oEwlm
jordanjay,jQd!9Log)x
jordanjose,k^rUC9CkAn
jordankristin,(Ta10Pc!bU
jordanlinda,33#9Al+&#_
jordanmichael,_FRiz!O65t
jordanmichelle,)fUR8fEc3T
jordanmichelle1,*6L8fA2hzE
jordanmichelle2,)3DIUnlxD#
jordannolan,%B45P#rgh&
jordanscott,_4N)7WjYLC
jordansingh,SY7JrG4x#M
jordansteven,Y2HW@Lt0$Z
jordanveronica,*w3HkXeF*I
jordanwalter,%fVf%PEMP1
jordanward,)0nSOo%fGf
jordanweeks,%%HCC1BuI#
jordanwilliam,!6aNOuSa8K
jorge03,(cT4eGqnM7
jorge11,*iXxG^$6J3
jorge42,%p20BWlG$L
jorge51,eD)vR4EcU4
jorge74,!9%tHOyDHk
jorgebyrd,^2$^EguRsb
jorgechen,9yK6I^6T)u
jorgecollins,$gEV3jg(h2
jorgehardin,8_d+2ERw8_
jorgelee,6N)FRuh!^i
jorgesmith,2#xnI2WaK)
jorgewilliams,#4wOny)@(w
jortiz,@jsZXwvV@8
jortiz1,w(AfWz%q*3
josborne,$S7ZaIpZ%y
jose02,fe3Lmh)u$e
jose06,+fGJfjLx8s
jose10,XKm)C2OqPr
jose17,*7eCsGT$*r
jose18,I$V8FGizyi
jose20,#M3JBmSv7v
jose21,m))@A)Kw+1
jose26,h0Ds!LiP!3
jose27,6$3RSDf#k$
jose31,nJ0NUMfC&G
jose32,H&!6(Y+%Yj
jose35,^BsEydPJ05
jose36,T6ByTsei)8
jose42,6#AssHms+y
jose44,TZ5Y4Pe0r_
jose45,+4V0nPCH5s
jose60,M+wA8A#uiL
jose67,+98MtrkbnS
jose68,UC5Qh4pPQ@
jose681,(*5HeZs8xL
jose682,c0NJjKvu(*
jose69,^r74arUa*h
jose71,8hpFSmIp#8
jose711,O&qY6OYybC
jose72,!1onmL*mn9
jose78,R$D26LEd*(
jose781,^59EsWmUaN
jose85,(crn%#Lm15
jose97,e48NjPXsJ(
josebishop,E*&MW4Giw*
josebrown,Nb$QmD4K_1
josebuck,lf6XegWOY+
josecarroll,amOQTqss^0
joseclements,MKOat%q!!2
josedavis,Sxv4+HTsT_
josefigueroa,@xAMSD^0d8
josefischer,FNZCcnqf^4
josegardner,_BBp$yMkq0
josegray,P94#4Wzo0@
joseguerra,oWO*Rp$q)9
josehenderson,^L31R@Mnur
josehenry,gu#13KcV(5
josehenson,d$i!5wau#J
josekerr,1e$00SGwIz
joseluna,_H$VaK8ox2
josemaldonado,A$6)2JG0(b
josemartinez,%4HTiw@#$a
josemckenzie,y_7rNJEHZg
josemendoza,$BSN*dodF0
josemeza,%Q2$6ZrlkL
josenixon,Ch%7Xtt9^s
joseoneill,D(De1Dt3yj
josepalmer,$V7Zx2TZ+!
joseph02,m2sSSbGl(g
joseph05,H*s0SgTEp$
joseph06,8Xe14YcZ+v
joseph07,&7(T9WiJ7Y
joseph08,!6PRChq)!6
joseph10,$fT3I*rZ5q
joseph12,%!GTltkM6t
joseph13,@IOut$Xxz1
joseph15,6gPMGFZ1_$
joseph16,!9vOPIIt#b
joseph17,thtCLua#%8
joseph18,!b5ERgJrw!
joseph181,D(Pf9od^)3
joseph182,PD)Ds%fc@7
joseph19,_CY5GpcJR^
joseph20,4(wEGjFi*t
joseph201,_G4pY1agLY
joseph22,%8E4EE)uG5
joseph23,(hamJ31q5d
joseph24,#Xk$1nEbfA
joseph27,$C4yHZgSHt
joseph30,xF#Txt8m@7
joseph34,Lln3jYea!B
joseph35,v#Y43aAe@l
joseph351,D@bc8EkVKp
joseph36,!d5NatmiSl
joseph361,Do*59+UtWb
joseph37,$zJSkZ!bM4
joseph40,Xjgf9Upj+i
joseph401,K)NETto6)6
joseph402,G+KhxYji!6
joseph403,C3Df5zN^(0
joseph404,(OMyBsrA)2
joseph41,G6&EqZad@s
joseph411,00W+%D*o&d
joseph412,!8TJNs47fc
joseph42,!gZvJIfCV7
joseph43,%F72qU)fcY
joseph44,*A5yOa0LP%
joseph441,(TAg*dq5+4
joseph45,!l)9Dik@PH
joseph47,W15YnrW!&n
joseph48,P(U8&3tb#W
joseph481,3GImFiO5_2
joseph49,^631!0Tg82
joseph50,r0O*I6c^^+
joseph51,!kY1RoGc$K
joseph52,ly2HAW#c_V
joseph55,@5$4NrBQiB
joseph56,ArcT)eT9(3
joseph59,AgGrKdYh#2
joseph60,#Y9g+Gw+EL
joseph62,3&OF8FyA+J
joseph63,R$Gy45Oiit
joseph631,^5TClM2k&T
joseph64,@6nS9TuB0p
joseph65,$^3nEb6Swq
joseph66,bt%x4TpJG(
joseph661,5qYd2JPc+3
joseph67,wI19bO6d7%
joseph671,%bf2Yy4*11
joseph68,^PSC87KuvM
joseph69,#TLTJ6NAv3
joseph70,EX9B*xYv@w
joseph72,Ac7JtlICA%
joseph721,@3Q2HHfxoo
joseph722,gD0t+VEg+1
joseph74,9S_7dAnYJ2
joseph741,Low!3SmGU8
joseph75,%4wsLFblRb
joseph76,(0mPY!bz3_
joseph78,g+nm0PSc_Q
joseph79,&+6bQGwLe0
joseph81,#a%5QKxo$D
joseph811,$bCoJAVkK3
joseph82,H#jLdoFg_5
joseph83,AUSy9QAT%0
joseph831,()I*eFLw7T
joseph832,yHjZWebg+6
joseph85,z+Y3KDZs(W
joseph87,S(PT0Np+Kd
joseph871,5+27Sw(3s$
joseph872,cdV&Kpao(8
joseph88,(e_EsNrln3
joseph89,nR7KO*Gj+)
joseph891,^R9MEIIsCO
joseph90,@q(0Iig@#r
joseph901,%!2LibqHz!
joseph91,_jsXdl7_Q5
joseph92,lX4))YSl!0
joseph94,q85VWt&!%x
joseph98,79YjQj2n)h
joseph981,NQ1Uow(D6$
josephadam,!_ZK)w_7k3
josephadams,^bP(GkK4H#
josephadkins,$I8nrLhQct
josephanderson,6+5F2Z5kHw
josephbailey,5PnEr9#j!h
josephberry,^SDaE6b(i4
josephblack,lKzC9Oni@o
josephbradford,@)EbT6kO94
josephbrown,*79TwTvfiN
josephburns,k()8f!vu7D
josephbutler,%R3j(U6qtu
josephcarey,J_*@3UnV5k
josephcooper,+N9obIgH%P
josephcowan,a93Hts^1#a
josephcrane,AY$Q1Fxjbo
josephday,k&4ojIgpue
josephdiaz,@8WY7Dv3DZ
josephdiaz1,*YmE$vYka1
josephduarte,+bOxDtNsB5
josephespinoza,*Dlp3eMzpc
josephflores,&1!KwCEuA2
josephfoster,#4rUa7pKG3
josephgarcia,)8JMdcbJ1Y
josephgeorge,)UqZDWhh7k
josephgibbs,&Ag31FcQXA
josephgilmore,^f7TrNVz1^
josephglover,O$!2u3Zh(H
josephgomez,S87UWZGy+9
josephgonzalez,jV31IsrLN&
josephgonzalez1,h0E+&(Yl%n
josephhall,^L4^+JNz^b
josephhall1,5Y#AHxbn*7
josephhamilton,F8tdG)T(*z
josephhoffman,!64IPo4Q04
josephhull,$6l3JnxO00
josephjacobs,XMlMdLWp^5
josephjames,c&Xo7WZinf
josephjensen,)iU4qrTh39
josephjimenez,TK1Vy174n#
josephjones,QB(4&VNti_
josephjones1,m4^0JgpZbS
josephjones2,4i23T7Hb$*
josephjones3,!8q+MYKpQs
josephkhan,%Y3SkrZh*D
josephkim,!xCx63TlBO
josephking,c3Pj6pMe*Q
josephlarson,^1G)9iu&U4
josephlarson1,#5+aMbIvy4
josephlawson,r@0xTSk6Yh
josephlewis,nTx9a2Nzh*
josephluna,1T2$7#Na)t
josephmcclure,lnmcEdwo^4
josephmcdaniel,+ty0JxHt@*
josephmcgee,4s*6rJGgZ!
josephmedina,_m1rDygHqk
josephmelanie,i93q$pAnJ^
josephmolina,H9wMr@Vc!4
josephmoore,b6rT86I&$_
josephmorgan,+R4OF1)ny5
josephparker,ge8uyCw+_R
josephpatterson,MV7Tz+e$^F
josephpayne,_5IZnSxXNG
josephpearson,3)4A+tyhrM
josephperez,gV4kZXx@n^
josephpugh,vu2yLhy2n+
josephramirez,J7CA7ndc&6
josephrangel,#E_2YUkx6X
josephrice,#X83L$Qz_!
josephriley,yuW%1^U9(5
josephrivera,)9ah@tPd43
josephroberts,m^661ZYads
josephrodriguez,Rx9PB@cbM%
josephrogers,$NV5TB5mz0
josephromero,)Azve6UjbD
josephrowe,(r_IkRX5x1
josephsara,%x3s$ROcFZ
josephschmidt,^@w6sTyost
josephsimon,m&@X8Dw5le
josephsimpson,RNm6ZyFj)6
josephsnyder,#2(h#tJoEz
josephsteele,WZ$h5Xzd@+
josephstevens,js0PaA@KE)
josephtaylor,G(o6Aa&lX)
josephthomas,W0)Pmd@c%b
josephvanessa,*0EYRXbpVc
josephwashingto,a4ZR*qDv^N
josephwelch,(5U2TlAp_7
josephwells,5UBHmpri_@
josephwilkerson,9yB1DBApn_
josephwilliams,#5H@@Hjn$j
josephwilson,E&8YCjL*jE
josephwyatt,$uAWTgmji9
josepowell,ne4WAiJq_L
josesexton,V!3RhzmZk&
josesilva,N$I+y7P*0o
josesmith,$Q3T2lzvRh
josetownsend,Z$CU8WMws%
josevasquez,e604FUaS*y
josewebb,$brD8Iby*N
josewells,$cE21C!pfF
josewright,u#Z5OYwBA+
joshua02,B2UYfy22#o
joshua03,an4JmMq$#v
joshua05,5%7hcRwpP0
joshua06,m*Pp^oL4@7
joshua061,#2nqTTwyjI
joshua062,fi0DS2Yz@R
joshua07,g!2FUV$s@F
joshua11,zA2WAWCl^9
joshua12,j_3SWmiXf1
joshua121,i0H#3Lgry!
joshua14,!8*FJ2FaUQ
joshua16,0s)clK7o%0
joshua161,+96MYgfb47
joshua18,5G3K3Ec5&H
joshua181,HDv4$2Yd@Z
joshua21,(6_q)DM$ep
joshua211,z69EXNcx)S
joshua212,%6RMOpvqu!
joshua22,t4JUlQLw!Y
joshua24,(e0MLY(q$%
joshua241,(KOYc2BN$4
joshua25,(2lTJW(v@1
joshua26,Q^R8yRTp(6
joshua261,_8XP&fRn7#
joshua27,y_9Ig6x1K9
joshua29,5#+7J#j#Gr
joshua30,@OS7yPjRKo
joshua31,(E9vCltqZ@
joshua33,MgraPWx*$8
joshua34,7E48uKCn!6
joshua341,)To2Kr2)Nk
joshua36,q(0vx4Nw(4
joshua37,MY&7uCzPJf
joshua40,r&7Fvzo*^y
joshua401,@2JbmJS@1v
joshua41,+Q9j^ASw@b
joshua42,d@^3I)yQGZ
joshua43,0XTO!g&O+E
joshua44,+jGzWgvH7)
joshua48,!6nib#&hXQ
joshua50,RQTp@dcs!0
joshua51,*4@9vTpx7s
joshua511,nl1y6LOy4)
joshua53,Z_^9yPiw0l
joshua55,(8Kkk&vSkN
joshua56,3#50LVct&_
joshua561,@UlBeI5Hr7
joshua58,C#S9f5R4wz
joshua59,G0r3UhVo$r
joshua591,%R2pp+JntW
joshua60,p6#$7*Ee+d
joshua63,A)n8@Ty7oj
joshua66,*rkte4Keuf
joshua661,)EF2TpdvY8
joshua67,q%$1%F(e#q
joshua68,Q32Z6M!p$%
joshua71,#g3WPtnsF*
joshua73,)H41zUlc%+
joshua74,M1V3mJXx#&
joshua76,+JQWFna&8&
joshua82,^!WJD$kd1G
joshua84,%4T7X4xkBW
joshua86,@eZ(rhWg3h
joshua87,)%f1ZRfu9G
joshua88,!bp05nAt7p
joshua93,21DUatnV$9
joshua94,H(1W^G@wl7
joshua95,Lw78GxvHr&
joshua99,C17qRAa0(V
joshuaallen,*G9g6BKm^P
joshuaarmstrong,!ix9E*Kn+Z
joshuablair,7^e3ZTbw4Z
joshuabrown,0OTjdvfl!9
joshuabutler,2wYE&7Ew(o
joshuabutler1,yd3Dsxb&B@
joshuacharles,oQ6QE#Ol%R
joshuadiaz,*X(yBAFda1
joshuaelliott,fZ$LXgvv&0
joshuaellis,PJ+0dSc(V0
joshuafoley,^s2j+JoO&4
joshuaford,f26GqcDt+(
joshuafrazier,^zs0rVcq7p
joshuagarcia,7TbT2qFaX@
joshuagarcia1,$PLfiRN81Y
joshuagarner,+Cw1AJpJSF
joshuagiles,hV*6T63m^2
joshuahale,Sb5PwOguJ#
joshuahancock,!%R9MAytiC
joshuaharris,Cp1(wG0@(7
joshuaharris1,!9v1U^fnvT
joshuahenderson,%1apND(nLU
joshuahill,^30hRxkoIT
joshuahunter,xlb1GERRS#
joshuajackson,B0@5oGcz&q
joshuajefferson,lj0mVhPj%n
joshuajohnson,@SPY0LlgQ1
joshuajohnson1,^77VC6wp$!
joshuajohnson2,NVX4!Sma(W
joshualewis,ndwa4mWs%&
joshualindsey,_463nXJeSE
joshualopez,tN@1J8io3t
joshuamendoza,93z#M#bg(H
joshuamiller,%a10^Ox&$9
joshuamiller1,94GUg^lF)i
joshuamills,E7CRhMdR%v
joshuamitchell,!92dw&Gp*3
joshuamoore,(&5vOaW2^P
joshuamosley,r!9%AI&m1_
joshuanguyen,*)9*JMMm%0
joshuanichols,#I1vHTVx6W
joshuaortiz,$#5HD1HiJ+
joshuapace,%ds3vN0IG7
joshuapark,eb4I2MHi8_
joshuapowell,S@1IIbDVKf
joshuaramirez,c(E!4SyjDU
joshuaramos,n#1TFZi3BU
joshuaroberson,6*6UH#alXC
joshuasmith,!!2$2Ea8RM
joshuastevenson,*1UXWZBp)4
joshuastone,3*JdPww9_t
joshuataylor,@_T#xQgFY9
joshuavega,zUHOUu1Z)4
joshuavillanuev,@YwiOwgzD6
joshuawall,U$5P*H$bpX
joshuawebster,^0(f2MzMNm
joshuawells,Ff8DwrDF_g
joshuawest,FN3^xbMpk&
joshuawiggins,$j(33XlMA*
joshuawilliams,&IN8)R+di8
joshuayoung,&!V4URzp23
joy14,@voQ*_2Ny9
joy30,CXL46(Bh^c
joy77,*5%Pm+9cGJ
joy84,2y0Ie6d9*T
joy86,)!7VoBrD5b
joy93,r6C7gg1S$L
joy96,)(8QqCdqry
joybarr,)l#T5Tkxw8
joybernard,_6CVKy8c$5
joyce01,09QnjS#h%U
joyce06,R(9lMKMxX*
joyce37,^93WRTwsGz
joyce63,^H6FR1gVZ+
joyce91,Gs8AUnl8R&
joycelewis,x(j9A@mJXY
joycemarvin,$S(7Ps3xb_
joycemelissa,*zE6HZv0S*
joycewalsh,tT^6EQEr1^
joyhayes,x7xkWC0f+a
joymartinez,x$3ZD#Xk0N
joyroberts,a&1Zt2d+Gi
jpacheco,9%7VJXFi%g
jpage,_xGjRD^u0U
jparsons,12PX3eEw_n
jpatrick,nK7Pgs3@p*
jpatterson,573Y$lij$E
jpayne,+zGRK&&Hy9
jpennington,#9547H)gwd
jperez,NJJd0K+m$8
jperry,s!I3EDtN69
jphillips,+m_7Fsdw@J
jporter,@+1QcEoa2x
jpowell,q(%Cyqb#+9
jpowers,%IUt68xb7n
jprice,9O8E0BCz)Q
jprice1,)nl9XYXoZ^
jprice2,n2%uypXp*8
jproctor,Q)%7!EnpDQ
jpruitt,2HDb4Ht1(1
jpruitt1,o%0TnPvex$
jpugh,7bIi2tHi!2
jramos,Z(L1qHDvMB
jramos1,&!3Kif3U^#
jraymond,^3YJ(gpoxA
jreed,YN_3@Z_h*5
jreed1,Y3!^KKs!*i
jreyes,$_C_sypj33
jrhodes,p+P30JmJ(z
jrich,I#4D6o0iB!
jrich1,gBz&a5WlNe
jrich2,%^B7UBj2a$
jriley,P9MEK6p7(q
jrivera,7l^G1$su$O
jroberts,#cLshMba_7
jrobinson,taAc^hK)#6
jrobinson1,_Jh^6Bu9*q
jrobinson2,N*E7QGPm!X
jrobinson3,5qZ1zEJr)W
jrobinson4,zu(@5F1v*L
jrobinson5,g8U&9&Tr@A
jrodriguez,lgbT71XtW$
jrodriguez1,%tcFQkb(z9
jrodriguez2,(8HuqfrtBt
jrogers,a+*d9rPhF4
jrojas,O0KKxxSh&u
jromero,R$6#Zu0yj6
jross,9d6^GKSHO^
jross1,SC68Qks3*G
jross2,$l4SkRAzX3
jross3,^^%%X3gPL5
jrussell,+6eLsMmJ$l
jsanchez,%u^bAcOS9p
jsanders,b!i9dLu4$B
jsandoval,(GG3Bcb8Ys
jsanford,u^9TkPu8Aq
jschaefer,@aFuOSCd#0
jschneider,G9)A4v2X_0
jschultz,RA892Kin+$
jshaw,)9806K9p6U
jshaw1,INY%63hrZ#
jshepard,@2Juo)Evl2
jsims,0FGA1b1%(b
jsingh,zA9oI0Ud)W
jsmall,$oE$1%VpV&
jsmith,D&JQ52Znw_
jsmith1,_jTYFV#!c4
jsmith2,s$2D5mWKOv
jsmith3,a9fyySg2^8
jsoto,$1hiTeXo$c
jspears,eP&3Rb@+w$
jspencer,@0Nv_enr+O
jstanley,cuuY2Dts*&
jsteele,i+3yAc#*BE
jstein,ih3WtlkR3@
jstephens,ewm#6RHfL5
jstephens1,Nv08xPq%g+
jstephens2,%&WnR0Xp2v
jstevens,nu3pYpGH9)
jstevenson,2HDgb!0i#1
jstevenson1,7eMX7bT)!p
jstewart,@Wc3Jzutt6
jstewart1,U^0))ZTa6g
jsullivan,Ul3$#2Jgd4
jsutton,1a6aFFSy3&
jtate,@1cntJRve@
jtaylor,9eUhYjg7*d
jtaylor1,T@0M21dQsD
jtaylor2,@IF0WYhWf5
jtaylor3,SEBFbzIW@3
jterry,r*o2nAgf7c
jthomas,K4AdW%T0@q
jthomas1,91IVVdiS)(
jthompson,2ZScLDwd+4
jthompson1,n8PTa*ZM*L
jtorres,_RCZc0d_2U
jtorres1,94eF91yv)j
jtran,)tAMsjVSq8
jturner,3m2DB)Kd(1
jturner1,!@c30Az32R
jturner2,B^n_0LcOpw
jturner3,SuL7C92k)p
jturner4,abV9&Nwi#!
juan00,h)H6TZCb32
juan25,jmU+6Jq7#B
juan27,*9TZjux67b
juan35,7S(#)aqq+Q
juan38,ix7IQ6IeU@
juan42,QYQ3S7y(!c
juan43,MEd77Ot8u(
juan45,_v3Wzzom5(
juan46,cNH+3iDfig
juan62,vo@6Ctqs3p
juan74,)QE4cpl*z1
juan97,weVg3O(ZD!
juanbrown,gpL94Pvuc(
juanherrera,kw(76Hw4HO
juanjohnson,%)dLMXt*34
juanking,_hr%OSji06
juanmayer,*(MRFV%e8u
juanmorgan,KFVN%3Dn1e
juannavarro,yN&12IwmVX
juanpage,$9hZA$(i0n
juanrivera,D27E@Cf&@^
juanruiz,VG2ISvbik(
juanturner,)17mFcgxY)
juanwhite,X7X3KOnxD)
juanyork,%F7WEBas(y
juarezashley,^6D4Y7iJu7
juarezbarbara,!5@u4FyBEs
juarezbobby,)l8lLnETKg
juarezbrianna,@v7XCPh&p$
juarezjohn,&pHBM&fX3r
juarezkimberly,3&Wlu8My8W
juarezmicheal,+#_h2CXcu_
juarezmichele,^i%P2dJeRe
juarezmike,4SPBjGjf*l
juarezpatricia,*0&^BrvnNR
juarezsara,faj2lYsvl+
juarezsarah,P3kZu(xt(d
juarezwalter,3oywyLnG^Y
judith02,Xug7(Bvk9(
judith20,%S16cRy#8X
judith22,@J3TP!PvvH
judith25,u+2N!JY8Ri
judith38,)jgPcjgwr0
judith97,42!7DeAa$&
judithbaker,O_lT81Qs#t
judithmunoz,i(y2#1Cw5q
judithrodriguez,%mPT8$%m49
judy09,%Ea+8Dmiap
judy10,Vlq26PLzZ)
judy13,6Tg$GfcA$q
judy37,Lr^2HagUuc
judy52,nTa@g3HfSO
judy91,^1FasGTo68
judybrown,28dFLj4r#e
judycannon,^5veVpwJHF
judyfisher,n&6CZFu$%z
judyholmes,(J6JG@Do^3
judythomas,iNRXBB5y)%
julia13,#Scq4dUpLI
julia14,^dS6mNDbmf
julia32,(86S6gyN$7
julia38,^H9uywpyb*
julia78,+kV80IHaB6
julia85,^KNETTvNE6
julia88,7&7AsqnT$M
julia93,@WDcn*DE95
julia94,&975Kqzd5@
juliabradley,zB*63FucG+
juliachan,&F022MSmnH
juliaharris,sNE^co%H@7
juliahernandez,sLV5pGZxX(
juliahoffman,w9JroXOd(7
juliahughes,^6**6DuteY
juliamiller,I4hYy^Pv*8
julian98,GU&f2Nbg0f
julianedwards,3dW4Rmtj(C
julianhudson,t(6MNgm2sJ
julianmorgan,*(VM9Q$o4G
julianstark,l*ojb8Sh^&
julianwallace,U5GAB6xA^b
juliataylor,)0y&XS$(Zo
juliathomas,&M6EmUmph$
juliawarren,_TN1MWuxkd
juliawilliams,9&gj6!!z4F
julie09,!^596OCkos
julie13,^pKDhbpcQ2
julie18,@T0XUAOqjh
julie20,ae5SR7Ul)G
julie21,t#(i8Uzvq(
julie22,PA$5XaMfmh
julie23,pYMu1dI_@8
julie25,#j@dN+dcF9
julie31,!ZVjD7AmY0
julie36,)wObmsVn2&
julie39,NE5Q)iDw)&
julie40,9DdmPAJv+S
julie43,kt7vSE6QX@
julie44,17QKII^#)a
julie49,%3YodIx#5u
julie52,*Lk+VdguM1
julie521,@seINQakq1
julie54,_3xVjZ_X#S
julie56,^qDlTObgo0
julie58,we4mNxxo!^
julie60,z@e3UTMuq2
julie65,%&8#IgahZ)
julie66,b2x9LX)gG@
julie67,y33*N1Sd@i
julie69,%4S79ytc3D
julie74,vT1RNcWA+q
julie79,+&Ddnoiyf7
julie83,+7idX@Fvp^
julie85,1ht7MD9jd+
julie88,bps37IwWl@
julie89,%c9Ww7GzGo
julie93,*XhoZVee5%
julie96,m*T2N9@H5j
julie97,+G(3tMMhFf
julie98,e6rVS#lC(u
julie99,!2ydR&Jaj8
julieallen,1qYq@Rj#(l
julieanderson,P3w$2PpkTa
juliecooper,ZYY35ow)_%
juliedaniels,&4oWotwu!i
julieday,!7YsR9#lQ#
juliefrazier,0GA2j8Q+$y
juliegarrett,M@i7HY&G^b
juliegomez,wVY6xQ8zr*
juliehenry,8W35QAPd9)
juliehunt,$N&Oho0J0f
juliejarvis,G&G3PEsp$9
juliejohnson,+fsB8Qh6HG
juliejones,z#d4BpW*da
juliejordan,(D1#aiCd1y
juliemartin,0lIzRG#h*5
juliemcdowell,3U(20CUh+N
juliemcknight,GT01KiskL^
juliemiller,uN@5rR%kJg
julieparrish,d%4YgBXh+%
juliephillips,1f#i5eHb+x
juliereyes,y_9YjyNHvs
julierhodes,&6feMENg#k
julierivas,9dO8DC6v!y
julieroberts,e_v9X2l%&)
julieroberts1,H7KNqkH4(A
julierogers,$HTiuOQ^T3
julierose,(h3QQg53t)
julierusso,2cX8VZov+R
juliescott,%3dyV)u9RJ
juliesimmons,))U^bBmx(5
julietran,^m4T_euK44
julievincent,8*5x37Uz#W
juliewilson,C6b(OPku%R
justin00,f3YujaTz@$
justin01,uy0LzU+al$
justin011,%R25CVIe$2
justin02,A^8Z7SwaF_
justin03,52G&$u3t@3
justin04,b$b8M0Un$X
justin05,@^3!FDbfIu
justin051,E1Ps3WUcQ$
justin08,8r1VQmEq!0
justin11,Z28LIJgB$4
justin12,(9FBfk6swB
justin13,A8VTn)RN!H
justin14,Vc77NSBg(m
justin15,+(oKcI5PL0
justin17,$9bgvKu@lQ
justin18,0hIGNWYc)5
justin19,0teRjvCy)2
justin26,sNN9xNEi$Y
justin261,pW*D0Bwh18
justin28,Y(5U5spuo6
justin31,5&%9V3D5Wp
justin32,8F0Boy!Dp*
justin34,%T9FSqDP0^
justin37,V2$6WueuSo
justin40,&eXmHl2N40
justin401,Gp7YSPpjK+
justin42,_DmRZbT!8d
justin46,&+7T8SiRc6
justin461,+0#Vk^o9GT
justin51,up!E_8DhL#
justin52,7SD^Lm@e!5
justin521,!2Q1qLVm1E
justin55,_*06IF9iDt
justin56,UI)zo6Gv+k
justin561,)5P3^oLgJ#
justin61,tx@8eEju#V
justin63,+k5P*QUx&%
justin631,&6W3Jm34$5
justin65,gzV2Knth#a
justin66,@o0G&wr6z$
justin67,D7mYR^Uj_o
justin73,(90uMXVv_S
justin74,_+No6IrSav
justin76,u3Nf44Ea+*
justin82,^VeWw87b+8
justin821,_G9H9ZEr0F
justin90,RP2Qkvs0)C
justin901,$73h8Bx+c6
justin93,8l0V74Tn6#
justin931,3!3UwSNn$c
justin96,of20)XjJ#6
justinbaker,#1EUpv6*uE
justinbooker,$Z63CYUix3
justinbrown,bEhH47m2$4
justinbrowning,lz90u_Kwh!
justinbrowning1,#7vKHANz9S
justincardenas,k_D7Txcd!K
justincarson,z4Xg9htu^S
justincastaneda,mE2AFPmM(9
justindavis,uWOlV!df(5
justinescobar,@6B8hZlz&M
justinfrey,ft3%Rncs8*
justingaines,6I$I*9Yi!V
justingarrison,p)7P9ogJ(_
justingiles,^^GOQtoN16
justingonzalez,*1W!PQYvRv
justinhartman,7940JUc&t*
justinhuang,8sjPK_DZ&z
justinjames,+SD5D^oZ55
justinjohnson,80K2Ukzln@
justinjohnson1,#&Lsx*G@)8
justinjones,_4tAMBEv+Q
justinjuarez,P%H8Yonl&8
justinmay,$4!1TKkk*1
justinmeyer,hl$F4RT3w@
justinmiles,S57E)gq^@^
justinmoore,Oo3QGt3d!@
justinmurphy,%Tx5JLfa)3
justinnelson,12&DuAio_6
justinortiz,$v5Mk&bDS!
justinpeters,(k_)ENpPc1
justinphillips,+%9u^X3q4Y
justinramirez,(UVtK+eF&1
justinrichard,13M1ymCl+9
justinrogers,(VK*RLcL6T
justinschneider,#&I1FksPZo
justinschwartz,%gPx39HmC0
justinsimmons,z^&79FsbSF
justinsmith,#P2a6#IyAL
justinsutton,o$5$Deqn$O
justinthompson,y0OehLvM@%
justinthompson1,9ld6J*ei^7
justintravis,_Ih+#Guv3^
justinwaters,j#K8OaDn)%
justinwiggins,s$&2Rz@fx_
justinwilliams,9KZMDUsd^o
justinwilliams1,%7F(xv5ov1
justinwilson,Dvy)5OUdVR
jvelasquez,*2Xh_yx4ns
jwade,+dAQ!sd+4y
jwade1,5@&^2%RsU^
jwalker,+sc2Q$mq+w
jwalker1,^38U5!Ai5I
jwalker2,rJF!3H1iz$
jwallace,%9fp^O(Mzl
jwalter,D0C+GzKu@$
jward,CD6VYQo4@1
jwarren,CIr4Sa!j__
jwaters,2$lN2xSckJ
jwatkins,F8Qs9N$d(a
jwatson,lS8wt6Jkh(
jwelch,Fgi6VW$d_(
jwerner,8$o!J3ZVfx
jwheeler,neDLgOJc#4
jwiggins,!l8pIfZxd!
jwilkins,@hWAZhTtp5
jwilkins1,^MRt4j1ud9
jwilliams,#1pFrpot&o
jwilliams1,yXXd)bb$!1
jwilliams2,3(298_EPvs
jwilliams3,@K3#7MoqB4
jwilliamson,lGVn5JSa!&
jwillis,^$kHY&mM$4
jwillis1,BN4ICoCdE)
jwilson,!@2ZmSGkjP
jwolf,Y6Z3)xIm!+
jwood,r@a6Qlxu(Q
jwood1,&w+5$R#q!S
jwoods,6(G03T(^Gd
jwright,$M2KRNn(wU
jyoder,ldpXUMhl@0
jzamora,sB1JFzg6(3
jzavala,B!*2N&oo8l
jzuniga,A7(eBIsj$1
kacosta,*H6Lz_(aqA
kaguilar,D5Isl**v%H
kaguilar1,$U7F%ik%O4
kaiseradam,y!+0a4IyaG
kaisermark,(0jKK@%ztx
kaiserpaula,2#XcNMfi)7
kaisershawn,9$Kr0GGj@K
kaitlin45,Nw8&)RU8(4
kaitlin72,%i&U9Pia^y
kaitlin73,@H!+Vj1VF0
kaitlinrodrigue,3m+6_P4j_H
kaitlinstone,#7&Npl0aB#
kaitlinwashingt,G$7NNvp5u&
kaitlinwilson,P)7mPVb)+G
kaitlyn01,*aLLj2Jxt%
kaitlyn53,Y58fEBxN(#
kaitlyn57,%2Sg9mz4hZ
kaitlyncosta,*fR52v!Ou5
kaitlyndavis,Lh8*Dvbx1%
kaitlynelliott,3_9L0^cqyD
kaitlyngilbert,A@@tj4TjyO
kaitlynhill,mFC_6V_yK4
kaitlynjohnson,T54JQiywP+
kaitlynnguyen,^NNF_d8pT1
kaitlynrobinson,!5coEqefEm
kallison,%^*P9Q7E2y
kanderson,@g3tH35ed1
kanderson1,E2Ee4jkQ$1
kanderson2,(xN1H3YnQ!
kandrade,6jKV)xl+*K
kaneelizabeth,%$984%Q9&s
kara01,Tab4Pyrb4@
kara19,$m5sNza$)m
kara24,)vBSrU3oA8
kara30,NnM1d1Aw+5
kara40,(911Mrikg*
kara45,%50QF1z4b%
kara88,W3eIF7h@@B
karachavez,$7NIy2o1Ij
karafields,%43HI34aOf
karageorge,&1Ly5FKnm9
karalove,j9F_eWr0$O
karaluna,!8jJXn0IrF
karapratt,VPg8Aw!3$j
karatodd,vnv1TL4K(8
karellano,rG1@KPMcl&
karen02,+%*2H8TrwE
karen021,t6kBFYtt%2
karen03,@Y3+ApExP$
karen04,v*%3X_elVW
karen05,w5qoaLFi+X
karen07,X1Cr)CPn)N
karen09,#YC$7I!dSx
karen28,r+%8P$9uT@
karen29,u2^jG9^l$4
karen32,wyKqcujV)1
karen33,zp4Zkplv#!
karen34,&aJptsR0R4
karen35,&&6Wi0czd@
karen36,^P5DEKykYh
karen37,nuZ6YxT(+1
karen38,6&s9A9s^oi
karen49,1k*(dSyV+7
karen50,*a0M2Ufr8o
karen55,_24QCYh^oA
karen56,&s&0^7Zz^o
karen57,RyO5LI^eI+
karen571,GLP*pvLX&1
karen58,xSFsYz_t#5
karen59,*$&HLkbw35
karen61,Q0oq)U@u$U
karen63,hq++n7Vz$q
karen631,lZp6LRqw&6
karen65,q*S55bYd@C
karen68,P*)1B_bm*2
karen70,85Jhpa$Y^3
karen701,S31ElB1D(d
karen71,il1Y9GE%D)
karen711,ZOq6Afc&k%
karen74,_#P7QtM%M5
karen76,_%hUlfH)3q
karen78,+$eK6VrdUR
karen79,O(g8ED6hTY
karen89,2qKnwUdv!0
karen891,e&i5J*9aan
karen93,)!&pDaEt84
karen96,(r)5*7Fj%@
karen961,+0aIMHsgH3
karen97,H1IQFOHq_s
karen971,*D8WbjedUT
karenavery,X_b2O^ZvTq
karenbarrett,xasNHmqZ)8
karenbecker,iFQL$iT!#0
karenbecker1,%k)0JangVK
karenbryant,FkR#bo*F&2
karencharles,C$8rT%GgP*
karencharles1,PF7DYm7h!h
karencohen,9B*VP6Ce+G
karencollins,&3LTOXRAqt
karencurry,#29RJG*yPA
karendavis,$z0KLjWw0^
karenelliott,m*lSLZgy$6
karenellis,Qg5&1Gvi32
karenfoley,yVAo51Mju&
karengarcia,sZug3htD*9
karenglass,n8oBbtL2^*
karenherrera,%0jHALv4VE
kareningram,!hS(C!64X2
karenjacobs,&V@0VwyH66
karenjohnson,QC3*YwBg#v
karenlynch,jZ!b88LtyT
karenmccoy,#*iTkT!Y*5
karenmoore,*KnUEx4m3K
karenmyers,&e(cXg3MQ9
karenosborne,RAp2t_Sxf)
karenperez,Gc6jFCjR6#
karenperry,^cTTYqp+0v
karenpeters,ehM29Yzu%&
karenray,#063JBEx^)
karenreyes,$5aozLh2mr
karenrice,P!72hExcQM
karenrosales,)b*b#6PxVo
karensavage,oCFvvAr8#6
karenschneider,%6MeLAe#da
karensmith,7&I(3UEjyX
karenspencer,W^@7d%Ctr(
karenstephens,d$BB%jBe34
karentorres,1udR3y22^W
karenvaldez,)8JOVXit*a
karenwalker,D+4Yd41)Ww
karenwatson,^ZAoxR6m7j
karenwatson1,X#92Kq2^Ba
karenwiggins,J3PCQ&&9^p
karenwilson,XA3Sygkhe&
kari03,&6MXEC%Rq1
kari36,Tr32FT9j#$
kari92,65MfPplZ@L
karievans,Bw#1C3XuR(
karikennedy,k^F3N5Wk*7
karimurphy,(83MqOC^Ti
karina01,)UNoqd4cm3
karina22,*9XU&n#Tz^
karina60,*wr3EBVo7W
karina64,++_J8DTa&G
karina84,Yzc6HH_vb%
karina93,@7A$Tci9CM
karinaperry,7*2Mwo5F$(
karinawhite,K$2(9Buq*M
karipratt,drlv4dWdM)
kariprice,PC7OsgRdw_
karla03,%8HY*Vg&g_
karla15,N)5Au#yVXE
karla92,N2kRppLJ@G
karlacruz,teR20Q6a)v
karlbass,Ws7PHcEy#j
karlhenry,4%8IM6TbPt
karmstrong,fI4HjxLl@7
kashley,pbeU2Arq#4
katelyn05,&O*0IXPcy(
katelyn24,e(h6lGw0@L
katelyn35,&I6%hNatq7
katelyn42,&EX2nQ$w5J
katelyn47,cZdeA2_zk*
katelyn68,PvS4QlM9@_
katelyn70,f4rQUozO%J
katelyn96,6gWIHFlL)K
katelynatkinson,Z*g0Vnxt^d
katelynhuynh,%wNjErqyi8
katelynjones,86sRXnc^@1
katelynjones1,%36M6$kp^6
katelynnorman,#ShqWwJb(1
katelynwilliams,!+59OmF7f&
katelynwilliams1,EAG3OEBt^m
katherine00,1kU8KFcg_x
katherine001,J7TUpsRq&0
katherine02,%0dArfil_8
katherine04,U*vw5jUmMT
katherine07,(yRFFmREB6
katherine11,J*T5)sBm(7
katherine12,hNYw@0JzXK
katherine16,)L2La6Qei*
katherine161,)34SSSBzmL
katherine21,_CdFxBeh@2
katherine26,^0pM%uSo0O
katherine27,#6P(pk9T1B
katherine28,fw@!4pMz$4
katherine29,HK6%@UfL!g
katherine30,@9_A^bB89w
katherine31,(h03M8iS(0
katherine311,@uT7RLcjV_
katherine312,#wC%oPzw6u
katherine33,2!D4AIro#S
katherine331,_54@RpUEhe
katherine38,%_9ArH3S$0
katherine42,@1XhO+kC@K
katherine47,(KJUUWotc4
katherine49,qw2HCwQ4#z
katherine58,w_2l83Wt@&
katherine63,&*l1c2Esrd
katherine631,r3VgjnK^$^
katherine66,@3MAazbk2u
katherine69,n+EK3WFng1
katherine74,&32MnXk!V#
katherine75,@4tRfNda3m
katherine78,YYB847SeO&
katherine85,B1T#8ZvoGl
katherine89,5(J9A+xglF
katherine96,%bITo9Zl$^
katherine98,6iHGV^WQ*y
katherineboone,_eCGCnK!78
katherinecampbe,1K+)Szy)&m
katherinechambe,##F6Sq!m0K
katherinechang,^S%WEmMi07
katherinedavids,2q7tbUn6$H
katherinefarmer,nY8Wn%hU$X
katherineflores,JO!BtcsT*6
katherineford,8zfporQh%N
katherinefry,Vf9H3NzOC$
katherinefuller,Vz4tMcp!*D
katherinegalleg,7cIz0rn1@7
katherinegomez,2oB)2WWi+n
katherinegordon,htSCflj7%7
katherinegreen,v(Mx4sMi7N
katherineharris,#@TGLrM$%6
katherinehart,$j0nV_od6j
katherinehernan,&h7LqbqyA7
katherinehernan1,t)P4GKiP$7
katherinehopkin,uIsLpes0#5
katherinemcbrid,0xJo3PYd#C
katherinemckinn,_PsAmGViL3
katherinemichae,*ODYvWlo3m
katherinemiller,+0hZOgCu9l
katherinemoore,)N*5T1GoKf
katherinemoreno,(Q^5Wmx&v6
katherinenunez,_2RC6TuXMD
katherineortiz,zmj1PoqJG^
katherinepearso,(Fd9GipCt%
katherineross,eUu3%4Kx(Z
katherinesanche,^2N&Wc(O9t
katherinescott,N$(y5B&_wj
katherineshanno,!f8SMbSLXp
katherinesmith,#PZfjRCZY5
katherinetaylor,d06D&oE8+E
katherinewatkin,_%4Ql$go6f
kathleen07,^*Y(Bszvs0
kathleen13,8OCi8FqkD)
kathleen22,&u9mVNj8Y%
kathleen25,+9Y@kO^6Sc
kathleen26,I$#o2PZbpB
kathleen29,2LS4SjWhP(
kathleen30,@N0Is6JlH*
kathleen31,#pXDRLt#P2
kathleen44,Y2(7JbjKeE
kathleen51,&faFGlNc1#
kathleen511,^&mKo&LFK7
kathleen60,t8e7KUuf*_
kathleen65,o^3B*N8q*n
kathleen651,4ERBpr^Q+K
kathleen69,z0MGfQEq*Y
kathleen691,M(LI4HRbR3
kathleen82,#xUk%e6M26
kathleen87,cA)Yn(ug(9
kathleen92,$O0Q)z*e@7
kathleen921,!Gd!8Rtyz(
kathleen96,%wgE6lIrG+
kathleenbecker,&#D72IkbRL
kathleenconrad,V%5NCyGJR!
kathleencooper,PH6DPLijz)
kathleenedwards,&4MX8hk2Ep
kathleenflores,bp#32Iyi7R
kathleengonzale,D50JQsZF^y
kathleengraham,4^8JaLfkk^
kathleenharriso,kd^M33Ea$b
kathleenhayden,i&e2Jc)ynX
kathleenkramer,dYv6COKn_a
kathleenmartine,+3oVC5tr5^
kathleenmckenzi,_8oFOjM6En
kathleenmitchel,%s13HIKd8X
kathleenmonroe,0W0fZn#y#e
kathleenrhodes,&Lp_9ZTiq@
kathleenrojas,x$2Pp7Ygdi
kathleensmith,M&%Pq2Td+J
kathleenwilson,%2quBqy(7a
kathryn05,wV8!B%qHu+
kathryn08,#9jNvJh_9K
kathryn24,qf_y5kXl&J
kathryn27,f1ZhvO4w&s
kathryn33,gf0x2Kba^y
kathryn35,Mkj4uQNzM@
kathryn37,iqSPOl&4#1
kathryn39,(8BDYlZBWm
kathryn42,J3+(L9Dw(5
kathryn43,*u986MWmzL
kathryn44,&87QbvPl!Y
kathryn47,L4TRAgdr&Q
kathryn48,#GASmoFaE8
kathryn50,@L!RoV(MQ3
kathryn51,M&3WB5#rd_
kathryn54,RG9HX#mG@Q
kathryn65,)4dOXTiGl9
kathryn651,oM25EULfS*
kathryn86,h6cCFwja#9
kathryn95,#DOaWhykf8
kathryn96,^p#O%VOLq0
kathrynbaker,xSZM4&Sw@k
kathrynbarajas,79_1gLRkRV
kathryncarroll,f9hLBL$f&_
kathrynconrad,^g3CpA&643
kathryndavis,^14OS&xm%9
kathryngonzalez,&^0mv*Cz9$
kathryngonzalez1,++^5DKKy^k
kathrynhernande,u(B5at5p+I
kathrynkelly,ZHZ4YFxb+c
kathrynlarsen,9zwLQac*&K
kathrynmiller,P3uC0rCq%2
kathrynmorris,w&2RfA^xVU
kathrynnavarro,&lRazOhJ_3
kathrynnelson,D)0RTzFv*7
kathrynpalmer,M2GBuRew$%
kathrynpalmer1,%_wkz5DmaE
kathrynpatton,1@l35J)iVF
kathrynreyes,Wrbz_6DwYM
kathrynshaw,%f@JwAaV46
kathrynsullivan,MM^9R)kx#m
kathrynsullivan1,S2OCGGwm^Z
kathryntaylor,_c8jxH$t4^
kathrynthomas,)0VGTqWc19
kathrynwoods,5(P@88N3fs
kathy06,*zW3QmF9go
kathy09,z&1zNlZt+@
kathy17,eN%2iMPlXe
kathy23,u@2jRhhh&I
kathy35,2(sx3mYqdR
kathy351,(qrX5GLtmY
kathy50,kAjV^^so_1
kathy55,q)65Ni9bv$
kathy62,^(7glLqjU2
kathy78,bX7qYXzgI+
kathy87,G7@4FMeq@Z
kathy90,_5FqONrt@9
kathy93,43L0tkCg!W
kathycoleman,)Bt5JUpbJ4
kathycrosby,rmbi8ZDa%U
kathydickerson,+b%1TAyw^x
kathyhendrix,(^ARAgBV7Y
kathyirwin,&TNRb5Iy!(
kathyjensen,73TE6Tnk+W
kathyjohnson,g^L7AbvXjl
kathylarson,_CE6hd6BG9
kathylewis,ff6&KeUpr@
kathysanchez,$R3D5LCowI
kathywhitehead,!(&iRACoD8
kathywolfe,$5cS03tde9
kathywong,)5eSnCaOY5
katie10,%&_9Ls*73e
katie14,3W8GdUg7+7
katie23,_J0OIaD)e&
katie28,y7y0BbmB!C
katie29,+(0YysQyLw
katie31,6gfWIiZl^M
katie41,2Z_sRoxO$s
katie42,!fY5(P6l9P
katie47,d6mvM(Qs%9
katie48,*W2_NW0p&5
katie51,uLW1I8ijG$
katie53,wH&3%AlfpV
katie531,3z@vOu9t(K
katie58,*$*Mw1cs$W
katie59,ef&$6^Mm%o
katie62,S%i98Q6hvv
katie63,^+qg2*LoOE
katie72,_4u0@UfUCw
katie79,s#F45Hv1!s
katie80,@0X3O5#eO)
katie84,$r3s&AsjT7
katie89,a6(IwK5t)%
katie94,8#)6VxB#HS
katie96,L9C6&Zav)+
katiebrown,!S0@Y!Xt!T
katiebrown1,%6OWOQOr+k
katiebrown2,*N3IAVka*Z
katiecummings,$mW)U9eeu9
katiegiles,w2QCM)bv!h
katiegriffin,3q+Z1MMv#w
katielester,!gHo0RRtyS
katiesaunders,t01WO3Aq&M
katiestephenson,!F6TIFGkRJ
katievalencia,&7HEMyDyis
katiewatkins,SO9Ot!wmU)
katiewilliams,yHk1@#Zl@M
katrina00,uvIeeJl2!8
katrina06,uROdmOd+#5
katrina26,!v3Dco24n*
katrina39,KK92uPg@&d
katrina391,_w0MNCofk!
katrina45,!@V98mq+24
katrina59,VB^7IV$nwU
katrina63,+jXZ(dW^m1
katrina74,_f9WyQimg8
katrina98,pB*MCE2l*3
katrinabooker,&g2Z47Lr_)
katrinaclark,$19FL&Gpti
katrinacole,lS*0IOppzl
katrinagriffin,0#B9lNTtSP
katrinalane,@x5EUc_cJB
katrinarodrigue,R**U1+LxDL
kaufmancrystal,+vHvL1aXH6
kaufmanrebecca,e1bTPqGB$(
kaustin,yf7J2Qaa$t
kavila,%n&A3^Hkq5
kayla07,su5P(2ALi#
kayla11,@SG9J@el%1
kayla111,P0sx7BBq1$
kayla13,uu3Z3Xv0I!
kayla19,a@r7^YGyYv
kayla23,6^bz5ig&bO
kayla26,Dn798aPl$R
kayla28,&nBqzgwj^9
kayla29,i!i#B4Wps&
kayla45,(16(SGDqBS
kayla46,LasuKMBq&4
kayla50,+ZH&tWyro8
kayla53,Q!6Gx5pe^v
kayla56,!C)^J0jr43
kayla65,soZ90^PyE!
kayla69,1_8SJL^w!S
kayla78,v!$8VVNox%
kayla79,_KzC1$Ry0Q
kayla81,&MTxyH6i_4
kayla92,x^&7HJoMhD
kayla99,Z9D8rNrac*
kaylabarber,i*E%O2a14X
kaylabarnes,#sj4YDVm5h
kaylaberry,1V9GDcko0)
kaylablack,P2QirOC5#+
kaylaboyle,Zk&mUN8!%0
kaylabrooks,+WU#T$0u1Z
kaylacantu,5+r0aXsH&d
kaylaclayton,_2NPRFMspD
kaylacopeland,bjz0XOiy@@
kayladavis,^6PPHFxG5W
kayladavis1,u7g2fMPm@W
kayladavis2,@2ZrUrfPF1
kaylafischer,*4tY0ftmj2
kaylafrank,Yj2YXvae(g
kaylagutierrez,0!^P1Gx6Dc
kaylajohnson,*7dPCzi*d#
kaylalambert,&CaBA3$z2A
kaylamichael,+j6rGEOC08
kaylamiller,#e!*mEnZ9z
kaylamills,MK8TIxCv2^
kaylamoreno,u3PC1Fvp^q
kaylaolson,_D5_UzaU*0
kaylapeterson,957A&CtXb+
kaylasawyer,euh6UD)*P_
kaylee15,5!5UPHZf^w
kaylee78,!^50FRZlyM
kayleekelley,(&v2!nPb7!
kayleepearson,$89CO7umc^
kbailey,N12BTqk0R)
kbailey1,XY&3iTQapM
kbarajas,t4+(Sk90+F
kbarber,B*@PF6Wwn)
kbarrett,!(YTk&Yp3b
kbass,hy8Kw$sb%*
kbass1,fb_#X5Dg%A
kbennett,OlN@6GkOkY
kblair,+5vKhuu1#(
kblankenship,Be!2AHtGFu
kblevins,wpKp5BgvZ+
kbond,!jCi4jZa^1
kbond1,*9iXjA^T0d
kbowen,6Ot(o9Dz%^
kboyd,(HR!@5gn10
kbradley,%9Dlfk4B(+
kbrown,82T+Gx8c%h
kbrown1,PvFS_rvw_9
kbrown2,0#i2xEBHKv
kbrown3,&bA%XMhbp4
kbryant,I9KTEd6y&1
kburch,pM*@+8Qd0N
kbyrd,*yg9CthmH$
kcain,A7IE5^xp!0
kcampbell,T&TwQ3UxBn
kcampbell1,^FB)2G+fB)
kcampbell2,s5b6WcEt)^
kcarr,#7qXI9hoL0
kcarter,k1Jq4FhL@4
kcastillo,q1!+)A%7&1
kcastro,jB41VORq*&
kcervantes,Y$S1U8ppnH
kchambers,itJ8U&^w^x
kchapman,s9TW0&Qr!!
kchase,@BR2NdwBrZ
kchung,&R0bk#HdtK
kcisneros,OuRfDsEm%7
kclark,(LYeo(JrN2
kcochran,(78GamPwUA
kcooper,!GFYRnabM7
kcooper1,W(1iVKzWkE
kcruz,f9AL3MxF@t
kcruz1,y(U5Ami@^5
kcunningham,Djl5UIGQC*
kdavila,+8Qf1S&qyn
kdavis,B24XHbFt&U
kdavis1,*XB@PG4x5U
kdavis2,$K@ZvuqYJ8
kdavis3,rSH1VZuo&z
kday,078vMDnmJ+
kday1,$GG3Ivnnv3
kdean,jiRpfm$$^3
kdean1,+2Y7(fwy(C
kdeleon,(2AI!)CBth
kdelgado,(uLMlmrKf3
kdelgado1,@3NaxGto!)
kdennis,_eP0W6Xel%
kdennis1,+@%0RGd9%p
kdixon,_bPoz67F!9
kdodson,1*#Tz5#f%v
kdominguez,+0OcDBWtbx
kdouglas,Mrrz8RCn!@
kdoyle,*9Sm9Z5G!6
kduffy,*Z4kKaGd%7
kduncan,bh+8VhaQ00
kdunn,hV_)5CdX2+
kduran,$VePt%9bp2
keith00,Y(7sNuMzL+
keith10,%c)9OLQa9*
keith11,9dHhdIz^(U
keith22,Ya*&1NiEMg
keith36,8+4KT10$Rp
keith42,w8F&EWXw!N
keith51,@1ZCEiam^W
keith511,BMtjJzAt!7
keith52,%WhHcFK96x
keith54,^4Jt^Cby#(
keith58,*4L$izRRh(
keith59,&9lJ^Iomsd
keith76,^#3xf2An1O
keith77,wtVl2Ka*+4
keith79,%vJTdiew%3
keith86,(PY!h8XbD4
keith861,TKYo8Chl#7
keith89,7@0)0wTrze
keith96,N%x1WoNgZ%
keith97,P6$SGXQq*i
keith971,65ZDU^5^#b
keithbyrd,Xi6FKLmd4@
keithcampbell,NuJ5!Gl3_C
keithcollins,t%qwFPZz69
keithconway,Y$9TGrgj0H
keithcrane,%3%J&IIt*v
keithevans,Ks2WEaVYx)
keithfrazier,Ha8xZUs8+^
keithgomez,T6VZ6xK5(d
keithhansen,fZWxVVUs)4
keithjackson,+wAsU@&eG7
keithjones,$JmNE+pX_8
keithjones1,%tH9YOGu9+
keithjuarez,@c*(_IzvK1
keithmacias,$1HNnqbQgz
keithmccormick,$f0dJZDp2l
keithmcfarland,l7ZnY5tv&C
keithmckee,#q*3I0dqq(
keithmiller,+8SzjuLW0P
keithmiller1,&@9(AEvt1a
keithmorrow,QpJ@8M+gVr
keithnash,^ECMpBth7P
keithperkins,fiYQKogi_2
keithreed,QO$8iLSk9@
keithreynolds,*0Qb1jJ(8+
keithrhodes,@EDYzM@ZM7
keithrichardson,3^@f3NxKG+
keithrobinson,+#6Sny)O66
keithrowe,E4MI9Dqu%)
keithshepherd,^jgRiE0+_0
keithsmith,@X8KNj7cnW
keiththomas,&0NqICFh!A
keiththomas1,T+6hUPWdy#
kellerashley,#yopsOXB2i
kellerclaire,^UUT^5aY6m
kellerharry,E#5aHj*u%@
kellerjessica,^5Wm*Wdq7P
kellermark,SRWdr@5P&9
kellerpatrick,L%58QTo@wV
kellersamantha,Z1Pd1XHz@^
kellersusan,*FOBYaLp^8
kelleyanthony,*3)hCuo)A(
kelleyashley,Bi$1QdX0jr
kelleybarbara,#qN^r*dqQ0
kelleychelsea,%7j%JZ9akQ
kelleycindy,(1ATuDb4v6
kelleyhoward,*$I9IJdvwf
kelleyjacquelin,_PYjQdNt@3
kelleyjennifer,6w@I5FqwTK
kelleykayla,$7Q$Mbc_B9
kelleylucas,3i#O#aFq#&
kelleysarah,u6FAGxui!3
kelleywilliam,&ix9TYCbl(
kelli34,+&EYMB0d4S
kelli52,m6YgD$mu(_
kelli65,)t3GitLY%9
kelli81,rcg^6Fh$H*
kelliegreen,@dZrPu$@X9
kelliemcdonald,&51LwMvUHN
kellieroberts,!AHx1owf0#
kellihill,+ud7HQoe@6
kellimorris,rb%!6Qg&iY
kelliross,_0Z3OQuch*
kelly00,Y2Nkg@aB!y
kelly02,J6l%UtYw#l
kelly04,hKHHIP0v(3
kelly05,)O8jUArgO^
kelly051,)3jB(G2e6j
kelly08,J#6B1sea1s
kelly09,*nYJPyRrv1
kelly10,(t5MCZqNB4
kelly16,)f5K*YZqu&
kelly21,^0xvZ3F)Ar
kelly24,O!3^IZemWf
kelly30,Np99L1&w&+
kelly301,Jvp$DIM13$
kelly34,Cx0EcvG8u&
kelly43,iy!1NwR%*w
kelly44,(o4GPlbaHr
kelly45,v*^6SKujiV
kelly46,o$5C#+cWJc
kelly50,6!e7(XyKu3
kelly53,!E8&^Ilh01
kelly56,f*o4RMjgxj
kelly57,^66UqPdSP!
kelly58,gH0^)bNb2%
kelly581,B*x*61BlIg
kelly61,Ok!6HrJ0ET
kelly611,n!V*N3Xtg*
kelly64,jCm2U6ytz)
kelly65,T6iazN3f)2
kelly67,_8DFSTr^_7
kelly671,#@ikmMnj6M
kelly68,1gDD9H4k^K
kelly72,^&A*ZYqu#2
kelly721,%w65aR!mOl
kelly74,C^b5LmOtIv
kelly78,fO&0zO7fB^
kelly80,_5rsZA@y$S
kelly801,+6B)m(1E6q
kelly83,sQcTAZIe&6
kelly831,_o1bAG312z
kelly832,6#J9^aFJFj
kelly87,(2nQ(51d17
kelly871,p4Gajbqi^E
kelly90,&F8t@Hd!QA
kelly91,I+6T1TQyGJ
kelly92,$6LATfyNv1
kelly94,QV3H9Or@_%
kelly95,O)3$XPNzao
kelly951,$$80kOiK@6
kelly99,%ZSnRvAzc3
kellyamber,)h4Sl*MhwW
kellyamy,nLI7LvL^!k
kellyana,0Y2$c9Xf@6
kellyangela,x6d(PtnF*&
kellyangela1,$KPhdIhR2z
kellybennett,__t$3rdvxT
kellyblevins,2%Ehey3+(V
kellybrandon,%vl9NGtv+t
kellybridges,a(DoFKVz+8
kellybrittany,1^8V9eFS(j
kellychan,B5OwB!s)^i
kellycuevas,2B18UHsG%@
kellycurtis,m$4CLe58i(
kellydavis,%7JGH6nm+h
kellydunn,Nd0Pn3tm@H
kellyedwards,M@0Z6Kph$6
kellyfrazier,(TaSZl)sx6
kellygallagher,)k#3KzI*V@
kellygavin,(gHoIdt%9)
kellygonzales,N%Ze6LtOnL
kellygordon,)fH1ZFZXg)
kellygray,U&XZcSTr@4
kellygreene,$57OUs1m#i
kellyharris,x8qHAbsc^F
kellyhill,J903gEra$q
kellyjennifer,Zf$5XkhJqq
kellyjeremy,FlUf(4YocU
kellyjoseph,i1PFq)Sc$5
kellykim,d%Z1gFOj!D
kellyleach,$Nzk2RnLq0
kellymanning,)7T!POntpk
kellymarks,(pKlZ7Cw%C
kellymaureen,nk$b68GsvH
kellymcclain,!2NWrzv!@n
kellymckenzie,vss!68XoFW
kellymichael,pH(U49Ew%h
kellymiller,1!(8&M9cR%
kellymitchell,vh19vR9%Y^
kellyneal,tm5&Tyut@V
kellynewman,#SpSTVz283
kellyosborne,7L1nTwga%f
kellypatel,@*nF6cPwG4
kellyperry,V9fHeIAd!t
kellyrobinson,Q+03KF_ssx
kellyrobyn,6*2GqCyefQ
kellysantiago,D$X9IZjrHX
kellysarah,0(x!9^Jli7
kellysawyer,dG8SeAj5!*
kellyschultz,+4c6G&SsDI
kellyspencer,saFKWQog^1
kellystacy,Xu)54TqxX1
kellystafford,$RaBnqfbr1
kellythomas,jy%L8NOwMo
kellythompson,hWY9AEpsG$
kellytran,&sNvcnq#66
kellyturner,_gVlG4CR43
kellyvictoria,x793)UWv^0
kellywalker,@h+0(C$w9^
kellywalters,@6HqQJpmgg
kellywebb,whf6ixDu)8
kellyweiss,%3DyIs8NhV
kellywilliams,*vg9S!4af3
kellywu,R9V6CNsz%t
kellyyang,y$%0h(m37I
kelsey06,X5MkFldf*a
kelsey25,(aP3YKk4ss
kelsey30,(B$NS*#pr2
kelsey36,)93NDp4uyO
kelsey43,SK1A0pSz^E
kelsey45,O)9CNHw84a
kelsey73,*f&3$O4rRa
kelsey80,k%6WH4Sq!w
kelsey84,+$7Tmiy#6s
kelsey88,u*(1Ix+dh(
kelseybailey,2t2sOje_&)
kelseyclayton,J6p+ERIk**
kelseydonaldson,!7HBUJzm&Z
kelseyhampton,^9#XvfB*oS
kelseyhoward,Nt0E*Thn2!
kelseyjohnson,J1_C0b6W*+
kelseypadilla,Ci5!$!E@v@
kelseyrobertson,xouWRg68$7
kelseyromero,B^8i9MGRQf
kelseysmith,$7K*2lq#C8
kelseysoto,V*Ya3ASiPE
kelseystokes,Om$37Aey($
kelseysullivan,fUAkpY6k)5
kempchristopher,31X(hwsL&s
kempcurtis,+7OHievrma
kempjesse,87BQg0Yn*l
kempmichael,h97f(Yed&1
kendra00,%PG)PyQ0o4
kendra01,*P0QKHzQl*
kendra07,_KPoQlli6R
kendra21,c%_0HEpS0K
kendra72,)s2mwZoMC@
kendra86,$P^5g3s3z)
kendraallen,Rf)o00En)F
kendraavila,B9hFeTzp@T
kendrapowell,gm3GsSqb$)
kendrariley,(4^&M0TGEl
kendrarosario,LR3FpIQxo+
kendratorres,p(M*PgGJ&2
kendrawatson,A*2AVyjc^(
kennedycarlos,_tC8JvDk4g
kennedydwayne,PW2+LOoz&@
kennedyjean,jj!#5Cjhfq
kennedyjoseph,Qc!_1QuCPe
kennedymartin,!X5Y^0$fe$
kennedymelissa,Y9LxnmIh^9
kennedynicole,Dc&tJAr0+9
kennedypaige,*q%J1Igai9
kennedyscott,&6!!BwQZie
kennedytimothy,Xp(27+Rr&B
kenneth07,#2BNy#Pe$2
kenneth10,+O0PJDuXe@
kenneth11,+DPo$Y*gj7
kenneth18,(RE1L2Qn_m
kenneth19,!3D!!BoU+%
kenneth22,&D(*7fJdIe
kenneth23,JngG3JDl(+
kenneth24,r@&1MdeC$0
kenneth26,%2!PPVgjJn
kenneth27,r!U2LnTiRc
kenneth271,&63psCzPPo
kenneth272,A57kDFs(m*
kenneth28,IY1F9JMh)1
kenneth30,yeOu6dNo!3
kenneth31,@0hIF7uA^h
kenneth33,S)5Sc*!A0G
kenneth36,5bEPjUU(_o
kenneth38,&#WYTuPl1I
kenneth381,zs(ai5KU__
kenneth382,E%x0Tuxog0
kenneth44,KteD8ZRm$V
kenneth441,n886WZ6e&N
kenneth46,_iO8BMvlPM
kenneth51,+vV+fXGgH9
kenneth53,eKMt79Mt!$
kenneth531,%x5IuGgoL6
kenneth57,G4+avSv8%3
kenneth60,TXz2IE1l^!
kenneth601,*0d)sUazQT
kenneth62,_Lzf&4&q#%
kenneth69,S4JeCVfp%w
kenneth70,Eo0U6Ypjg%
kenneth701,#9MWqriZyP
kenneth72,M31kHcb&_e
kenneth77,6+s^)6KenS
kenneth78,(z9^FkA&Y@
kenneth80,$^1U@tv2+4
kenneth84,a4LRp79b)p
kenneth85,*u4aBhz0l8
kenneth90,N+ho7HQdQN
kenneth98,tqs1Rssv+J
kenneth99,^DV0_NEtN6
kennethbishop,(Nr7Ou0oJ1
kennethbriggs,ID2CKeFWl*
kennethbrooks,Pqbl8Dwf+X
kennethbrown,bY#8Kh+s_Q
kennethchristia,(O4mP@i+(m
kennethclark,%5suPwGy4G
kennethcoleman,@5PfKuyTSi
kennethdalton,NIi6682kc(
kennethdavis,^4Hh$aT6b5
kennethdavis1,^%0ArFqXfG
kennethdouglas,4PS9MtSVJ@
kennethduffy,9hMT7Z_x%b
kennethfritz,Xs6VuMlY$U
kennethguerrero,e4eJz_9Z$f
kennethhayes,I7mGPRt0%x
kennethherring,oL8_YRqt^_
kennethhood,%6TZ4IbEi5
kennethjackson,!@!2I4fp7(
kennethjames,%P4HWTpdn+
kennethjohns,X$Dh8p%I(3
kennethkelley,&q25WnJsLt
kennethlong,NX*9Nqkrn1
kennethlucas,bR76pMkr2_
kennethmarquez,fQF98QhK+3
kennethmarquez1,7E3KUIZz%a
kennethmason,Q@J(E8Uca+
kennethmedina,b+390ErsRy
kennethmelton,#2LK9RxFtd
kennethpatterso,_J1&4C5gBs
kennethpeterson,k$C0Mdmh*n
kennethramirez,+7jUBX!rd$
kennethray,+6pPdsSd*V
kennethrowe,*Q1O^f8&G^
kennethsanchez,E_a8SMTqdS
kennethschultz,&)#3*PDq7z
kennethsmith,CL8CFfjv#)
kennethtaylor,&EF7nyTrgS
kennethtaylor1,C5IuGm%3_6
kenneththomas,)0J0I3ru5u
kennethwiley,T9krEUzx(^
kennethwilliams,O^w9URf5^j
kent01,&hNxRm$^$3
kent41,&SJ8ANgSFI
kenterica,HC9O^kRpN+
kentmichelle,xg3Nm0KQv!
kentpaul,#j70ObsH@S
kentrebecca,+T3J)15rKw
kentwhitney,%&(9RmL#)x
kerickson,Y+2TRPmLYW
kerranthony,$e^HoUAcb3
kerri26,+aTt5aFel8
kerrijames,@W@iGTay!4
kerrkylie,@1AHxvx(Z0
kerry71,5SQSaN(q_2
kerry75,655M8Pkv&T
kerryrush,1OOtJzh+^J
kerrysantiago,H5W@sR3y)m
kespinoza,320#AtoS&o
kevans,Dv2z2vPG+5
kevin04,!Q%A06ta6f
kevin05,t1IyG!jL*!
kevin051,fpc$7Usjal
kevin08,RRG!y(9t$9
kevin09,@t9UMe1Wk(
kevin11,!IezGPRw&1
kevin111,X!qJ1K+l8z
kevin12,Kh6CDOGvs@
kevin121,_o09S4ar8d
kevin13,#2Qn0mQG51
kevin131,b$qca1Lbru
kevin15,u#3KNi$sb&
kevin16,4!h6Xr48Cc
kevin20,@7H#URiM!R
kevin21,*2Qx16s6mY
kevin22,&_aYHu@l(7
kevin221,tk@5DeIT*v
kevin29,)4(Dt_%vvi
kevin30,p6rBhIoE%y
kevin301,+dgC5Q6c^1
kevin31,syS8GIl2))
kevin32,$7%Frmy&$Q
kevin321,w4Z@4Ez*!X
kevin33,%g+I99ZhF@
kevin35,rB8Qi%yh)9
kevin351,mC)Z*fB0@0
kevin36,mE4FH27bS^
kevin38,8%sz0nChuT
kevin39,!KC$BAs!t0
kevin391,@qR$EoszZ7
kevin40,+7tWI9atvW
kevin41,_0xMVBmt*j
kevin411,M5P_m%#F@2
kevin51,EF3h(2Sq^k
kevin511,%uV9P$Gqpp
kevin52,)ZXie1a118
kevin521,@e6rPND&Y6
kevin53,u)2ZQbUW&D
kevin531,g!5#3HZwmz
kevin55,%uxJ7_El@!
kevin58,&4Xh7oua6#
kevin59,HOu5Sz4nW$
kevin60,(3dUXvLZQn
kevin601,HZm3LnNe8)
kevin602,QT8WPthdA%
kevin62,($9WBkOo)T
kevin63,BuiIqhFH!3
kevin631,^$ay(Xc)S6
kevin66,A11iH5iy!0
kevin68,i$9Kc6l97C
kevin70,^&5#AkSiEs
kevin72,W!06@Su9_#
kevin721,W9GOA^jy#a
kevin73,4gz2UxyF_^
kevin731,l1cC2RVg#2
kevin732,HT0XS+fr9+
kevin74,%8q0LQabE%
kevin741,^7*_L+&pvp
kevin742,$KE8v%@w+3
kevin75,FE2sQVEa$q
kevin79,+wW7ZfnJX2
kevin82,!sOHNr7r78
kevin83,ow*!5pMzE@
kevin85,(1dpTQaHKp
kevin89,($u7C6ZtuW
kevin891,Y^J2R0Nl@0
kevin892,^h#r7z^oP5
kevin90,^4^4aSv&9!
kevin901,HE#6rPr(qr
kevin91,Z2ODr$BmC)
kevin92,^t!DZm00_8
kevin93,(%vj4+dD^B
kevin94,^SOtfhxi3Q
kevin941,kvUjYYIo$9
kevin95,$fsELhsr1t
kevin96,P2DKWaCk$I
kevin961,SY5VOTeFi(
kevin97,Um6HAmCc#m
kevin98,*8XRQpL1@C
kevin981,_j34zSMd)k
kevinalvarez,sn9CGbD_%r
kevinanthony,tBL@3gCjHb
kevinaustin,^O3ZI1fzw3
kevinbarker,z&umcjQo(2
kevinbarker1,&+6GUaq2Pp
kevinbean,%q2ERtYE#X
kevinbishop,*AyDBBlSu7
kevinblanchard,a)X&6F1mB)
kevinbradley,*1EUf_Rl%5
kevinbradley1,_2m#7nGztt
kevinbrown,KrTLKRAm_1
kevinburnett,#1B4Y!maGG
kevinbutler,r%X5RX$PRx
kevincasey,#0Jc!cvdRw
kevincastro,&A74OlkeWX
kevindavis,yYf7Q_+d&o
kevinespinoza,xju2BjJ5x)
kevinflores,e8Vwbi8)$o
kevingibson,8@9Nw&CiIi
kevingonzalez,ek)Z9oDvBP
kevingordon,!T1+Dkt)eJ
kevingould,yWI9TFuw*r
kevingreen,ATbj$7Yhjm
kevingutierrez,^15raYfcVd
kevinhernandez,CI9@#tVs_o
kevinherrera,7rS@(g$S@F
kevinherrera1,^5DpVhkTCr
kevinhooper,)3M4Yt)N+D
kevinhorton,*K6@xoWuz7
kevinhuang,_M6$2YoA(3
kevinhumphrey,%2$Xw2slD(
kevinknight,n_E1XsUs75
kevinlawrence,!lkd^4Dr1V
kevinlawson,)$R3Pp!zQ9
kevinlloyd,6eQpI00h+Y
kevinlowe,@8AVc_6t*_
kevinlynn,^ktu3Lw*Z%
kevinmacdonald,D44XHZlc&Q
kevinmartinez,5mr^BZ_z*^
kevinmason,c_g4)Oo9$c
kevinmcconnell,2(S+bq!e%2
kevinmcdaniel,h)#dp0+v8A
kevinmoore,h9aKXhO1)O
kevinmorgan,T&$96PFk!H
kevinmueller,%0Ty05g*Ka
kevinmunoz,SE@62vXeC6
kevinnelson,)d1B+2rU+d
kevinortiz,u(9GTT*qoS
kevinpage,+%O4VsG!f6
kevinpalmer,&H3VXmw*O2
kevinpark,*F(DCAEeE2
kevinparker,4reJk%ra+G
kevinperez,svU6XLy#7^
kevinperkins,+4)PR8Qbj9
kevinpitts,#J#YEqBtc9
kevinpoole,)3E#e67p0G
kevinpowell,Z6xa)5QqB!
kevinrivera,G2&2Yt^i+*
kevinrogers,*kXKR@dM0d
kevinsanchez,+7H(osXorG
kevinshah,aU7XBm@jb^
kevinshepherd,+z2I5WY@M8
kevinsmith,4*6Aj+Lcos
kevinsullivan,*%CJj8z%8&
kevintaylor,bH_4GyRf!x
kevinthomas,sgOZGME7#1
kevintownsend,X$gU9_Gk2B
kevintrujillo,9_ja0eheCQ
kevinwagner,^0b#)Dw5Ug
kevinwalker,#t^h7HWkBN
kevinwalsh,%RG6AvmPk9
kevinward,y4k6rPq_(x
kevinwatts,%C!K0tifN1
kevinweaver,__3tZLCm)+
kevinwilliams,!68+HQFgp^
kevinwong,!w4FtPt&t@
kevinwood,^i&0HpZY!W
kevinwu,+8WpG@g28x
kevinzimmerman,%+1Ax^jdjW
keychelsea,!6GdZs&&o7
keyheather,x&J7FH3Ios
keykimberly,P0J#QfxT_T
kfaulkner,W_Rl5Pvt#+
kfaulkner1,CKy9WbrS+k
kferguson,&V6#R4ulFq
kfields,_N07LMrk&@
kforbes,!0G^Kjorw6
kfreeman,cHO^43Zgyb
kfreeman1,CCt)J2Zi_5
kfreeman2,%63Ffyi6#$
kfuller,%&20qCEbSQ
kgallagher,P)3Ekuw*l(
kgarcia,*x#D66xhL6
kgarcia1,2$3fVrbT*%
kgarcia2,$06IfjLmzD
kgarrison,fL4(gSXhv*
kgeorge,gj0LIrwbq$
kgilbert,YVBmuyEw@0
kgilbert1,+6SH2HEvzb
kglass,u1vBF!yf#O
kgonzales,nq9XpGAi(O
kgonzales1,HxDf27rl#2
kgonzalez,&QsY%pu0_2
kgonzalez1,O353Bt4c!N
kgonzalez2,m85XH*iJ^y
kgreene,#K8Q3LvTfG
kguerra,^7fJcZi$Z9
kguerrero,%2q3+LRjCX
kgutierrez,q)HPFGGw$9
khall,%9Pry3m%kQ
khall1,_1X#)wUW@v
khamilton,D0j)nQwe^^
khampton,DF3KMh8Q%^
khanchristopher,6uR3QkrsT(
khanmary,98t%H_nA#f
khanmelissa,*d^ZLPrp4j
khansen,#&e4vV7u&3
khanshirley,)L3dSWaLM0
khardy,%6Bd9ntLKx
kharper,@t#5Ii2d31
kharrington,!3$0QIk8ft
kharris,!4uv&GMuGL
kharris1,)fGtUp4u!0
kharris2,*&C7GUElz6
khartman,7(9PZhk7K*
kheath,B#0O+ayw%R
khebert,l4#WZait#h
khenderson,Q+Ullpm7(1
khenry,l9(4Gsz$+S
khenry1,!r5Swggaa_
khernandez,_$3^Ho8kAy
khill,_7HKlkOL63
kho,5g5Fxprz^r
khoffman,W_1DfIY!)E
khoffman1,61l4Jww5%x
khoffman2,1YAp8lgxh@
kholloway,7diS3dBhw)
kholmes,%V6C$Jxz+w
khoover,ZJ!jk5Nw&s
khorn,t(nD3sWut1
khorton,(ZXJb7TkV1
khowe,2+%2Q1Wcrd
khuynh,!QsZ3RgdD(
kiara08,vKk1riRbQ^
kiara10,vV1TEPXpO(
kiara23,xSWJ37o4^3
kiara38,Q+npASUw$8
kiara54,*1Tu0SCh)9
kiara90,dJTLvJMj^9
kiarafletcher,N&1x^9Q8Wz
kiarasuarez,$sNBfONdN6
kiarawhite,Dv6%(JNm_@
kibarra,^2j)Ldvz#8
kiddamy,*DVC3vJt4w
kiddeugene,_*2Bb!n#Mv
kiddjoseph,+U3T8BUz$C
kiddkristy,J6Nj0kd$#g
kiddsandra,yr0iTGGWt)
kim13,43S8VmfC_r
kim17,(1+LmD!cXF
kim21,JeeCq7sV+4
kim41,9x1M*l3#(4
kim43,hrAq2O^^T&
kim52,3vHJBebC^N
kim521,^kIhcQdMg7
kim59,3MJkCRrb_8
kim63,*2QbACeO49
kim77,7U3p4vhbR@
kim81,^nm3Tg)$mZ
kim87,7uo+3XkNJB
kimalexander,r@!G7B(s&X
kimanthony,_y^HUfWj8Z
kimaudrey,*v49&Xxi3!
kimberly00,+3dYZy*Vw6
kimberly001,2FRPi#zJ^q
kimberly002,oiZ5GARpu!
kimberly02,otoLENIQ$8
kimberly021,9*3YwGSM#w
kimberly03,%gw0C4AcMQ
kimberly04,^#V4Dirn6B
kimberly05,^tKgj#z239
kimberly06,A9Lxy6^y+#
kimberly08,YL94RJDpe*
kimberly09,_9TL_V9cS0
kimberly091,*epYrHHc1i
kimberly092,FjbEo#(o#4
kimberly11,^qC68UDzKl
kimberly13,%V2Pjn*2BC
kimberly15,)u9MkRz8+u
kimberly17,A%1uGwBU%6
kimberly20,8gG2KS7e9_
kimberly201,nGd#9GJb6x
kimberly202,el1Be5^q_8
kimberly203,)EHR4Knp5v
kimberly22,*%10yIJyr2
kimberly23,BC&9Zn%0k1
kimberly25,dj9#ZRi#v)
kimberly27,jsF$$Nen*3
kimberly271,Z6f_UvEy!M
kimberly29,%RNId5iH7A
kimberly30,_Ta5YBVwB!
kimberly33,+66AewCz#p
kimberly36,i5Tjl2@Q%E
kimberly37,q974IHHa$$
kimberly38,%QOr_a#L&0
kimberly42,!7VzDhkLa3
kimberly421,U+QFlL88_0
kimberly43,k_Wd63Aet&
kimberly431,t6%5eNff&h
kimberly45,^9fGIWmoiF
kimberly46,x)U0FS&jO&
kimberly461,uI&@1_Um%f
kimberly462,vlAlbVf)+4
kimberly47,ZhLj1MvT$c
kimberly471,*u9RmNJtNm
kimberly49,(!8Kc(@km*
kimberly491,hw#I4NuzB#
kimberly51,RvXFQWo%*6
kimberly53,RY_2Sf(B9R
kimberly57,#6mdWxHFc0
kimberly60,#7Sbwa_m64
kimberly65,Pv0ZCrvB2(
kimberly651,i@6Y2ZsdIW
kimberly66,MoPL3eYl$1
kimberly67,*I6PXOgx6!
kimberly68,7dr5VOy3W(
kimberly71,tg3QUzrc&V
kimberly711,&yI84jB6l&
kimberly74,!4k6EL!r^4
kimberly75,&#3WdGvM$*
kimberly76,%w!s7s6l0P
kimberly761,8P6%DF_l%n
kimberly77,2yS5WZLv*0
kimberly79,QV$5HhYjmo
kimberly81,*GjLanJPd4
kimberly811,H(0bDOaX(I
kimberly812,_IDRrHcD68
kimberly813,(!5YbAWT1#
kimberly82,Y6mLwKHd+d
kimberly821,_073^jFk@t
kimberly86,@7Uyb3gYuD
kimberly87,&1y_4cXbvK
kimberly871,Ba0gfvHNT&
kimberly872,vWAkxIqo*7
kimberly873,&EBR5lyez3
kimberly89,_#3JF4jXn(
kimberly90,@m7+NBuI&$
kimberly901,*_IT3bLQ6p
kimberly902,OvfA8LKN$!
kimberly91,$qK1VtwN7k
kimberly911,U#3!RRQkd*
kimberly92,W!8xBD(#Dx
kimberly95,Z(W0NBZfwi
kimberly96,t@52CR!h!M
kimberly97,Pp4TLWdB(L
kimberly971,e0Nj5imI)H
kimberly972,^&X%orG(2k
kimberlyball,_L7Vaz&C*Q
kimberlybentley,C&3NBzvoVR
kimberlybentley1,9%G&hRhn!Z
kimberlycabrera,b&qv+tQu%5
kimberlycamacho,s3)QsQaa#a
kimberlycarpent,M_2MglAl)J
kimberlycarroll,224YBsbl(X
kimberlycastill,g9I@cI)s%6
kimberlychan,%BKEUu%x9(
kimberlycharles,a$7$5YMxN2
kimberlyclement,GyxVvv(t#0
kimberlycollins,)*WhiAom3j
kimberlydiaz,*7WsQl#YdW
kimberlydiaz1,&4U33_sIwe
kimberlydillon,@0k)Pg_wWG
kimberlyflynn,Ia5ypYhD^x
kimberlyforbes,_qATKjmtW6
kimberlyfreeman,WP5o3$gsw$
kimberlygarcia,&_!5m(JxbV
kimberlygeorge,)EwEJtc3$8
kimberlygonzale,5pca64PPW!
kimberlygordon,(^G)2CVwLg
kimberlyhansen,+Lp81Fxd0^
kimberlyhansen1,+J7H$ily0t
kimberlyhartman,spwDASIi!5
kimberlyhernand,Hha+V2CeY(
kimberlyhernand1,CZMPHkgO)9
kimberlyhill,$^w)2vVhR1
kimberlyhogan,%cLlgyFF2D
kimberlyholt,iMZL#egd&8
kimberlyhurst,(65Xshr9E&
kimberlyjackson,+60DBy9D+7
kimberlyjohnson,4+H9OlZv!0
kimberlyjohnson1,M(6qR$(rPw
kimberlyjohnson2,c$7N1PkzFU
kimberlyjohnson3,Qu8$Ht&dk*
kimberlyjones,tf7UB@+lP_
kimberlyknight,KI#6!CmjKT
kimberlylee,H(6JBkBeK@
kimberlylewis,+9SE$nOn^k
kimberlylopez,#pI5MXd@EK
kimberlymccoy,^uwdDGwpj0
kimberlymeza,vn00UIeA^I
kimberlymichael,%P3IWpNb!t
kimberlymoore,$TjY7oNey5
kimberlymoore1,iNLtk%rL@6
kimberlymoore2,!8YbO8gwus
kimberlymunoz,Sld9GsrIz^
kimberlynelson,(s^3RuHT@+
kimberlynguyen,^V6AuaRx6%
kimberlyortega,fsAfR^2w%8
kimberlyquinn,j)34USggbe
kimberlyrivera,IPK4iPnxi#
kimberlyrodrigu,YS@4DCYoNx
kimberlyscott,r11$8SDuAD
kimberlythomas,&Q$Bg94da9
kimberlythompso,2@C^mK5u+4
kimberlythompso1,#aT@ZzWc3_
kimberlyvaldez,*DpUd^hKG1
kimberlyvargas,L3(YA0Ca^C
kimberlywalton,E9uhQT)u+Y
kimberlywhite,*zU*eG^Wo0
kimberlywhite1,j0PS!fvf@4
kimberlywilliam,o$99I_Ccgb
kimberlywilliam1,a^X4T9Ed_R
kimberlywilliam2,rczKgzBV@7
kimberlywilliam3,*8TF7alzDU
kimberlywilson,b8q$1YKuTj
kimberlywood,#7Wg)GdNGN
kimberlyyork,h@^PeODH)0
kimberlyyoung,^1Ysi+BXGt
kimchristian,$45Y%1EnY)
kimchristine,*q4Bg^WOVV
kimchristopher,)2NV%#Mehv
kimconrad,BY3$Zsw@Y%
kimdennis,1eMw$ktf@o
kimdyer,%KNH3ELr)q
kimgregory,+(Kt0FMsHf
kimhendricks,k(29YtMdM2
kimherrera,!2ToOm5c@3
kimhood,ik77sXmr^P
kimjared,@Y0Zxhk^2A
kimjenna,B9VNRwA8@D
kimjenny,m06J3Pr&T(
kimjerome,IM%3DPnPGl
kimjudith,K)z5Ao85jg
kimkristina,k#TrZ8Hs)w
kimlauren,_hNkLeLv3R
kimlucas,Y2ibwJIr^#
kimlucas1,(C6wG1jO)L
kimmaria,FzI5Kd&YN_
kimmary,)!x%1X#lbE
kimmegan,$59QcGCx&3
kimmegan1,*8RXcPhSM9
kimmichelle,*8WZvPk0$5
kimmitchell,dm70Li%y@)
kimortiz,&rX1MUuI^!
kimpatricia,$DKW7K2r@4
kimpeterson,!s3Z&Sb&2Z
kimrhonda,%b3jULo8l4
kimsuzanne,w@4^8KafVL
kimtanner,u9*KO*^u$(
kimterrance,v*4xzVHl*&
kimtimothy,()SP5iXf+4
kimtracy,z$0VkZjUbv
kimvazquez,73mMrecH)n
kimwalters,+b2C6Y6lCE
kimwilliam,6!#Ww3XgYh
kingallison,*Y57ODyy_U
kingangela,+2rSPF^@xj
kingangela1,Lb00paDtO(
kingcandice,(rY3+xolK5
kingchad,l8b2bJEn_J
kingchristopher,)R9Dbb0lQ)
kingcrystal,!fJ)1HvlqL
kingdana,t81RC0Rp*x
kingdonald,u1XV)zeZ!$
kingelizabeth,UmXTAb_w&3
kingemily,t*0G(lL#7a
kinggabriel,%6^YRSTv3K
kinggregory,jZ(JjISj%3
kingjacqueline,^%t6X$duRx
kingjacqueline1,_XQxNkBg1I
kingjames,!*x0T0V_Bn
kingjeffrey,^YAu2a8wY0
kingjenna,BdN^I0IgvZ
kingjessica,!jO8eSLfH3
kingjoseph,r!e0GMb6A)
kingkenneth,_j^b5KnEf)
kingkim,uMj_9Amx*c
kingkimberly,B*JL2SGmU5
kinglauren,EK34aIw1@c
kinglaurie,kc9PzTlKo+
kinglinda,0dWyEXmg%o
kinglindsay,B&+T0Ho$N@
kinglisa,@9bRiOatX#
kingmatthew,n$6ZW2UhwT
kingmegan,83XPe^cj)j
kingmorgan,a^o1N6Ng%I
kingpamela,1h83SCWk!K
kingpaul,Mi%6%O7qup
kingrenee,g994GnZg#L
kingrodney,@5Yxnx8JWV
kingryan,ca+u5HXvW)
kingscott,_51gKR2m#$
kingselena,!04LyOeAg7
kingselena1,_jR6mAtP@8
kingthomas,!l$1GW4wZM
kingtimothy,g2QQtyqz(9
kingtristan,o6BOxPpo+J
kingvanessa,_+RtEp0_91
kingwilliam,795gEHYfx*
kirbyandrew,49Fh*X3o(@
kirbycharles,t@9EtyrupZ
kirbydawn,%N14xDIc+W
kirbygrace,p2Uizuok*d
kirbyterri,!0&QdAn4(0
kirkanthony,#6u3uOfbrB
kirkharris,#0C^97Gkk8
kirkhorton,_PW*9St2dZ
kirkjennifer,!Y9Hm!sc1t
kirkpacheco,$2EnRDkpNu
kirsten22,X$C4Dp8uQW
kirsten34,$$0TIabK7j
kirstenbaker,3#V04Q#vcH
kirstengonzalez,Ml3(4zOaaT
kirstensantiago,#swOer0iG3
kjackson,UrAX)Ork)6
kjackson1,QdCUsq#D+4
kjackson2,)1YuSe9U+6
kjackson3,!YIrnZph@0
kjackson4,4o09&T+cm#
kjefferson,RpgU6LCF*1
kjennings,J65jQac6K@
kjimenez,e6Q(XRJu+H
kjohnson,KHN*kqiw!6
kjohnson1,!y#7gQCrO3
kjohnson2,)r+95VcrTj
kjohnson3,X(+7AA7n2)
kjohnston,L@b2C1cb)@
kjohnston1,tp%0X7jh!M
kjones,3)1H9Tq%ce
kjones1,_*UAKkP098
kjones2,#Vrx^4NoLa
kkelly,Ek3DnUGc()
kkennedy,+)Wb1UrQh4
kking,QvACgYz*)9
kking1,yD_4Zz+kEk
kknight,r_5a%Z1u8n
kknight1,7)1tzLiJX0
klamb,(S93YZu20Y
klang,v_iXYxGY+8
klarson,ll8JJRkva*
klawson,L4_6UuDa5U
klee,&5Bf6bcZjS
klee1,B3VQwnpa@c
klee2,^rS1OlSe_J
kleinamy,3HjHbC9k!p
kleinclaudia,GseV1TO#J*
kleinjim,PmlYtG&v$6
kleinmarcia,_3DbBnibh#
kleinolivia,!Y97PHt!*5
kleinpatricia,!)1I$KeKda
kleinpaul,CtpKYRf(@9
kleon,i)*!4O(qt8
kleon1,_+1H08KaJv
klevy,sJ55bSed++
klewis,HkD)Zpn5@6
klewis1,l*1cS@3gsm
klindsey,n4n!jez*@U
klineandrew,95*5TkbUNF
klinejustin,xj(C32En1L
klineleslie,&92URD2wqY
klinematthew,(7@6PVuXjb
klinemelissa,+9jDXzd6(k
klinemichael,xo16J_qk#h
klinenicholas,85W6#%To)j
klopez,!2_HEgGh)8
klozano,e!2U5Kjqw^
klucero,83E7poMJ_^
klucero1,%ub0pQGo2o
klynch,fl4HLMnh#g
klyons,8xDYxnCO(e
kmarquez,m*09HQcUGH
kmarquez1,0n^1J8e+Sz
kmarshall,S50FA1rX(@
kmartin,!dKagM)#$2
kmartin1,F@o6Lcey((
kmartinez,IH5UOL^n*q
kmason,BW4EoBxF^a
kmason1,!OVRPJqda6
kmason2,KpDHIU!z#9
kmatthews,mW1wDwFdJ)
kmaxwell,#n9oZZdv#)
kmay,I!5NZlhVnn
kmays,$HP(e@WiZ0
kmcclain,+lkSw+p)b4
kmccoy,j*6jABgvS6
kmccoy1,*e4BYegw+#
kmckee,(%(5XAgzjP
kmclean,(V6(HJgA*2
kmedina,BwLttVtC!3
kmendoza,_lbtZzaQ30
kmeyers,%1Ye&ztg#C
kmiller,$a5T6Rr6Bo
kmiller1,ok_6xTP*G(
kmiller2,k3#*9IxQ@9
kmiller3,W3Nc5f*E&6
kmiller4,$HH3UQE4k9
kmitchell,F)20RhnNoz
kmitchell1,%7&K87XgV6
kmitchell2,sssDQBO4&7
kmoore,$fwI8Ydbp8
kmoore1,hVFIRO_d^2
kmoore2,jS4M^uZq!l
kmorales,drF2uLTi##
kmorgan,(42321^ueQ
kmorse,@7yNo5jtqX
kmorton,#70Pg#78zq
kmoss,!*7^oXv_$q
kmullen,)e0peM!W%2
kmunoz,n&0htAbU+#
kmurray,(LC+4wMmvL
kmyers,R!6RbvM!yz
kmyers1,c93xeLvt&C
knappbrandon,Tzf^Azfh^0
knappjeffrey,*1OHt3v81p
knappjustin,*u4QHa^vMm
knelson,9*7XfC2h+5
knguyen,s44IW4Rj+#
knguyen1,_(o6_kMys*
knightaaron,9F+6Ev3iDK
knightangela,DrrNLOsk(2
knightbrenda,Q(7MvaU$M3
knightcarla,ILb*$Xwr%1
knightchristine,(f33BQDi4A
knightchristoph,qt_02Col8y
knightjoshua,4QFNd3Zn#i
knightjustin,!1bSsqzT#_
knightkaren,k+4WS1dP()
knightmichael,%8yM(%pxq+
knightmichael1,N82KZ6jj(c
knightmike,X@08ViA6TM
knightpamela,c!5D*GlV#1
knightrhonda,(ElOXf+b3A
knightshannon,(R8Sdc*n_m
knightsteven,b1WA7^Ib!D
knixon,#3)O8dQwlb
knoble,)PTj13PNr7
knorman,3uY)eGnk#p
knorris,ik4+_S2v^f
knoxjacob,g#1o09Tfl&
knoxjason,AL+Tw&uk+9
knoxjason1,QcBY^5Rc6g
knoxkeith,*abNXEpZp0
knoxlaura,96gOtzG9&^
knoxleslie,*2P48TvH$5
knoxlisa,HB4FoPtgS)
knoxmichael,SZ#7K1twVE
knoxmichael1,*yEYJcX5y0
knoxmonica,$9J&k#dOP2
knunez,oZ05Mg+h+M
kobrien,)6!*UkwPvv
kochbrandon,rPw)e4Fit@
kochdavid,7$3NICTdby
kochjamie,$0!VbUtBmC
kochtricia,o2rhBkNi+)
koconnell,YPk)4eFhjL
koliver,&8LDy!C_dv
kortiz,x$72NqUi%&
kortiz1,s%5CL(h%NQ
kowens,X5M)lEn7$j
kparker,7PID7faT(Z
kparker1,5$44MTlonM
kparker2,!Dwkx#Zgi9
kparsons,47GHikMv&u
kpatel,#t%ISAK9Q6
kpatrick,(AJOKQkU42
kpatterson,w5d8Eo68+*
kpena,_KLDTaH@2e
kpena1,(P+62Redu9
kperez,%0ruQKodV8
kperez1,*YTI&uBc%2
kperez2,I7L1%S%z(A
kperry,*xP7O6BxD2
kperry1,zc&i4Mt^ro
kpetersen,1e28XaoF__
kpham,4(ZpEdgg^2
kpineda,@qmObH_r_2
kpope,+)u6Rp%bxa
kpotts,!r5gqFdsJ_
kramerderrick,04Fo!hcn*3
kramerlindsay,7IWxx5Rda&
kramerlori,vfEMyiXI#6
kramirez,R54qPq@d!n
kramirez1,+Mp8aU_bN2
kramirez2,#^p!LNeiT3
kramos,&9a7nVoDv!
kramsey,+XDb(16ov5
kreed,&Y2Ftts^v_
kreeves,OPZ4PCtc%L
kreyes,(N725FudBc
kreynolds,+5jVPVkZ)N
kreynolds1,U(1Eo1Yt7V
krhodes,U54EH!pi%e
krhodes1,^ed)9NDP6W
krich,bDl2hTxdx*
krichardson,YW38oIfvT$
kriley,I9(CGlhd_s
kriley1,D^34SFlA&6
krios,&)HAPxyIc6
krista14,e+R4FHPcm(
krista25,zd8Kv9li@m
krista31,7O+4WVUsaZ
krista35,&gF(SNwE3Y
krista68,2b(7wxHj(#
krista84,&6X6ZVbtk&
kristaclark,QQ^5hUJe8I
kristastone,u5CkIl$%%X
kristawilliams,@3QK#9uNOs
kristen05,F0ZxGTke^V
kristen15,Wt0*EQ3wm@
kristen21,+Y#5VcHgYF
kristen23,)K5*XeczM7
kristen231,r9TciV_*@e
kristen232,U+8y$UWcrs
kristen24,#*Joo@M_33
kristen33,#NVabEPuU9
kristen331,Ww*9BKiLoP
kristen35,(dTV8^QnjJ
kristen43,RQxV2hSx3_
kristen45,*J8LmLzT*0
kristen451,gxb20UPzm#
kristen46,s17PDYZbw!
kristen49,_+g6HqMPyV
kristen53,#&atNR(u3^
kristen54,JJL0r9m#5)
kristen56,)0UTe6c1n2
kristen58,DL4UDldB!S
kristen59,jqW2Cub&)h
kristen60,y&*1W2Qb!W
kristen61,6+YlV$j@$W
kristen62,QR&2H#vZ(L
kristen68,*3Rc2CpX$G
kristen75,D7VxCE%0%_
kristen77,Y*p#ErZtC9
kristen80,^k5AmnMm^8
kristen85,Jp27UzfU^_
kristen86,(2L(JzVeed
kristen89,!V*tLwZ@l6
kristen99,$+XQN0h+&B
kristenbrown,W#u6PeJzxU
kristencross,8aJON2m4^h
kristendurham,Y09RnLu@$Q
kristenharris,OY)L7Oi8U)
kristenhart,7_80WG$yjM
kristenhernande,)C3(@NBw#a
kristenhowell,!)36oPIz6)
kristenjones,Ch7A+cH3w$
kristenlee,x5(5Snaq&i
kristenlivingst,*9u$yyAn0D
kristenlong,xOJ0xMFbp_
kristenmaddox,A0Qi(Mp4!v
kristenmaldonad,6_LBOwfi$6
kristenmontoya,@xk#HR!jO4
kristenpatterso,&XTk8Ibm9_
kristenpayne,z4WG2yFf!3
kristenrobinson,)hBB$zXU1o
kristenrose,p(#T87cxNK
kristensanchez,%1o9Osa2v+
kristensimpson,K!I%7XTr)^
kristensmith,6&1ok1Hi5%
kristenstephens,%plOF!MV(7
kristentorres,c%Ce^Nxs+8
kristentrujillo,a#&Ok3Fj2#
kristenwiley,+lDCYKpH0m
kristenyoung,7X3uDZaf**
kristi13,E)z#5VYfwv
kristi30,wc)9Facu*X
kristi87,wkcuULD__3
kristialexander,oj5zM6Sv&*
kristicarrillo,Lz8Kuuf%^X
kristie20,_GTZyes83f
kristie30,Y*3$Vx*H%o
kristie34,ej1!RqFeR)
kristie53,pZbLcYg)_7
kristie89,eoa3)YZ7$&
kristifuller,ax61!Ss#r^
kristin03,yacbWlUy$5
kristin04,V8Q6J#)q#g
kristin06,8MHP1P*g7!
kristin061,h6+SMpkb@!
kristin062,I+3$Jdjzuz
kristin09,^EC3oLs61R
kristin10,uy8Ykdt#y)
kristin18,)^QgHpB$5@
kristin33,E@i5L4Gs1v
kristin34,U59Gj142@J
kristin36,@X09Gf)%$%
kristin38,)DsPJ!6h9s
kristin39,$11r%LD*iA
kristin44,#BwgCc)668
kristin49,vge8E1v!A$
kristin54,^Wc*g3Dy3O
kristin57,&3MyPhqA%d
kristin59,z4CRRqnT!N
kristin591,SpI63EOag%
kristin62,r@#Z1WdHH)
kristin69,D@^J5Cm(#@
kristin72,Z5zIlBM8%4
kristin73,0#p#71Cg_j
kristin77,bgSSc0_v@7
kristin771,S#y7HyMiPG
kristin78,uN@n3FjqRu
kristin83,$zf5R2I0C9
kristin85,J0eT4z5@_O
kristin90,h%4yT5DfAS
kristina03,$4*eurYN2y
kristina07,@I020pCocT
kristina12,ch9k)7Wkx#
kristina17,4xOIQfoA$F
kristina24,cRB7s2fb*%
kristina40,)2(%VxCz1e
kristina49,^PQ7YG&h6$
kristina58,bK4BT+Ws*U
kristina59,C1TzKtrk^p
kristina66,+UJlLKmg8u
kristina72,&ZKiJ8^W0T
kristina75,#9ZZr2Jh!j
kristina751,SF4T73Md&e
kristina96,@%3KhEuIm0
kristinaaguirre,_WqD#hIt10
kristinafrank,4CRa6!O%%$
kristinagonzale,O^s3XbaUR0
kristinagonzale1,_tHLIvbmg2
kristinahancock,Mk0GGOWh$i
kristinahanson,omTWXQTm%9
kristinamay,h9TBo@b(#R
kristinamckee,%*hE9cUe1p
kristinamorris,*6Yqv5Yrj_
kristinamoyer,Ye4MlIJmi*
kristinanderson,YDR3^7Nf$)
kristinaowens,y2hNP!wR_s
kristinaramirez,9$j30^jleZ
kristinareed,lOQzIKw$_5
kristinarichard,!d1AHIqcBp
kristinasmith,d22e1Zfo)a
kristinaspencer,_d!ZYgje!4
kristincole,Axh$1OYg9k
kristindavis,yNaL5)rn%(
kristine22,R$5WGUBd%h
kristine48,_CK0uXsh(d
kristine49,&YEK5LDg2#
kristine54,#5MFUe6YXb
kristine59,Y%X6%_D!ot
kristine63,4NXi6Oa)9(
kristineaton,$CUkQ2TxU3
kristinelson,Mn4lGAkn(5
kristinemiranda,%w39K7_l)L
kristinesmith,QO205tEv&a
kristinlove,G%(5!KfjX$
kristinmack,P6e2JQxm^Z
kristinmartin,E7IGm^c#$c
kristinmcdowell,hHFSaueS@5
kristinmurphy,6#6Jivuk_f
kristinortiz,Z@E0Ad)dDG
kristinpatel,r(eW4S!xL$
kristinramirez,r%8pO&Bz3!
kristopher16,SC+6Bp6M%z
kristopher35,_3C8%io4n6
kristopher65,0a5Ag_aq#x
kristopher74,ih^Z0CIq7c
kristopher82,^17!VkH51v
kristopherchoi,Zb9kKu*K_!
kristy10,Jd7PmyjT&(
kristy11,xL9@PM7u)&
kristy14,s^lT4OjxVz
kristy23,+5!o@NLack
kristy63,_$1QuLrBoP
kristyowens,@gDTeGS^6s
kristyprice,5&7XsLXay9
kristywilliams,(xtWWBwwZ6
kristywillis,(On2bBs%yd
krivera,^23^AbLa@K
krivers,Tep&q3FtsS
krobbins,)R8HXr9EZ7
krobertson,14DHPBc%&^
krobinson,lD8_+Gr0+&
krobles,#kK&KQNe94
krobles1,SBY8*9qW#1
krodriguez,d5SY26o(!1
krodriguez1,x)1G0LHob&
krogers,L*yG6Ea$#N
krogers1,CZj5F6kz@&
kromero,!@Dd3!dHO9
kromero1,)$ER5!*o0x
kroth,#v#2FvYxhM
krowe,#59XdAHez)
krowe1,^QO+edj1R3
kruegerbrian,Eu0K9AzP%f
kruegercody,_kVCtnvI4R
kruegercynthia,^(!S8Cg%h7
kruegerkarl,)4OLkn7s72
kruiz,#8c97ZDsdU
krystal18,6#45RDuu6L
krystal27,%14ynJYgus
krystal35,(&2CNc69f)
krystal351,5X&!0PvU_P
krystal36,iO^ArD1(^9
krystal38,Q$!+5JGiNu
krystal45,%d#VUAqpA4
krystal91,45J^zj@Z+O
krystalevans,wVSMNaLm$5
krystaljones,c(#@CrJb&7
krystalrogers,#5VMeDDu#6
krystalsims,%xvAeobSV1
krystalwarner,+8RPJaENb9
ksanders,++W1&%Ezq5
ksanford,4nHqp7Lx!F
kschneider,$m9DLSoH%b
kschwartz,^Utj2GhLf9
kscott,ea$zvIQ33&
kscott1,ndxkYiVR&7
kscott2,W&m7iP1qEE
kscott3,$pAPqJzIr2
ksherman,$()s4XKk9Q
ksimmons,+M7cUv7G2v
ksimmons1,#PH7c27uz9
ksimmons2,&B5LBBVx)u
ksingleton,iKFbAWZf%1
ksmith,!4efjNfYx&
ksmith1,e0Rw%lQ2%7
ksmith2,uG4kMcu)+G
ksmith3,ZQDE7YIju%
ksmith4,H1v1+3zw_K
ksmith5,D!K9L!3Jpm
ksmith6,^S5d4@La$0
ksmith7,i#IOCbR#$8
ksmith8,92V1^Tg2^*
kspencer,o1F8DSrkm$
kspencer1,d7ZcK7dd)U
kstafford,P3LtcayH#M
kstein,RLj767vdI+
kstewart,lFj6MfgX!p
kstewart1,S&1KnKwfmg
kstone,M7XuhQ5*@0
kstrickland,AC_8TkJY_!
ksullivan,ocWDFh0N)7
ksummers,%33Ict#eSb
ktanner,E2CxnudM)1
ktapia,#KjbULyi2^
ktaylor,_L4RHRe@IV
ktaylor1,3_3OjW4v^6
kthomas,a5BUC#Jo*s
kthompson,@9HARhti6i
kthornton,#9SJ1j+Jvv
ktorres,IE49$jVb$G
ktorres1,$0sW2z^KK7
ktrujillo,e9rVJmuz)E
kturner,#3H2&YJk$C
kturner1,+^DDh@^g)6
kurt14,9^fj6KjVUn
kurt41,$8kYZo)6C+
kurt54,#2#iJ1no5B
kurt81,#7CnCejd)o
kurt93,@SGLS76j1*
kurt94,@4LJMk@N8I
kurtmitchell,Ms(7@PSyYA
kvazquez,m@*%x5Et_z
kvelasquez,!Gn9$HnaRo
kvilla,)H#RAN$jK3
kvillegas,6dZ3CLKc@x
kwade,CpU9QqUT_3
kwade1,_DWarqtv6F
kwade2,X!s8Ndy4q(
kwalters,#Q@O39IXk7
kwang,v6lY^PPk%B
kwarner,@*b0S3a7@@
kwarner1,$4IK)hEfIL
kwatkins,S$R4+6QgVB
kwatkins1,276MHTj1k)
kwatson,#DUS(Kth_4
kweaver,+4Yr4Onq#4
kweaver1,+3AUohy@&D
kwebb,^8T)DS)mg#
kweeks,wB6WqTK!*9
kwelch,Bl3TJ)CfQ(
kwheeler,K924NoP$h+
kwhite,_7LgX3j#SS
kwhite1,^3Q8yHIt*W
kwhite2,WZiHFIoD*2
kwilliams,soQ9BSlbP*
kwilliams1,4YrtgoRu^Y
kwilliams2,#30QOQg09D
kwilliams3,*%7vjPIo@T
kwilliams4,9*tmv4rz2C
kwilliams5,M+9@TTmDqs
kwilliams6,9#I37%W_nd
kwilliams7,bA_7OrAh$5
kwilliams8,N09VYlpK#5
kwilliamson,61rBD$Yg(O
kwillis,+sO1dXq2%#
kwilson,&vI$7pRxKC
kwilson1,L^o9VS6yCd
kwilson2,#zB(_CZe9G
kwinters,*)4cV0i_Ds
kwood,0aKVr2B6(N
kwright,w@2oQQzIau
kwyatt,(h7TVqm4wv
kyle06,4w%4L5QcVU
kyle10,*c27EU!9E1
kyle11,*a@GL2y#!8
kyle13,L1z+D)_d@T
kyle17,@TmXRF8r#6
kyle19,%_N5Owad3K
kyle20,z8RCRb$w@r
kyle31,&T*k3Fm*(1
kyle35,cTk4Xoju$S
kyle41,*7AjrQNzb7
kyle43,TA2Qo(xUr(
kyle431,)%oNBnN!h7
kyle46,8LssU*(j^r
kyle48,_7@EY)#ege
kyle51,jzU1iKlv@W
kyle58,m7l4WdUL#A
kyle581,)(D9k8BboJ
kyle59,z$NN7OgW(#
kyle67,)Vuki9#uK4
kyle71,&5pj7ApJ6S
kyle76,3ILgds)%&6
kyle761,$537TC+aO$
kyle84,2PD1yIfy(5
kyle89,^4QYBWjhVe
kyle891,DyW8kVEu)4
kyle97,XHs9r*Siy@
kylebarker,(8lrAY@swy
kylebrown,@!rN4nCw%!
kylebryant,(7x7GB5iY2
kylecortez,8@P38FIaQ*
kyledavis,irRxp2Hf&d
kylegarcia,$jU#0cZghc
kyleharvey,@2zPtrd$a0
kylehess,Y5s_yNZk+M
kylehill,)4(_IMT7&g
kylehoffman,B+!l26&a@4
kylehowell,C&F6B8Ya0v
kylekelley,!5j)VjQo_Y
kylekrause,(p2FRgC@YC
kylelandry,%4Bcky&o^^
kylelopez,A4E8Fe3&+I
kylemann,^2BCSn4QjI
kylematthews,_93BDbC+Y&
kylemiller,*0WY&iisMN
kyleortiz,L&JJh7Rj_4
kyleparker,8bjVSPXY%8
kylephelps,F2XVBDMo*K
kylephillips,_%fI82sd2s
kyleroach,+YRCMYub_2
kylerollins,t9e5gYKr(H
kylesmith,wD03NBHfA!
kylesmith1,eyB3BP9fF_
kyletaylor,a)_mr1DuB5
kyletorres,$poGUNpor1
kylewade,ed8iJgr4#z
kylewilliams,(9wYbKxELv
kylewolfe,10GF9yL3_X
kyleyates,VKVh+2VP!2
kylie48,@d6BmiYPHK
kylieporter,%*B07KmuEH
kyoung,!f%4kxLr3^
kyoung1,A4)HMEzo+y
kyoung2,wV*s1Kftr^
lacey14,(VY54mnqT9
lacey94,*C0GUyeA&Y
laceybenson,!JSftF3bK0
laceytaylor,0&K3*okr@$
ladams,_37*U!TnJX
ladams1,$E8BzCoc5(
ladams2,_1G$6xBO2C
ladams3,&BRHJkBm57
laguilar,0SReaaVm$x
lallen,Gu1tVMMcX+
lallen1,9iH_EpDu!v
lallen2,TGFm3Wv@(^
lalvarez,&i$6Oy3i@&
lalvarez1,boh*7GiEVZ
lamangela,_bP$oOi+S7
lambderek,)7gh2ZKsAn
lambertamanda,&&^uYd7c4v
lambertangela,15E!VwEj(+
lambertbenjamin,sz38Geegn&
lambertbeth,@3#PLwWB^k
lambertbrian,gGRclv+q(0
lambertcalvin,#7Ez#q7oTY
lambertcharles,@wnhuqKy4Z
lambertchristia,o!7rIPgT_m
lambertchristop,z0%Q^WCs+s
lambertdenise,x@UWv4Tiyt
lambertteresa,wN&16qLp7#
lambjohn,^t7$#&EgC#
lambkaitlin,&2xznlAmT9
lamblisa,&1oAL$Ac*x
lambluke,6@8rG2Tp3@
lambmary,8x^62B8dCY
lambnicole,6&&fcY5o)_
lambrebecca,Y63V7gQb*7
lambsarah,m!1kMSAz09
lamcarlos,xA!!3BUqxT
lamkim,+0KFG0oLi3
lamlarry,PZ$9DqRt6G
lance05,^N3V$e^721
lance37,N40@RjuT%^
lance45,LSp90SrEj(
lance57,GkyLUoNy#4
lance74,^7UEWjX3eN
lance81,DAR1YRdq(+
lance89,fcUMLw5(+3
lance91,**%Rx6zd*6
lanceanderson,^8Dh3WLz2_
lancehubbard,!bVGt0jde7
lanceprice,mER5Vhdk&3
lanceramos,*5W0xY9t^o
landerson,F37FlT!R$^
landerson1,F+4VHntlGt
landerson2,AKtoyGWi)3
landerson3,P#p6jMtemb
landrybilly,)*#2^IqmKe
landrybrian,K5J*d+px%G
lanealyssa,*jFQPZa^%5
laneashley,#4oT_DrlYR
lanedavid,0QWD9Cpy^_
laneerica,@4OnkLnA)y
laneerik,0R0hN6by&b
lanehector,$Q#EPl%w8+
lanejeffrey,G^8Vulxc4(
lanejose,+8JV_7)v)J
lanekayla,@icHpxF9c8
lanemary,Flv^JrRb^8
lanesandra,F+9vD(l4*5
lanesarah,X65Ivyqf$e
lanesuzanne,)wCzQcbX)4
langamanda,SoJhOcy4_5
langbobby,MZ1DjSGf#b
langdana,*fMn#kg8_9
langjohn,lCiE3_EmP^
langkatrina,&B9IluEgRd
langkristie,p1BOqCQF#C
laracolleen,_r_(8Kscsy
laradaniel,_62UKj+vIV
larakelly,Vf02M0wp$t
lararaymond,^@WPvJ2ty6
larastephanie,th1w*IAqr%
larastephen,(%+eLo3lz7
larataylor,!w*jm!Ig!2
larmstrong,$q2SlMbSCR
larry01,*7AIr6k+28
larry02,jB^0cAelW0
larry09,+0ThQ8frTb
larry10,4a2hICSt)G
larry11,%)p29Pc7MS
larry17,_rKUQD@S)7
larry171,)j2Md(Q&KO
larry172,HlUJ6VlZP(
larry33,^oH0fzQlbK
larry41,v+6VSb8$oi
larry43,fG9zYesdd_
larry44,O23MJRgs^+
larry45,&oNHZR!xn2
larry48,&KGV1Fy2Tz
larry56,^K7rQz9XKN
larry57,^be6qT$xV5
larry59,B&4ZVC9c0%
larry65,X@51Z6Ls!N
larry651,RQm83CXz%m
larry66,22yO+bpO&c
larry71,L&6MHPpDzr
larry75,T$X7Gzz0!8
larry79,7CA0FY8wZ@
larry88,$!sEY&*g1x
larry90,Y+4+BEmnE(
larry95,*05*PQrbQ#
larry96,!^1W+*&orW
larryedwards,Rk9RWQUzV_
larryfrazier,F1dQVbkh!r
larryfreeman,Tfu#G7zU+8
larryhansen,%Qi2aArfp5
larryhernandez,4^J+SFD^)e
larryjackson,(%Xtgs8!7D
larryjacobson,P$k4S+f9M@
larryjennings,kd8Vo)pd)1
larryjohnson,(sIDtC3o5K
larrymatthews,%5LYOqq^1n
larryrodriguez,EwYce5ft@4
larryrogers,*47HzkA97w
larrywatts,^L57Q6Zx6p
larrywilliams,tB+5JgBj+3
larsenbarbara,Ig8bX1e4#+
larsenkathleen,@dsLRvqp4W
larsenkimberly,_2DATt+4_I
larsensarah,$8ae!lVf@#
larsenshannon,_1XQScXgfd
larsonbobby,nz%U5KvCO$
larsonchristoph,+^7GOX1vFT
larsonevelyn,_4fBqCzy09
larsonjennifer,g7c6cHbs!(
larsonjoseph,e@0IjGkc8P
larsonkimberly,&eOV2sFvZt
larsonlaurie,(mJ@KZJsY7
larsonryan,TP$C5M$a+G
larsontheresa,+951KIay%^
larsontiffany,aNSBnlw2(8
larsonvalerie,%1gmG6PbNH
larsonwillie,%&0MHwMwBV
latasha56,+YR13Ikyv7
latasha58,+(AS7Bjky1
latasha76,9aeHwEql(*
latashahicks,cD($7Lu7FY
latashakelly,B0TtcLcL^H
latkins,+14!SIhT*d
latoya21,n*4(hJ$s3R
latoya211,@H@M43Dx!6
latoya58,&+1eXCzyMB
latoya89,B10E_2AgL_
latoyalee,%tVpLSyc@9
latoyarich,b)7ODaJxR$
latoyawilson,S#8yBIgnX)
laura05,M$t8GUatz5
laura051,$fK4bH(H_*
laura08,&5ctXh4Wf1
laura09,Qh!5BD1rP0
laura21,(j14MFc0X(
laura27,^^p7cQfqjv
laura33,t58mILO$%2
laura331,ytXD3ERe)5
laura34,1*r6PQpwCA
laura35,!NMHfKmr#5
laura37,*0p0R6ecc^
laura38,#h8@xD6E+4
laura39,kSHbIdd)%0
laura40,#s9MhJ997S
laura401,_0MsTBr##2
laura42,(7gF3DaZa2
laura43,*jx9PXip^2
laura44,8#IKmnbd&U
laura441,^y2IAkdpd4
laura442,_0qXK^%xRp
laura47,&En6GoLxdD
laura54,)9nT8z(tzJ
laura56,M^a69W+vS@
laura58,h(D2Je!RT$
laura60,!3DZTdzxew
laura601,xn3qB7)f#J
laura63,7qy7Z&Kt#N
laura67,4U8q2yn0)^
laura68,&PhGZFzr6k
laura681,2xS5FLmPR_
laura71,w9StxEv1$s
laura74,4cD5QrGt$I
laura75,!wR*u30x65
laura751,o%9P+Vxsl$
laura76,+0oR3l*$Cb
laura77,^TdAO^EpV0
laura78,OFD1mJwq+_
laura79,4izpSfEN^f
laura85,MtS6vAC(!9
laura86,43uCM(fh@1
laura87,cqe8!B#6A$
laura871,&b9@FKr%If
laura872,w!@0$BwJ@5
laura88,&m0KuHojHb
laura93,#h1XBjZz%x
laura98,vo+9$*N*v$
lauraanderson,3C&97+Gqnw
lauraanderson1,!7@Ox&8uW0
laurabarnett,Lq&p8Ls$!3
laurabennett,B57M*5Ad8F
laurablackburn,Z9a@NU)a(_
lauracantu,+bT30nRysf
laurachavez,VVI6j0)jO#
lauraclark,cnC0NSEd(o
lauracook,h)2)XbXXDT
lauradennis,#2RRln8jK$
lauraenglish,^8sIZEVwa6
lauraevans,6qO(bJOa*1
lauragarcia,4hgHNgE)#+
lauragarcia1,!7YXngXK5u
lauragilbert,1$76ArPh_y
lauragross,F(Rd4PrgiA
laurahartman,YlD5IFWt*_
laurahendrix,sGy6*QZyA*
laurahenson,#2ltn6YqtR
laurairwin,9%58SpFa+U
laurajones,#0HDfTuVmv
laurakelley,K!y7bLKchc
laurakelly,t((N3qKybk
laurakrause,t1pVNjKc_i
lauralarsen,^TL9SUhag1
lauralee,_8J+nPj+)d
lauralewis,D*m8YGfPIR
lauramassey,is0AwVc3)3
laurameyer,b(33URiFsi
lauramiller,GhCQ$QtY@7
lauramoore,(u7EdcrrEt
lauranorman,0!AK6F)p)D
lauraparker,9mO3AXib(a
lauraparker1,&Ge5Sf@z53
laurapatton,(zK^+rAXo2
laurapaul,@4ct@Yw(pI
lauraperry,#bdP@xWy38
laurarios,YP2LP2rY#0
laurasantos,2VDN5Zz$&J
laurasharp,Z53NBDgu(b
laurasimmons,!7VCt9beRT
laurasims,778eDtbm_Y
laurasmith,@_tj64HPGc
laurasmith1,_Ncs_R^k#1
laurasmith2,2&o9uTCqtk
laurasteele,1E4HBm9Ny!
laurastone,qc94iH7o*)
laurasummers,wJ2#iLz7W)
laurathomas,)9jmsC2ch_
lauratorres,&@45Jyw#Uc
laurawade,__NHE3Lk^1
laurawarner,a@p0NL+v^l
laurawhite,oPT#B3KuHh
laurawilson,V_6*YVMu_q
laurawilson1,)w1NzPTb%#
lauren04,C6FKQZEs)@
lauren041,@0Tdp+vfXa
lauren06,#4)#9PyvQ@
lauren07,^k7UeG#gW^
lauren071,awD9jkEM@9
lauren09,w@3I^Ls8^@
lauren091,+UEB5LJhL0
lauren13,a!5+jNSto2
lauren21,%R8Ye!tu1W
lauren211,V$1n!Q5o#I
lauren24,@$Tx+TUwi5
lauren28,&K71KNAc4m
lauren30,&1Kr498lQ1
lauren31,Vbu!6Aj2b(
lauren33,@4MyhBm0fm
lauren331,8neZ83Vp*%
lauren36,#4^Yq5u50O
lauren41,_C6OmQii(8
lauren44,W3Ps6TLp)f
lauren49,uEdJfnZ2%1
lauren57,*oJnazdY8&
lauren59,Y2PGiKdy+I
lauren61,e#1C#ibcxC
lauren63,6g7aE6(zP(
lauren631,P6NuNs@n#3
lauren69,t6RyB+wT*8
lauren72,!O*DTZGj7)
lauren74,)8Pd%Z_4!j
lauren75,A&N@3qPa#L
lauren76,1d(5RdZUCN
lauren80,#JcbCGgIN9
lauren84,ck7@@Jix(M
lauren841,PWa#8A7kFl
lauren842,u$v8HBUkx2
lauren88,TbGA9Tga*9
lauren89,t5B^cJnc(O
lauren90,i&u8JOO&9g
lauren901,91_vG@si_i
lauren91,_9icLBcu(M
lauren98,q_1DB7@urx
lauren981,1c)F8TOr)Z
lauren99,zJ3D6GGo)y
laurenadkins,s9iY7w0o%3
laurenarnold,+$jOB2Xn^7
laurenbrown,(aVE2xu56z
laurenbruce,n^JZbfrt%4
laurenburgess,N+7*fYjD*0
laurencannon,_2UKtUvM)@
laurencastro,$q1piPFpeH
laurencollins,uOUV!Guo_1
laurencooper,&#2xZetN)0
laurendavies,1jh@Hf@w@#
laurendavies1,_9*aGIyx*Y
laureneverett,umvk9FxDR$
laurenfox,1pRLf8EE@z
laurengallagher,n)0N_YNe8#
laurenharper,$_8wOuwfX7
laurenharris,!2J2Tyy_!u
laurenhenderson,E+%0LyYT64
laurenhernandez,v@8HtOkY3@
laurenhuber,*Qs2FJajZ_
laurenhudson,&95Vi@8PYB
laurenjohnson,G2u@0Orp!Y
laurenjones,W2%OYlyF!G
laurenkelly,1mXkemNr@1
laurenmartinez,p&Mk9AaI8#
laurenmercado,^j2ZWkNg@Q
laurenmorales,a(7OQcnRR&
laurenmoreno,#V@Gl_l#8w
laurenmorgan,R!PMGscL#9
laurenmorgan1,Q#7A3jYvH%
laurenmorrison,$(7WGu7ur1
laurennguyen,TeQQgc96$3
laurenowens,&!dJxrox83
laurenperez,9oN^^pCc%8
laurenperez1,w9C4L5Xsg!
laurenrobinson,+C2V%yZb$p
laurensanders,086Gz06hS#
laurensimpson,rV*4Sr$WQs
laurensmith,R8PQ&)Mx#M
laurenthompson,*JSSST(lK0
laurenwilliams,^uL!20Gt^z
laurenwillis,g)0mQmxP8p
laurenwong,&QYe(6JoTg
laurie01,P6+4R!iFX)
laurie30,h7O@PArF@N
laurie33,dOs8Yw(7!5
laurie46,Gb+5C4sh(O
laurie62,Y!0_BUh2Z&
laurie68,DI6bIQgv@3
laurie85,(*O)65In3%
lauriecaldwell,p(6qGsOoe&
lauriediaz,%^9MuT!aYU
lauriehill,9c9F@sl!s%
laurieholland,FpjU54Qvy)
laurielang,z^0fB5MdGQ
lauriemarks,!IdGpRfLv2
lauriewatson,f^O*9tXAQt
lauriewise,eHvXNXUb&5
lawrence51,4JFpTumh+r
lawrence74,O0L7NzXh#*
lawrence82,cI7LFF^lh^
lawrencebrandi,#0Tz))Wcka
lawrencecarla,^@6V^G)pGE
lawrencecheyenn,UpD0$gxr_5
lawrencechristi,i)d5W8c0!Y
lawrencecrystal,_XWC9BOo0A
lawrencedavis,@kSXP9UyF5
lawrencehannah,!(IqiWgy#2
lawrencehernand,c#09tMnXw5
lawrencehiggins,h+2Dk+z9H&
lawrencejeffrey,!A5*YVeYw$
lawrencejones,!j2QKQgKY4
lawrencejoseph,)%rn7NTokx
lawrencelisa,W8dRqL2($h
lawrencemartin,K)M3d0Jaz^
lawrencemeza,%7unuSmmhr
lawrencerebecca,)uMH8zFoG(
lawrenceterry,@!qL2RbWON
lawrencetyler,O$q9B(hdS@
lawrencevanessa,q%A3WdIS#%
lawrencewalker,(2!&CPGz6N
lawsonashley,&1wIvRykXr
lawsonbecky,oTh*81FhDI
lawsonglenn,2P1TtHxi_n
lawsonharold,e0zIXVOB_M
lawsonjamie,ziAfALNU$4
lawsonkelly,!wm5WuNcrf
lawsonmadison,H$p7%kWi$1
lawsonpeter,w)Jw4DFtD2
lawsonsamuel,#zMxZ0Ru4U
lawsonsarah,)#6U5dl9%4
lawsonsherry,U+6XzkH@tU
lawsonsteve,9&^47YXlpV
lawsontammy,vuo#5NWgLJ
layala,g%OJZu&s!9
lbailey,_21Gmle)K6
lbaker,Wt8Pohwa_#
lbaker1,Jt$D8C1k@1
lbaldwin,14QWuFbx&E
lball,)I4y)FOlw$
lbarber,C75%7Othg^
lbarr,Ka5+TEKr!W
lbarr1,9)5%TbAm*U
lbeltran,W+29Bt9+p+
lbenitez,P07@FfDz$Y
lbennett,55$jJS%o&#
lbennett1,67MKFtTj)M
lbenton,CVxSr6bo^9
lberry,J!%1)zTlFb
lblackwell,c_BC49Jv9^
lblake,(mZa4mAec0
lblanchard,(30U@4vt7l
lbowers,^$EVuIJgr1
lbradley,zAY$J1yB&2
lbradley1,TW*n5ULkt+
lbranch,s(*x+2WeO1
lbrown,)3_qTdza)j
lbrown1,K6vK_cz7^n
lbrown2,@rN@d6nM5t
lbrown3,4@7ZWqpurb
lbrown4,o0xf3RGx^r
lbryant,@CUl1jVXW9
lburch,%9FnxBa6ci
lburnett,&uQUZt9o4a
lbush,oiZ1UJwmV+
lbush1,XEu1Qm7Z^H
lcain,tiuK$G2Y%5
lcalhoun,R%3Mi0j*sC
lcameron,*5(HYFHpPc
lcampbell,7%cV*Tx_%3
lcampbell1,$7@2Zbknlr
lcampbell2,^a2uRlDf^D
lcardenas,vt)4bMUgA)
lcarlson,O#C3tVvwuh
lcarlson1,9%2WFwlv&g
lcarpenter,I&7i89Zt$f
lcarroll,)7pAHAqtA*
lcarter,xFqno8rlk@
lcarter1,A3I4MTZT^b
lcarter2,!$BL3XqeiT
lcastaneda,!FvXLBqTN6
lchapman,)SAjrfwmD3
lchavez,^w9Nto%&(#
lclark,z%h+0MFgK2
lclark1,MsmSs8ki#8
lclark2,G4QpxEC6(d
lclark3,$RDnZwXh_6
lcole,k5F@qzMu%t
lcollier,_lVW%F@B7j
lcollins,78FNwwHI)4
lcollins1,GT&U4Zd6gp
lcollins2,_UDTur+$6m
lcombs,(02It8J*$K
lcontreras,j%6V2ouF_u
lcook,wi@1LbALRy
lcooke,o2jQYaku_l
lcooper,C$8h8Au6KG
lcooper1,rygb_NdC*3
lcooper2,&4N*(8dIEo
lcopeland,d&4TGDop6*
lcox,cygJKzi1(4
lcrane,K$5C0vG6rw
lcruz,QAc3sF$w&)
lcummings,O(K9MZtbZ(
lcummings1,i%0(9h$n6J
lcunningham,!GAM#JFbm3
ldavies,20tIEa!n%O
ldavis,Yt5NFCzkt^
ldavis1,r7SLQ3Hs$V
ldavis2,%4VYGqM!vO
ldavis3,+5LE#*sGLE
ldavis4,!H2GezwhaH
ldavis5,xEgA_3PxB7
ldawson,1W3ARdFl&+
ldillon,_J5ZIBw$wj
ldixon,XyQ1EZct(L
ldorsey,%4ZVGoTexB
ldouglas,U)4yCia3@R
ldunn,E8Qi&a+9@h
leachjohn,^3V6yiWd%5
leachlaura,G^8Z1Wy%+8
leah02,UU2DA(lm&+
leah22,%IMxg^AO@8
leah28,_jExd8LFn2
leah36,D0fUF#Se#4
leah43,R1BMKptp$q
leah45,W@t4OebE^9
leah58,p@3B8vv0*S
leah72,%WCv@1rm9s
leah74,#Xv6jFIsDw
leah85,2tw5P_pn@e
leahbryant,w#YVb3Otai
leahcole,AE_8rIujl%
leahgibson,e%t8OtuIiK
leahholder,Q^PW4TZpH$
leahlopez,v)KwN5Z5ba
leahlowery,S6V$dd)9^c
leahmccann,&1SgUUsVE0
leahmontes,_@O@FVt5w9
leahnelson,T@@d2Llopi
leahprice,UWl4MJp@i)
leahwelch,S+*$Vfqk*3
leahwilliams,)5jPxLV1ir
leandrew,t6@DhOq1)2
leangela,o4SB%kr3)z
leblancbrent,*6WJOqw77j
lebrittany,3JqnKaKo%u
lechristopher,3%iSgccr)P
ledwards,9!N&4G48)c
lee27,_ZAGQ*s!s9
lee30,K6suSqgk*+
lee34,T6%Qa3EcW@
lee40,c&&Z70CgYz
lee61,(K!8KfHr3+
lee67,hsXJ%vQS#8
lee76,EtvODLWi_8
lee85,klIs+_(T@4
lee89,$2RPeHDeqv
leeadam,NC)1lCi#93
leeallison,%7v2MF(ci0
leeandrew,+O8Z!itdi(
leebeth,wk#6BJx%@7
leecameron,#8UowTfv@R
leecatherine,_0n0Cu_y@z
leecharles,hH6$5Hdcl)
leechristine,2zRiX5Tu)x
leechristopher,4fR3LBy^#D
leedavid,@1XrHDPrbO
leediana,$#_7KPtMqr
leeerik,+yYYhKi@#2
leegregory,o@98rQ!pXj
leeharper,#7H3QU@t!0
leejacqueline,k!4XDf+ym+
leejames,Emvt^2YkOF
leejames1,_$7GjpRNTx
leejeff,@nr6IAPlpu
leejeffrey,D@e8QHq$F9
leejennifer,j3scQYtq(P
leejoan,%7UE#GVp#5
leejoel,72hm6QTu%b
leejose,L@X0k&u@(8
leejoshua,_34wFXZs2W
leekatherine,$@z46Umt%p
leekatherine1,*#!Of8wOL7
leekathleen,#!6+zFZu_4
leekelly,*2BeSDKm+w
leekristin,g&V9DhzKGN
leekristina,$K^i1Yw#Wz
leekristopher,$m5qLLvtT&
leekyle,(K3nMc0cuD
leelaura,#FSElgy7q8
leelauren,@8b7BNKqMR
leelisa,es!7Rzf#5k
leemarcia,aPDw1*isB(
leemary,wAbO$rU2#8
leemelissa,^jZpYrUyJ1
leeowens,Wa0nQYjbr#
leepamela,4uXRx0Zy^N
leepaul,&5TjRwdVzz
leerobert,)2bSdhVf48
leerobert1,+ffYwKd_1@
leerobin,^6M$+Apb@8
leesandra,8&1XDYddf!
leestacy,30O&uiWc*9
leestephanie,QY0wO8Pg$(
leeterri,^v7XM5%x5#
leetiffany,%5v!Vvv(WM
leetommy,T(2hZWxoo^
leetracey,(qqdNdch3S
leetrevor,95YpnAc^)L
leeveronica,)$DjDcjUY2
leevictoria,W89EinCd!!
leewhitney,*8bK%X0Ifm
leheather,N(4gPV+jVA
lejames,E+%5QaD6Oi
lejoshua,Al8(iAQ#h(
lenglish,hy0Tv3Si+g
leonard41,Z9HAqY0g#4
leonard60,ACJo1N^uJ$
leonardandrea,B5Y$OGSD%t
leonardbelinda,&9H2LuOv(g
leonardcalvin,6g9UPHjdZ!
leonarddeborah,6qP2ZEft!A
leonarderic,!OFcMWrib3
leonardjeffrey,w5F$*)ka&p
leonardmichael,!E8uooUx%H
leonardortiz,)E3#KRDz2&
leonardsharon,v2)R2YUdk0
leonardsmith,&_T4jBpcL9
leonardtheresa,Z+U6CWar+2
leonbrown,*WF4Q$doaY
lerobert,DhAY$eip*8
leroberto,(O5Gd^4p$4
leroy45,tST7aPa%E&
leroygarza,#8ObsSnldv
leroypeters,x!2K2XLo!F
lesara,t)0Vyb#N*f
lescobar,@9HS5ig@4a
leslie02,b*1tY6KqId
leslie16,h_XN2symRU
leslie19,f@2CEzjuEL
leslie24,zBX!$0WiF&
leslie32,Azy7Wsn!@0
leslie42,*J3_XlsQ1!
leslie48,e8z%%BI2@t
leslie481,@1QftGM*fc
leslie55,)4TcEs)9d7
leslie62,c#@8p0YmIP
leslie80,!7+!X2p5M@
leslie92,Wx9cRoOD#+
leslieallen,+ai76Rs&Su
lesliebenson,(VGLg!x!K5
lesliecunningha,!YfG6grpA9
lesliedaniels,%7Oa*kisrw
lesliegoodman,%0r51KDh&I
lesliehanna,cvn(8X8oD$
lesliehanson,0(1Lj^mo#H
lesliehernandez,+5AhIBTjV2
lesliejordan,(XvQDo5q(7
leslieolson,()@1hiTwRn
lesliepierce,+1qKlLUg@5
lesliescott,%h9bLdSz0y
leslietorres,25LRfsMC%w
leslievaldez,U+F0K*yBjJ
lesliewelch,%B27AGxlFi
lesterjennifer,S2G8u+h9$P
lesterkenneth,Ur8OodOy%@
letodd,7qxTYxkm+B
levi55,&aX1KM3x%Y
levi83,)&4nlNmi#R
levicole,OP2L5$y_p%
levineamber,Ev)7Wco0mR
levinechristoph,mOTaKnAF$7
levinelauren,*Jm9WNomk#
levinemackenzie,d4CMPCQ5!9
levinestephanie,&Q!3)Qm2Hs
levyalejandro,fr0WRU6th^
levyamanda,m@6Sy#AXmD
levymaria,mfUl@2XD!1
levymatthew,++FbUmh&E3
levyregina,VW%6ZYKx!k
lewisalicia,(m7V_L!rEc
lewisanna,3KS$WFls&&
lewisashley,x5zWAdYN_&
lewischarles,)h(l2Gqx5g
lewischarles1,(jv2mVQqMp
lewischristophe,pK1MhDrD&M
lewisdestiny,rxcGjpWA_0
lewiseileen,b&E&5Ryz@F
lewisellen,d(1ANlRh(z
lewiserica,BjD4P@c#_j
lewisgeorge,(8DIle(x&V
lewisgeorge1,dX3pStcEW!
lewisgwendolyn,(7(SJxXeg8
lewishelen,+(I#6VtBr8
lewisholly,%oOHd9Sa@5
lewisjerome,(1m!Tn7u51
lewisjesus,k40qGnSr_$
lewisjill,&5ICffwjp8
lewisjoe,!&4%MTsvJd
lewisjohn,$vi5HQcV%Z
lewisjose,$bI6Sj$a_7
lewiskaren,hq@P5Dr9!A
lewiskyle,a##7&3CcYJ
lewismatthew,kX$62ZqA3O
lewismatthew1,$3iZ%+rOpy
lewismatthew2,R5()Ougu#e
lewismichelle,w)dw9uRkhg
lewismorgan,utC&20Pw*t
lewisolivia,smv(8MGJA*
lewispatricia,$TVx73Xndr
lewispaul,$!3MiKpMuX
lewisrobert,7DVV3VMr!Z
lewisrobert1,6UA(kS1i(S
lewisroger,+2PG*bL79p
lewissara,Rs9GhOWjS^
lewissean,3d*x1LfX*Z
lewistammy,+BL8Hayjyp
lewistammy1,_66WTl7K$9
lewistaylor,$qO8Ik2VrJ
lewiswhitney,KDD24Cn^R*
lewisyvonne,*(3zAFjL+@
lfarmer,#56P^Jmsl*
lferguson,r(P2zXo*Wh
lferrell,(933BOzssH
lfigueroa,8vTQGVxf(c
lfischer,gwF4eZlvD$
lfitzgerald,3^Ui**Wh%q
lfitzgerald1,@fWeoWRrg7
lflores,&o39YzVl)d
lfloyd,@7(U#6XX0y
lflynn,982OJAq@)7
lfoster,**Y!oE+I0j
lfowler,3@g5UVQf_R
lfowler1,a6VyGCtB^9
lfrancis,$UI2gVfn9p
lfrank,$z30Wc!z!E
lfranklin,+9B*pWIjn7
lfranklin1,Y*4n7PMbQi
lfranklin2,QhWAHVwn%0
lfrazier,J_3dp4ioTN
lfriedman,+MRltx+I$8
lfritz,C%m0Yo0eIO
lfuller,9KIS!Isg!K
lgallagher,!G#7jVTjsJ
lgalloway,_2NgzO0xKf
lgarcia,!F(W0Lha$J
lgarcia1,fsbl7sGAb*
lgarza,#U2II4tj!f
lgibson,wsb+9ATkXx
lgilbert,&iYRulhg0i
lgilbert1,u)64C&ub5w
lgonzales,)FwR90XgOz
lgonzales1,T%S6sOiahF
lgonzalez,YBL6J5Af+y
lgonzalez1,%KHB8B4jPK
lgonzalez2,(Q7gaRJlZW
lgoodman,5&sl$QZl)@
lgray,X&B2WehJ$y
lgray1,PZ3pCK4t5(
lgreer,&4BReIImxp
lgriffin,9duJbpkd*M
lgriffin1,@%U(NMZs$3
lgrimes,ty$Q+0FedE
lgutierrez,Wa0aN(np3@
lgutierrez1,w$FpQ4QzCq
lgutierrez2,v$1f2CWpAc
lhahn,K$H66%Hu)*
lhale,0+&8VtIXgJ
lhale1,j7oarCBv&2
lhall,kP40MQ$i_6
lhansen,b(A_1Esc2D
lharper,_7UqwhFjvM
lharris,fkxNNyFD(8
lharris1,%U28zSpRDn
lharris2,bqNcBkCW^7
lharris3,(@ehe@Rgw7
lharrison,)4JKI@l^Wj
lharrison1,eD9QwM9Cb)
lhenderson,r30T)Ki(_C
lhenderson1,*v^#nFFA3d
lhendricks,524Ak9&pN^
lhendricks1,!7VWS6^y7_
lhernandez,P1a&a1On&v
lhernandez1,^OhttW!xn8
lhill,OC4dcF1x*0
lho,Ao#ut$g1(9
lholden,^PKai$4^8d
lhood,_G0cUumnJ#
lhouston,2ps8D8^h*u
lhowe,b2P$Suz*$(
lhughes,#rK9G1Jx9$
lhunt,+%5mP1DvpA
lhunt1,U+LI8EnV0n
lilaura,AKvpKZ^e&9
linda01,vF7QaFfD_e
linda02,$8kJ)hDs5V
linda05,$rAqKiP73d
linda051,!5M0UrsS70
linda052,t%0^kFe6bo
linda10,_N)4HSQk84
linda14,ZnKEys(X+9
linda15,!5%Wz5dKCv
linda17,^gVi+$%n0E
linda19,s(#V7eJa+9
linda191,*%U48RbaCd
linda192,c^4wPCk^h_
linda21,X6c4XdNv^#
linda22,$7f(yE)ayl
linda221,@mxZ04Vv06
linda24,)Q9IYP9g_3
linda27,^%w8JJq5!&
linda271,5vT0QPuBh@
linda30,p06s&GQr(O
linda301,r$Ii6RhH_V
linda35,9SyxYAok^X
linda36,*t3UDCoz18
linda44,i)U^)VEn+3
linda51,)EhTqmGu!4
linda57,(32XGz4(bK
linda60,!RZ$7G2e4p
linda67,%s81NVw!+0
linda68,Vk0SwLub$M
linda69,u%f68ZCnDu
linda691,(Ex4RLxel$
linda75,!B4R4vJe65
linda76,9e5%IyLq+W
linda761,_6E0IXgQ$Z
linda81,#G8@Wm26%U
linda82,WYNQj_#o!8
linda83,o9LAs*1d)_
linda831,ry(3GIKt_s
linda832,(Q9uDfBv1F
linda84,&82QQ4gtvk
linda86,)3l1Lpog!U
linda861,)^9AQqLIGt
linda87,@3zjVGkYM8
linda92,%4nN0GnXgf
linda93,WDPVPDxc@4
linda99,*j)p7OdQBH
lindaalvarez,*3BS_WzXnp
lindabarker,$UO_Lurm5p
lindabeard,VeP10PuXI!
lindaboyd,KI7ZJeQr*6
lindaboyer,#3WCO%ku6x
lindacarroll,)4Fol2Ly4P
lindacollins,pbt8D&h(n!
lindaford,7t4EqKAg^a
lindafox,m*_7J9hr00
lindagarza,x*1PL)dp+D
lindagomez,wNs3LRc6G+
lindagraham,^9(TfHqy%q
lindahoffman,8*0EM5RX3q
lindajenkins,9E0p&3Ucc+
lindaking,d*SetLZM_6
lindalarsen,Q5%fo0Gi!j
lindalee,Q*2@H2b6yu
lindalopez,_2fKC4tf2O
lindalynch,)#+9eAheFm
lindamarshall,D+9P!5s*+%
lindamendoza,UB6LFzWp&#
lindaparker,F)j4Vohu3t
lindapierce,w(4+Qo#f!7
lindaporter,&#))#9Ioqf
lindaroberts,_F5C1IHehN
lindaroman,AE6CY_qFE+
lindasalazar,$2R3Z(lzUx
lindastrickland,r86WMWzr!k
lindathornton,%KNN9J*tvo
lindawatson,49WN@IcV@X
lindevin,ol+n8FInXg
lindsay09,H@6RHfTYBd
lindsay15,V&+9L2kC+Y
lindsay25,!cD1I^yz2E
lindsay29,X+4F6&9m*M
lindsay64,4j2Hd8rj%o
lindsay66,W65WX2Ds@R
lindsay81,6h#8BEjok^
lindsay82,^3$5S)wv(r
lindsay84,y%7I*iNWyl
lindsay91,$(k2P1r(Z)
lindsay911,+h5RGwwN*3
lindsay912,z8IxSqwj#s
lindsay96,ov2$Xir8h$
lindsay961,$3ZGmwzR6y
lindsayburton,DKN2Cbpv_2
lindsayfranklin,iDWqWj0V_4
lindsayhudson,*3E3Fb6vZe
lindsayjones,3K65BSCe+G
lindsaymccarthy,_x7aH+ze_H
lindsaymitchell,#hSS0WAGj$
lindsayowens,%5DaMfwBGs
lindsaypeck,)8Jig9raX8
lindsayprice,$af2HyexB6
lindsayriley,*_j3ZpkVBq
lindsayrivas,COq#3Wa5zM
lindsaysmith,H@0B$KLjf_
lindsaystevenso,^9P*MOnHV#
lindsaywheeler,95HdX13Q%m
lindsaywood,Y!5CvIzUJ+
lindsey05,z&6HX^qPp%
lindsey23,(85CggdG!8
lindsey27,B9P4tg)R!_
lindsey32,@*GB*i#gy2
lindsey54,PGxS4PKj&V
lindsey541,C_+7caR_Lc
lindsey55,0VzM@TdG@5
lindsey551,^lt7Eqc%0o
lindsey59,Z5D2A%pi)A
lindsey79,kW4F7*HfB(
lindsey84,VpH9kSyzu%
lindsey85,Gy893sI$n*
lindsey94,wh1Mk#rB@!
lindsey941,E5owT6Tv)(
lindsey96,($xiZ5xMV5
lindsey99,_rJ8P4m7%1
lindseydavis,dXLEk9aN$7
lindseygutierre,Vr)3Nlh&zF
lindseyhall,8*N4DIvT1y
lindseyhampton,Dzis1U8dS&
lindseyhorton,l3!1KhK#in
lindseyjackson,r8pnaT&z&g
lindseyjohnson,Ye#4CBJtQ1
lindseyjones,lQfXv6i0A!
lindseylewis,%CK$iMTn0W
lindseymoran,7$9VjnM2!)
lindseymorris,(9CIUNSrfF
lindseynicholas,788S%hwX!m
lindseysmith,cQ8NveqM()
lindseyweber,!cT15rieQ3
linheather,5PO90sDf#^
linjoshua,d@_@5XycAb
linkenneth,^X5aNZvqj8
linmichael,$^1DZZ)x8Q
lisa00,WnV8CUfJV@
lisa01,(x#s#J^*F7
lisa02,6CFra%Uo&6
lisa03,m&gc&9QyNi
lisa04,iWbcf3(ku*
lisa07,#3eJtXXa+N
lisa071,*y03A(p9(G
lisa072,BT1!#@YaG(
lisa08,7vAL@rhu^8
lisa081,Zk0YS3Hm()
lisa082,MB+47SGg3i
lisa10,16@5JgO+*z
lisa101,75DTZcKz$w
lisa102,!1CIwgs)00
lisa103,MsH4THx+6^
lisa104,++SB+MUaD8
lisa12,L@9By0H$U+
lisa13,e6S%qo8Y+h
lisa14,c+q8Yofj3i
lisa141,GWK^7ZxsG)
lisa15,Lg3C6rce+F
lisa151,R^f6rNQgPa
lisa16,50dnHHVe(y
lisa18,%v%X7Yxx!!
lisa181,S1Hee+7J%j
lisa23,ieO3IIfdY+
lisa26,lD*7XGzj1z
lisa261,P_2H3KxyV+
lisa262,PK+67&EfZ)
lisa27,j2+%EdUa%V
lisa271,$sLIuCLsL3
lisa272,$qXEb5E6w3
lisa28,Y0DQAgpu^9
lisa281,w*35Ir8t+f
lisa282,haw8DkZ_h+
lisa29,yd3VAka0*r
lisa30,+MRz6TyE$9
lisa31,c8(0LnEi)%
lisa311,^G1xVk4#@9
lisa32,#hJjqgVek2
lisa35,U6NaBstm%9
lisa37,!d7rDaw9!1
lisa371,#Ew6R8xywn
lisa39,!!iPXS#d&2
lisa391,5HZLRkQs&0
lisa42,^v4G9%xUf_
lisa44,V*4BPAUfU2
lisa47,L)7NXgLm^M
lisa471,)bKBbxsf1n
lisa49,^YG5Qrl+&a
lisa50,P(B3Iag%$y
lisa501,)k)5oO3uVn
lisa51,&X4ZXo9G(Q
lisa52,!1Sp1JxA)t
lisa54,vukA8LIGm+
lisa55,aQfe2Ujb8_
lisa551,A)7PImwh!F
lisa56,!1R81xW^fe
lisa57,NGd6Tvpf9&
lisa571,^5J3Rlqv@u
lisa572,@8pcMo!*w6
lisa58,_MEVy$Pe5c
lisa581,i%31B*OvIN
lisa59,x5)XhCF1_$
lisa60,lv7KPLJr%W
lisa61,Fu)0HqGff(
lisa63,!LYeuCItY6
lisa64,62571Lcs%y
lisa65,WCbLfb1bp+
lisa651,+84IwfJXU_
lisa66,ayFE3hSe)6
lisa67,E3SIo6Tw*n
lisa68,y8sKfhUj^2
lisa681,Ew7EN6sL%%
lisa70,2^7tDMmZCx
lisa701,@t9lMrdp&Z
lisa71,RR(2Rc1hVu
lisa711,49lPQRLp&e
lisa712,u%6ZpcchgU
lisa72,#nr_ZsB%v8
lisa73,&3mLq@ap+i
lisa731,&f3DU*Zwk7
lisa732,IiAwl!#X)1
lisa74,$7p(C@bXqB
lisa75,J7H5YoCjx@
lisa77,m7IIBHy1*M
lisa771,sWbJ)Nk3&4
lisa79,t8h7ULGu_W
lisa82,HW9IWdqh!$
lisa83,Rn0NVpa7%J
lisa84,eN75#ftq3%
lisa841,_0#8#OyZBD
lisa85,i+k+8yN@Wt
lisa86,)5WNeH2d)X
lisa87,A3U+a+qo@0
lisa88,$1NFOODpw^
lisa881,)*W1CVnC@H
lisa89,^$(axbAuC0
lisa90,#rCPZZK$91
lisa93,B7xpRCaO@R
lisa931,+T6TmPrYD^
lisa94,#lKHzo$V5b
lisa941,!CspNWXz8+
lisa96,#aYz)zEQ^7
lisaalvarez,*3SNJzkp2O
lisaberg,Ax6WlFyF_l
lisablack,OIZ3Usx@_5
lisablackwell,gk4T%Yal^5
lisaboyd,48S(9JLuZB
lisabrooks,a@7UvNi0)*
lisabrown,D12CBzo$y(
lisaburgess,j5hVYn$6^e
lisacantrell,(zM1M$Yn#2
lisachan,X#wkfEWd^3
lisaclark,^L5ORkSX_2
lisadillon,%8l_(O8yul
lisaduncan,#sNDV1rk5d
lisafarrell,HX0yS8hp3!
lisafields,(O8PiaNnH^
lisaford,I*a1M8meP%
lisafoster,T8qQiH+i^L
lisafranklin,B&1nRVJjfy
lisagonzalez,Z!P5UAqVv*
lisahamilton,+ZiPF(+5w2
lisahanna,%g3ZiD@vVM
lisahaynes,WkAsXUG#%7
lisahernandez,lTXLb7jC+0
lisahernandez1,p92P^6r3*p
lisahouston,q!7v$ZYk_D
lisahowell,i_t5T7n%2%
lisahudson,WA2Bs+wqE(
lisaingram,tw#4OVZayd
lisakelley,((7Er1Pl5D
lisaking,lG6l7Mfr#$
lisakirk,*B6Gdq$Df7
lisalewis,^@Hp4EIjx8
lisalewis1,5TBVpFg6@E
lisalewis2,&2w3XQ!we%
lisalittle,#Zg$6Zqnu5
lisalong,7jRI@OQs!g
lisalopez,sx7tZxjaV!
lisalyons,+jPE9TnHD+
lisamack,(M63Wjj!9r
lisamason,0ZN@@eMj+1
lisamccoy,&2+x6KGzD_
lisamiller,odr_1EetQ$
lisamills,G#7%I5M#Ll
lisamoore,H#9XD4cV%%
lisamoore1,^+Zourl*4q
lisamorris,!eHNHsy$N8
lisamorse,h1GIvAX%(s
lisamosley,+vcN9UPp)+
lisamurphy,^(@j3Eq1vq
lisamurphy1,kYQK7By)(j
lisanelson,($U2+SgWBg
lisanelson1,Lf*7GCvAPu
lisanelson2,&3NQMQkWdm
lisanichols,%I6M1*iTk+
lisanovak,$8YGc7YK9G
lisaobrien,!#%ZTjd!1J
lisaortiz,Ek%7Cnx8_7
lisaparsons,+1UknCtkyI
lisapena,8%1c4)Xb@f
lisaperry,0rmIPwlY+I
lisaphillips,9w9vtQHG#&
lisaramirez,O12eLs!q*8
lisarangel,0fq8lFYK!%
lisareed,mm3e^Ls9L%
lisarodriguez,C_0ydVpo4$
lisarodriguez1,x$9QpE_L(J
lisaross,d_9M9mjTVx
lisaross1,@1FPIyJD8q
lisarush,xT(0KiqXQM
lisaryan,(aq^UGtTA6
lisasanders,13(8+Fbf&(
lisasantiago,)9SPJEJm_o
lisasharp,((Y8MuVPfr
lisasmith,w@g3^T+tz!
lisasmith1,c8*4iQlu$j
lisaspears,$D!DtIa2g6
lisastevens,L0Pmlshm*j
lisasutton,_m0CT5#hL3
lisataylor,snZS5@Y()+
lisathomas,W85nCgUyt$
lisathompson,%1feYx2t^$
lisavillarreal,pJ9sKEv8(9
lisawade,+A)8EhUwU3
lisawalker,z(3Qk*cz%O
lisaware,IscSnC3G_5
lisawarren,U26rFfxv)J
lisawashington,9DP+6EAb1u
lisawhite,0M1W8Tty+K
lisawilliams,(BIq)sGw!7
lisawilliams1,Nx+r_2Ec(S
lisawilliams2,p%Jq4OHpbo
lisawilliams3,(^7BRsCzyI
lisawilliamson,P^^S0eQfxa
lisawise,V%6k6AcVp(
lisayoung,E5S^5Lub!b
littleadam,^BBinO1d)5
littleamy,&G0FXwgya+
littlecameron,^)8^#PeCzJ
littlecatherine,&Xy4Wc6dLc
littlecody,P0z6sULf_G
littlekatelyn,t&E6yMGk)Y
littlekathy,!36Gq6Q1Hd
littlekimberly,_Y#NJpuqO4
littlekyle,oKHhV8fg)5
littleluke,t#&(1Hs0qa
littlemelissa,Mr6lRIBtx!
littleshannon,lj8Cq6MH#v
littlesteven,i6*8CbuHEM
littlewilliam,s21kS&gs%r
liuamy,^(85Kdqm8s
liubrian,c!5PMHFgM*
liucandice,h^1DtBs2yV
liugerald,P@8_GVsm1y
liujenna,xis!M0ZmMH
liusandra,%ooiU4Bmpz
liutracey,D9GJFDLy%o
livingstonalexi,V@1&2aAvQ3
livingstonbrian,75U4$y9l+H
livingstonbrian1,6D&(Bpqf!!
livingstonmiche,_H*2YyUz9M
livingstonzacha,@u82Ew#g_5
ljackson,0S0hFOje%N
ljackson1,&8_YanqeE2
ljackson2,qm64R@9wl*
ljackson3,G#%gc9iD*C
ljacobs,x0rBIbot^e
ljohnson,#Q2DVulv)1
ljohnson1,vK1F7kHr!(
ljohnson2,%^B5ZJoc%U
ljohnson3,H#2NPsglY(
ljohnson4,H%e4J#Zl$T
ljohnson5,$a(0M3wc4e
ljohnson6,V24XYSz!E_
ljohnson7,&ry$8fWsNx
ljohnston,vM7VcYWn6&
ljohnston1,!d2MZtH(Gt
ljones,El4+pGrAI#
ljones1,&08Uf$farU
ljones2,%(3XwpLI#4
ljones3,4QN5iR3O+)
ljones4,#&mu7IEyFm
ljoseph,%6NNLMCsY@
ljuarez,S3M85ixa#5
lkeller,&i48Hz@uNZ
lkelly,$6D%dEtD)%
lkidd,E+9YNZ$t7#
lking,0M*qO&Um^l
lking1,*+HA5h@lU2
lking2,8^VB5J%ymU
lklein,PE(X6xCy@8
lklein1,vme*)aDy@9
lknight,Y*ly15cz8L
lknight1,(z3^HSiT+l
lkramer,UXv5_&Ur+q
llang,tV)E8VQzTH
llarson,_uHyke#_53
lleblanc,5)3VuAiwwg
llee,ZZMGq6r!#6
llewis,5u0EZUlE$t
llewis1,4V+VX5y@@$
llindsey,*s05J3_aQA
llittle,#W51SWhV$v
llopez,(T3QSUgB9^
lloyddouglas,P3#j8Tg(%5
lloydgina,A@3%(+Rc#Q
lloydkristen,S*eR1+FjIM
lloydmary,yF_4PhY3hy
lloydmegan,c@7H9NEvM#
lloydmichael,Q+N4d2RdVf
lloydphyllis,(zqTubSHh4
lloydtimothy,8f6wJjTc!4
llucas,Yp7rR2&fX*
llutz,#!#lLRvBn3
lmadden,&0fs6ASj7r
lmadden1,&5xZAlcWgA
lmanning,(f2H(K!l)4
lmarks,vH0Qdjtt+$
lmartin,!G7Y9qoT%b
lmartin1,$39wHjB+M8
lmartinez,#slFA1Qqp1
lmartinez1,3&N!3GQryM
lmartinez2,d#VOoJUdZ1
lmartinez3,!S2T3&oeG2
lmartinez4,^Fn7YPKnsg
lmassey,Y0Ng8Syq^a
lmata,qn1Nom)L*S
lmathis,*GDh!wsR0P
lmayer,Zrf9ORs2)y
lmccarty,)7ALOKLcPc
lmcdonald,&PGek53sd7
lmckinney,2+Kdk2)s#@
lmcmillan,(1Hu_V413M
lmcmillan1,*e0j+vTzu2
lmejia,!G@F2^fBr_
lmendez,(J8VDZSiPK
lmeyer,HnD*w*Mi@8
lmiles,!)6oRHoc7k
lmiller,_^(T9P7aZs
lmiller1,I+W92Kcq#T
lmills,l%1F5ZfYfA
lmills1,VNNBTtng!1
lmitchell,W1P2a2lq(0
lmonroe,bGZCX_o_+9
lmontes,F4fgOLTu)t
lmontoya,v2TlNx6w^z
lmoon,*0Q#Ol1#^#
lmoore,!8h)LR3h1n
lmoore1,N2e(Ibrb_#
lmoore2,y2YVz(ad!_
lmoore3,$)mOUlezU0
lmoran,wK*R2FfHTv
lmorgan,$Xy76Tma0a
lmorgan1,0bUT$gus^8
lmorton,tiQf%)nT$5
lmueller,2ZYMtYwl&v
lmueller1,$F31LFuVnt
lmullins,4Gn@V4g&%6
lmunoz,*1TrEzO@m%
lnelson,9z2N&NsV_i
lnelson1,6hABKn_u$2
lnguyen,m7K6IpKz_K
lnguyen1,*$o$WZqb5F
lnichols,@^$VQ8LxFB
lnichols1,FvK2X$enr$
lnoble,&&&9wJqsFN
lnorman,)3ZXuFkFjo
logan03,I@2eJPWiU)
logan05,!PzPuXrig9
logan17,f^cVE2T4sx
logan25,2jFUF$qF#m
logan27,+)S157SsP2
logan38,_lI1ebL!6N
logan50,*0^GpwEV9k
logan54,))O0DLJdQ1
logan96,8wGthF^o%h
loganbates,t5NEPge9!6
loganbenson,EV3BYOSx(A
loganbrown,71JmL1bv#O
loganchapman,48LjaMv&*F
loganfoster,O(c9KDdiwP
loganfox,50DXp3KZ#b
logangonzalez,49S5X5Ot5$
loganjames,M&8kExwpSk
loganjames1,u$tB9WbQ*8
loganjoseph,HRgWEQUu$5
loganleslie,5o0SUpqf_K
loganlinda,5v3I+Bfe*V
loganmark,(V0QQvgSA9
loganmark1,kU1iT6es7^
loganmartinez,$7PTiI$rDh
loganmichael,OXV9UXUt@6
logannichole,+$(5zUqT^x
loganrice,#coL%B&^60
loliver,Bn9roaKlT+
lolson,JdfE8R+&o%
lolson1,4dJSJLhF%t
longaaron,$_bvP6KuB)
longalan,+2N53OCizI
longamber,)BI*Ruei6j
longcasey,2Im2%2Va#%
longcolin,CI)_0SpyW2
longeduardo,DVOmfrm#_6
longgina,a++8laRlRL
longjessica,3_93Cy#zef
longjoshua,qp+kE6b@&5
longkarla,fVA7XLSp!%
longkevin,89XD2C_i_l
longlauren,$6HANk+QU+
longmarc,3wC!WGxz^M
longmichael,(P5A7pAL_w
longpatricia,s0KNj4*f*X
longrobert,hl1jKvQm$*
longsandra,!dHH$c)rO4
longsarah,#fScrh4vs0
longtammy,)V^3HpoT^C
longtimothy,GLqYFcYj(9
lonnie75,^8yFy)m&GA
lonnie78,Up6Q5WJrP!
lonniemontoya,10H)QIoK%P
lopezamanda,n_3S6sg*tF
lopezangela,D6LRsQv6_d
lopezashley,(*0JU3Uf@(
lopezbrandi,N7TTJavs_z
lopezbrett,8f+5$nLov#
lopezcheryl,!J)F6MxQ7p
lopezconnie,!1+S65Le$1
lopezcorey,$uOa0XvbRA
lopezcurtis,_d^1hCr9yQ
lopezdavid,oC3qeUyfe)
lopezdawn,0lpNk$xD%V
lopezdonald,L7Grxm0Q(Y
lopezdouglas,70FHkSr2(Z
lopezdouglas1,VIk_m8Bg&o
lopezemily,!OnbBTjPT4
lopezerica,oaO1I*%mB^
lopezgregory,#0jNF@OhBv
lopezhailey,)5r!SJMajH
lopezjackson,(yDFZHuF7A
lopezjames,t*5$ThrDz5
lopezjames1,b8Cz5jTdT$
lopezjames2,(7kI4%EtmB
lopezjasmine,O()X4Ukd5B
lopezjeffrey,3p2gIn&mP^
lopezjennifer,)XS(8LZj%V
lopezjustin,%*D4E2Hi%E
lopezkenneth,JtOmInzf&9
lopezlawrence,f*925Nbq&6
lopezlori,!9@PtlwJV0
lopezmarcia,7u@9jU7x^N
lopezmarcus,)6GG4Qg*Mt
lopezmark,ZMU1G)Khr%
lopezmartin,$65DSilpfg
lopezmary,(6I^jpcYDz
lopezmax,&)8Oua@CMJ
lopezmichael,R!43XHuoVw
lopezmichelle,b3hMag$4+l
lopezrachel,a((N3HPq&1
lopezricky,H__O8kCmMB
lopezsarah,&4bUGdj9#l
lopezstephanie,$WfNl4eN%6
lopezsusan,^IJmRrz^m1
lopeztodd,53WAOyNl(&
lopeztony,SaQ4HiLw&4
lopeztracy,_R1Uyu)x!q
lopeztrevor,B*B$6DHylo
lopezwilliam,^gxVL%7O%8
loretta29,+0x4TyD3(l
loretta36,^We936Oj$g
lorettakelley,!SB5Cvjzq@
lorettawilson,unL^0Al7!a
lori05,$g9#rQTpR^
lori12,oz7dz5Lu(6
lori13,2YgDNwsA%k
lori15,n&8PH9W87n
lori16,58ykdV7a#7
lori22,@+SH8B$dPW
lori25,E*77J&mL2(
lori29,5nvQv9Oj&G
lori34,%I5ozLsE!t
lori341,#F5C5WqAIH
lori40,*pobZha7r8
lori42,!16*l7XhHI
lori47,5x%3QgR#_a
lori471,K_0nkQbUC2
lori50,d4W4)(Tn1&
lori52,4u@&bxEu$i
lori57,z&qHIW1ffH
lori60,&X70#UvkDj
lori63,Y+1PXoUCVA
lori64,lPzst6auq!
lori65,^uPmgg5bf4
lori67,nSb(_5SxdG
lori81,9Y)r%Z9q^I
lori82,)34UJg7rYe
lori90,ecf6YGfjm+
lori97,kee87TgAq*
lori98,*CGw0zTr82
lori981,3+K2LaD(#D
loribaker,zl_56Ndm37
loriberry,8S@&GDkj%k
loricooper,O3AnBvRf(8
lorifrost,hD&qT2Rhx*
lorigonzales,dzi&0MMenz
lorigreen,A0r%@H@7)o
lorigreen1,)!^00%Jzy#
lorigreen2,2R)1TzSv8x
lorihughes,^2#EI!sz&#
loriknox,8@L6B3Q#Lq
lorimarshall,)Qs*OQrr26
lorimartinez,^iL5Ux%B72
lorineal,f#!3YUqprJ
loriryan,_q1Iln*Y4q
lorisalinas,#!jlkMfX21
lorischwartz,WT77QchCR(
lorisims,W+0(Pj0cTq
loritaylor,or8fzOFeS%
lorithomas,*aD_e^)w$5
lorithompson,jZ#ElMF^_3
loriwilliams,TBc3BlSm^3
loriwilson,K!r94&Wtkb
loriyoung,u*06WJHb_v
lorraine29,@D*4X2aET6
lorrainesanders,Er58vUuB0$
lortiz,*6B!Dww1dc
lortiz1,_4CG)MVdmV
losborn,b9zFZyBl)U
louis01,^!a7Ecamcl
louis06,)K1zM2uaTO
louis16,!aOzIKD#+2
louis18,I9&+RPvc@T
louis19,7*I7HVg2rv
louis42,&o$U($L5U6
louis77,J1M(xMIp@V
louiscantu,Eb7fT7Yc%*
louisjones,GBBTnAE@)1
louismartin,f(b98XRglh
louissanford,)8BgiT)X8K
louisstokes,@DZFSni(o9
louistaylor,0bIN&KWs)!
lovebrandon,_u4v9kUv7Q
lovedaniel,4oJujCI(!m
lovejeffrey,MsA6_Xgaf$
lovejulie,x)aQZ9k2^0
lovekelsey,^!SS)uVd39
lovelisa,_5Ir+FLa1O
lowebrian,50kRv(M7+E
lowedebra,E28QQw2L2@
lowedevin,Cj7MGso0J@
lowedonna,ohAa67iP!3
lowejessica,Af07ATrh^A
lowekevin,)8xC+0o)th
lowekurt,@(4qYyv3ag
lowens,%CxaS_b%12
lowerobin,*AW^YoeZ1(
loweryamanda,7HPC5hbm_z
lowerychristina,#2oYsshG^a
lowerysean,1MMH)ztx^+
lowerywilliam,_8idXteCLk
lowescott,f8)SCbkw)l
lozanodana,1MzySluz^6
lozanogeorge,(RpZ4Ntzn2
lozanoomar,#44LbPduE@
lozanostephanie,8)InhTuR!6
lpalmer,(AUa4ZgEM5
lpark,a*T3*(Wr&0
lparrish,QaCzmVr2$1
lpayne,MBu8IcceV#
lpearson,Y2zfERl1&f
lpena,#7AZvFDzp^
lperez,P5jEz+kA^&
lperez1,*4T!pqAw7g
lperry,$1vaHB!#sc
lpeterson,K4C9WX$j@J
lpeterson1,wr9LxdE0*2
lpeterson2,Vg8zYBe3*a
lphillips,kuV5%JUa%)
lpierce,)_@jJxz5+3
lpoole,$5D$wK%1kk
lporter,4Bh8TCylM&
lpowell,!A1$Q9hih5
lrhodes,#j71ORc%V%
lrichardson,R74InRHO_#
lrivera,^8b)JufgeW
lrivera1,hAHK#KZd%2
lrivera2,)3$WDwWf_L
lroberts,!98Akea(X%
lroberts1,)%!QMebpe2
lrobinson,%5lh1IsM6G
lrobinson1,@R5l5&&v2$
lrobinson2,Gg8cmQiy+$
lrobinson3,!+Ms*AcJL3
lrobles,4r%6o&Lhh#
lrodriguez,K8Wrz9Vg#E
lrogers,)t#64Tz8&1
lross,!Gw8Fb6X*8
lross1,biZ^B6mF!1
lross2,+j6cTz$h29
lruiz,(6J7_(aCvQ
lryan,*hL9HMt+RQ
lryan1,IO#62Oj3^q
lsanchez,UbaBOrHy$3
lsanchez1,$9bzXtUu1L
lsanchez2,!ot!ChdpE3
lscott,n+P7&MBo@0
lsexton,oV9uQTqb#p
lsharp,_v6L_pBK_$
lsharp1,u*r3Gvj3mY
lshea,atU63DvK(q
lshea1,H5o5Ccl5+&
lsimmons,623YDVdI!O
lsimon,57zxUXsP*w
lsimpson,*8961G4Bm2
lsmith,7&n2y6AuII
lsmith1,V+3TSSvzST
lsmith2,*8DjV*uQt5
lsmith3,bm4+^FipV^
lsmith4,4pn4dMXh$n
lsmith5,xk#8vK2l!L
lsmith6,Q191MGVy(t
lsmith7,zKN&3FdV8X
lsmith8,@8)KWtTdQ5
lsmith9,!EYq8kNa_@
lsnyder,k&z(0Css5(
lstephenson,)#u4BFwfwF
lstevens,6L_xWeRm#p
lsullivan,#Q9Yv^YuAw
ltate,bT7sDozu*n
ltate1,sNVN4hkW+8
ltaylor,#vWSAod#R3
ltaylor1,x4&K3NNc35
lthomas,_9JqLb9(A4
lthompson,y1Lgh^mN!1
lthompson1,aW4Z_7Qv&I
ltodd,M78K17Sj*Z
ltorres,68uZMVxk)d
ltucker,^20MnkyBKF
lturner,R@+7Fz#jYO
lturner1,C9LQDXqY%8
lucas11,_1mXBpb0NQ
lucas21,^Q2RVvo$^0
lucas22,I6x$_8Wa^F
lucas25,1CA3RljP&Q
lucas42,A5)6BmlRy(
lucas48,TQ6_8FXsAd
lucas53,W@4^KraeP9
lucas58,)ZndhjZxr3
lucas70,)LNKO!0Fj4
lucasbishop,!O0&1PwP1g
lucasbowman,@9kNQek@Bv
lucasbrian,$K8DyJH6M8
lucasdarlene,ywU*UILL^4
lucasdavid,^E@INFj7a1
lucasdodson,iSZ6Yh3u*y
lucasgreen,*hT2G*Vb@G
lucasjill,@$4pOt&635
lucaskelly,@kYkBlOk2a
lucastaylor,&#MlOwTR$3
lucasvickie,i^aL3v6v9X
lucaswendy,^02CXtZ3ea
lucerochristine,4o4N*qW$)5
luis03,*c47XSWmrm
luis05,JfCY6eCyw#
luis12,&5DvFljRWn
luis16,4v%cT#lL&3
luis36,IDE8C0Fk+4
luis42,f#^3Mn^^1i
luis59,i#n5KuaVX*
luis69,TbNp1A&y_y
luis79,n27yOe^c^!
luis94,*lnSoe#Y4a
luis97,u&U5ma9mTW
luisboone,Db)s0_XepI
luischristensen,_7T1_GhB_!
luiscruz,CyXYWTFc&7
luisgentry,11M%CvqJ&e
luishamilton,&8Qtl_IU+X
luiskennedy,5j1n3Qs9k^
luiskoch,#(21$WGL(a
luislong,$0AnvxH1*g
luisnorman,G!%&6ZIdYs
luisoliver,C!@0KhMz5A
luispearson,(r6KBwzarI
luisrussell,(+8NKq2nM8
luiswilliams,2(3nNXHugn
luke12,%8wOWWz(8M
luke25,1U8nSzyl%c
luke38,7H#o6FjmSh
luke52,+Pc7aA+vH8
luke80,@23YAbn*g!
luke84,@7az0%Vdiv
lukeburke,(d!avVzJ^3
lukecole,rHk(*woD*7
lukehenderson,Z5TrxrVb(1
lukejefferson,7oZBtHw+_L
lukejones,4#(8n_Px_W
lukemiller,%2shOsbw@U
lukeperez,@YI#&APOl5
lukerivera,e%+0^AxNkM
lukewalker,QryZwwu+(9
lukewood,0J(!9NuhyW
lukewright,E&2L7eC3rx
lunaamanda,$9c3qtPrqF
lunaangelica,%ffF5OLqX*
lunabrenda,*Q0W^6oSc0
lunaheather,x63(IZk&)#
lunajack,25B1l5Y2@r
lunajeremy,8rTu!w5Y&m
lunamichael,yoY2kuN%C#
lutzjeffrey,sL4A2QRr%L
lutzjim,(+Yb5sEwV%
lutzkatie,*Rz2Qt^dU6
lvaldez,h8JY*jEh%P
lvargas,s&ULnimk+5
lwalker,!h%5&mV@^_
lwalls,Ky_#(4Ahvl
lwalters,8T(*o_ln$M
lwalton,6M+P4yIJ$*
lwaters,9qjM$Kqr^m
lwatson,746HY)Mr0&
lweber,A)85H@Jar0
lwells,xy7Gxl&&G&
lwerner,p2gKC05p&6
lwheeler,#iT_rAwc#6
lwhitaker,Fj8LiUvT$^
lwhite,_%A9AZXYNk
lwhite1,&oIN8aBV4R
lwilliams,R!61IZ!Gks
lwilliams1,#%Ml_aYF1Z
lwilliams2,3)7JY(Yma)
lwilliams3,*(YZi*H)1+
lwilliams4,e^k!2KHl3p
lwilliams5,63LJhlm#&z
lwillis,%3aYOs0u(v
lwilson,n@u4Ju9^ht
lwilson1,kwCNCef*+0
lwilson2,3*1ATbrI$(
lwilson3,TfMtrDF4#9
lwilson4,zI2Aq(Oz%Y
lwong,+16S&msq2y
lwood,P#)3eAPB+i
lwood1,ZvKA3swC^6
lwood2,T&34JjhUVW
lwoodard,S^8uRBcIP%
lwoods,_18LOyJp1Y
lwright,t!0YsSZq@(
lwright1,)*NPY5qD+9
lydia40,)gLoXtZr3l
lydia82,_q2Yh4pzlk
lydiahenry,)1DQqPTU7P
lynchbenjamin,aq+8cOUbV&
lynchgail,o4+60gXw#z
lynchkristen,i00PtIS!%x
lynchlonnie,(3MWc(LN^0
lynchmichael,@C4Rgxoci4
lynchrachel,#HBlCYLyg2
lynchrobert,^_1Ds@0la5
lynchryan,_c4Lc#LbP9
lynchstacey,2ra3R+oC+r
lynn00,Yc6#zScj)g
lynn08,g%2CSjIj3d
lynn24,96M0Hxf2$h
lynn35,Qr^61)Qi2$
lynn44,8R^U9lYx)N
lynn48,^o7YmC#jgo
lynn50,+955WxMm&c
lynn59,dR@3XVQyx8
lynn78,s)QjW9M2yi
lynn80,ShRRU_u5^3
lynnconnie,Je(4WrHxv!
lynnfoster,5D!*Ansd#I
lynnfox,)z4$xRtw6#
lynnhenderson,p0O7Ci#6@c
lynnpatterson,&SKkoke*d4
lynnramirez,8MZ2wWDf$3
lynnwhitney,Ruq1MgbB*%
lyonschristophe,!0Z4D+4x_B
lyonsdavid,r!6QZJHa#U
lyonsdonald,gJ(52EvEPb
lyonsjon,xhq&3OGbJ7
lyonskeith,yLXvBdSc+1
lyonsmichelle,M1mHQAht$s
lyonstimothy,OzEID*nw*2
lyonstracie,os0oGNCl%2
lyork,VG5zARu00#
lyoung,^0M39VPlT3
lyoung1,9I%w7KOvFM
mabbott,^8+u%PwtT@
macdonaldamy,06U#6MYu)T
macdonaldjames,5L2w)Dld__
macdonaldjasmin,200lQUMi#1
macdonaldkendra,TqFH6KOFJ+
macdonaldstepha,5Y&30G&iI1
macevedo,Ye8e2X#qy&
maciasanthony,*0F+fSu6Gc
maciasbrian,kl(0US$mZl
maciaschristina,&wDN6DYoy*
maciascourtney,^C2^UCyxbC
maciaselizabeth,@$0KlZ3mlp
mackarthur,G^9GnGy1Ff
mackcourtney,xlAlQ&h0*0
mackdenise,#)Dxt4z^9h
mackelizabeth,d0jgMIej&u
mackenzie17,AWO^2HcgQ1
mackenzie71,mkQPZkS!#1
mackenzie99,zb+S5FrX_Q
mackenzierhodes,8V0QB_gx$W
mackeric,8wY#4IA5V*
mackkevin,5%7JkXrLI$
macosta,j8ZmOe7E@g
madams,0KGR_0Lu#m
maddenchristoph,$RXP1%Ldn+
maddenjoshua,z1%8RGfT)T
maddenscott,i(AO2J%T0o
maddoxdebra,T4TvXKoE(3
maddoxgeorge,&Hz8h^2jI$
maddoxsheryl,z8R+Hkjq+g
madeline02,91z1NmvIj^
madeline05,&*KnP)K*a3
madelinebell,!YAY13ym80
madelinegarcia,zC)9H9m5o^
madelinetaylor,@6zOvIxbsY
madison05,i92v8ZNe^q
madison07,%r*(u3Eu+m
madison09,7j6m2PQj!_
madison12,!@pn&8Rzc+
madison21,)OTb%hkhk0
madison40,+thIKotZ97
madison47,+3ZsOJCdS_
madison50,j@0(4Afwny
madison501,%hTvd5c)88
madison86,$JWQiSPl69
madison99,&@4eGxqLVs
madisonfletcher,*&QHF1g1#7
madisonjohnson,+n7Er6(U10
madisonsmith,_bH5EVKnG_
mahoneycassandr,%hZloCSj1v
mahoneycharles,(h6QrSyCx*
mahoneycolin,!0x7MhqyiW
mahoneyjason,*4s%rC4du4
makaylawang,@VaMb_Tki6
maldonadoalice,Z0ZOvXvl#I
maldonadoamanda,#0N*4hybcJ
maldonadobonnie,B6T0TceB%8
maldonadochad,3XfIUzC$&o
maldonadoclaire,Qb*1dKJiS+
maldonadojeffre,Sa&2S9qdGI
maldonadojessic,24JMMOZd#u
maldonadokaren,faZ06ITi@7
maldonadokevin,Y_JE)2BmQ$
maldonadomichae,gLC%1Pqf20
maldonadosuzann,l_3B3wJ9@a
maldonadowendy,oLA2+X2iJ#
malik23,pnu)2WuA!0
malik25,@2xMXjw*fN
malikramirez,*iNIquJl1^
malikrice,_2o_K+aDq8
mallen,UENBZ0Bk@*
mallen1,(tCBLXbrX3
mallory37,kP1Ad6Tbc+
mallory42,W*4WY1Axl#
mallory63,(6CPMOghQx
mallory64,f898VQKm)_
mallory71,6K7YfZpt(O
mallory96,$!kiA1XcqN
mallorylambert,@m*Nz1eY3S
malloryrush,^5GEFyEw%7
maloneapril,3d)H(s0y%G
malonechristoph,6!6+nHrI7Q
malonedarlene,oPOrSb*5(6
malonekelsey,4b^P%%q^!N
malonerussell,%7$4!HUynW
maloneryan,##P1WsIg+J
malonestacey,r8mh9nR2@!
malvarado,$HE0(yNoA4
malvarez,@N$OHRba33
manderson,&3XEpzcIJ9
manderson1,0nbz@&Of#2
manderson2,bT4m6Idr#q
manderson3,^6H)4Lx^H7
mandrade,A198P7qx(s
mandy01,^9K^Zha8R+
mandy17,F_5Io#CgAL
mannandrew,!fYFN8*%a3
manndavid,C7@U(EIg)2
manneugene,o0&ONmnJ&+
manngail,^G+yXkq_J0
manngreg,%0$kXghtuY
manningholly,)_fr1lCxB0
manningmatthew,#mKGl^546@
mannjesse,0Rr%7Kj&hT
mannkenneth,Cy30CrjV^+
mannmary,5P52URnWq(
mannmelissa,j@0K^%3r5N
mannshelly,&8IpxIO21y
mannsylvia,%T##7Ac1*t
manntammy,#l)K5Fn@^Y
mannthomas,M785RXXg*!
manuel11,_3TW+h5r+D
manuel60,G0u)RQSy*g
manuelbeasley,Y!1YKro2Hf
manuelgomez,%%E57Kb64q
manueljacobs,4g6Kd^kn&0
manuelpage,)bQ3xPmzSC
manuelparker,^N8Mix(ws5
manuelrogers,tj2!OC7io_
manuelwilliams,MA4uV(jS&!
marc00,Vtxb+pgy)5
marc27,(4T5WbJl#t
marc33,M06Vq#k+&^
marc47,(AIn@bTr5I
marc52,ZVK5GUYt&5
marc58,+81rPlL22q
marc59,+^5ZVUrkcx
marc68,V4CNvoTwk%
marcaustin,!eb#3Dry0+
marcbaker,h&qt9DKtUn
marcgordon,^g2wPS)tM)
marcharper,22Qv&Uta$d
marchickman,D#G2MmGMje
marciabennett,1m#8SB_br@
marcmiller,^f0*%EtmY6
marcoleon,0t*7Osb!%S
marcovaldez,X_O3p_ck#6
marcthompson,elDJWx@%(3
marcus14,(+GI8vAve0
marcus15,8!!8L_fcoY
marcus16,8Th_1JMkd#
marcus19,4Z+7TWo1L7
marcus22,+mZDC(Y19K
marcus221,9mVYFNdy!y
marcus222,l*u56W4l2D
marcus28,cXB9)Hd$@5
marcus29,A+40tVog%(
marcus46,c2LgN+Bk^K
marcus49,U9i_EqHm#g
marcus51,t$4E*Cy@$5
marcus56,1#Qx0WHJ#y
marcus67,Qj6Z!0Pd7@
marcus73,%_3Q9YKs%4
marcus80,#92kPz9E5y
marcus87,dk2T%3Ik%&
marcus94,^XIu1MPdW&
marcus99,zl&!l5D_&1
marcusarias,aN5eD1Js*l
marcuscarpenter,rvON3xQm^1
marcuscarpenter1,#Y#vOwnJ1f
marcusgarrett,_fGSgZwAL0
marcusgibson,*iPfds4n2r
marcusglenn,Oej3mFq6T^
marcusjackson,2SEb6^&kG_
marcuslyons,8wlhpWs4$%
marcusmcgee,y^9As#ff%#
marcusorr,*3*Ksj*wKo
marcuswoods,+4Kz96^)!m
marcwalker,P@*4lEt48r
marcwaller,+O%86KYxX+
margaret04,TPl$gBZs$3
margaret05,5%3C^D8kW%
margaret06,%^PWy0Um#3
margaret10,&OoYJ%cXs7
margaret16,_08FRp@jts
margaret21,5$6NRacf5t
margaret23,E3MByJEu#4
margaret24,+13FxlZfv8
margaret27,#)3W7JBywo
margaret29,PvpU8YqpV%
margaret36,qS8YsYy*0#
margaret38,77vX$0Ie#b
margaret39,#hbD1%VnR3
margaret40,LT2X6l*wS+
margaret50,Q@5nFzw@)9
margaret53,Yn&K8X+V+3
margaret54,JafcCLAy_0
margaret541,4&6W1Wg5vs
margaret61,s1P#8Rz6%y
margaret64,@4Q6iqJvKQ
margaret65,_j@Nc*M!A1
margaret73,!4jOM$Vp3H
margaret80,7e3rZE_t!J
margaret81,%%TbRxc(5W
margaret84,Rk5k##oD(3
margaret88,h842GTmj_b
margaret90,B&7F8bNd^8
margaretanderso,678VeL$i#(
margaretbarnett,#le@+7Pe1X
margaretbates,$Oz4woLr1q
margaretbyrd,&a4QCd51)T
margaretcallaha,c7YUdt4A&A
margaretcarter,Qi+G7WNqDW
margaretcraig,#16X(&1lme
margarethansen,)(E9zYvfdf
margaretjones,6n7MLO5tL)
margaretmiller,1v!D0JO1+_
margaretmorales,a2%4EDhR!n
margaretnunez,S1w6QTYk&i
margaretperez,_Kl2XVbTJ@
margaretpeterse,%M4Szlh$J$
margaretphillip,Z7j92Dyid*
margaretrogers,!1JJddFc)!
margaretromero,(1GvRGeyNY
margaretstephen,ie6m@Z1D#8
margaretvargas,Z69@eD$d_!
margaretwarren,#1hDQ4fw_6
margaretwilkins,%oGME*$f3B
margaretwilliam,tk0MgNoxY%
maria04,_oqEG3zQ#4
maria07,km!7_UznP&
maria10,X%2C)Vlaff
maria11,U(jw#3Iq)i
maria20,)0LP*1DxsB
maria23,j(b2LpnVd3
maria28,4^xiw7G9Bp
maria29,^W%KYy9a0*
maria32,#R86V4cIwz
maria36,EO9y&P0l(_
maria43,*sZ(qZaK91
maria44,$(62FHdWwu
maria46,AArC3JKn_@
maria461,$SKBSVj4n4
maria49,&0D$3eVc%h
maria56,#YViJ$eq)5
maria61,d%5nNFnbnS
maria64,0DJ0yQLy#0
maria69,@!T0SqZtZ1
maria70,a9*8Uqt36V
maria71,N_wIp9FXaj
maria711,_32^Q^$v&e
maria73,#1%XcM0*js
maria74,v8UMOZNh)l
maria76,&WXemlEb*4
maria81,T3BDINiA_h
maria86,o+Hy45JMvi
maria89,Q@29OOi^mM
maria98,sF55Yz3C)n
maria981,K6^0OVtDhf
mariabailey,!7ERd+rJsa
mariabarajas,f5gAgbBD(5
mariabradley,d*K!0Nlu12
mariabrown,&Oh0MLoaup
mariachandler,jeq5Il0n^K
mariadoyle,N2U(r_1r_g
mariadyer,jJ@Rb%L7_6
mariafarrell,*UY$7KqnvP
mariaflowers,$qk7Bm*h0e
mariagallegos,#tAcMO)l4&
mariagibbs,V9@@7Vn_WN
mariah09,G%4MzLJnFC
mariah41,+$6ZzG$w^I
mariah49,dI1BaJYnu(
mariah52,Z0GxGvDa+%
mariah80,mc_%2GPl95
mariahcontreras,a)1a&t3gnD
mariahdiaz,!xEN8Xd3w(
mariahernandez,$9CtlBy@!x
mariahjohnson,)1M8Xd1vI%
mariahodge,Z9Gj49Za)r
mariaholiver,3OKtHmrj@4
mariahschroeder,(AINcL$4u4
mariahsmith,vL7Byjw9k#
mariajones,9u0GEp9fQ$
mariaking,C@wC7Mx2zy
mariamcdaniel,+7UTZocBup
mariamckinney,#FKDG3t67i
mariamurphy,Z6xL#8PqP*
marianguyen,c$8hnCNkRN
mariaperez,5zUbOLD+!%
mariapham,h1rpLnbh*2
mariarhodes,^cd4B2wAf*
mariasandoval,TviQsa4u!7
mariasmith,#01UhnTE!o
mariasmith1,+aj4wVqebP
mariastewart,&1QBGhg1Ei
mariavasquez,^0om6ZqgBM
mariavazquez,y$a99P+w()
mariavelasquez,m&25Rsnxr4
mariawilliams,7)09MKNm*D
mariawilliams1,@9QqcRX0Vz
mariawolfe,^4(JeK&qtA
marie02,vCFlFXol&5
marie28,!0lUYuDg$T
marie41,)3tUy8&DGD
marie411,&h9RfyWQuP
marie43,BTJG1Pe&x*
marie49,khe#(9GeU%
marie56,5&r3iPFgdB
marie86,^2D1F7la*C
mariegilbert,v&2TesJi!w
mariejohnson,@*7eDJrx7d
marieparrish,Bn9rB3ICl@
marierodgers,+8Ez(zlyLa
marilyn07,0qj%3NjvS^
marilyn13,!6)WPJkU35
marilyn48,+Tm3UjUC@Y
marilyngamble,8VLBW^jM%6
marilynnewman,bxAtGP2w%6
marilynvang,(n7UW%pg!x
mario06,90!HMV1u)9
mario11,G!e15ULb(1
mario55,2l3(Zjbs^W
mario91,3qmyGOVt)0
mariobennett,x*7PgVJJHv
mariofloyd,bw4FVc#0k@
marioford,j%xL8nOny3
mariohall,0zr2bUkq!2
marisaflores,a_E0PsZsom
marissa01,$yULdKaTd9
marissa11,#$O2Xsf8*H
marissa26,j70(HvVG$q
marissa35,HkW+9SssY#
marissa44,p*0ZtmyHlD
marissa80,Gg$_0C1c1o
marissa90,x!M*93Nc+b
marissachoi,)r6MMyqmKe
marissagarcia,GPMuL0Dru+
marissagibbs,^m#0LoJ%li
marissaharris,_7lIg6bZ9J
marissajohnson,s(H0WSk^2M
marissalee,!13VUKev#1
marissamann,&uC$CGEaS9
marissawhite,R_5LlQDtzI
mark01,)0HiP$lZ*^
mark05,+eJ_UNwq0h
mark06,+UM$jEAsO6
mark061,@3o_3QQuS^
mark08,+w31Uipuu@
mark081,*xc96DTz+V
mark082,AzHixSbi$8
mark09,(5LKyx7fN#
mark11,88An*e4C*0
mark14,e4G@Bydi#^
mark19,%LVpxl^eP5
mark191,p)8pEG%XIz
mark31,bLCR$ij8^4
mark311,*25QcbVIES
mark312,_K3BOccr(1
mark32,5jG2cAns(8
mark33,#^YiUU(C%8
mark331,E213)EJb#!
mark34,mAU383o56!
mark341,Xa#b0JgLl0
mark35,%pfybImu10
mark38,)4l1UpYtPr
mark40,b6Nnqkzo$Y
mark401,glA#3XZne1
mark42,#6KAF%BJcJ
mark45,((5t7XYJLh
mark451,Do95&YlHT+
mark46,$K4KgzF!X!
mark461,Ed0rM+AJD^
mark462,Zi0e3CLa_w
mark48,(9plrVPoQ7
mark52,!%SzrifE+7
mark53,&CqADAd7!9
mark55,ke1EVV)@B_
mark58,7N$B4WmPkq
mark59,T80YJvee@%
mark60,*4GMnvkm8e
mark61,j1(fGcyi&7
mark62,(0Av0CstF#
mark63,+dJSZTGzD8
mark631,sI1)8kKe0Q
mark65,p0CkBrFG!B
mark651,X%8NEac2l^
mark66,rhB1K7Tp+Z
mark69,r#7qaYcH_Z
mark691,%^N0AffR)y
mark76,+sa1YBmTdX
mark77,_hBrW8HtN2
mark771,2B6Gd)Tt^T
mark772,B6*GJr4z&H
mark78,#SL9uYfzZ$
mark80,mT1w8NZh_9
mark81,kg^5Ix8E(7
mark82,)KHOash#66
mark87,$6IeQ)sf5B
mark871,*9Ys4EmUpj
mark88,k38WYcFj!&
mark89,6j$b9Goo4*
mark91,(oy4fDRmEz
mark911,!oydMnZx2b
mark93,+0N+GWCks6
mark94,@3S2CBg2eQ
mark95,o(_I9TakPe
mark98,S)ueHB9y#0
markanderson,hl0JfMEob_
markarnold,Gh^8iY5xA1
markbarton,+7(BXHtiFX
markbell,nsk#(iLC#9
markbowers,&B5Siah27!
markbridges,fe5jVacI(W
markbrown,*R02xRCj$&
markcampbell,_A9U*K$El4
markcantu,_0wp*aRzP*
markcastillo,Z@1+UJPdg@
markchambers,%w6QBTdc_p
markchapman,(Y!GyWnL1o
markcolon,Vd2ZKbW%J!
markcox,)NFVx%Uwf1
markcox1,uM^07Lc&iQ
markdavis,*!I1w_3jX5
markdavis1,m7EqUkz$^l
markduncan,Q*y^9DQo@A
markflores,Hh(s8S)pkG
markgarcia,&v^iBogX53
markgarcia1,In8rlSo&)2
markgay,$EuT3$mP8p
markgonzales,d0&IMjv%(z
markhaley,OU5lRtyZw@
markhamilton,3H5VAvwt&*
markhenderson,@0n*TWbeCq
markhill,e_f6H$Wc@+
markholt,88Q94Vet)F
markhoward,_RV)GJupw2
markhughes,_9a5tUcGS@
markhumphrey,3SAV0dKb%&
markjohnson,r7W6c$X!%j
markjoseph,(DB$L7l@c8
markkent,Qy*v4VokA@
markmason,jZ5mz2iwg&
markmejia,Zj@U8Rkepw
markmolina,z5vu5XSb(I
markmoore,xrXv8K04&5
markmoore1,%Zf6q9CyF^
markmoore2,GzOvfdRj(7
markmoses,$4GQR9(gb7
marknelson,n3FOZVb@%e
marknguyen,T5!NttxS(G
marknunez,_w00VlTYlh
markolson,*mF0RXfRs&
markoneill,@5DsNkAZ)P
markorr,&0JCCaPkSu
markpage,&%9oFK3bHN
markpham,NK)*1qMiG_
markrice,&ZOz#*hD$9
markrobbins,+Z6BUvb@k5
markroman,a*t!6BFqEH
markross,j^XD$rYj_4
markroy,3o$w5VcP5O
marksimpson,k6^fcVVa_M
marksjonathan,rf+8^Mzqr7
markskaren,(2gRRvJ@bX
markslindsey,q&T5dWZdQV
marksmith,UT6PcjDFR%
marksmith1,9IKZwCCs!k
markstephenson,_t3Ehf8OVs
marksteresa,!yKahn+nJ0
marktaylor,*176eQBg!A
markthomas,7y7XD(zxK#
marktrevino,*9rwZWcPQf
markwilliams,#H7)A2wHf7
markwilliams1,&4LtBmuF2h
markwolfe,4f(6NLsY*g
markwoods,Q!i1dXf2Ud
markwright,^Lo64Qeq4j
markyoung,_7XP3OnsTT
markzuniga,^wy@FET2J7
marnold,VuFD2yJh#)
marquezalan,i!c65RNy7D
marquezanthony,KuOmBbdo$7
marquezdouglas,QLl*D6Glme
marquezfrank,H53MXKxIe%
marquezjennifer,1YCRHy@O!v
marquezstephani,^B85qrFi6B
marquezsuzanne,#6Vk)sk9o2
marshalladam,+*$6cFIaf#
marshallamanda,z+w8EeUrya
marshallashley,^m2CiY7hnU
marshallbrian,T&aBok6$^1
marshallcynthia,LA_A9P&gl$
marshalldavid,vz7%KO6i_m
marshallhannah,v#69TnXXDs
marshallheather,)39)Iwap9N
marshalljennife,))fIRGNlP1
marshallkelly,_3^GhRCX1g
marshallkristin,&VsNwsEtV4
marshallnichola,2W(YAlDR+G
marshalltonya,I%!5Gqj$0g
marshangela,5$7p_Kft5c
marshgeorge,(8ZPAmiL6@
marshjenny,I3LYg_++&X
marshrobert,R+n2Hc9H$E
marshstephen,i@Qhgsni+9
marshtyler,XkTN1akK!7
martha16,&U4HMfQmp^
martha37,A)W5Ozqu#m
martha43,_F8S9CBd2Y
martha49,X*1REvGiB%
martha54,!QApDF0aO9
martha57,5)Xuxjm!!Y
martha67,L3%8Ow9ib5
martha68,58!9Lml5Qo
marthacabrera,2_j0LPxw)m
marthadavis,+)G64gBwK5
marthahernandez,^_M_Vc*vt6
marthahughes,xp*4H@d$NQ
marthajones,eei0uUulk#
marthaking,)ZlfIc+g!9
marthavance,C5G#ALiT@)
marthawade,2s9*RAlfy^
martin05,3)0SfjxNwl
martin22,)2iJPpdt+&
martin25,2S4sO*xF%!
martin27,!%8MVo2iAb
martin40,+EpVM6vo*3
martin60,bB8)GoQp$c
martin69,jb3BHxZw&p
martin77,$aPjFhpK07
martin79,z$0!2Aof0^
martin82,nx6Qd0+8#E
martinabigail,X8C(g08V#W
martinadam,&_IX)qsl07
martinadams,7JPZyYtD)1
martinalicia,H^X_wFIx*9
martinalyssa,O#!h9B0q$_
martinamy,$761GdolZi
martinamy1,YoAl5auT#7
martinandrew,OQ8uOYQp7(
martinandrew1,_k5T&&Xo01
martinangela,(AYWbank1Y
martinanthony,%SERMjfu(5
martinanthony1,lU4+9Oy_Re
martinbaldwin,1S7JBj$d!b
martinbecky,+$&2MijpWt
martinbradley,ygj7ChKq%U
martinbrandon,!9EBeA@ud#
martinbrett,sJzgn9HpK$
martinbrett1,rf%3Z%cd!8
martinbrian,$1q6FbGBe7
martinbrittany,^L2#SWZt9_
martinburgess,l)&1Paxn86
martincaitlin,!zWbnr&m1z
martincarla,qI5T_Kq(t%
martinchristian,G3hSJI0w@3
martinchristine,H&P7Qj7F$l
martinchristine1,X8TAi11*#n
martinconnor,@44hObFwrc
martindaniel,Z20KGgDv4%
martindaniels,+*9TQjwF$E
martindavid,f0U2dPMef^
martindavid1,&L!KNMXp0*
martindeborah,%4Hwe2K$*_
martindennis,_4WKvrr$E4
martindonald,_s8Pkv3Zg*
martineddie,E%P2v%EjTx
martineric,vNHy)97t$7
martinevelyn,)41f2kDqrt
martinezalan,T2Y1hOgU^5
martinezalyssa,Uv4D4qXn^1
martinezamanda,DS#Vt6Vx@1
martinezamy,!8W5)Gx!vM
martinezamy1,%^EN!XgTJ8
martinezbetty,#ihSaGPqZ6
martinezbrian,Q6DjJ7a#)c
martinezbrian1,95I^STVg(^
martinezbrian2,uh3gnBuTs^
martinezbruce,6fV^b2Fh^+
martinezcandace,KxNwlAer_9
martinezchristi,+LW4Gzt8$7
martinezchristi1,(5LA37ivZn
martinezchristo,tpfW+Oum#7
martinezcindy,k1KJ!^K_@t
martinezcody,3(7a5BIaZP
martinezcrystal,OKUjDk_#@8
martinezcynthia,A__5MXwp$e
martinezdaniel,U83iiZah)9
martinezdavid,zw*4kUZes6
martinezdavid1,(5EgZnlWxm
martinezdawn,$9LB6qoxb1
martinezemma,115N$&wV%g
martinezeric,9^_UVDqn%)
martinezerica,+6C(Xqdu(f
martinezevan,7lo&sRXi(3
martinezgabriel,9b78ChGv!$
martinezgloria,#64ofZ^sQD
martinezhannah,ol7wm9GnC$
martinezholly,*E5Hdg5%%j
martinezian,)fHw3rWf5A
martinezjacob,p8W%0*Ve1!
martinezjames,$Ri9Xzvz_$
martinezjason,(UFYCW_xA8
martinezjeffrey,$uRq2*Iza0
martinezjennife,%gL0tBUbkS
martinezjennife1,^$8WAEoftg
martinezjennife2,zG41vEn2+8
martinezjessica,kg!9Wi&e#0
martinezjessica1,tR0T71Xb^v
martinezjocelyn,LW7Bg*6#)+
martinezjohn,#OfFmsel5)
martinezjohn1,vf!+L6RqYi
martinezjohn2,d8AQyMx%_8
martinezjohn3,+G8PZn*srW
martinezjoshua,$0rEboBDFb
martinezjustin,^5^AtJJnua
martinezjustin1,&2lx7!Yk9J
martinezkimberl,G9(QZg#T#l
martinezkimberl1,Ulw0V*Kh!a
martinezkirk,STbi7GyU*b
martinezkrista,a%FR88YJrw
martinezlaurie,^V3KKy$Tm*
martinezleslie,(NN@5d$oG$
martinezlisa,UwN0fDAxb^
martinezlynn,s%1Akezj(y
martinezlynn1,C@#33WrR4Y
martinezmartin,k9&5GaMwiv
martinezmary,T8)8IhWN&m
martinezmary1,_)7J7x5wZ3
martinezmary2,(K*h1F2p$&
martinezmatthew,NE3LB_Bf#w
martinezmelissa,u+ZWRqo!#5
martinezmelissa1,_0DOOjo9nE
martinezmichael,@kr&G5Zlpy
martinezmichael1,+rV+qjy$y5
martinezmichael2,+wJ2MOSzl6
martinezmichell,_LYlfGhQ9f
martineznancy,1+y5(MixdJ
martineznicole,@$yCEW5x^A
martinezpamela,h$98!5DkI%
martinezrachel,&N2Y%VVwh)
martinezrebecca,)sAA%u*bJ0
martinezregina,S35lqLb6&v
martinezrhonda,V7SsPmCa*k
martinezrichard,yKkV2KNf@0
martinezrobyn,!em4ZPj6u%
martinezsandra,#kGh4Asl_C
martinezsandra1,be$8AGvvmR
martinezsara,Mx$6RntQI3
martinezsean,2bgFyHtT+I
martinezsherri,(9YHza1FXG
martinezstephan,)pQSzHT875
martinezsusan,p*2Z1TsfFa
martineztodd,_hA7o8Cyd0
martinezvanessa,W9KtUJInf_
martinezveronic,0&0A3L7oS(
martinezvictor,r%5JsQltYd
martinfelicia,*&ki2RP@9d
martinfowler,PWo4V*Rp(4
martinjamie,!Uw9OHv!ck
martinjason,98MBJbk**%
martinjeanette,5^8Nvg!FSt
martinjennifer,!3&^iLI)4r
martinjennifer1,^2Y_1CCba2
martinjennifer2,Z!09ayHg&X
martinjennifer3,vce7oW7h&%
martinjenny,6)0lwVj35Y
martinjerry,(6SJOkVjY0
martinjohn,C(^xz%OaR1
martinjones,s02VnD26++
martinjoseph,ad9gLNbo^!
martinjoshua,(tP6ZKjkA9
martinjudith,FS86^LHf%L
martinkatie,v#KS2JC!Zu
martinkevin,iM0HAR&oS@
martinlauren,_A2mODy5G6
martinlinda,*7cMY5c5hO
martinlisa,qT2GRzxCH@
martinmatthew,+Ii8QpOC^b
martinmclaughli,h6gyA)g+*u
martinmichael,^7LTEtm$!T
martinmichael1,tN^*4OTlrX
martinmichelle,ie#ys5Jw$X
martinmoore,@cEJAOPb3A
martinnicole,@ZcaY_Z(2e
martinpatricia,^5spGMQ!Dw
martinpatterson,eiSeLeDA)9
martinpaul,N$(1!TyZhS
martinpeter,ZhP7jpn$%3
martinrachel,^9jBSVwDq1
martinrandy,l3^oIC93*h
martinrebecca,nw3LK!eul^
martinrichard,UrFYx8d1%6
martinritter,f^2E#0rkyG
martinrobert,$7JJaOcJf8
martinrobert1,x6%lCXfz!!
martinrobert2,*AU0Mpj@__
martinsandra,_K)2pHGyI8
martinsandra1,3#)9HLr_^Q
martintran,S!(5NrXC3y
martintyler,+7R6oCUjpG
martinvictoria,!4BjQGLo$U
martinvictoria1,A%t^5SUl+Z
martinwilliam,wehd+6Vaix
marvin13,p^@9oAQeK#
marvin30,_8d!gRLm^A
marvin99,&mcOlRxzi2
marvinbarker,O73RJycF2$
marvinharris,go_a47CsFc
marvinlee,NSkx!31n@+
marvinsantana,kcp2Tou9S(
mary00,+MyBhIyzB9
mary001,g0*1Gr(c%+
mary002,#B!X*4$dw*
mary03,cg2nUsAe@U
mary031,&tQAY7wLc4
mary06,%EzX$Ao1*7
mary07,mA(&R4WakK
mary08,2ArL+BXz_%
mary12,+zE9LhEnDo
mary121,Q)Hq0AidVj
mary122,V34Ji0In@7
mary15,6_HAbDqJ@j
mary17,$8eLpoOPgo
mary171,D*73Hq#+Ea
mary172,1&61CA2w0@
mary173,2Q^7N!mxw%
mary174,%Q98QxZc4z
mary21,!M8G0XlxeJ
mary22,4VZ7WbscJ%
mary27,2@!9Vktf3z
mary30,^D6d@Jmh8#
mary31,I58%*YWf&V
mary32,(^4GxzwpCv
mary33,!l0c_BrIw6
mary40,vuGe(g*L_4
mary42,v$8P+OQiVa
mary47,NiQ($usP_5
mary471,l5QCQ_En(A
mary51,x+(4JFafn(
mary52,Sv8O1cL3h&
mary521,&@P7tLiafJ
mary55,VX6yMfuQf#
mary551,YYXK%Orq%1
mary552,JPn&5BtlKT
mary553,((^8Etx6Bj
mary57,_f63DXlWwE
mary571,)e(6R3u%Nb
mary59,+2LP+WcK5U
mary60,9fB8Dxkb(A
mary61,*8Y2Vp6p(8
mary63,6CI2Gx2Nc!
mary64,5YRqATCo$9
mary641,aKU9I$MjH^
mary65,6w5QcPdu%^
mary66,$4Nw7Udv74
mary70,!1!8LGo%dD
mary73,&OORi9Vc29
mary731,^L9RTj1lbh
mary76,h!gI$kIe&2
mary761,8L_40Zerm$
mary77,tmN4EQNK4^
mary771,2pCgv2Wh*8
mary79,!8HGnrYaNh
mary81,(84+J5Btnr
mary82,aEGPgPa@_4
mary85,UVl#3NnZB+
mary851,+74xqIqyDv
mary86,$K$E7Pxsi(
mary89,JBPx^0ym)9
mary891,3cQLlc!f(H
mary892,*d2RDjjKUD
mary90,IvR2rI*2U*
mary901,!1QO!UaQF9
mary98,*5Y7Mdmv9c
maryallen,lJ9YUDhfs!
maryanderson,+WxrRSkc^4
maryarmstrong,$IAI$EIx70
marybanks,fQP4cfAq&3
marybeck,)3GrvJCeip
maryberg,)7IKZmhpBA
maryboyle,#@zzKNlq$8
marycain,(UEpSEod83
marycarroll,)Ar1*DyAF^
marycarter,!@L0ZCac^T
marycortez,&3cISsi*(8
marycox,#6DAjqe$R+
marycraig,b6wB7WrqJ*
marydavis,b!1FMHSfIl
marydixon,)4QYlR1fCx
marydonovan,%YlbLHOuz8
maryfarley,$JH(KEtW33
maryfleming,*K($v3Nw30
maryfrazier,15U&!3ki+J
marygarcia,)3B4f7_@#W
marygardner,*_OlJkvrZ3
marygonzalez,ZT)9L)Qqn6
marygonzalez1,7yCy77Xe%z
maryhall,Z(u7sIgzO4
maryherrera,(fDCXLAwh0
maryholmes,*QN$QBuS$9
maryhunter,$R(Njcqko3
maryirwin,ae8Qoq(6!u
maryjackson,w+4TTb)NUY
maryjohnson,f834W(Xh&P
maryjohnson1,*^I1PWuCZ^
marykelley,Ad#@1DeTOx
marykennedy,m*6Jjpt#%0
maryklein,x&7@ZuBC(c
marylawson,#C_7FWkAfb
marylee,)+$k+6CaV#
marylopez,SD6_Zlx&#U
maryluna,rlmMGAY1(4
marymartin,ay9JXZKrH@
marymiller,&ClTADzv^1
marymorales,@1F5a&SnZJ
marymorgan,^LPpNRNV89
marynunez,4!BbC*Cf#3
maryperkins,+w9IHP6dD1
marypeters,$0XOdX9K7w
maryporter,+2r7%EBeF3
maryreynolds,tlC0BC3m&8
maryroberson,Oy#9Ls+1FJ
maryrodriguez,$1_VJYtF00
maryshort,(t0j%X7f&A
marysingleton,&7jRHvjg@t
marysweeney,V6B%jhee@$
marythomas,_@O3cOXeG*
marywall,79%DWJhL^B
marywalton,&cA2SHzew#
maryward,+!gO3bIrSV
maryware,@q1T^dqw)3
marywilliams,9vZaI#oZ@z
marywilson,Vi9ZQEhbM#
maryyoung,8r^ghHRw)i
mashley,ibtZ6YPz*w
mason16,50!16TYixR
mason31,yh@2D4sf6M
mason80,)6BELw_XBL
mason94,Sb1$kVcvM#
mason98,gf4)OEtz*9
masonbrennan,YN+sk2Co_a
masoncarter,(nlh8SfB(x
masoncynthia,r_f4gGQaI!
masondawn,6VuFCNb$(v
masondeborah,J$9sJFeIj(
masondonald,I6MFkNXY&2
masonjohn,w@95Bkbut2
masonlinda,)8D!E*q30t
masonmarc,_THXS$*f29
masonmelinda,n8gBsF3F@F
masonmichelle,cKARq!jx#7
masonmichelle1,@)62sqDm^a
masonmolly,@3Lt38go#n
masonpark,wzDxWdOu)6
masonrebecca,(p7OTxrC9!
masonrobert,Z3E%K03k$t
masonryan,(6N@b951LC
masonsandra,iiPsJSfx+8
masonsarah,2u!*Oxy4(T
masonsean,aB(5Ejqwvt
masonsharon,76Bi3zqW%s
masonthomas,UPnD)t3W$2
masseydana,+QVdB^t0J6
masseyfelicia,*RuWUNm@0_
masseykellie,!QPMc6PhJ9
mataashley,Lkgi6KswQ+
matajennifer,^I9SdjT2bZ
matamichael,wF088(Nf1!
mathew28,oI9o#6ClSu
mathew47,+4S#7xog%$
mathew51,+Hp%9CQj2w
mathew69,#M2NOha@SZ
mathewaustin,w+)a+4Ca_)
mathewmorris,q1)iJUXv)a
mathewsangela,&5PS0rk_@Y
mathewsjames,%fw4QFQhZ$
mathewssamantha,%DbIDtvS(6
mathewwilliams,d^m1U(Pp!B
mathisbrittany,(77vJ1lSvV
mathisdaniel,&Y(5kQnm+m
mathisderek,cwrDt5Ccv)
mathiserika,VVPezUqe@1
mathisheather,t2#vXRJa@+
mathisjordan,)I4TSoMNx$
mathisrichard,ha@@uYW&$4
matthew00,E8ilpJu+)0
matthew01,^P6GvCyH^m
matthew02,+5DsUcAIt6
matthew04,@#XZf3yy%8
matthew041,pBIb(d6po&
matthew042,!aR1VaUyKx
matthew05,D9)4EjNlD*
matthew051,^TGXlQxHE8
matthew06,@6ZsXol^_3
matthew07,aC18JFt^)l
matthew071,hBX#x7CvC#
matthew08,^5^SmbW5wn
matthew081,$2vKCc!fSD
matthew082,!4zNDN@o5x
matthew09,^qCXR%Bl3e
matthew091,iRcZVAym#4
matthew10,7R)YP@g8_3
matthew12,&1)tTNh58!
matthew13,_v6HXh5iEv
matthew15,d@6Toj)Jy*
matthew17,#yUkwzSi5+
matthew19,r0WK2AOe^w
matthew20,q^e9N4Evke
matthew201,_w0Zme8&a*
matthew202,@!9bShKgok
matthew203,s94#Dr$P(!
matthew21,9eX6NIVGs(
matthew22,%(5pvsIxNB
matthew23,#r6IpTl17h
matthew231,h&N*nPT01y
matthew25,@8XTorf3zS
matthew26,9%lLi%XjE8
matthew261,DAG4jR(v)4
matthew262,0(m53RjFSX
matthew263,59BsEH6u$x
matthew27,n6UBS)x9#+
matthew31,mm#2lLizdk
matthew311,Q^6ISoh(8f
matthew32,)+27FiSeav
matthew33,%J%8v1Vcd2
matthew331,Tk!0ZL$m75
matthew34,hoM5LrLJ$5
matthew37,41B^6&Mcp_
matthew38,^9PkV+%jYg
matthew39,SstW%VvL(9
matthew391,*&97uZhyNn
matthew40,_3sDeASP&z
matthew43,UT5ob#w#j*
matthew431,^C5J%UnHq^
matthew45,cM5(PFbtY@
matthew48,c1xpxDwB*h
matthew49,()UyyXcNX5
matthew50,)gh3KvrLY*
matthew52,S*42EPA@)t
matthew521,8DO50^Gm_c
matthew54,@YorQz)W*3
matthew55,tcXrzE9C&6
matthew56,(0ib9GYx_t
matthew561,%qOx7PVo_3
matthew562,#y7sFeO^Z1
matthew57,^4K0D@tD6D
matthew571,#1dmPUyBxN
matthew60,_e7(X#Z383
matthew61,^J+*0MAr7^
matthew611,Er7PO4Yd@S
matthew63,gN_9Z8OtB3
matthew64,p52CBZht^G
matthew65,FXQjAkzo_0
matthew68,&Nr9ZfSw^U
matthew681,q!N5x^Ab^#
matthew69,Q4^*4C@sk9
matthew71,(Gg36Yj+oA
matthew72,)GPJbChk1q
matthew721,!k5ExFs&g4
matthew722,!9r8Ib&nVI
matthew723,9G2(QRVyX+
matthew74,!1bJuHdng3
matthew741,&82!fEF4iM
matthew77,^G(9Am0KLT
matthew771,SrzXetWN!0
matthew78,8UwOzGCb&5
matthew781,@8Yea82FG8
matthew80,+p2hTBcpRY
matthew801,^6NOyR3x*d
matthew81,&h6Xxn^E$3
matthew82,&#3cWs4gCx
matthew83,0(5dV+lD$m
matthew831,Ph3SNcbAZ^
matthew85,1SpM91Vx5#
matthew851,XQd1NcC$*+
matthew852,pT(8Zo1v0H
matthew86,8Tv+2#Sk1r
matthew87,X^1FEDkCKP
matthew88,2l(XeAL%*8
matthew881,y(JN29Fua3
matthew89,KK5U7sS@%Q
matthew891,Hp74lSie%E
matthew90,+^HfApajN0
matthew91,&3vB0gINpf
matthew92,&MGw3elU45
matthew94,4XV!oiIS!5
matthew96,ZQ5jTjk!D!
matthew97,5168Hs!V)i
matthew971,L3CD8riA$*
matthew98,s4J^n@c&^z
matthew981,o9NCjV4h+Z
matthew99,Y1^arZ8g_e
matthew991,X$B0SFI6gw
matthewabbott,g5Z%IHJ+&Q
matthewalexande,&4UXMyej)j
matthewanderson,P&29O^hS(n
matthewanderson1,1d8DdyoiY#
matthewarnold,^2V3bTryUK
matthewarnold1,GEp6TDnk)W
matthewarroyo,7kflLhe^(a
matthewbarnes,Y4FApDOf!_
matthewbenson,^EmAIuRwe0
matthewboyd,QXSGTreD#9
matthewbrennan,A28eUvj@a!
matthewbrown,q5$hELwG*v
matthewbrown1,#5n3GWAAr!
matthewcalhoun,(*1721Shp2
matthewcampbell,7#MT0BsFYN
matthewcarter,R#71wB%pQ3
matthewcastaned,&b29BTKco_
matthewchavez,ycx8ZwDa$Y
matthewclay,yfF4)1Wg)$
matthewclay1,*4Tkit#I8B
matthewcollins,fP)5z9KewN
matthewdaniels,P4c(UXJq*k
matthewdelgado,(9rYtxZB50
matthewdillon,x0CoTHWJ*O
matthewdorsey,!3GmXYxeGq
matthewespinoza,s63WHdIx_Y
matthewfisher,2Gpf9Iri$Y
matthewflowers,#FZ#IRkut5
matthewflynn,CpBJOc5h^3
matthewfox,_W2$8fAm^s
matthewgonzalez,_T0soTiAab
matthewgoodman,)G3BBjXpq0
matthewgordon,Qhnrege1#9
matthewgriffin,7J9I6kPnN@
matthewhamilton,lQ7zOFLyb+
matthewhansen,jX175S5gW&
matthewhendrix,ox1pOHUf$h
matthewhorne,!s75HwCS#N
matthewhowell,n3Fjezf1@1
matthewhunt,9l3V)Cam&S
matthewjackson,cBI0CidA#h
matthewjames,$HLh^W1zi4
matthewjohnson,&$8!Dl_K*7
matthewjones,&S@6HjQx1W
matthewjones1,h7RHnb0I*G
matthewjones2,_s4qA7IUV1
matthewjones3,^S9Ta$705F
matthewlewis,+V6Aygx$Y$
matthewmaldonad,5rT%@^@A(w
matthewmartin,)1^QX+XpfU
matthewmathis,YlEJvaB*#8
matthewmccoy,ZHa6R%Zv!w
matthewmclaughl,BFaJggcF&3
matthewmedina,_wWHm$@L19
matthewmiller,o8y8zSfU$%
matthewmills,ahB5qcNg^q
matthewmitchell,sb&A6Mg9Le
matthewmitchell1,5zSpHpJF$0
matthewmyers,y(7GQmoW(f
matthewnelson,__+BxdI*7s
matthewnewman,lZ0T%Hhxs_
matthewnguyen,895PwGc7J@
matthewnichols,+3B5*jXvx)
matthewodom,9$H$6uUv0E
matthewolson,(29@BZWpYk
matthewparker,$6+ErV8i7P
matthewpaul,trm9N4NYq@
matthewphillips,T&C)6LpiPm
matthewpierce,%)_5Ajo+J+
matthewramos,7D%PHtDy#B
matthewreed,oea3SMwj*D
matthewroach,2eca9#Ugx^
matthewroberts,92aYAHrv)R
matthewrobinson,8+N9Iy8WYW
matthewrojas,$32OJF7x#!
matthewsanchez,3ol@&1HypX
matthewsanders,$D0OO!bnL%
matthewsanders1,&89Uvjud_(
matthewsanford,*uOznFkfG8
matthewsangela,+!)6HxyKhG
matthewsbradley,e_0Vj0aCA9
matthewsdaniell,+8wQU^0lPB
matthewsdeborah,L@PEr6G#&q
matthewsdennis,)_APzSvF7X
matthewsdominic,&#3Ouv!M5L
matthewsjames,b45HIzhT@1
matthewskatheri,&91CxrWhfA
matthewsmarcia,UD6pRWAoT%
matthewsmith,20PHVlR+_u
matthewsmonique,w1+8ccOaEi
matthewsphilip,%jJ8#D0_N1
matthewsrachel,0ZU&1Gge*4
matthewsrichard,qyTiopEq+6
matthewsscott,0uNf$ajr+U
matthewssharon,&6q#EAEm#8
matthewthompson,4ca9Y_py#Y
matthewthompson1,!23$$JZu+p
matthewwalls,9*n0QWsC(!
matthewwebb,1%6DGyf2t$
matthewwhite,4D0JxuhC(g
matthewwilkerso,&hnb8)Tt1p
matthewwilliams,#*r7QPgs5)
matthewwilliams1,gyh8JOXWz_
matthewwilson,62WJpIzx&N
matthewwilson1,@2(2X8FgI_
matthewwright,$6CB7yCXki
matthewyoung,P(8@*3Ru9b
maureen22,6@fu3OOoyu
maureen65,zv7@gI^tD+
maureen71,^5Y*laLG*#
maureenjenkins,@4qyDfibXy
maureenzamora,*Tyy8l4kj@
maurice13,vhx2nX@v%K
maurice15,ao7Zo^FQ@8
maurice28,$jZd@iWm6W
maurice53,v!dP2Xyo+0
mauricebrown,Se!H2SIjJS
mauricechandler,fmfI4EN5@+
mauricelee,_C5tXIDnUf
mauricemooney,BRS9yhNm^a
max24,j_+6(oi3FG
max73,dN9QuQ&z_F
maxwell43,+3YxLLNjRS
maxwellandrea,wt8L58wyH$
maxwellchristin,$a8MNUtE#J
maxwelleric,x90(BTqtP^
maxwelleric1,)TCGTVoh6S
maxwellgregory,A%Dn5Ydjkp
maxwellhernande,65XN8XLz(G
maxwellsamuel,Xr5A7gLlS+
maychristine,_O$f7PjC%4
mayclinton,7^(Y0KiOrF
maydaniel,v+KC9AxotD
mayeranne,#h7JpvQg$+
mayererin,6dAj*pgS+w
mayerleslie,r*a8TFT+xn
mayers,9F2MCgGw%Y
maygregory,H0OgTllX$x
mayhector,3Tc&0U1dOS
mayjohnathan,nG7$2Sik2A
maynardashley,%!90aL7uX_
maynardlisa,24II)$bf#o
mayoandrew,^1t1CRWp7w
mayobryan,AU@*6LCkU@
mayojenna,F7hOJvtO)y
mayojoseph,eLZp2uMit_
mayolaura,WOahU5aH0)
mayorebecca,*F8VmJEu_@
mayschristine,Ns7q1Nzy&^
mayscrystal,_T9WPyjHf*
maysjessica,&93Q^^Qsc9
mayslawrence,d*$0SvjhV)
maysshane,+1J+UoT!*H
maytimothy,a!3HSnJlKt
mbailey,%P!9!DMwJ5
mbaker,ZV5rYfp@0^
mbaker1,*Yj5NIliFA
mbaker2,dBHmzgai%9
mbaker3,C#55LS5p0j
mbaker4,^1AGshsKsD
mbarajas,*7Jnqjpr3m
mbarker,#qvH1fOx2N
mbarnes,w+o4IBik5u
mbarrett,40@o0Xzj(F
mbarron,a3TrK(1_)8
mbarton,9OERnZ!I(P
mbell,(4HiXLwyCh
mbell1,$NP@H)1ne6
mbell2,@8wCj*wj+l
mbell3,!5Zky6Bvq)
mbenson,_v0ShEC_j@
mbenton,CV1^NbqU*$
mberry,oyJ4Cpyr&3
mbishop,)j0NiDOr@^
mbishop1,vgdT#5Tv9j
mbonilla,$F2ykRx3!D
mbonilla1,)9Og#nnuQq
mbooker,D6@5(jYnFF
mboone,&cH7Y8Cq6!
mbowers,O+o9WOp@&U
mbowman,%^Ynf!p!Y9
mboyd,aaB4*IIj0#
mbray,f9tO5Zu3^#
mbrock,w##o9Oap)b
mbrown,*7bjwfEy_L
mbrown1,jG42Cf_AW$
mbrown2,V$x59NaTZg
mbrown3,v7H0cf2!(r
mbrown4,_t#ZeYU+(8
mbrowning,A38IG6$h@$
mbryan,5(f1PrUpR#
mbryant,4&1QgenU9h
mbuck,(&9Lk$4o6M
mburgess,y*q7Z3oP@$
mburgess1,M9MSmi@d^3
mburns,cg6ERHCd@_
mburton,&7C4c4YvX^
mbush,#@5pW55b7C
mbush1,_aBI&hBlo0
mbutler,+Pmg7XPw21
mcallahan,^NUy6RQs*7
mcampbell,0@9#N5eDTC
mcampbell1,_35o5Cyj_O
mcampbell2,OQk8NcYyM#
mcarlson,!u^cHWtWv6
mcarr,G@9C7ef^mb
mcarroll,3r7ZttruG^
mcarter,Ly6ocRp00$
mcasey,C5cWY9Qj!3
mcastro,0j@Rv4H5_@
mcastro1,W2)Q8RpvB2
mcbrideandrew,_jcUHwiDS3
mcbridedaniel,$1qenYGbNH
mcbridedaniel1,dJ^Sp!VU%3
mcbridemichael,26@!WErF^j
mcbridephilip,*liC8Ho90@
mccallcheryl,%1D6Y!OWJp
mccallchristoph,Z(SBk7HAAf
mccalldonald,IR3I9_b($%
mccalljorge,T)v2rxVf9c
mccallnicholas,QeCIuwBg)9
mccallteresa,i*6pd^BU5v
mccannfrank,4X80Fgc_&i
mccannmichael,+S9qT)Fgff
mccannvalerie,+a&66rKmsP
mccarthyandrew,$hz7f^Al!a
mccarthybryan,E%B9!yZwdZ
mccarthydaniel,yT%*6C5zOf
mccarthydavid,h1bQ5Z&l(7
mccarthyjames,^4M68FAjM!
mccarthyjamie,vv1u^Fr)q%
mccarthyjerry,qM!bq2WjzI
mccarthysteven,%ALrrZw*n7
mccarthywilliam,(2Onj&*g3P
mccarthywilliam1,*tF3j&IflV
mccartyanna,!oBTsx$&50
mccartyemily,q2_hsDni!+
mccartymelissa,L2@HhPoI*Y
mccartysavannah,t*0CGLiItP
mcclainjesse,wo3(W5bv_B
mcclainmegan,N!6Lo%OSkj
mcclaintamara,oO0RuCWb)%
mcclainwendy,pXj2oYGn(5
mcclurebrandon,)e4q8TCy^j
mcclurejames,#boHCfYhX1
mcclurejason,(27o0VcL@h
mcclureseth,_mRrE(vKE5
mccluretamara,O)9qdMpdGG
mccluretiffany,$)VDS#qjC8
mcconnellbrenda,31JoMj3T_t
mcconnellcollee,V!0pJ#jI$4
mcconnelljeffre,%4RDb7Ayyn
mcconnelljohn,)hVLPZ%Gs0
mcconnellkennet,0)5Fv4eeDe
mcconnellscott,6%YlQv(k+O
mcconnellselena,k#kMc2Wui5
mcconnellstuart,eO5!5UctZ^
mccormickbecky,F^1I+aeZEQ
mccormicksharon,rk0NfnJs&C
mccoyangela,*4nlMb&k3x
mccoyashley,%xW^3nQp@6
mccoychristophe,P^4_XW_og%
mccoyjanice,7^0RZ2FsEU
mccoyjoseph,VKI_!9clR*
mccoyjulie,$#2NsV+t92
mccoymorgan,a$4&W4hw4J
mccoyronald,dtXd7Ibz@4
mccoyrussell,_gVI$Xr282
mccoystephanie,%+#Y)NXp$4
mccoysylvia,B3p@IJq6*m
mcculloughdavid,w+3Rrr0%s^
mccullougheliza,*2Jp%4AX28
mcculloughgrego,8k!q*7Uf^$
mcculloughkelli,*)33KVOdtO
mcculloughkevin,v&Z3GujboS
mcculloughphili,!&41VRpF#r
mcculloughsteph,89gGsJNr_j
mcculloughwalte,qUc8nNs^@n
mcdanielalexand,R3))2NUmA8
mcdanielanita,$P)8BQat_x
mcdanieldaniell,g!W7Rku76s
mcdanielgloria,w1dAobGt&_
mcdanielronald,6%X@5ZFjJF
mcdanielsamanth,)yXtkZfJW7
mcdanielthomas,_uGjT4WO13
mcdonaldalexis,&22Fx3S^Yn
mcdonaldamanda,Cbn18RY4B@
mcdonaldandrew,F(2IYj3y!@
mcdonaldangelic,)+Gs3nQaTr
mcdonaldanthony,9d2GdRf0^g
mcdonaldbrenda,d7ZFNapk)F
mcdonaldcatheri,*95Ptfm4&X
mcdonaldelizabe,0VbY2Tha_C
mcdonaldelizabe1,ij3H0Monk%
mcdonalderic,L0lEV(Ou*t
mcdonaldgregory,5_8XROAdIp
mcdonaldjames,951YzL+x^P
mcdonaldkyle,JYkJptoc@9
mcdonaldmichael,72PH2sEg!A
mcdonaldmichael1,9f*crFeu%u
mcdonaldmike,cB3SwyA2*3
mcdonaldnichola,_vpDzla%!5
mcdonaldsean,lOu#2yOwHI
mcdonaldsharon,ml_j5NNiN+
mcdonaldtyler,&8IlDHRm$A
mcdowellchristi,#1%6DSbNiN
mcdowelldebra,&2ZHBUeq1m
mcdowellkathlee,rSZI6LpEj(
mcdowellphillip,E!75KxR&XG
mcdowellwilliam,B9AlHtKk_S
mcdowellzachary,_a6bAW7n%j
mcfarlandchrist,l2$a8L2tV)
mcfarlandkennet,!Ya7Iz3U84
mcgeebarbara,^Z4JYt9!Ra
mcgeecarl,je$6Pu48LH
mcgeeemily,T339%YPyx#
mcgeejesse,@1S4gc@8ci
mcgeejustin,ZH9OLKMr*b
mcgeelaura,9g4!4CuWQ*
mcgeelaura1,qd5QiXwp)*
mcgrathadam,%ar5mLJL0h
mcgrathangela,($WdT9Rx_T
mcgrathchase,!I1+Ki5Erl
mcgrathmaria,&9tE_4FsY6
mcgrathmatthew,jkLz&5LfTj
mcgrathnathanie,$iYVwweHa2
mcguirealison,4)6KQ^%6Sv
mcguireandrew,*0O0Q3pzjk
mcguiredavid,^u)c2SieB$
mcguiredonald,H(2U5xsBAy
mcguireemily,))_e2wfq%X
mcguirejennifer,*E3Xqrkw0B
mcguirewilliam,kN1SGjFGv&
mchase,N@6PAZUe!5
mchavez,n%UM3FQ39r
mchavez1,Pr!j8kPNa*
mchavez2,fYd+4Ry96C
mchung,_2+MB#gr#D
mcintoshanthony,_7sbYDDmw0
mcintoshbobby,WlT6sWv#+@
mcintoshjade,_rUiB!pl)2
mcintoshmichael,$Q2NBtBiN5
mcintoshrobert,bhd*Z2Ff$9
mcintoshsarah,&dByilQGy8
mcintyreanthony,_$V32dA^4!
mcintyrecharles,^S&l97CfI!
mcintyredenise,F!5C6$UZ+m
mckayapril,%P&VZSyh2k
mckaychad,3SOcCIk3#l
mckaytheresa,GM*UK+Fo%7
mckeeaaron,^rYhQ*Aw36
mckeebrenda,b2HZ9smM$K
mckeejennifer,6JR7kXPx*5
mckeestephanie,5$t4HckV&7
mckeetamara,*7)inXgoST
mckenzie06,X(7YAzcC%$
mckenziealexand,AW1PTrVjb!
mckenzieerin,aqx$2KGf2*
mckenziefry,+1lHf#y7(z
mckenziemiller,e+Da1N6knA
mckenziemorrow,a*wa2Wt^Ku
mckenziemyers,#2jEjQzgT@
mckinneyedward,D9$5T*Na(4
mckinneylinda,*z!8CqnpnN
mckinneyrichard,+tT8GCwId1
mckinneyshannon,o)67mHoqml
mckinneysharon,!M0Gilx@xk
mcknightdavid,fh5Hgksbx$
mcknighterica,m0Hvh5G2!7
mclark,%O1s1lFl5R
mclaughlinantho,@550N^7hk(
mclaughlinholly,*!0AsPb1%p
mclaughlinkrist,!y9wRuKrJ!
mclaughlinpatri,v9fXKp(a%L
mclay,LpHgZ2Tz6)
mcleanangela,*4HCr64Ks!
mcleanjay,n8LMnFnx@a
mcleanyesenia,%4qG6xRn(Q
mcmahonkent,%n2DiJf$8@
mcmahonkristina,HB7IzKEjR*
mcmahonrachel,#48EQ@oRF4
mcmillanalexis,(gg7g6Adu^
mcmillandavid,HyBguJx6)9
mcmillanjuan,41I81wFht)
mcmillankelly,L_FT4TvFW@
mcneilanthony,#^S9JcD9lA
mcneiljames,$0v1D7GxdZ
mcneiljason,#3gU)kX583
mcochran,9Q3X1^8o@%
mcoleman,(*0GXz)8zS
mcoleman1,!eA_*1Zh0@
mcollins,ywt(5jIgJk
mcolon,^TM3h@RN%6
mcooper,%%hjI+2ceQ
mcox,sH&7dV(sWU
mcphersonanita,g6K!QvH1_(
mcphersonmichel,^9D+w5ehCA
mcphersonpaula,GYO7Rfbu8!
mcphersonrobin,g4WwOVL*%l
mcraig,(2V6gnJrt(
mcross,!St0XRQvr0
mcuevas,kP(5Tx^b*G
mcummings,0pZ^0Hsi^u
mcummings1,81*7HIRm_V
mdaniel,)fTQEKrW0*
mdavenport,^($KAwmSx5
mdavis,)SdC(@6o*0
mdavis1,(1HfHUJhuk
mdelacruz,0^Wi21aqkM
mdelgado,hpCXUiuv)7
mdelgado1,I6SYqLPc_P
mdiaz,wk3PkAPy!#
mdiaz1,gJqx6eWd(z
meadowsandrea,4$HfXo1m$U
meadowsmichael,wUbD@XeK+3
meadowsmichelle,fKsE7L^r+4
meadowssuzanne,(9jJl^rWqk
meadowstyler,#1qz5Lcfx5
meagan13,49UNOQjS^s
meagan131,(5^CEcTq@F
meagan38,d875EBlh(S
meagan54,%hHZIOvkv6
meagancline,!btvcnTy14
meaganhowell,_2^LObd%Ek
meagansalazar,_Sq5SwgqwP
medinaadriana,T%5UHRzpd%
medinaangela,%VIn185l&_
medinaashley,%+zIrpXoQ5
medinabarbara,!*XNDtl_G4
medinacharles,%$0oEsoaTQ
medinadaniel,y2kUcIC3(j
medinaedward,)EIQoPw6e6
medinaelizabeth,+2CMULvz7g
medinajason,#@MzGANi5H
medinajennifer,2396IOwz+E
medinajoseph,&1ph(JCiLY
medinakatherine,c*7D2+ag3w
medinakimberly,K_0JH1GCsl
medinamelissa,y!4*1_MiJh
medinarichard,@gZ8b3Lc&s
medinasara,(cW)QiNzz0
medinaveronica,OZ+$2CyB%p
medwards,zkV!3HH4!4
medwards1,O+_6QtQou6
megan01,Dun_s5BffT
megan011,LxZ4NwLsG%
megan06,GR#2XFhB*0
megan11,+Zo)4GhkT_
megan12,Ki3(6gSjbP
megan13,_*JJ6%aUf8
megan14,gD@Q6HDcT&
megan23,^iFcBAf#8i
megan231,#fS5KHu%+#
megan24,kR(&0JkuvH
megan29,$fW$v8Qv&o
megan291,l7FpTW_X(1
megan30,S1T_a7st)M
megan31,)6$xN052n2
megan33,!ve#QOFe%0
megan41,1BNo26BfY#
megan44,!CiehL$r@1
megan47,pNj)E2Oo1r
megan51,o84YawX$%O
megan57,C!85HtQ^#8
megan571,!Z!P9DjSPg
megan58,6oKRd%mB)0
megan59,O$jf6lPrxv
megan60,$CpC4*Cj11
megan61,SX4QP#Ry*3
megan66,o1W4D!b4&Y
megan72,11nky_Hd(i
megan73,x8M7czP2$$
megan75,4u54g%X(+2
megan76,)7LHS^Xb2t
megan78,BTH3nDPh+6
megan781,aq8oIYvYx)
megan79,)8NoAKBm2t
megan85,HO$7iWfbOK
megan86,^JUwc1_N5C
megan90,&4KYYCtw@d
megan91,5k8Qr4l6$6
megan92,!1J4ZXnWzo
megan93,5%00KokWsx
megan96,YwE5Z&yZi&
meganadams,h!31*Aq4%G
meganbarton,Pr9K5MTd2&
meganbecker,4bZ4QCxB^O
meganbradley,8bTbUJ1N)%
megancantrell,k4@6CSu#$#
megancarr,#5&2S+qmjV
meganelliott,6oz3%MQa)H
meganevans,96D9OoPcv&
megangarrison,5ZV5Wyugj+
megangoodwin,x8)2V1naZU
megangordon,^3BlabpuxF
meganhansen,&3k2W!JzQb
meganhayes,8g+kBqrq@B
meganhenry,+4EWAooad5
meganjackson,)Kr0gWhyX(
meganjames,+9TJzNsQko
meganjennings,!2VchDjJ#O
megankim,X!8KZym*)R
meganlawson,^6mZfVnCgC
meganlewis,)%$z8TJj%7
meganmathews,J42xR#Ug(5
meganmatthews,4W)Rgj!Y&3
meganmcintyre,bm_gAVtt@0
meganmckinney,%O%fJA5no@
meganmoore,(7IPRnuxcZ
meganmoses,y_(4BMx@ks
meganperez,@uLzvh67!7
meganramos,D%7HsDAXTf
meganreynolds,EZ&5Y0Gd8!
megansanchez,PY5reEkx$#
meganscott,r^f7UsK&8F
meganshea,)3BftRz&*)
megansims,_RzFVpWX7W
megansmith,&I+9iMoxv)
megansolomon,+B9mH&gvf4
meganthompson,Y)2z)7Bjr9
meganwallace,ux&%PlXd_1
meganwatkins,lPo5)9_o*3
meganwebb,qxf@D$wg)1
meganwise,^^69Nc&hv!
meganwoodard,gCjNUk6e#7
meghan16,(!&%7Nn9m6
meghan17,1kJFFU9o!T
meghan44,0CrHD30tK$
meghan49,*^4Ker%D8G
meghan66,^9qPdyT765
meghan71,s0rcUQ*k*T
meghan83,$t)1BYsLMn
meghan95,l#8Neeoe5x
meghanbennett,%9nFYksp$q
meghancarson,m@q3FHgVX0
meghanguerrero,y&4A3Pzx!_
meghanjennings,7@9TANqr1T
meghanschwartz,%ja6B_Hf^1
meghanthompson,KL34CJgz#$
mejiaalexis,AP23Etnb+_
mejiabrett,*w&JdGBp46
mejiacharles,sm25lCcKM@
mejiaeduardo,Z0XPxm%5(j
mejiajames,h)1F2pJiv8
mejiakenneth,s0SDI8wk#c
melanie01,(Cn8kpSmFb
melanie10,^MIFlh&0_2
melanie15,)&)1SasOoW
melanie19,!2!J3qTc%k
melanie22,$VK8HGxaaE
melanie221,+x52XKvrev
melanie28,MBb*k2Ve_7
melanie29,gnV6hZFRV%
melanie41,tk$^%NY2#6
melanie50,L@B6TWtr#8
melanie60,%n5Nr5ng$e
melanie71,Ob*(7QdYp!
melanie72,@YN%co1o$4
melanie74,+@%v1Ykmap
melanie76,4E!E5Bagqp
melanie77,DA8VYiJy@l
melanie78,lx4Rsld23@
melanie781,QtxnhOhs_6
melanie85,*&9Smm49*a
melanie94,!54&OduH!E
melanie98,tmRfn^^#%3
melanieanderson,&y&1*RhNP#
melanieenglish,Y+!7Lf2uIS
melaniegilbert,iuJ!ElkH_8
melaniehawkins,9uHlE5ss#*
melaniehopkins,H0RIKNvh@d
melaniehughes,w(fOCgvU$9
melaniejackson,_nWphD5+C3
melaniejacobs,IK#*#2DqFH
melaniele,fUxTH5lFz!
melanieosborn,#o#GKUhKz8
melaniesimon,E643Sj5JC)
melanieweaver,86X2Cae_@)
melanieyoung,h3woVycb^H
melendezalexand,nAhqm8Uj_%
melendezhailey,2$6rO$1HWe
melendezjulie,^wj$D1&i%4
melinda16,Dk0rMC2oq$
melinda23,*6_KtFprS2
melinda27,&EFB6ZkVh3
melinda35,r@x6LM5t8k
melinda59,KC2*X+8rA+
melinda60,(l*xw4Nb32
melinda63,Osd4DQ^g_!
melinda68,0)(3S6dw$h
melinda99,5&7Xnt0azg
melindagutierre,_+E07oE$3j
melindahammond,w@2+8kZr&S
melindakerr,f%*q3UTfwc
melindamartinez,)msc5BEp%(
melindasharp,HEn88rUa(Z
melindathompson,#rGwg9rEH3
melindawest,z7jLMGIb&s
melindawood,*40Q7&FcMU
melissa00,i&m4ON8s#%
melissa01,)y0CNHwVN_
melissa011,_i&83rWj%v
melissa02,^3JKVy0e74
melissa03,jLx8FdXar$
melissa031,+vMq2SHnbL
melissa07,_hRlGAphg8
melissa071,%YW(BLTqx8
melissa08,&5AfRDEpcn
melissa10,s6EKbdlK)8
melissa11,mZ90NvD74)
melissa111,5H0Nic3g$J
melissa12,a+sQxyj90Q
melissa13,&&0Qa^e8q5
melissa16,QcBMHbQE_7
melissa19,^3LdfhcgXv
melissa20,$@7T#vJaP+
melissa201,&7_c2BjaXE
melissa21,*4Fu$Z!wo)
melissa23,09#KUivJ@W
melissa24,@Vy6JI!q_J
melissa26,&#4eMawfWL
melissa27,330HrnhJ(9
melissa28,^8hZLj0@UY
melissa29,r^1R^oRbJ8
melissa30,st2Ygni#Y)
melissa31,ZglvqpHa*2
melissa34,)wY2Yg_@T)
melissa38,+TF94OPe$n
melissa40,P$o2zsDz+N
melissa42,*9E^u#8Ct1
melissa421,qnUKi9Uw+(
melissa44,4^WZYsft+4
melissa46,8S8NmoVzb(
melissa56,$TZHgYUNh1
melissa58,)vKbGtgRk2
melissa59,YE3AIWi6@e
melissa60,+NKHAWv0T9
melissa62,I8CNt9cN$L
melissa621,B2c&+cJg!l
melissa63,9lC7JXlh^&
melissa64,@_6NidqI!%
melissa641,6sHr&Rxr)v
melissa65,@1MVFdh!G3
melissa66,_Pt7Yk#zq3
melissa661,)mSOW68wZ6
melissa68,!AZ3d5Mc^4
melissa69,o77O*XEu+n
melissa71,3(1TMxkflo
melissa73,*MXDiInt*6
melissa74,c)L$bcEq(7
melissa75,f94YNakTR!
melissa76,*&PPQCLh%4
melissa78,TB^58fEu4m
melissa781,X6eVkc+v+e
melissa81,4)l80(Mqnb
melissa82,^6WzUu5!FN
melissa83,&AwOIj%(1p
melissa84,Wr(rQ2jP_9
melissa88,(gC6gfGdK7
melissa90,R7^QEjhn(1
melissa901,C(y1@B)c&&
melissa91,@7w0PHIqqX
melissa911,cm3g^Rssf!
melissa93,$W%Y2e3Oa9
melissa96,vE8^K6XcB@
melissa961,!8Q1pmF##s
melissa962,5(i3oWBim9
melissa97,q(Ilda8S@3
melissa98,!bGBGzO3+0
melissaacosta,^5GQoSqpyf
melissabaker,OVKlz4Hv+9
melissabarnes,&O4W@QaYRN
melissabecker,+$g0QPrsw5
melissabell,_!&FJO*jv6
melissabradley,+&Rd3Vgx9%
melissabrooks,#3(+iUbHY3
melissaburns,byV)2)aK#9
melissacastillo,1^6WEuokR9
melissachapman,lzJ5kEop+t
melissaclayton,Aug5U#lnQ+
melissacooper,nE80DBso!b
melissadillon,K!(GR1Ec+!
melissafranco,p&V8p+GI0n
melissafranco1,R)&5CsUyIv
melissagonzalez,%D27O&on5@
melissagordon,6b3@H9NxF@
melissagross,(7P%fqKuqZ
melissahall,00kBFput$w
melissaharris,E3NEmgdX^l
melissaharris1,)9l4aEDs*M
melissahernande,^&UvIOqI55
melissahoward,(x7OVELnI!
melissahoward1,^Oe5vZMex2
melissajohnson,8XT7CgK&^n
melissakramer,2u7ccMRd)2
melissalawson,dis5gUcMW*
melissalee,#0wYp1X@kb
melissalester,*6Pnf2y(_r
melissamarshall,l%T8EFfj+F
melissamartinez,wdyEl^bo$3
melissamccoy,KswY4Ba82#
melissameyer,mo5TRi@*&K
melissamontgome,&3I+SVv!z7
melissamoore,+R$MCFlcj8
melissamoran,y*0OGgHBK&
melissamoreno,8be84^G*#l
melissamorris,)O$Tm6TjJT
melissamorris1,&pVJygjQ4Y
melissanelson,!8BpjXit_9
melissaowen,#TTPOoRPd1
melissaperez,%9YN2&rz2S
melissaramos,4(N2l!IMVh
melissarichards,2)UOK#da*_
melissarichards1,R_%1PSdgkO
melissariley,+PU*36)e8E
melissaroberts,K1!9R4ms(Z
melissaroberts1,1c^R6FMp@o
melissarodrigue,Wp7cAaJ#$+
melissarussell,Sq31WChR9^
melissasawyer,)R@MTrje!7
melissaschmitt,s3%2DMU!%*
melissaschwartz,)ry4DbeZO%
melissasmith,_GGY&qGE54
melissasmith1,8+0_#0Xx*g
melissasolis,)65E5ywibJ
melissastevens,eN@^9BXhH&
melissastone,R+0ag0Suhv
melissaswanson,c3D8!7Dg!M
melissatate,)8OkHhmAWh
melissataylor,L^94sR%Ysu
melissawagner,N9GNHr#h+S
melissawashingt,u!4LnOas2t
melissawhite,$is#N3WO1Q
melissawilliams,H!9WRDb1+l
melissawilliams1,P_s7dpDs_G
melissawillis,_pIjTLfK%9
melissawilson,!@L5OBDq5I
melissawright,*ckNxNWs7(
mellis,$QTlCUbv(2
melody93,&heiPBcj13
melodyford,s%3QfJhH)p
melodymason,b21NgTPs%)
meltonangela,nE4OpGww@*
meltonbrittany,4uzyKeKt&1
meltoncarol,CAj8ACn0q*
meltonjessica,&5$P!DwsCi
meltonmelissa,c5LOo6Ar(W
meltonrobert,*1ZXGX0uok
melvin14,I9oM1Rgo@F
melvin17,NKR5R!c4q+
melvin50,!a5PT@w%yL
melvin84,d92EPoRx+g
melvin86,)2g!pZ5feF
melvinchavez,p%0M2xOdN1
melvinsaunders,v8TS*l1r_m
melvinshelton,(B@CB_ik!1
melvinwhite,UAcpD5jc+(
melvinwright,*7st2y*iGA
mendezalicia,p0OOjjo@$W
mendezamanda,@VOBdinVJ9
mendezamanda1,_7TaAKJaW9
mendezcole,)6MAYiy9WQ
mendezcorey,L&+8D(nz+F
mendezdiana,g2T6Q2mnB!
mendezjames,n_K(G2a2*4
mendezjoyce,((78Zjhh^!
mendezlisa,bj_1LmwAMB
mendezsharon,3FI$OOgi(!
mendezshirley,!U1aoiVsX1
mendeztracy,(n2VA68l^_
mendeztracy1,&bKayY$q8p
mendozaamanda,vyj6QsJQ^9
mendozabrian,36cRitYR!T
mendozachristin,+$ELtSFrY7
mendozacraig,2%3SEwz)vL
mendozadavid,y0@2TCop5Q
mendozadavid1,tPiZpdNd^5
mendozaedward,&D6Yucs38U
mendozageorge,W2b3ZZVr(U
mendozaisaac,f4TO0dlo*n
mendozajennifer,Fpa!2LcY#q
mendozajoseph,e@9bWrYan&
mendozajulie,_bEm0ZOg#*
mendozakevin,1B#RvNrm)3
mendozamatthew,Cf#7#^AyU_
mendozamegan,(CnXOa0o6y
mendozapamela,*ueRS8Jw)y
mendozarichard,^sN9yt*o2W
mendozasamuel,D$A1PjXcZ%
mendozashari,rEa&M&1lB(
mendozasonya,#cQ@G8uqz0
mendozastephen,NLZ_@Epc^4
mendozatoni,Jk08JhMd^N
mercadoalan,&8q2IQbpFZ
mercadoanthony,#+8FGTohw#
mercadobenjamin,#p6QcxZ6GT
mercadodaniel,879^vQEv$!
mercadosuzanne,48^9Pic+Fl
mercadozachary,#8X17Yo@Jh
mercedesfrankli,^Du7lQtqD*
mercerandrea,AKoI6LDs3+
mercermary,$N%vDop321
mercermichael,#A7tCrBn@y
mercernicole,y#kJ3NyqIS
meredith14,Hz@b%MDt)2
meredithhenders,@2zk84BrKZ
meredithlee,0w5d$XU8%J
meredithperez,%8Z1)umfZ2
meredithwilson,1iS8d)Nd_6
merrittcheryl,+g_7cGoY17
merrittjulian,ma4n$Pk#)6
merrittlinda,Ctu4w@IOE%
merrittmichele,&sh@9Ytfh#
merrittrachael,8c3zUiZQ$p
merrittruth,DvFDO3my#5
merritttiffany,m#$2Jn&x)U
merrittvicki,QIjppDks)7
mevans,+0)FkfzDa0
mevans1,@syH2G^Z3^
mevans2,^q)!0MUQX8
meyerbrianna,V9uc6GOt*m
meyercynthia,6*i6t_Aw$h
meyeremily,f*97+2Ugu@
meyerjared,&hxPb&if3z
meyerkrista,p2J9kabI*A
meyerlogan,l1Y2@Ew&_N
meyerluis,%7bf)K0ewN
meyermichael,@Y2VrGcwTO
meyerrobert,+Gh&yL_wu3
meyerroger,)w4%TuvQ2D
meyersadam,x5#pyBMz!N
meyersamuel,R)#Ge3Td_*
meyerskenneth,M*6M2LageM
meyersmelissa,E@WC5ILiJL
meyersmichael,!vLv5T6rD7
meyersrachel,%01RrVIW)N
mfernandez,0+4yZj#ebV
mfernandez1,@q3lONuR1n
mfinley,$SNYfSeE_6
mfischer,!A3^Z6SdoU
mfisher,J7jXeyeE^k
mfitzgerald,k*vr2#Lw@8
mflores,m1nOGguH%1
mflores1,dt3!USlry^
mfrazier,y#b2KmhTKy
mfrazier1,r60MkQhaJ^
mfuentes,Eg_FY0Gu$P
mgardner,n%35UbUKqu
mgarner,F6L+C(od&f
mgarza,N8TbXg(w(r
mgarza1,6h9S8QRc@8
mgentry,@d6Ep@8y#5
mgibson,p%c55cWh*y
mgomez,@qi5Vli3A&
mgomez1,S1OWw$jn@X
mgomez2,)nDc_oTE3v
mgomez3,Uw6S7_hv#)
mgonzalez,AT5A_MhJ+c
mgonzalez1,%1pHko0ph9
mgood,y4#T8MRi$^
mgordon,5@V$SF6k&3
mgrant,sPLwRYrV$5
mgray,@m9KTrfn71
mgray1,t68WaMwlQ)
mgray2,0*5Po24B+i
mgreen,TKg9XY%r!7
mgreen1,!4IAH3p)fl
mgreen2,8#ItCccU$2
mhale,KKzc$WEy*1
mhall,$&f_3XZq*e
mhall1,m8(1!XHpFB
mhammond,00H2w+ir_c
mharper,H2mK8Czf#O
mharris,i3Y6xQrE!j
mhatfield,C+4AXyjVJk
mhawkins,#)0cF&Sj05
mhayes,7ey*9F(D)3
mheath,zV8Tdf2M(_
mhenderson,$3!UI+Sp)y
mhenry,W6$$zVdq$g
mhernandez,ssA68uBv^J
mhernandez1,OLDe2Jsbn#
mhernandez2,$JdbZfT0F7
mherrera,bN(#33Eoy0
mherrera1,5Qe1uW&el$
mhess,@p!4WSWtQ^
mhicks,6%VAhW8j)C
mho,!*+f9RhvV+
mholland,u7GpDNA^+a
mholland1,52^$5DkSAM
mhopkins,+v6aVfMmF)
mhughes,rr34yGU_7^
mhunter,E^X5#rPLVn
mhuynh,GkEG1LhW(h
mia29,IV4_S9Vos^
miaadams,3N7Wxh(p_V
miahenderson,^(AocUK614
mialandry,mZO_J8Wv7^
michael00,A5t3Ps#cO)
michael01,(!3XdU7hyv
michael011,gQO9TOBb##
michael012,k#w*x0EnMo
michael013,s#4yYL!fDT
michael014,#1UdI^szRG
michael02,7CRmfy8Z!6
michael03,)1YgfN#cJ)
michael031,(jDUqrc+$8
michael032,MiJ+2Wnj*4
michael04,mY5qBbmqJ(
michael05,(88XKTnc#3
michael051,e%0HWSUqrB
michael06,UNPS56Hb##
michael061,5#K*U6aR&n
michael062,%$i4D%Evzn
michael07,8+5*Z$GozE
michael071,@E2kHH^xq@
michael072,^4cGxLp)_j
michael073,XjF&YLbo&6
michael08,1wYh8%ab@9
michael081,I^2VQwqjJT
michael082,)_7uZSq7Pt
michael083,39T!hPbY!M
michael09,(H!KKHs5H6
michael091,zo)4NT)uIA
michael10,e2J9aCyh+j
michael101,2w3Bu^gAv@
michael102,@YJ@f7jp2H
michael12,4vy4eFMr))
michael121,6pZmOsF&@N
michael122,m&y9c^9uzH
michael13,Hsq4%MmV6+
michael15,X1C!%s^d+q
michael151,(3L(dISqDm
michael152,q1ucIG*k*l
michael16,s6Qhwq6D@b
michael161,Q+9eTZ6fSn
michael162,^kW4Pd_WNA
michael163,kN_$8NmmQA
michael164,+b7wkDlb1z
michael19,_0NwWF9klp
michael191,6TZl)Ofu#%
michael192,F*4EWXtkf&
michael20,^5ALZukC8B
michael201,OboRWcwl+1
michael202,0n3I^G9Di_
michael203,8KKdOZsU_T
michael21,0**9PN*xz4
michael211,Kn%NZMFy^5
michael212,l)!1EZ+sn+
michael22,+5E7SpIe6J
michael221,B&0AyVFIR1
michael222,N^!0x9Yq2S
michael23,R)2U7_zvt8
michael231,5&W5P4o_d(
michael24,7H0K(sna^3
michael25,S_5Ku(Jm(i
michael251,(JWbs9pli5
michael252,*5up4XxN&Q
michael253,cA3xtL5m+(
michael254,Yb1U#e7jb%
michael26,!n2QmFx8^8
michael27,$A4Izdk*u4
michael271,5%m4QGx2ff
michael272,%N4PFsE@JZ
michael28,A4Lh$Iln*g
michael281,as&u0PQyOF
michael282,h_h%^9ug4V
michael29,8^@7JliMqN
michael291,9e4Hg&)o@^
michael30,)3AlcSsDX#
michael301,$^20Kx#bgg
michael302,)12T^f@Ne6
michael31,@l3y@WsGoe
michael311,WkaI0Yph+c
michael32,+px4FE^l7_
michael321,%6N_9#QsAX
michael322,!$RROp1L87
michael33,#wzQx1bL!3
michael331,+0XHAOoSJF
michael332,Scy8XpJf7#
michael333,v7d_4Wu3+U
michael35,!9C6W+q*$+
michael351,6*k8kFTp)^
michael352,*DSf8ggC*4
michael36,801A#lhO!2
michael361,9qt(X9P@N^
michael362,$r5NL*1f3!
michael363,Udn@9ZYrxf
michael37,+d&X6J@s&Y
michael38,8+Q23FMl^&
michael40,_C5&0wRldv
michael401,+40GSc6++q
michael402,(5@ZQnSsvW
michael41,_5qKRjvrtg
michael411,0yZoN(qS@7
michael42,!7kgigIkhU
michael421,&pBWJNLqc2
michael422,&on5yJXdsm
michael423,(8XI&V+j!@
michael424,+BF3$qzc*0
michael43,*J1IdrpBXY
michael431,1dJ^9Nq#)!
michael432,0)i1XYx$Vt
michael433,2*I4ZOkBDy
michael44,d7Lr*ggF#^
michael441,*7(1wDCh@+
michael45,t#o9ZIyA@f
michael451,)2dQXmg6_N
michael452,$05J@KjTz5
michael46,!14CVMHrg8
michael47,^4)MJOgeo*
michael48,%uPTIznh82
michael481,IW6SeE9o#O
michael49,wpElPTku^1
michael491,^F9QgF@to7
michael492,&8YV8YdnQ3
michael493,k@99&Tqhl7
michael50,W3kn)8Zyh0
michael501,x#fADFbS!8
michael51,+31S4MUw)*
michael511,!_nX)0UziU
michael53,5$6&ZWFSIu
michael531,MX&K6DZaaf
michael532,!^0)CQtJ%A
michael54,$5Eg31ks#7
michael541,+Y_!SIshJ8
michael542,H1Biw7ev^L
michael543,!8+^2Uyg^9
michael55,hI^BN1Wl%3
michael551,MQ)8g#Bp$3
michael56,Ie83V_Bl)2
michael57,PyPLQOb+#0
michael58,xa7Mq35t$p
michael59,l%g12Q#hW3
michael591,(6!Ery%+5A
michael592,8xW0NJW1)g
michael593,%1U%hkFa*m
michael60,&0uceHekdo
michael601,_5V4vAT$yJ
michael602,u29yk#YiM%
michael61,kC4ZzwDdB@
michael611,lYa6(JLz#A
michael612,f^4Ji2IP*$
michael613,vQJo%7Wj7x
michael62,U5_17V@uHx
michael621,mnh0gYp7(M
michael63,4aPjnC1j(4
michael64,IT+$0Ugm#3
michael641,D)C82O!TEj
michael642,z^4TE2gVVm
michael643,b*7Be)4*Z*
michael644,#)!5bYr7N^
michael65,upB)nm$Q+2
michael651,a#8T7b45rt
michael652,+5BgzASgnf
michael653,48lVPFug@3
michael66,VhP7zv+4%4
michael661,#os1ZEMt!$
michael662,Wc!4OAHz77
michael67,^2Xd+Bmz6f
michael671,4OPTrn&x%z
michael68,u&TDoVlR&6
michael681,Z5mUh1)b_&
michael682,e0SDEwZp+x
michael69,Q9rMhq(R*D
michael691,Rj227cOe+u
michael70,P3JZFurZ#&
michael701,@U0Qb!WM6K
michael702,a_*GfDyN_0
michael703,Mhsm^4Fn3_
michael704,o0FZ2$cQ$!
michael72,@Es4WWj+(s
michael721,&pCNr494$6
michael722,K!P2A*buQT
michael73,!7w#EIkb!%
michael731,yj8wFbfm!@
michael732,6!^9ANiKlh
michael733,$$Fw_a3Xh6
michael74,&3Hx3Tbp_w
michael741,7MMQ4xpv$+
michael742,92WS1LsY^W
michael76,%9UUmns!Q+
michael761,!V9R4Wye%g
michael77,+2Wx+hTkaT
michael771,531KakIG^D
michael772,$fzy5Q$uhS
michael773,s7uAT2g7_n
michael774,)fSAt_AuO2
michael78,&xK8yura4X
michael781,&KgC4r9cO5
michael782,_BwPXoMi0G
michael783,sTL3EsgGU#
michael784,()v3zRGbJ#
michael785,e_V0Mh#_#^
michael79,KyZHlDzZ(3
michael791,p&4OSpIv^a
michael80,ra4KAhW^!H
michael801,+1PNuqVRKr
michael802,KDnJ6RDo&!
michael81,A(3TorPl_(
michael811,j+31Q+o4tE
michael812,8X#7OutqwQ
michael813,Zt$2feZuW&
michael814,!mNdvfyjr8
michael82,_c%KZZs3h8
michael821,#(gJfBcuC5
michael822,^)0cRryk%Z
michael823,_nk8WuGcKN
michael824,QX@9VLuHuH
michael83,^2PPUKpa_I
michael831,(*5u2Tls1#
michael832,!1E_Aujs$6
michael84,6bYj9SJI^J
michael841,#6BpiK1$J3
michael85,C59gzVyT$k
michael86,$0JGCFx$5e
michael861,_u17ZdG$N(
michael862,%7JWfR9DGv
michael863,r@v1J21s#a
michael87,@$0oTLwrAs
michael871,^_KRLtFZg6
michael872,cmU9ZhJh^k
michael88,*7BNAjhkqU
michael881,$GL_*Puvk6
michael89,0M^OZxf$@3
michael891,c(a7&8Do&W
michael892,%L9m1R_b%h
michael893,p&^44ZIn)j
michael894,PcU#I1Ijwq
michael90,_VOg_xFo%1
michael91,^EpeXfo^v5
michael911,!l9@Q(lH^^
michael92,w3eC5MKC%m
michael921,@Z4!fdJxp$
michael922,ny)2@Ykf0B
michael93,o(iJ23PGgn
michael931,B2VT#dLm#K
michael94,Xgx^1XeB%V
michael95,jSBGz4me@2
michael951,VFN*#Mcp$4
michael96,&v5Geu*X&#
michael961,M(qVBbg9(1
michael97,g96Wv$47(7
michael98,@BOptBUI%2
michael981,$tC8Wr0gkZ
michael982,7#HWNdCi!u
michael99,T^3VVFwl_i
michael991,zM07Vu7o#g
michaela89,B)I6U%YmGb
michaelabanks,gx0TfUUlt%
michaelagreen,f+_h3rQib+
michaelagreen1,G*U8Cbmr!8
michaelallen,W!f6Q$hOaD
michaelanderson,bkPtM$T#)5
michaelarcher,T!x!0W)qPD
michaelarnold,ewRmO7Yt_D
michaelavila,2J57Dpt2A#
michaelayala,q*0X7Tif13
michaelbarron,Lg^A5KW))5
michaelbarron1,@)v6zUxiw9
michaelbean,)DnUheM!+3
michaelbeck,&xVHWJb%h4
michaelbell,9f1Ut2WU8)
michaelbernard,!8Gkt0Cn+Y
michaelberry,eRz15#De(0
michaelbird,#J8y*0FuxE
michaelblack,C)V8BT$hFS
michaelblair,p%3Nxi0)Ry
michaelboone,J+9DTXwe#v
michaelboyle,KT2V4bce_V
michaelbrown,H99kL2A3#e
michaelbrown1,fu4nDPXl)Z
michaelbruce,^3l#AV1tpX
michaelbryant,+Rp7QcOX8@
michaelburns,5w&ImseS(u
michaelbutler,DncNt)&T!0
michaelchan,o1sJ)9Cp8A
michaelchaney,41ipUwQw#_
michaelcherry,(h7FKCw(Rh
michaelchristen,#ciQRp9Ku4
michaelchung,Q_944QBw@!
michaelclark,MsY@F()H)3
michaelcohen,_9TxGGeQ%Q
michaelcoleman,79)oHlfo&!
michaelconner,T%3gUWib#2
michaelcook,H27ZQ_Nd^y
michaelcox,MmI3YDXW*(
michaelcox1,m%6Gc#1&!v
michaelcox2,%vKkHic8#6
michaelcurry,@u&75XfAC7
michaelcurry1,58TVIfxx&1
michaeldalton,Kt*6DxSUGV
michaelday,*Wj2TuBj_G
michaeldean,+$6Z8+rQm0
michaeldiaz,KAf4prMq6#
michaeldowns,aTD3QmqQ7@
michaelduran,!4Y*QJTus6
michaeledwards,2^7Vjv9dG!
michaelellis,&X1G4#Blg9
michaeleverett,DW3HT2sf2&
michaelewing,UddNGGSr(8
michaelferguson,%QVQk95yI6
michaelfleming,X(NjEDKE%9
michaelfleming1,*2C4TdCYOX
michaelfletcher,_8RVNDLh5x
michaelflores,v^S67Neny#
michaelfoster,D!Ew8Cdt3k
michaelfowler,7S3!I(eM!)
michaelgalloway,&mWhUEUez9
michaelgalloway1,wYGpQh_f+9
michaelgarcia,LdD@4XjoiO
michaelgomez,(e(4@Emzmv
michaelgonzalez,3*5tPynKfv
michaelgraham,4(U^RS$k+N
michaelgrant,&tC3qOPnC+
michaelgraves,%7gUR%loB^
michaelgreen,7!OokIhT$1
michaelgreene,%hYx93DmkC
michaelgreer,CN7Rqvw*$E
michaelhale,68zScjtC$w
michaelhall,h0KIwG8h+j
michaelhanson,^993GdEeUT
michaelhardy,c(*8ZgIgHy
michaelharrell,zbq3JgV(%%
michaelharringt,X#m7lQsFL#
michaelharris,#7RlwRk6AZ
michaelharris1,!UnAxQ&v31
michaelhayes,@q0D&YfV7A
michaelhenry,yh4!Hx@t!8
michaelherrera,)jA4UjgCZb
michaelhester,6a&0qQw+*5
michaelhicks,pI!4UA+c+t
michaelhicks1,(V10L(#qXK
michaelhorton,(1xO(c3ce5
michaelhoward,7#7kOXgtta
michaelhowell,7)rXRLVg$8
michaelhuang,j+G2zPN+#7
michaelhughes,0t4S$$wEH_
michaelhumphrey,!05fvJb6Ul
michaelhunt,v54V1Idz0%
michaelhunter,@AMAQW9wT8
michaelhunter1,1jq8P$aG%)
michaelibarra,C33LKFojQ^
michaeljackson,#WGy+&bm8Q
michaeljackson1,X1B&8YIdhL
michaeljasmine,%W0R@k9*UC
michaeljenkins,@8VEB0Qf5g
michaeljenkins1,bJp0UaoB3*
michaeljensen,@C8VyABk1W
michaeljohn,9vLq9G+2)7
michaeljohns,(@1XMlHLR)
michaeljohnson,lPNRy9Rd&a
michaeljohnson1,vEut8RPk@C
michaeljohnson2,@#6ssRCuo5
michaeljohnson3,XifVdYvr#2
michaeljones,G)N9EBBuK(
michaeljones1,gq^5Xph9$B
michaeljones2,9V!ZKasy+c
michaelkim,_8q+VcmF!1
michaelkim1,tK0B))Zar!
michaelking,3Cxc4POq%8
michaellandry,_PCPjFkT8v
michaellawrence,w*78Tcd3Mv
michaellawson,WCRlnnTY@6
michaelleblanc,$+tBFcs79c
michaellewis,wVd!9X(b@o
michaellewis1,FcG@LS9g^0
michaellewis2,R#8JfjeMP4
michaellindsey,_iZsHbKA4d
michaellittle,z(*3#DGCqp
michaellong,_)0VGho5D@
michaellopez,^vKx_kCMI2
michaellopez1,!7LuoXuo)0
michaelluna,%+0E3tRM2I
michaellynch,U$4dJOVf$W
michaelmaddox,+@c7L0aA_@
michaelmann,*(F0wLyC@8
michaelmartin,e9RJze)W$A
michaelmartinez,Nza8Ed8W#&
michaelmassey,(m_IO@wz)8
michaelmatthews,p*1@nFDw(q
michaelmcdonald,9&148T)h$a
michaelmcgee,&4LYE*y7(n
michaelmeyer,(D6CdI2y6V
michaelmiller,Q27BF5hI_I
michaelmiller1,#6qO22dBli
michaelmiller2,P285L&e_+6
michaelmills,8!8DPc_X*+
michaelmills1,Tb8dVWhsP!
michaelmitchell,^pCGWBtCY8
michaelmonique,b%6JD7fWw2
michaelmontoya,iWE89Uwbz&
michaelmoreno,@rs2RWg6mm
michaelmoreno1,_Zm+M2Hgz(
michaelmorgan,asg(B9OdH!
michaelmorgan1,g#!t1+Ft96
michaelmorrison,(QmmxDqu8z
michaelmullen,6!q1Xlp3Mj
michaelmurray,H85Pnxjj(t
michaelneal,4BNW$EjP*L
michaelnelson,Bl_8eF6nEF
michaelnelson1,6UW!WtoK!t
michaelnicholas,uS5J(qMU%(
michaelnicholso,#gjZ6SPoK2
michaelnoble,Zi+3GbXyN#
michaelnorman,R_be4gNi!7
michaelnorris,Qy6AKcw6z%
michaeloliver,K#cJ4T&ox6
michaelorr,raawGCDz$7
michaelortiz,r77dYsi6*@
michaelparker,Hid4GJubs@
michaelparrish,$#6)FVy_q*
michaelpatel,3FOa*7uv$&
michaelpayne,$73C@*f@0D
michaelperez,(7*QOc6!G3
michaelperez1,8Of*Kes7@2
michaelperez2,(#Bv8CoD&4
michaelpierce,7OJ0I5Kn+0
michaelpotts,e)+32TdgX3
michaelpotts1,(Y8WyKke&G
michaelpowers,zU2NNkz3(T
michaelpreston,@F0$9Qwne9
michaelramirez,(7IIKVpIQd
michaelramsey,P!5Ie7KExD
michaelraymond,02ULn&M9(W
michaelreeves,h%Fjligj#3
michaelrichards,$qWTFumB0h
michaelrivera,v(g65J#ju&
michaelroach,I4Vx5Jpj*9
michaelrobinson,e0+N0jLw#A
michaelrobles,&4AS(%0yFi
michaelrodrigue,y2SL19t!+3
michaelrodrigue1,@%n1WA+et3
michaelrogers,n*4t6JUs#8
michaelrogers1,!R2GR5Hb6*
michaelromero,r_3Li_7#%d
michaelromero1,q4eFDyOg_8
michaelrosales,NU@0ZUvHqc
michaelrose,k6A6MJ1u)Q
michaelross,FK%1NARdK#
michaelrush,2tZyMm5c)0
michaelsampson,$+^DObpl5E
michaelsanchez,s8LyFAPvB(
michaelsanchez1,t#46ZuLk&b
michaelsanders,o5!Ph71x*6
michaelschaefer,s^6RY(QMWr
michaelschneide,hf0uDFqhe^
michaelschneide1,P2n06TrYl$
michaelscott,!9ZrWyUV*k
michaelscott1,^rzPROzd^6
michaelshepherd,a9kK#tCq*_
michaelsherman,_W179YZd&7
michaelsimpson,abG9Eh$Q+s
michaelsmith,)3Z4Uvcv*d
michaelsmith1,4DZ2fyDT@4
michaelsmith2,&7nL08SLur
michaelsmith3,)%os%7Skk+
michaelsteele,E@5NMKuxx&
michaelstevens,+6bYm_M*QG
michaelstewart,1kWmp51N@X
michaelstone,K^v0ZRSiyo
michaeltamara,c7t19Q!I$p
michaeltanner,&UT2PdB1#1
michaelthompson,(#c3%Xmqfb
michaelthornton,f2C%RQgf#y
michaeltrujillo,)LD7gAtup3
michaelturner,W^1D)0MwIJ
michaelturner1,cs4_sTsr&9
michaelunderwoo,gCA33fDk%W
michaelvance,M3P3MjVye%
michaelvargas,X_7E1sdqKN
michaelvaughan,_mz3#Zfzq7
michaelvelazque,Q^65Ojp#5%
michaelwagner,^@86AaBoce
michaelwagner1,hU*6Re^bJ&
michaelwalker,BCqA5zyHK_
michaelwall,X!m16Uf6&P
michaelwaller,QK_D1WBbLM
michaelwalls,E5Q(mEj&&@
michaelwarren,GGk9KU#c*n
michaelwatkins,YR0XHlmO_R
michaelwebb,_*4tNj+jBV
michaelwells,rX72V3udp#
michaelwheeler,t7yd!rEM)r
michaelwhitaker,1J_+z7Vew(
michaelwhite,$BzSv_WO34
michaelwhite1,JdV$43LoF%
michaelwilcox,(!4UKfqGa&
michaelwilson,eFK7Kiwme!
michaelwright,rI2!0Itp@w
michaelyoung,%i8OmUYkHV
micheal06,^tI2Sz_PN5
micheal11,p#6O2Lncap
micheal58,(7lV45GzXI
michealbeard,!4tKveWqDF
michealfischer,&^16Bk^IV+
michealjohnson,VjV6L6phZ%
micheallee,()Bvvq)nJ4
michealskinner,UY&8WFoWdr
michealwilson,0tOTUqqi&v
michele12,+rfSkWC^5b
michele15,EZ0H&rdi*W
michele20,(RtLo)q^07
michele23,#ks21KrhQ+
michele41,Icl&(3CjPN
michele43,@T5gBWkse8
michele48,eGZM$1Vk+2
michele56,)8!%T@3y24
michele58,Td4y8OWau!
michele86,D9Lu*_kh(a
michele92,Kr(b3DDJ@+
michele98,Bdt@S1Uh3+
michele99,rkwtI4Lg@y
michelebennett,&Ig3gTdzSk
micheledalton,*p&KO1vcD9
michelegriffith,G#EUyVSc_0
micheleibarra,%BBE3WEgFj
michelekennedy,(8SHyyvE*e
michelemaxwell,+15BOpw)qR
michelemoreno,N@76itHzW$
michelenorton,5Wt6AJ0t!8
michelepalmer,h(*j2LNkC@
michelescott,1zFORZ79*e
michelevaughan,Z5zAInLo*t
michelewilliams,iz$^3Dq(G$
michelewilliams1,#KDCR(bud2
michelle01,xju!7)WyI^
michelle02,2MTT9Jrk%G
michelle03,!csZeO4sL1
michelle07,*$&0XFtJfs
michelle071,#5RV80VxGF
michelle08,)7uJ+Bb7Xz
michelle081,%V0QztU#+D
michelle082,rlS$i!^L+3
michelle083,5p4cRS3s1!
michelle09,kZ%n^7NgmA
michelle11,WrWjkSMp(3
michelle12,)vYOZCBgm6
michelle13,Y0Qu&plC*2
michelle14,eiOtVOT5(8
michelle141,yoX@6Kzg)G
michelle17,d$2oQaytXr
michelle171,T3)5FeUt9%
michelle19,Pk53a7Bqc!
michelle191,+_!#IT@Am0
michelle24,^5&AZ+f283
michelle25,52k7sKFb_p
michelle29,uh59JbJzI!
michelle31,0y0NgjBG)3
michelle32,F&4QKgMop2
michelle321,a4KUCeXm*%
michelle34,*0#9LybTFV
michelle341,_b2VDpiYF1
michelle342,S8L86%kF#p
michelle36,F!4wUwgLnN
michelle361,RfE)5Pesd2
michelle41,^3(nocoDLH
michelle411,O(X^82Hl0b
michelle42,@22d2DEbi*
michelle44,!AMNNgj04+
michelle441,VM&8Cuol19
michelle46,*+0B7H8n5O
michelle47,S+&w74Lp0t
michelle471,&UuYhy1w!2
michelle472,%y6RSmv^&q
michelle48,Dq8MvP^9W#
michelle50,^Eq5Cmdo&l
michelle501,pJ_48uHnyL
michelle52,T1VoHCli&2
michelle55,I0OSenpy(*
michelle56,NLvTFvgF+7
michelle561,yfbBX6ns*6
michelle57,^B3F_8yBh7
michelle58,CzP0LyeB!J
michelle581,#*0X3eTa*G
michelle60,@E%A9SWki#
michelle601,!Z3ECzxMwV
michelle602,2#roQkfl$n
michelle61,)8iqTGdj@d
michelle611,oD%7aPxl@v
michelle63,@$LJ7onkV7
michelle64,_^yq0WdyR_
michelle65,)SU%4kKnc_
michelle651,38wM26si&6
michelle66,h31*W!zk&)
michelle661,4^2Nvdm$k(
michelle67,^7PEVdIcQ8
michelle671,#)r91KCdO0
michelle68,QbFS5pZ2(7
michelle70,@W3gEMvwqo
michelle71,y%VM_vZN^5
michelle73,Pc_H9VcOh7
michelle76,!2yKrRdA7R
michelle761,#u7MUManf%
michelle77,y%q#5GeaY5
michelle771,5yZ0KT3g#J
michelle78,M_$d5bZgq%
michelle82,)ADaQbh4(1
michelle83,@X72uN*hqD
michelle91,u#6lvJg!hq
michelle911,n9(9UkDn^a
michelle912,_LCo1D8OZ7
michelle92,9%X8!ORkHk
michelle97,(l$5#B5ePZ
michelle98,$r1taFzcJ*
michelleaguilar,9^5%0EFh))
michelleallison,mm+$3EltU$
michellebarker,S(C11Daxoa
michellebaxter,5j0+vTXsw#
michelleburch,(P9QZkKRtP
michellecarter,!)_8EAlcia
michellecastro,3m$3L%rLKO
michelleclayton,iV3D+Tp5#^
michellecoffey,j!5VGIuUXz
michellecollins,265eIJsVS%
michelledaniels,hS76uUsR&Y
michelledavis,3@1K1VzxAn
michelleduran,!9+3GPEbJl
michelleforbes,$4HWbnpd(@
michellefoster,&7^PckehF6
michellefrazier,^9Bz%fo@f3
michellegonzale,@2@a_OOgw4
michelleguzman,C+T9G$mG&l
michellehall,(&E5rl%kP6
michellehall1,lyy)7RnU!M
michellehawkins,OcPcULIs$9
michelleheath,H#d7yh2zeY
michellehines,(nKOkx$z!0
michellejohnson,l+8MvBKaBn
michellejohnson1,q%H3(Im1!)
michellejohnson2,rl6n7FkE@%
michellejohnsto,FuE9LXn+0#
michellekennedy,@+OP%rQV87
michellekim,#dF0Xtpjvu
michelleknight,#roV2PtgP1
michellelawrenc,_X1eJtcdh9
michellelester,(yQ82jj!R1
michellelindsey,qL8OWCMzA&
michellelynn,g#XM9AkX&E
michellemacdona,*tansCNtn6
michellemartin,*2NDbwA8&j
michellemiller,n5PqaZFm&3
michellemiller1,^3tKwqzbQX
michellemiller2,Xpd#1OvL%P
michellemorris,_K%y0Kcw$1
michelleobrien,MVt6ij4d&)
michelleowens,#s9KwW1rak
michellepalmer,$2lR(GT8Pv
michellepeterse,cESYoYyi!3
michellepetty,^p5PKT4iXr
michellepowers,!Bvm)4RffK
michellereed,@#p9MSa#Qc
michellereed1,X#ZV4(6a9N
michellerodrigu,#vpM9DnYB0
michellerose,^8Vl&Usjr3
michelleross,Jo6RoaJ!o*
michellerusso,X(8sI@z0((
michellesanchez,28+*Qm5B%v
michellesanders,j$v3w3Ml(%
michellesaunder,$x4HMhi4qr
michellesingh,ac5ZPDcx#c
michellesmith,+8ILJ@ex*J
michellesmith1,^Kv3Gb3Ue)
michellesmith2,x1*HGOrI&7
michellesmith3,&$MY^ql86t
michellesulliva,h%Og3XxxIX
michellesummers,&k8Tvaqno1
michelletaylor,#$Ux*WYq@0
michelletaylor1,#PT4x(uu1$
michelleterrell,%L8TKkR_2X
michellethompso,AMIF0)7qr&
michellethompso1,+M&P2GjCa&
michellewagner,1ubSty#&%l
michellewilliam,lETI^@gI@3
michellewilliam1,4CQ(Sil3)A
michellewilliam2,KXQ!D9Qg4l
michellewilliam3,2lTitFr0%6
michellewright,o1WVpul1(8
michellewu,+j5KnPoK$1
middletondebra,BXm)j3+a!*
middletonnicole,HgRYPSPr$4
middletonregina,p737EnjC^$
middletonscott,!iH+8zC45%
middletontrevor,S9(5XqJn&v
miguel00,*w2PL3(ak!
miguel25,+wZ+Zm49*3
miguel38,)RS6B6Cq*_
miguel43,#f!!h0YkN4
miguel51,)X7BX8xwc4
miguel53,9HL#9ZtB%W
miguel62,8*9lQIilp+
miguel63,Oz^aTCg&&7
miguel74,^j@%4JtDQ2
miguel75,k^83*Na)(3
miguel96,(xizPKtM0@
miguelcampbell,Y14BxyygB*
miguelmitchell,y#H7iNn@+6
miguelmurphy,r4(BGmDX#c
miguelstafford,!H*3HccJCV
miguelwhite,SQXVTcjB#3
mikayla17,!8OFSntD_l
mikayla66,aJwrCm*K#0
mikaylacarter,^uw2CTmY%l
mikaylarichards,sM4@zCXo$(
mikaylasanchez,#m5JEprj1%
mike00,Y^1ahWSEen
mike12,+QDZRBqn@1
mike19,T&Ha95Gc0%
mike28,)tN%RG6pt6
mike281,^8dX7piolR
mike38,Or%ZGdsc*3
mike44,jr2gAmXj%@
mikebarber,aD^8zPEd4m
mikegreene,I*0Z3wTkM&
mikemiller,x@5CrU0cLD
mikepoole,+K6FJ+ksZv
milesashley,_DdYUVLm#4
mileseric,$3I%lPPcf9
milesheather,o$Fj4AVqt&
milesjoseph,&Fy6)QhjmN
milesmelanie,58GkK+zz!*
milesrobert,jl5aUMmO@x
milleraaron,+77HaPAtvE
milleraaron1,(IDyJsY$!1
milleralan,_B9DgW@)FZ
milleralexander,)ILvCmnC^7
milleralexandri,%o8OfiJe$o
millerallen,^JbBIwf)T9
millerallen1,)7446gPpdw
milleralyssa,z1LvM5om&S
milleranita,5D3UITseY+
milleranna,*Z%8RT0kY3
milleranthony,z47eu2R2!G
milleranthony1,(0voKl2k5@
millerapril,(&v1lASy8Q
milleraudrey,8Go7WfMi^c
milleraudrey1,$_8MUqKvq*
millerbarbara,#TCg6BFy^q
millerblake,%IZs%4dt10
millerbobby,TX!w!8Exh4
millerbrent,f$i+4JNu2%
millerbrett,RY1XY^ibf%
millerchad,&$Q9MyjX07
millerchelsea,bB@@J7Qto%
millerchristina,SCK%AHj^@4
millerchristina1,!Hrd1Qt_)I
millerchristine,L7LXyDYY@U
millerchristoph,(sWe1J$g4!
millercynthia,_)LGAif(e2
millerdestiny,^2QscBNG#4
millerdwayne,x(#T7Hd_g5
milleremily,V61CNsNc#s
milleremily1,J2Y#M5Mu@E
millererica,#w+5dAa+*S
millerfrances,y(jSksMs_7
millergary,)s0&rzMzWA
millergregory,I29CSjQTG%
millerhenry,Ek$1Ewq%)y
millerian,MLY5Vy$e!U
millerjacquelin,*K@8ZuBYIl
millerjames,U%A0Qdqy%U
millerjames1,$^D4fSGaU!
millerjames2,)8HlIVjvf3
millerjamie,%tqNW*Djk9
millerjamie1,h^x95rnvBS
millerjanet,oE4lkAsn@x
millerjason,^53FBd(4R7
millerjeffrey,i+8J%vjg4s
millerjennifer,^u1QbJ4oN)
millerjeremy,aMh1Wv%j%X
millerjessica,&(4AbjcL&V
millerjohn,@D4JHcuM&$
millerjonathan,_l9Vyn9xCD
millerjonathan1,7eqq9uim+Q
millerjose,Vt4UbKD7p!
millerjoseph,)Pf61LsrNV
millerjoshua,@6RN$Sfm%q
millerjulie,$q+5NGEeVQ
millerjustin,)68M9GpJD&
millerkaitlyn,m&+XoVKw@5
millerkaren,&Q2HB0zkAL
millerkatelyn,c4N%nImy@c
millerkelly,@O8Llyx5OY
millerkimberly,RrUPexlo(1
millerkristen,+3Mq!@opky
millerlaura,%*H7IQyG%8
millerlaura1,#m8L7xtprt
millerlogan,o(3eWAobyx
millerlori,p2IKacIp*+
millerlorraine,07YvQC(e@_
millerlorraine1,^P+zTGrr7f
millerlouis,oA2G!1jj^+
millerluis,IH_*7Jlm!+
millermarie,qTRl*QgK#5
millermarissa,hUP0qWme!#
millermary,KZAyjAQQ&6
millermary1,2H1x)*AY&y
millermatthew,g#6SkHe%D%
millermelissa,z2K&N4Gg3@
millermichael,71t1)5Ly+Q
millermichael1,J7An6cTf*G
millermichael2,)0qGOZeo(I
millermichael3,^2YtoPqXMa
millermichelle,25KBle#y)+
millermiranda,LjZ0^3Nz9%
millernatalie,DFUOwgnM%1
millernicole,I6rYTF#x#f
millerpaul,*2DJtq&BZm
millerrachel,fM59NbFn@b
millerrandall,$u1EglcjHl
millerrobert,+^X3BEuY6l
millerrobert1,)0nEQzs6v2
millerrobert2,SuT8VEyX(s
millerroy,E(6Y9qSwkT
millersamantha,6aOhI6Aj#d
millersamantha1,K&0InvfRQ&
millersamuel,iTB4ZSm_%%
millersara,g!7AxxefM0
millersarah,*tM6GycnB1
millersarah1,euM49Zgp(l
millersean,(!LDLxp@q2
millershannon,al#6Eso1_1
millershawn,a0UiEF%U$k
millerstephen,#y2BXWsX)T
millersteven,%CXe7y5e7Z
millertanya,6Y(&z7DekX
millertheresa,!%$aIeD04B
millerthomas,$MQFHrlm&3
millertiffany,!0Notr*^N5
millertiffany1,+w3C)EAk%2
millertimothy,O(96qL!p$h
millertoni,JXG55YmD!w
millerwendy,(OUpNMIoW4
millerwhitney,jx^36VqEYl
millerzachary,^JLk3%p167
millsalexandra,@v6T&mVq5u
millsdavid,(7aOgrl3wG
millsjacob,Zv06EDaVm&
millsjohn,uaP8NEX+_$
millsjulie,@9tEfS5tph
millskaitlyn,ea0ZRS$HK^
millskarla,j1OeNfUe!2
millsrobert,1j$WFcBy^$
millsronnie,l_&2RvIsIq
millsshane,J9Y_O27t@1
millssteven,8BVc1x+e^5
millssydney,s!*8uyBk$7
mindy00,L7DRo4&S@9
mindy39,TG(G2gts@&
mindyguzman,Z&4i7Rnczl
mindyhoward,d4GZrfp7$b
mindysmith,**5%*Dy!^1
miranda00,0Au3VDer^f
miranda03,A$6^7Dr@6w
miranda06,IQf7H*pHs$
miranda09,5tMz#BEj@8
miranda15,&*862ERge#
miranda31,f$l2lCRi$U
miranda47,&Zs%iY$!h0
miranda55,@W&IbJLrC7
miranda56,^UC7cZwuKs
miranda61,x)!5Z$mkV&
mirandaaguilar,(2FIbZEy*k
mirandaallison,b3J(*Ods#e
mirandabrown,T@^P2WcY$5
mirandacarol,#9+Vi&pg7X
mirandadiane,vBi0kBFq8@
mirandadouglas,%SVcN6So%d
mirandahanson,G#S8VezY*m
mirandakent,!5aK9VTnw^
mirandakevin,)879iYtT7P
mirandalee,NrXmw4XT5&
mirandamata,@1*C0i&l@)
mirandamendoza,^43jV)io)q
mirandanicole,(1pKmLtJ6b
mirandaspencer,U1Z7YZZuD!
mirandawood,^ZsPTR6n*7
misty19,_2XT2fp@kS
misty24,pP9d5(Gb4%
misty51,GzL6Rmgv)I
misty95,eN@2cJPq+Y
mistybarrett,1CA6Ha1T!A
mistyclark,4d$20Z1nz#
mistyhood,#yktHJhk#8
mistyneal,L*8Hf+Cv0A
mitchell30,7aXnIILg#n
mitchell35,)maz6PZn^x
mitchell37,T(B&IHEq^7
mitchell45,Ugf7Evag^!
mitchell51,+C6hJYYd@W
mitchell57,$N_r8QmQIL
mitchell78,h7hWK9Qb@S
mitchell87,#3C4(MgjC@
mitchell92,93sARDa1#&
mitchellalexis,p_5y8FRdX4
mitchellallen,k+Y6CMMsrW
mitchellallen1,402MsaVE+*
mitchellanderso,rg3JZ!6d3^
mitchellandrea,@f(65Flip(
mitchellbennett,5Z5d(U!+$x
mitchellbenton,OcczUihO(2
mitchellbetty,m60GgPr(^*
mitchellbobby,ORd9V&mE@&
mitchellbrittan,HabC5a$c)9
mitchellburton,JLCHYRf^$1
mitchellcatheri,F4GXmG(q&y
mitchellcharles,Bc@9KyncFV
mitchellchelsea,Xs8NYcx_)@
mitchellcurry,w8HMlXBy%T
mitchelldale,+8v76ZfW2l
mitchelldouglas,w+E1xHg74L
mitchellgary,^9)s8Odjzc
mitchellgavin,K#R8XfuO2M
mitchellgloria,%514iIpl7z
mitchellhenry,IGJxbx10@5
mitchelljames,W^&A0zZkzL
mitchellkathryn,!(GeU$f48k
mitchellkenneth,#3&DMpw*HG
mitchellkerri,a_&P#8Opbl
mitchellkirsten,_ECW7QAlT+
mitchelllaura,v^6UppsuUD
mitchelllori,53HKZpIo^d
mitchellmark,+LDt8pUjQ8
mitchellmichael,xvXi7AJk(p
mitchellmueller,g)WaZAKhX1
mitchellnathani,4fBl_0Xu))
mitchellpaul,$!EHjdgLt6
mitchellreid,ut&CM1VkV@
mitchellrhonda,3MPfzLaa!8
mitchellrichard,U+#e7B^z)5
mitchellstacy,*DFrkzhEP0
mitchellsulliva,IQ(7U0i2o3
mitchellthomas,V*2q5QZpd0
mitchellvincent,S)P_E6OJqa
mitchellweaver,^H4X@EBim2
mitchellwyatt,bdCX29Rx*i
mitchellyoung,9+9Pi)xS(O
mjackson,#L)dZYsX^0
mjackson1,6EJbZbh%@U
mjackson2,%CX^$A@n5!
mjackson3,ke3QHJg^(9
mjefferson,#7b%RpPlKB
mjefferson1,!@oS@7Qr_o
mjenkins,Rw5*3WoT!c
mjenkins1,*dFqFlFk9C
mjohnson,f5vBVr4X@6
mjohnson1,cF9SL(QsL*
mjohnson2,+IFzp(+bx8
mjones,^1F&orag#E
mjones1,1YQ2ILwpZ*
mjones2,f1EpMQfc(a
mjones3,O#M00CwE#@
mjones4,m7@M!0dk^7
mjordan,I8xA1Rkt&b
mkeller,z6U85_pw+0
mkerr,)3iYakJ!2%
mkhan,aZ+5(nTo&S
mkim,)+N5WWUxyd
mkim1,U7#U+9Ydpn
mking,S$A7YqqhJ1
mknight,j1+GoRj#)3
mknight1,+u2TNRZ*x0
mlambert,!@5DdTtmiS
mlang,^+5#XkacLC
mlarson,U@3XgbS#EB
mleblanc,8QCLaP!8)g
mlee,tX7a1UGn%$
mlee1,)e1zDPyqU7
mlee2,0%gR6V)uEz
mlee3,&4OGrYix_)
mlee4,^MEU)#%f@2
mleonard,oH)0Hk&Vns
mleonard1,4L7Y8*gu+4
mleonard2,MMK(wkQb%1
mlewis,XoDQBctF)5
mlin,3oI95bITL&
mlittle,(PpPN8!t%9
mlong,2&yaVCzB+d
mlong1,$G$5Ipq@v_
mlyons,$3nONpzu)0
mlyons1,osS(9TtBt*
mmaldonado,Gt9LwJWO_&
mmann,Td@m5GidHT
mmarks,gx3MLlzE+_
mmartin,T%v7(sMdNC
mmartin1,)$(i)Zzq^2
mmartinez,@JuE%NdK_5
mmartinez1,i^7seVdb#f
mmartinez2,P+B0OamdsR
mmccarty,9TbE2s#mb^
mmcconnell,01EuU7XO_%
mmcknight,+*2Jgbh3@L
mmcmillan,))X0Y07ord
mmiles,D$1fuFaqYZ
mmiller,tjB5VhX#@J
mmiller1,yxVs1W&(_9
mmiller2,%7zC4Ud299
mmitchell,+ctYtlHW(7
mmontgomery,!m#3UyUw*z
mmontgomery1,%%j*6Edn8s
mmoore,5Uj)4TyI3S
mmora,8b41*Ozq$6
mmorales,L+1%L9Cpjm
mmoreno,$8%CUjH3f4
mmorris,hXh5+eGc))
mmorris1,))ZZpKqz*5
mmoss,%^n08Bho#c
mmoyer,#9CI+@#m!*
mmurphy,Zz^4JaafYe
mmurphy1,#TU1i#&iN7
mmyers,Nq0MQ_Jh^c
mneal,_8K_ddJLun
mnelson,&*#Y$MroO9
mnguyen,U5(3@VtcI$
mnguyen1,Rd5C%wUn%@
mnichols,V3&4lGj@d_
mnichols1,i3UX&RVL@e
mnorris,Et0gzS7b^V
mnovak,%)9M4Im53Z
modonnell,%4L1gUhd)Z
molinachristina,+LCb4UAf25
molinajoanna,@^yJF1Rz#5
molinakara,5W0wLTwyl_
molinaryan,6R6OvxZjf&
molinatara,5O)4Y5ddxm
molly01,&35RtVTx1&
molly09,Ztkc7CKH**
molly67,xbxG3oVu%R
molly74,NR@3IBsmj*
molly77,fLQ55QEh^$
molly86,!&9&6YUy!b
mollyballard,$7_*jMKzUQ
mollycruz,cv3E&a57V)
mollygriffin,Sy8obOKa*_
mollyjohnson,_y!2Wu#H_O
mollymelendez,dP%*0DFcDI
mollywalters,74vFGSYe!B
mollywillis,&8li_IlS3P
molsen,)2euSqhu5%
moneill,%3D0p43qNX
monica01,!9FH1+0tFM
monica011,@i9Q)x7ADb
monica05,07N90Bqt&X
monica08,6s54+0HNU*
monica09,v5IW87Jba^
monica17,!f8dMf8ABT
monica18,vjS0wTI$*9
monica22,OO)6QZwp#v
monica33,!s!E8EQvrW
monica331,((WpXWiVH4
monica34,*9V7hR@aQU
monica35,Wi2xIPid*+
monica40,pc^0_NS3Z%
monica46,#g$8bVUz$*
monica55,y+6BGz0zI3
monica57,x9VY*)Xf!)
monica58,)&Ea8rUbX3
monica71,TW6yMqpSH&
monica79,3Jb2yTzxh@
monica86,$w6TDNFsxt
monica87,(@DOBtw@b2
monica90,OB79pDRvn(
monica91,(7i6oScH5C
monica94,qf9EpM)$+5
monicabeltran,Q%8kjp6b6O
monicabeltran1,No8HZzohB#
monicabrewer,%4I)!tmaf9
monicaburch,Jkr_$4Vx7r
monicaconrad,+UQ4ABUmRX
monicacook,q%!f6Y$oR5
monicagonzalez,eQ@SQSe((8
monicajohnson,)q00N(tk#5
monicajones,0Q5HKXut@w
monicakey,4P*31Pm)H&
monicamann,n86!LZ7a&x
monicamartinez,Z^u8MsAd^m
monicamorales,*7Li1wTmXZ
monicanelson,VB#a8UdSgm
monicaparker,^mCF1u_mV8
monicaperry,&C7ksYjIB*
monicareilly,^kVo09CqF7
monicasmith,YWA6(V&j!f
monicavaughn,&5UnrRVQp9
monique65,26lN^LSw&e
monique80,@fYG8PrsU9
moniquecarrillo,!!MH4J1iqh
moniqueday,(DpTyMlne3
moniquehall,EfXHRc!n+3
moniqueroberts,%km4Pos$PY
monroebrooke,ukK(0Yd5A#
montesdonald,nY0iAvH8%R
montesjames,)7$hJKc^W_
montesjustin,$wdRuCRqc4
montestammy,wuFbGfjs&1
montgomerycaitl,!@7cHPEs(0
montgomerycarri,^MkQK3Lk0)
montgomerydebor,q^y2LEps8U
montgomerygeral,^9PXShgZ1D
montgomerykenne,y8Wgzmy$^o
montgomerysarah,+3Z_Vgg3%x
montoyaelizabet,M7I!5FyIWH
montoyalarry,$Ym2NT^us(
montoyaleah,peX4Cnrjw@
montoyasharon,^1+dzWZrWX
montoyatammy,E+W$7Csasc
montoyathomas,^Jy0tSPwJU
montoyatina,!GXvs%6gj2
moodyashley,R^5d5CAtgp
moodybrandy,x4XiKvfk(y
moodydeborah,n_9G$Urrau
moodyjoseph,$kc9L4SdRD
moodymarc,8zWfVwuk$1
moodystacey,QTeEUSrj*4
moodyterri,@EOOfjEt05
moodywillie,jkzO#aDe@6
moonapril,xP6CQHc0)5
mooncameron,!u1ZkGq_7s
mooncharles,@tP4Tv_q1w
moondaniel,i8Q7F^sP_X
mooneycharles,_3W%wv2#+@
mooneylisa,*UN7S(oNx4
mooneymichael,+frM1HmJPd
mooneymichael1,%3Rkr3hOy4
moonkristin,!1gb68Guc^
moonpaul,MM&HDwy+%8
mooreallen,1J@xU2Ss92
mooreamanda,^)9uWMgtef
mooreamanda1,fG*&FOek_2
mooreamy,6rOr97Fc@@
mooreamy1,JvAjakEa+0
mooreana,4t^%sPRk*a
moorebrett,HZ0D6Tb)@O
moorebryan,Z$P9IDZM3o
moorecarl,d)51P*kP+s
moorecheryl,48WPQq&J(2
moorecheryl1,MEm!4EUx9M
moorechristophe,_7pZ!wKrSg
moorecolleen,p&T34AX*_7
mooredaniel,4U0&Lumw*@
mooredavid,920JS1bq*g
mooredeborah,4hTG%*eR$l
mooredenise,1kO3D^Fh)7
mooredennis,CZ6Qdk!hp+
mooredestiny,(^L9CPo(!P
mooredonna,(Bx6PKswA0
mooredylan,d6@j2UDdB+
mooredylan1,_228WhpZL$
mooreebony,Ao8vlMvfJ+
mooreelizabeth,jzk91L2cn%
mooreemily,m%x5Fju!la
mooreeric,$YR4dh(Ug2
moorehaley,4$q7Dw6S%+
mooreholly,)3VzAuoe4+
mooreisaac,!knUG!ql_6
moorejane,4$7%gxJgqS
moorejeffery,^@JuWLlU4L
moorejessica,TPy0v@FwD$
moorejessica1,%VUj_Fcq7w
moorejohn,VH+t9Yf9S%
moorejon,#kbNf*QwP1
moorejon1,wp)2n0Vi)^
moorejorge,__A9A9)pz)
moorejose,_ScISaxr09
moorejoseph,(BL0AqC^J*
moorejustin,@bKz%Zet71
moorekaren,VdAed%fq^3
moorekaren1,IM7Vs69h%D
moorekelly,(2fCgKVh!E
moorekevin,7!)68PbQmo
moorekim,5MTI)IuK*M
moorekristy,jCz0P2xi)!
moorelaura,5^10$IO5wy
moorelawrence,*b^+8FWnfG
mooreleslie,@fBVSdfh5B
moorelisa,)4EAaru1Di
mooreluis,x**2h)EUSk
mooremargaret,wD1VWOJv$9
moorematthew,r&6s)lhbgK
mooremelissa,&a0JYwJYAo
mooremichael,+1IC*$cp_7
mooremonica,7x7p5SLQP#
moorepaula,_Kj6HBvw^1
mooreraymond,!5aCeBA29j
moorerebecca,%7QWHWHC1d
moorerichard,ZRD4dw)n_3
moorerichard1,S!O768Vk$%
moorerobert,K#(Jag#R$1
moorerobert1,#6gM_eB$gg
moorerobert2,8yquSEFN_v
mooreroger,_0T5q8iCi6
mooreryan,p9#U9sYwS(
mooresara,!$D7Qjnvr3
mooresavannah,!1*98ElOk3
moorescott,)8qPfMf0oL
mooreshawn,fM0OPLi$%%
moorestacey,D)L+9M7yAg
moorestacey1,@H0TPzT@z4
moorestephanie,gqpc2Gu8Q*
moorestephanie1,A(S9HqZXrD
mooresusan,b6PY5kQq!1
mooretaylor,^lo)23Kz4Z
moorewendy,&t!2)Hbeiv
moorezachary,$r2Mdduhu^
moraallison,+8S@CQuXP$
moraapril,^8^Zh$Ka!l
moraerika,!3c(WGWnHA
moralesangel,#8JU*Wj*M3
moralesbarbara,^U!8)ZGdH7
moralesbrenda,)tJ4YmMW1y
moralesdrew,#0oyeM6lMa
moralesedward,!4gJhCV+0v
moraleselizabet,Jd7^O)vmT(
moraleseugene,(RmUNhMhF6
moralesjames,)462AN#k^H
moralesjill,(4Nz%1z)0O
moralesjustin,z8l2iMAX+s
moraleskaren,_!Y0AbxpfJ
moraleskendra,s6TSqtTZ#i
moralesleroy,(9ZVQuk$b(
moraleslinda,)$14EoEPaf
moralesmark,*UKoz^$y56
moralesmatthew,JYA79sBm!%
moralesmichael,j$f0RJBoX!
moralesoscar,*kG1i0gzz9
moralesrebecca,&7EQ27cz8f
moralessamuel,#_uEtNzeM4
moralessylvia,&09T*MvP_O
moralestracy,D!P956JC6c
moranann,$6BxVcDAqR
moranbrian,wl#3yNJwuv
morancharles,xh^7WQl_S&
morancody,^JVQoiQmQ4
moranelizabeth,obyq0Eatl$
moranicole,y!q(2UaXKS
moranmaria,10G^x_Mp(T
moranmatthew,)5V3HIvh*N
moranralph,$2WqeflKQn
moranshannon,)5eLT(kM2i
morenoaaron,%0!vHhc#9g
morenoallen,*8OaVw)Zr6
morenodavid,(%KP6N$dU1
morenodiane,+pgBmwca7i
morenoerik,+6RAjUGm#W
morenohoward,(NFeFjc*8X
morenojeffrey,nM*^3NZt@4
morenojustin,)3zeuBtp7W
morenomariah,1cuAH#LS%b
morenomary,a_k4xocx!J
morenomichelle,lm0*bGlC$I
morenopeggy,#9@D7_Fr6U
morenosergio,*)j_PKlnq0
morenotracy,TcXOY8tG+9
morenowilliam,&1GB)C+z0t
morgan19,+6bxTT29f2
morgan22,!nL1Hlboak
morgan27,K5B1Ha2p&+
morgan36,&7HoSMjw6v
morgan37,^Sy!7Wuksp
morgan40,#7WjSPiGn9
morgan48,K&11CwNI%0
morgan59,SG@5LnxzZ4
morgan61,cC1UaJxd*w
morgan75,#g4fDWwnIa
morgan90,07QK#sE$+1
morgan93,vl!7Xtid53
morgan931,*mKLhv)C*2
morgananderson,S19L@)Vq))
morganandrew,@OFr^6!yK2
morganbruce,%z7EWDouM6
morgancarol,I7Aq$#ce!%
morganchen,)8QWQKw7&3
morgandale,%dKEXSjUz0
morgandawn,36D6uAFu@k
morgandean,$tPi^#O0g3
morgandeborah,ugSEU3qc(4
morganfrederick,a__0O#4a6i
morgangarcia,+x0CJ#nimW
morgangibson,8*Z(0TqrsN
morganhansen,(h9FXN^rU_
morganhenry,&8@7)SXnMX
morganjanet,5$jP1XCmik
morganjoel,mzG7Ixb32*
morganjohnson,yf1s%Ps7#n
morganjones,z273TTuNI(
morgankenneth,v^9v_2Mq0l
morgankevin,%vLbMwkd!9
morganlinda,b!0Gwy+a!H
morganlisa,(Aq4Amz_W5
morganmarcia,63S#6sCrUi
morganmaria,3VUE(Lbr$L
morganmason,Md3TeYSrC#
morganmelissa,udgK13Cbd&
morganmelissa1,c8nOh)Su*a
morganmichelle,^40NhSWR65
morganmitchell,+N607GsqFT
morganmonica,#CjOaym63_
morgannelson,Y43*XxBF(p
morganrobert,tg9Dlu0N_Y
morganrobin,(0L_NKAivT
morganryan,BD#9P8ToXW
morgansarah,F!61RolR84
morganscott,+z7JkHtN2k
morganscott1,QXBo*QYf*8
morganshaw,R5uXc2Ns!d
morganshields,%_2+bX8xAl
morganvillanuev,KGj4YskxJ_
morganwendy,8m04JJitz*
morganwest,!rwZVOaZ2a
morganwilliams,TZ2$7sWccJ
morrisanthony,U&n8Er9rGU
morrisbrett,KQV7HIlk4@
morriscindy,&NiHkCCFR3
morrisdaniel,R%tl73Ru(p
morrisgarrett,^)+&tNRy1v
morrisjames,0*WzYLyB^6
morrisjennifer,x!4FQ)l4Y!
morrisjessica,7$5QvSo8T%
morrisjonathan,6T5tElVk$q
morrisjoseph,#3YZahpB@2
morrisjoseph1,(&$&$Xnx6w
morrisjudy,@5IESXo%nT
morriskaren,_0OmNCF3uA
morriskim,Z0WVRffZ&I
morrislacey,@2zKuTmBW5
morrislaura,$8CN5MPxWW
morrislinda,^TZ15cCzH0
morrismarcus,!25QD0Qdsn
morrismark,L@3ZsgxC!y
morrismegan,XZ#6oAkU&5
morrismichael,@MPpG+ov*4
morrisnicholas,*R4SD_kVEj
morrisonchad,%y5&8nF)c8
morrisonemily,pe#8ZtHw2%
morrisonjames,N8XftCkd@L
morrisonjonatho,4mZxEQlb+Q
morrisonkevin,@(08Ncgr&9
morrisonshannon,&Vm_JDttk6
morrisrandy,&pyLRd#+i3
morrisrobin,t@1UVhPe(5
morrissamantha,*B8aj)7wG%
morrisstephanie,J$0y45ZpNG
morristravis,*F#AUqLDv2
morristroy,j&5YdJcj&q
morriswalter,)OPbwHzq!0
morrowangela,&f#C(eVm(6
morrowangela1,T)nY26Ylq#
morrowjoel,!Q34XTl(&d
morrownicole,L6lJnPXO@m
morrowrenee,)mmuVS0(m0
morrowsandra,XqD5XOqyg*
morrowstephanie,#uK5_PrNR!
morseamber,(6)QLT5@hf
morsebriana,z6I(uoKM^q
morsekelly,sM6FFh1wf%
morsesarah,YfYL8wNy)1
mortega,K#v)3cVbjZ
mortiz,gb4pAjcb@)
mortondaniel,Oh91RGYHl#
mortongregory,v9#rWZ(9$R
mortonrebecca,Yl7IyTVj&j
mosesjasmine,%mFnj!s(5u
mosesrobert,E)4YDclgXR
mosesstephanie,^HIktt9Af8
mosleyarthur,Fl7AkF5f)Q
mosleyaustin,Z)j6GaBhSY
mosleydale,m4qJJifv!#
mosleydwayne,V0WxP5(Z&j
mosleyemily,Ws3!!Cjx%(
mosleykevin,jS7WBIuY+D
mosleyricky,p2xagYYu%n
mossbrent,(_C6IxBv*v
mossdavid,)%5bM^n%&#
mosserica,r$RF+4MeFf
mossgarrett,*J1VDJht9s
mossjennifer,@5@lCpmRwC
mosskatherine,g1^(2RnnS0
mosskevin,$$66kTHk#h
mossxavier,6yRZSqbY@3
moyeraaron,d*f&9VEiBh
moyerlaura,_7TM9Aar^7
mparker,(@B9a#Gx&A
mpatel,!19NHyrf03
mpatterson,m1Joxmnv_P
mpayne,kEuHbZ$n!6
mpayne1,f4R^^RGj)y
mpayne2,#m60Tdvjq+
mpayne3,08Oet+S*^s
mpearson,#1pG9Jw4o9
mpennington,km+d4P0vH6
mperez,04DffpZs*0
mperkins,_E4rR8JmG)
mperry,J9Tq!E3w*N
mpeterson,l$5t@THeZz
mpeterson1,p(4SaEN)hG
mphillips,YVuRhLHj_8
mphillips1,#F9%)5Wdlk
mporter,*MYOARcw06
mporter1,0^tX$5SvoU
mporter2,3WOAvBlR(W
mporter3,qKoTWl0P&3
mpowell,DX28pARdS^
mpowell1,F&2ZHfiZL2
mprice,#5$uhUk5t&
mquinn,SW8gTDmb0_
mramirez,^C0ShdYzgz
mreed,$3Hjwlc_40
mreed1,5lK9qVym%c
mreyes,^l35V&Up+$
mreynolds,y&hz2InbkS
mrichardson,e34mdxEV_f
mrichmond,Wy3W2XL9b(
mrobertson,3PwC1uhs%q
mrobinson,X*M5KuzVL%
mrobinson1,8!64aEyNaK
mrodriguez,9%z)^yDvm9
mrodriguez1,Y&3r%JkuZN
mrodriguez2,&xp4*Io29H
mrodriguez3,T*(726_wNS
mrojas,F^8YPOIQBv
mroman,#y)2rJGrt0
mross,!!rZp3@O4i
mruiz,%tX6Q&MlI1
mrussell,D*f5LI+g43
msalas,N6bsUT*x%V
mschaefer,!FLJ65MVb7
mscott,*03^9AHu50
mscott1,JF0Td#D$F)
mscott2,pNHLuotC_3
mshaw,knp0VKHkx*
mshort,gte_8Rnd@)
msims,0$10PV+frl
mskinner,W*Pl7ArrCp
msmith,!B0AZhl3*4
msmith1,0q#PvPrb+X
msmith2,#2LMZsf0y^
msmith3,U*x%9Udo$T
msmith4,pn%R7UWl42
msmith5,t_hlZlgi%9
msnyder,!7$9gBQg7b
msolis,4vEVU9ns@5
msoto,!x9D&QqD5+
msoto1,(C6bBTWtjT
mspears,39K^rOAd!9
mspencer,K5JS3L6jF%
mstevens,PbbPyIjm*2
mtate,AGCKOka(%6
mtaylor,_g1JVxgd*@
mtaylor1,#sFe9Saqf2
mthomas,&4XmHbl2Kz
mthompson,0eiVf#sg*B
mthornton,0aaOBBIA(4
mthornton1,f%2IUFoNup
mtorres,xF$5Arzfyd
mtorres1,bCF(0Zq)I%
mtownsend,^5WwP9XT)l
mtucker,7cyVlV3j#y
mtucker1,D3%hORzn%9
mturner,@04G@eBjPF
mturner1,RJOdOuzB@9
muelleramy,eo*mM9XwD%
muelleredward,_1EsJXk4KM
muellermeredith,_eoRcH&bh4
muellernicholas,t*0mCGbDL!
muellerstephani,5B1Hc(0^!&
muellerstephen,M#0mEtwf1_
mullenjanet,&b^1Hd^z77
mullenwilliam,i#3xrBd3Ws
mullinsdavid,08XdPyQ@&B
mullinsemily,8jqexII^%@
mullinsjennifer,+C3U5Pan+r
mullinsjonathan,3su2N6bw#6
mullinsphillip,%De7AjaRqj
mullinsronald,L2@V2Wvm9)
munozblake,6orF&Llz!T
munozbrian,JCH5n4km4%
munozchristina,&3Md0Vghn9
munozdorothy,#+d0zXyOFc
munozedward,k3%3IMeFAD
munozgabriel,!ROQEJuLA8
munozjohn,mk9FWP4@b(
munozjulie,&WQe7hQx_u
munozlori,uZ5M_EDv+p
munoznathan,r3!9Ru8k^G
munoznicole,6uQ2Uue)l$
murilloangelica,u1t!Au2h*8
murillobrian,++ouAhWh53
murillodebra,W7GA_wWh+m
murphyamanda,%Jz8UFlx5)
murphyapril,R@0VLDaK4w
murphybelinda,$7oe8Xx*T3
murphychad,!*@3QK5ceg
murphycharles,Pf5_@VCs!h
murphychristoph,g%&k15If2d
murphychristoph1,#0RAJTWPt7
murphydana,Cp%1OpzJ5^
murphyemily,w02vS2uc_$
murphygregory,xPg!8IoNOC
murphyheather,g8DjSO*r^I
murphyian,+lOyGsz!Z9
murphyjennifer,P1IWclmC)C
murphyjeremy,vr3MVuOaB_
murphyjoel,s6Ween6$#U
murphyjulia,$1_3Z!CiXo
murphykarina,^fU2Vmvzw7
murphykristin,TI(^3EUoMJ
murphylarry,!2WFC(HaS0
murphylauren,&A5End!XE6
murphymaria,8ok90Kz48_
murphymark,T%18XBAuTh
murphymolly,!pE8nwPky6
murphynancy,+2PFdYqT&X
murphynicole,%1DqnrWy*c
murphynicole1,1p3WlBP22$
murphypeter,*o5NEe+T8O
murphyrebecca,1CIAavtN@C
murphysherry,^qL67D(h@m
murphywilliam,IZH@qMcx)1
murrayalyssa,tk8py8Lb%u
murraybradley,No@I8McsJu
murraybrian,_5s^8VuICx
murraycathy,*2Tb^NCmm1
murraychristine,h0+u0RbJ4s
murraydavid,^w9BmUsN)^
murrayerica,d35ItApc$4
murrayjohn,Aase8FjR(W
murrayjoseph,$SWJ0ONtlD
murrayleroy,a3pEHG2X&r
murraymegan,c$)^0iFnIn
murraypatrick,!r2g%Ja)ET
murrayrobert,%bT2M4RjWk
murrayrobert1,39H@WZ)C)r
murraysusan,K_8K!WaH&U
murrayvirginia,E)3V7(qZ0u
mvalentine,)Z6Fzutq7(
mwagner,+@1ZAy1WxA
mwalker,PcW9^Lva#@
mwallace,&GBKe6x!40
mwalsh,C$dE2W0as^
mwalsh1,v@1BUm58ly
mwalter,)v2Rwz$BK$
mward,b#1Rz4iJu6
mwashington,^3F&a$XgE7
mwatson,Vz%7WqZC)6
mwebb,ZkI&OcE&_3
mwebb1,SoO#9IwmwE
mweber,!+W6hVGod6
mwelch,#L6x3*Xvf$
mwells,@9tN3DvGJ7
mwhite,Zl1tTVON%0
mwhite1,p!r1NuDbAI
mwilkerson,P(^5Pr3B_C
mwilkins,%9D)H+1OZn
mwilliams,mN8u4Fbno$
mwilliams1,h1GX+oo*!I
mwilliams2,+Nv9JQ7qF9
mwilliams3,Izbr4OKec$
mwilliamson,td%5wY4n+h
mwilson,!0Jzx8p!+h
mwilson1,*XlR#ym^1w
mwilson2,@p5j^6Oh%^
mwilson3,!80R%+w3G7
mwilson4,u*jp65Yy*F
mwong,w1Bt+3$S(r
mwright,x)jQr2Jn&e
mwright1,2%Iy^1lc&A
mwright2,H$tfX8yqVP
mwu,_YyEJlmmS3
myates,7!C+5AtA&M
myersalicia,T$2K9Bvt9A
myersamanda,3y_2cRscP3
myersamanda1,^f2I&OqpSI
myersbrooke,SWFhqFqQ$6
myerscarolyn,5#7BNRlntm
myerscatherine,V^3_DLguGg
myerschristian,HH4Pf9s&m)
myersdavid,$^oN0#Bkg0
myersdouglas,1JW9OrsE(m
myerserin,+!4VMa2#jl
myersjamie,gFn*k0PlG$
myersjeffery,$$xQwIN^j8
myersjohn,!UrXXAup9K
myersjose,!3ALqcmRil
myerskelly,p%E2#F(gfn
myerskimberly,8(PS0r6_$L
myersmichelle,+36GqCgB_y
myersnatalie,a2HOI!^T%6
myersrandy,)n_iK2D#i#
myersreginald,4D4E&tRhz_
myersrita,#!+^5MCf*_
myersstacey,f6PSi$U++0
myerssteven,T_%86UeQ!3
myersthomas,*zx%TUbsb7
myerswilliam,*fJ7Vyed%3
myoung,fvtn7Lga*v
myoung1,f)1tQTk+VX
nadams,)S(c@Cma_4
naguilar,Gr^IP3Mh(%
nallen,*!3LOHmCLB
nalvarez,*9Fb#OTtSw
nalvarez1,z*W2$WSb(&
nalvarez2,(B4!S!$1w8
nancy00,$%HS1x&_1G
nancy001,(F6g1Lww@m
nancy01,@Dl&u3Za&Z
nancy09,^1_&qjCm+N
nancy10,M&j1Jli3_d
nancy11,TZ(8rGIbmO
nancy20,^1mFTqH2TS
nancy201,bM3Fo6rE+2
nancy21,^1@N6xiH!b
nancy28,r%Kqjecx!5
nancy34,#$3X29Rq$c
nancy45,e!8fI1qino
nancy49,$_53S16z6Q
nancy53,&s8iUejOP_
nancy56,eu$P8P0er5
nancy60,p1ZE@fG%+D
nancy81,2IkB@fj!_Y
nancy811,)1JQJPp)_U
nancy86,T9s%Dr%T*E
nancy90,&9Zc^_NbZF
nancy92,$0B9Qa*298
nancy93,+9rQLlpgGT
nancyarias,$KP5Y$uSgT
nancyarnold,^r2nZ5ElVp
nancybennett,P9%VL@sp&g
nancyblankenshi,&X8Ws)Un@p
nancycarey,90!(7ZPllN
nancyconley,%7)iJg*s%$
nancydavis,6dZFNAsc!9
nancydelacruz,!0(&2UIccz
nancyflynn,!2o2OKlzrQ
nancyfrazier,uKo76If(*p
nancyfuller,fIvVHGDr&3
nancygarcia,R+oINt2Q(6
nancygrant,E)DpXVk_&6
nancyhall,$c2CUKmg47
nancyhansen,XYvXul@g+5
nancyhardy,YQBncLad&6
nancyhopkins,cE3EHyyx*T
nancyjohnson,p8xQ@+uN^j
nancyleon,^JHcYfIG78
nancylindsey,5y10xC3m_L
nancynewman,##I@0@KwKa
nancynguyen,E_i9V0eEb0
nancypage,z(+1Sts^33
nancyroberts,NT1fRbks*D
nancysnyder,O7H*G+2a_0
nancywatkins,(r(o8HfwiQ
nancywilliams,8&2DXNsmSf
nanderson,f24Y(Glc*P
nanderson1,#c902B*jo1
nanderson2,Go7FQV$sK)
nandrews,+2Z%fz(QZX
nanthony,8aJ6r9&x(r
nasheric,!9&y8Yk8jD
nashjohn,r*7W0KVpZx
nashnicholas,PN%r6Jvej+
nashseth,7#6ypxkiPP
natalie14,K&bw1YfP)@
natalie15,Rz8oLRnkQ+
natalie21,!2oqJzsvqZ
natalie24,)o8+@8Ly4!
natalie61,5@5AgCj4D9
natalie66,+03SA5lOYB
natalie67,p!3Ix&Yb48
natalie74,R!z3C%!p_V
natalie83,C@0)0KQg(Z
natalie85,8ZB1MWUy!f
natalie89,3y4(4oVxzX
natalie99,&wHIHdzNE7
nataliecole,$QA5gTLv6g
nataliedean,vy5hHTd9*T
nataliehall,L4tDkzrQ*T
nataliehill,HMV16dEo_2
nataliejennings,khXrKfVm&2
natalielee,Z!I42Nws%1
nataliemcdonald,st6Z0sb)d_
nataliemontgome,SBDM5NKw+a
nataliemoore,7o9bEcAw4#
nataliepetersen,2@91KpIfN+
natalieramos,iMt7JZqzD!
natalierodrigue,Qm9N9qo7g$
nataliesmith,dDjA0Akes#
nataliesutton,1&2N$XQn9G
nataliewagner,Wq%9V78j#e
nataliewilson,)fq9P4tc3j
nataliewright,VuHLY6_p!6
nataliewright1,m9FkZ42p^_
natasha01,x%9Ou5p+vA
natasha14,vY4nUmC)@#
natasha19,w(Tr9NX34j
natasha20,x#L6!G#vEH
natasha22,8t%HkN2Q_p
natasha28,Cy##6QN2$5
natasha32,+2V$@yKopx
natasha42,+@#AF3YoXi
natasha44,#h72HIQj4#
natasha48,XMhKQ3Wr$C
natasha49,jPrKoyeG+3
natasha50,7daFEhNq$u
natasha52,^a0KcWlaae
natasha68,rp4Bpabp^d
natasha71,&aD#4GDTK9
natasha85,+fkMCqo_78
natashadaniel,&bMsxwPG*0
natashadaughert,Q@6YWgZyq#
natashahood,Ms6WxLz0U*
natashajenkins,z@_F(Fke!9
natashalogan,!nCSJm1nc3
natashapeterson,_W(JDOxWi7
natashawillis,$$Pi0Rds43
nathan08,8M(cT++9^e
nathan15,$sbK^GTg0a
nathan26,27AlgMdN^6
nathan27,Gj1Rjp1Z^Z
nathan29,(EV8uRzPZ0
nathan37,c^Yen0Wxp(
nathan45,$xJNZn!m+1
nathan52,_QS@Kkdce5
nathan54,fe^0ioAv^Z
nathan61,&w3CBLr1v8
nathan67,TkLm2Qla@)
nathan77,f6URY_@C_t
nathan86,gS*9t7Hgg_
nathan89,kl8&W_yj$@
nathan92,_lz1aAiYh2
nathan97,&7ipYwJk^U
nathan99,!1)JX6i+0v
nathanalexander,$gH2D8aj&W
nathanbell,#6MHs1zPY5
nathanberry,a6e@FV03+z
nathanbrady,ry2SBot@D)
nathancannon,VX93t0svd$
nathanclark,$W9hQCswhl
nathandaniels,qGfMx!H#)4
nathandavis,N@3ONbKvAk
nathandixon,&i1O@G*aY4
nathanfoley,%2+DPptL^w
nathangibbs,2wGUnEhV)7
nathangraves,8!#kIOmg@3
nathanharris,!cs3WiYrW#
nathanhinton,YV%6mzThU@
nathanhull,%3Af3ywleV
nathaniel14,4iTqFVjU&U
nathaniel27,(Pd$RWWNg8
nathaniel30,)*)@C0Mn*L
nathaniel34,^T^J8HIv4G
nathaniel36,SwJ1oC1jj#
nathaniel65,^JKbmqHdP1
nathaniel95,e+*P4PbK78
nathaniel99,0CV9fx6h%#
nathanielclark,AL5)NGyb&!
nathanielcook,&3RBSdpm&z
nathanielfoster,q%Rz9GKiWV
nathanielgibson,PR(6Mz(!nM
nathanielmaldon,+9$9Ap(HrS
nathanielmatthe,WY6Dmcrye%
nathanieloneill,nx!0P4$$z!
nathanielrivera,ati9LpHk%c
nathanielwillia,&eNKj8gyc4
nathanjenkins,5SOH8LzN)+
nathanjohnson,^0SF&KBzsV
nathanmartinez,ko5MW4KaS^
nathannavarro,)9SKenadof
nathannielsen,1uTxdCNN%#
nathanorozco,+e5Ekagg6n
nathanramirez,WM3BWs!w@p
nathanreyes,@8OAIbzE)Z
nathanreynolds,)1KDq9tcWU
nathanross,egUreS0Z*4
nathansawyer,kL4Eo9G*M&
nathanwilliams,(%OgEsddQ3
naustin,Gf5(JgiYX^
navarroangela,nSV5PuBe0^
navarrocaroline,$R#VkuqA3A
nayers,1e58iYxG$P
nbailey,a4blM7UeE!
nbailey1,(N@GhJBRd1
nbaker,i_%4Uz^lyq
nbanks,RagCotKC(2
nbarnes,_8(!K%k#*h
nbarnes1,_gkrr0DsZ*
nbarrett,Uh90I!g)*_
nbarrett1,^uHc2Wd&l+
nbarron,*mJCO%f$#8
nbeasley,0iu48OOhT*
nbecker,&4MyDhGbg9
nbell,Y3xEyoQD%6
nbell1,%(SrH0CUI1
nbell2,+!9bJJJxNj
nblack,0eH+GJf5)N
nbrooks,(VZ33E7lz_
nbrown,rSniVQ6y#6
nbrown1,)AY6Rg_ed!
nbrown2,HX^o3Ad_Qs
nbrown3,fg8B7mxC)B
nbrown4,@g2VetU(29
nbryan,%gV(4BhDMT
nburnett,qB%4Jp_^Kg
nbush,%JSo1Vco)8
nbyrd,c4!2MTj5&q
ncain,jE_7(gLd8e
ncalhoun,)NMs!6l+W6
ncamacho,s0fZ*k+r@*
ncampbell,%iZ3Wgphi+
ncantrell,WNdJdF6z*6
ncarpenter,*Ph*4lSjP5
ncarr,+AVep%q91v
ncarroll,(x#0)Hd5n8
ncarter,%mj$Pxkls0
nchan,R0y(%A5i)C
nchandler,Z3Mj2agp^Z
nchandler1,koDRK5Bod$
nchavez,(QzAJ^uAE5
nchristian,htHr5KXx+s
ncisneros,98OHpq!w%4
nclark,@2xVOraFaG
nclark1,1)1EEtFy&0
nclark2,!DL3MTvs7W
nclay,m1#4HUxf&$
ncochran,)YHJ+nmBo4
ncoffey,_y68vZ0s*o
ncohen,t8USE__n&e
ncoleman,m*1MQ_gnLJ
ncollins,46j0CiE1$K
nconrad,L&_8xFikhf
ncook,i5cR^Jas!r
ncook1,)h3wHWbZ29
ncooper,6vx#dWe$_u
ncooper1,4!K2Xpw&G#
ncortez,3qC58SRv@_
ncox,&6Y#Vz4Uwc
ncrawford,_)9XeaG@@T
ncrawford1,H_J7IDXe7b
ncruz,F*6dRW0b1a
ncruz1,KAA5RPzq(H
ncunningham,r%3yD@sWB+
ndalton,29G&d@Oyj#
ndavis,U)_4jAmMjf
ndavis1,4zFPbwY2$X
ndavis2,wJ+ZTn&(%5
ndean,cn55^Pg3+&
ndelgado,PEBbfJ0v#0
ndelgado1,uW4lPUct%%
ndiaz,^t0FdAmx)u
ndominguez,1w*5m$WyuS
ndougherty,_ft18U8*8^
ndrake,)_FV7RApWF
nduncan,56E$Bs(i_T
ndunn,qCRTpGCg+9
nealchristina,^8a0Pl_)5f
nealdenise,HyUOk2^U!0
nealgary,+8IawwyWP3
nealjeffery,z(0Eyh6Oc@
nealmatthew,i8OC4dcy$b
nealmichele,aPHS(0RdJI
nealrichard,V5FVj^ty#5
nealsuzanne,LQrVC!wY$4
nealtodd,Z!d)bEyv_1
neil31,aFI6AUUk+$
neil57,99VNeguD%!
neil63,rr$N(&rL@4
neil79,#NJb9kTlV9
neilgonzalez,AAzC06xl!4
nellis,)K#+5nDmi!
nelsonandrew,_V6@LlfSFx
nelsonangie,P&3%1@qnhZ
nelsonbelinda,4hI*9(SfHt
nelsoncarl,^Ms@3M(nY$
nelsoncatherine,724VIdjX%7
nelsonchristian,+Kd3GQrT9p
nelsonchristian1,Q&Q3WGJi9+
nelsonchristoph,+Q8R!MXr1y
nelsoncody,&g2C!$MwxY
nelsoncory,2sA0ZLie*o
nelsondarren,29eKXTse_p
nelsondonald,_1GbjHsB5(
nelsondylan,61F_tMXc$+
nelsoneddie,GOzFyd4K(1
nelsoneric,!qC4REBqC5
nelsongregory,$zRcFrCPG3
nelsonjeffrey,7&0YCS&b%Y
nelsonjonathan,70yftIgQ(y
nelsonjose,W5rO&shU)l
nelsonjoseph,g@8QWtChri
nelsonjoseph1,(6K$oT8Vsd
nelsonkatelyn,h_Bkh4qt!J
nelsonkim,(feS$feQ2z
nelsonlaurie,z@3TQvBd4%
nelsonlinda,xA9VwE*Qy*
nelsonlori,6A4HxWTe(w
nelsonlynn,ps*85BX9C^
nelsonmaria,&_8GlSI5kW
nelsonmark,kJ0EUT+x!7
nelsonmary,!8fxMCbAuR
nelsonnicole,IFWDhuDi&3
nelsonomar,_60SerAhDp
nelsonsamuel,#6aOxjAc*1
nelsonsara,zk5CdNvgf_
nelsonseth,yl8ES)Eq#3
nelsonsheila,u#1GPiBm(E
nelsonstacy,(6gF9VPq!0
nelsonstephanie,S!#9KIupq(
nelsonsue,*Sw4OxAn8*
nelsonvictoria,SF_05WdVN!
nelsonvincent,(q_e38CjTz
nespinoza,(ZAj34Bh5p
nespinoza1,z8G3+8ja&)
nevans,v^M0sPo&*n
nevans1,68Yu%iWI^6
newmanana,&29e3Urd^+
newmancharles,#gqy3vFobr
newmanjimmy,^A9LqOWe)@
newmanjoshua,!4v#7Fj4lw
newmanjudy,Cd+8HaoSv%
newmanlucas,dohr2R1pc$
newmanmatthew,E#EP9InG)w
newmansharon,H82jSgOh!p
newtonanne,D+W4KStT!p
newtonheather,&9XEtHgvl1
newtonjason,n8mMmWMy#w
newtonjohn,%aI$E31kj4
newtonlisa,1*K^_Ekz!O
newtonmichelle,!6GMyJb8*)
newtonrichard,BdQ1FWul$8
newtonroger,&E$EF3zEw6
newtonsarah,x+E%9Ezt##
newtonstephanie,+X6Y3MzZ@P
newtontheresa,%q0DENaCLV
nfernandez,9UA($pc$&B
nfigueroa,3$2jwuZfRK
nfisher,^3Yb*tM7#P
nfisher1,_0YLFflq*s
nfisher2,)7X7NOCgMC
nfitzgerald,A!H0TDrnqP
nflores,(8K9H$gup0
nflynn,)4FkThjT^B
nfoley,x6HDder4)0
nfox,YkkK4CkAE%
nfrank,js%7IPyGNt
nfreeman,^2Jvbo)jzO
nfrost,K)K1vYKtQQ
ngallagher,*phY!tbc%0
ngallagher1,)QRq4ATnc&
ngates,9zNFJ!qX_t
ngentry,D9HMRvN9^6
ngibbs,%%9aGCClI6
ngomez,XEZ97fLa^9
ngonzales,&qQVKpb&18
ngonzales1,$I0HJ$iaQw
ngonzales2,8tWO8it@!!
ngonzalez,)r5NP9gN*e
ngonzalez1,)0V+kol$W)
ngonzalez2,kN1ihEjd$7
ngoodwin,+9^%9IYqFW
ngoodwin1,6*HBfSlv@P
ngoodwin2,A+xY1aoB(2
ngreer,&1eLUF%gHE
ngregory,4%f9Sv@x_E
ngrimes,&8NHSQuc3E
ngross,9!^E4Htxn@
nguerra,(NFIZpqZ3U
ngutierrez,)EQ^HDism4
nguyenamy,z8DlIu$n#Z
nguyenangela,!bu#zCHlx6
nguyenashley,!0&JQl@i72
nguyenbrent,r1CQ2sRg(O
nguyenjoseph,MVDBh!F!^9
nguyenjuan,h64PGTAW*o
nguyenjulie,+V!78Zt6mf
nguyenkatherine,+xM2gVu7@0
nguyenkatie,&5eLo1#m(F
nguyenkimberly,zQQG5iUz*z
nguyenlori,M&9nEmwc!e
nguyenmatthew,&05G1WxoN5
nguyennicole,_s0LdnVr!^
nguyenpamela,A+^%4Eb*QX
nguyenpatrick,(TF5QwugF3
nguyenphillip,_7B1gCpdGF
nguyenrachael,^U9ApaMf#0
nguyenrichard,shn1SQTrj!
nguyensandra,_JN2DGAeu%
nguyenwhitney,@U6SOr@S15
nguyenwilliam,kmn2IUQ6@@
nhall,YZ9Xc9TaI!
nhamilton,Hu1Y9*Lt!b
nhamilton1,y6LK8Op5@g
nhansen,&nLaNoTEX8
nharris,nd%57P^uf@
nhatfield,&(9bV2!uLq
nhayden,w5TZtcvS^R
nhayes,C#GR4Medi$
nhenderson,F4^MZTNg@V
nhenson,R4@HPdFm%5
nhickman,gjARO0wS(2
nhicks,Aej1RUb!n!
nholden,Ref1C@Bm1(
nholland,3&H0BWgs1%
nholloway,_hMmyWux*4
nhorton,5YO7VVsg*$
nhouse,+4+RX6oqkU
nhoward,O312VTxf$s
nhughes,0H+DYvSW_m
nhughes1,21BCXHmG$3
nhuynh,06WKcz7S^Q
nicholas00,uB4YFHBi*S
nicholas001,+6%7Pqt@8Y
nicholas03,)C%AfmG&*3
nicholas031,61y84WQnw*
nicholas05,^3WFrUzn$U
nicholas06,&0Tz(_KbW!
nicholas10,W0I@38Gb)B
nicholas13,)4SnHRrsX#
nicholas15,N)H4P1xr$x
nicholas19,f#3VWyMb+0
nicholas27,Lb1SC9aea&
nicholas29,@TY36nYg0R
nicholas34,+7$Bn2O!*X
nicholas341,UmIwy^+m(5
nicholas42,+1M3RdvQPS
nicholas45,ojW9z7Zz$(
nicholas48,@724K^_ft@
nicholas49,@(jYggNt0@
nicholas491,_(fXla(d3y
nicholas50,&bFJblgm+1
nicholas60,S2M%fTFj)g
nicholas62,*9RXgEjSv8
nicholas66,3*1*YG^e(o
nicholas67,&(HC%%art1
nicholas671,+q2DHHFgt#
nicholas68,#RKf2O&y#(
nicholas681,9Ho14pMu%1
nicholas70,EJPtBynF&5
nicholas701,*KF9L$@gy*
nicholas72,_71fwUzGyL
nicholas721,@0Rv&Odo+Z
nicholas76,u(0^TorY+g
nicholas761,xWNFiEbz$5
nicholas77,&9MDlDv3dM
nicholas78,_p*6ToosH3
nicholas81,*Ld98Hyft1
nicholas811,$sP2x(550H
nicholas82,(4U2$Kyi_x
nicholas83,*G7YaDkr!+
nicholas85,EE88Uw6g_R
nicholas851,l1q9xXmtm!
nicholas87,*LsrGRwg42
nicholas89,)g_Kr*uC@2
nicholas99,4QKsKt9V*G
nicholasacosta,Ka_5WjpIeN
nicholasalexand,@oZ9JZtq^R
nicholasbarrera,id3FAIvk*g
nicholasbrooks,)Do5BRMkB^
nicholasbrown,Ow$9&#Wvx5
nicholasbrown1,)qoW3OmS^*
nicholascain,dF(Ls1Ig!8
nicholascardena,cCuXeG)s*6
nicholaschen,@o_P#kyx3Y
nicholascochran,M@35Tnxr0E
nicholascollier,V6XXou8d#p
nicholascumming,*d1YqxTy3U
nicholasdurham,sjg2u2SaZ%
nicholasedwards,+DFk^9JdfY
nicholasfox,)2aPab^LIv
nicholasfrank,n5IS*Uhx)m
nicholasgarcia,j6Sa%kQp*(
nicholasgarner,)8H0dVx&c+
nicholasgonzale,^FKAjuk_X8
nicholasgoodman,$E0iLWiI96
nicholasgriffin,$nOcKF$1z3
nicholasharrell,q@W1ElrS+I
nicholashenders,ZXgWMnX2&5
nicholashenson,*nn*1jGwh2
nicholashernand,vtK43HZw^Q
nicholashopkins,cKI(8b$j+2
nicholashuber,N!49FLo^@&
nicholashull,!zskGidiy8
nicholashunter,_8vSDm+pmx
nicholasjones,#2IQjkBn3i
nicholasjones1,yV0VYfEc6&
nicholasmaldona,6@20QbfZ!d
nicholasmccarth,$7lIGNWfs^
nicholasmorris,@0zL7ICe(Y
nicholasnovak,)7O)OCEo&a
nicholasnunez,_L9qeGyl67
nicholasnunez1,Kk08ZzAe$^
nicholasparker,2#$Kin_W*9
nicholasperry,(^8bySq(1e
nicholaspham,_yj1zParOa
nicholaspreston,!v39Glrr5d
nicholasramsey,dJ53Fupc#)
nicholasreyes,+HOzZb4S03
nicholasrhodes,W%^3j0EhLU
nicholasruiz,!bXJE_i6S9
nicholassalas,6822yABe_r
nicholassmith,hI6rqSqv*@
nicholassteele,#9h6SaPx&Y
nicholastaylor,qTXJaG&w#4
nicholasturner,Pg@0*Ysdy$
nicholaswalker,!6weUcylys
nicholaswebb,P@&51KEd&(
nicholaswhite,_Pw!3vJi2S
nicholaswood,#YM2cJeXAy
nichole05,^1EzOECekV
nichole06,#fQl4Cx!iY
nicholeellis,gQVtCpq^^3
nicholegibbs,%_@ZwVWs+7
nicholeharper,*J3XCvoogI
nicholekoch,X#t0KEbcV^
nicholemathews,q@52s8TCQw
nicholepeterson,#wj2ZOvZXP
nicholsalexande,EcU*R3(z&7
nicholsamanda,w5Gkm22b+n
nicholsamber,%dZC9MF&b%
nicholsandrew,&n!3jZcTP#
nicholschristop,KevqlRyd(6
nicholsdavid,%5bF^mITfb
nicholselizabet,))99E+kdC&
nicholsemily,q0S#JtXi*k
nicholsgregory,2w@PNLTA@a
nicholskatrina,#NLqT1O#j2
nicholskeith,)#I5B5tc1N
nicholskimberly,^2UlC(iJS4
nicholsnicholas,Sk0#Ortx5&
nicholsonanna,^FF6bQdk$V
nicholsonmichae,BL12DFfS!O
nicholsonwhitne,KGeO5IebR(
nicholspamela,!2EOz(eDHV
nicolas55,E$L8Gu5hsQ
nicolas98,c33kOMwx(6
nicole01,z%13CIbbkd
nicole011,&JAmBIwn$2
nicole012,%a0lGy0lg+
nicole02,TE*rV0GftU
nicole021,@MK4fZgZuU
nicole022,&S4XJfKG_*
nicole03,wdi^7PxRa@
nicole08,!joRJQwxX8
nicole10,%Xb7BnL#rx
nicole12,&1q0NOw44Q
nicole14,2+NVcx_l&c
nicole141,*2xYw(NyB4
nicole142,RHkXS)qn%8
nicole15,2BZsYWJr&h
nicole151,!^BO7#WC4b
nicole152,G26R!BnV*^
nicole16,I1(l7NpKyu
nicole161,$z4uTe3Hh6
nicole19,!56(QVp&F$
nicole21,ef1OYmcA+q
nicole23,_2XXZI%h(U
nicole231,v+0Ki@Ci$1
nicole26,Jf5LzOp6E&
nicole28,^JZNN&yqV3
nicole31,(8DMgech*5
nicole311,)Y3OVzYg9#
nicole33,(%8Oxbt2Gk
nicole331,Hh7FXs(d9+
nicole34,cq5Qe8&Gg)
nicole35,(b7eD(Rk9p
nicole37,(5Hs3UuFem
nicole38,(Z1Q*fpwLN
nicole381,&Z5Gyq1C+J
nicole45,K*7B9bUAWZ
nicole49,_20DHlC*8g
nicole50,Pb3K*Pqxq(
nicole52,c0y%mEhe)r
nicole53,2o6lBdwP^8
nicole54,A$4T_PHawq
nicole56,4mSTj%s%&d
nicole57,@%8Z3o9c2_
nicole58,U%0FdPGwYB
nicole60,+4IQT&jqrM
nicole601,$6VVLg301(
nicole62,N%b#2Hnr#$
nicole621,+4yToRj2fz
nicole63,u)81Ks$se1
nicole65,N8eFQe)Q_v
nicole651,@Q2rIoxc$1
nicole652,_7g7Hzd#2)
nicole68,(_3f6MqKS5
nicole70,Y^5tp!pu!U
nicole71,B9BuU3Bx^J
nicole73,RF5LAlkSc*
nicole77,+oe)YFO7Q9
nicole82,J8kNcjon%#
nicole86,@uC)kNVG8a
nicole88,x@9@CbNu+q
nicole881,r2J*dRB#$I
nicole92,f(1JK^@c!j
nicole96,L0FNVkjg&m
nicole97,_OJ)8Xxzb)
nicole99,T1o1YoSjL_
nicole991,u6EnTT$Z(d
nicoleatkins,twOKAmlE@1
nicoleavila,b7dgO)gF%V
nicolebenitez,c5fK14Xq!Z
nicoleblake,$FK#mHVC17
nicolebrown,6J)1@NNxwW
nicolebrown1,g6ZqZ*zr^H
nicolebutler,1x0WRcVF&R
nicolecase,c*bh9Fg1ni
nicolecastaneda,)BA7GmhGp(
nicolecastro,i&@qTWo@^7
nicolechavez,@@Mo8JvA@B
nicolecox,#0CfacuCcB
nicoledaniels,@I*BXy7M5S
nicoledavenport,^PSGz%6#(0
nicoledavis,V5AToaCc^Z
nicolefrench,z9rFWvjt(#
nicolefuller,vY&1Vx45U^
nicolegallegos,#1ABNJ4BeB
nicolegarcia,*9pAPY(0rs
nicolegilmore,*676dHvp@&
nicoleglass,%X+#8J1qMv
nicolegonzalez,L^dA)6Gp($
nicolegray,%5tQLwPOkE
nicolehill,xcf^8HFc%!
nicolehines,Wp6yCrCU#5
nicolejohnson,3N0(H(JV_j
nicolejohnson1,A7eR+pd5&^
nicolejones,J#0pbPjd0+
nicolejones1,75gG29hf(L
nicolekelly,c*M#pqyd*8
nicolekerr,HY_6AI1f9y
nicolekline,4gafCs%j_0
nicoleleonard,j!p7GmGrHv
nicolelong,F990kA7tj@
nicolemarshall,^+G1HJzmBg
nicolemayo,@5TQnJeB^5
nicolemcfarland,%3BPgK&a7o
nicolemcintosh,Og285RPeZ^
nicolemcintyre,*6!KbfDm3n
nicolemendoza,F^A0qWs$_U
nicolemercer,+uUe4L8F3J
nicolemoore,&n3tAtsr$K
nicoleosborne,$BpA3kn)4q
nicolepenningto,@9VuwkXwwA
nicoleperez,uR&z9wBpAn
nicoleperez1,@+P(0NZmPx
nicolepeterson,1d2REXfPX!
nicolepeterson1,U@Z7Afjazy
nicolepierce,)6nGGW^k73
nicolerivera,ruT05ss()9
nicoleruiz,xGx&I1Rz)R
nicoleryan,f*fuCO3r!K
nicoleschroeder,7m^2jZJlIF
nicolestewart,Lh4fQDLv_C
nicolethomas,a7DqaMCz!z
nicolethomas1,$*lWbTFsx8
nicolewagner,#i*Z9ogX0+
nicolewalker,(J4YfviI%0
nicoleware,Gs8RHmqyF*
nicoleweaver,q2cpIKHo+i
nicolewilliams,$i2OHnb_j9
nicolewilliams1,+72_A2zf%z
nicolewolf,#fI_j^ND)3
nicoleyoung,wD8^Rk6uq&
nielsencharlene,zya#E9QwmW
nielsenjill,Mv8)7Ob4sP
nielsenlinda,&MCLHqZJ$0
nina01,$1LBmwzgme
nina91,BiT5GcwY@A
ninablake,!J8JJ8Ro_m
ninadean,$d$77tIjJF
ninakhan,+!W02KgWf8
nixonhaley,hTX94Lq)i%
nixonjohn,!6gFiX8frY
njackson,^mYc2Hc56a
njacobs,o12Q_TT9_b
njenkins,&U5PS7WmQn
njimenez,$5I6HVS6yg
njohnson,v*7VrXiryt
njohnson1,#cn5SbttgT
njohnson2,aL^1rwVrE^
njohnson3,FGvdmQvE%5
njohnson4,VOWkfZ!p@8
njohnson5,Obtl1ZdbS@
njones,!7h3TwByuR
njones1,_zFrHRtHX2
njones2,WXX&b7PfQ_
njones3,FU)Ctrxv+9
njordan,+xe6ZqhAly
njordan1,*q6Wlc*LuC
njoseph,bg(d0FgY2%
nkelley,6GArE&LG@@
nkelly,K@0aG+pOhr
nkemp,%7d8kCz)cT
nkey,*H)0F0WiM2
nkim,B6G9CYHw@8
nknight,PinF5Qhwx%
nknox,j_!2LEm@)V
nkramer,11Ukc2h^*V
nkrueger,)izkSBRu*9
nlam,T_O6HVCc#b
nlang,%S4!$AsizP
nlee,&sCWoFdq7(
nlee1,)yWTd8MHy_
nlee2,MWTs3ApY+o
nlee3,(TR@nboTV7
nlester,LS9HVqi5$+
nlevine,$1Lbo81u)+
nli,*@zDtssdy6
nlong,+ZJJrel30T
nlopez,f5!Uv(TQ*i
nluna,!)JJq#9Uy3
nlynch,%3weSb7U@t
nmack,uc4+bTHux*
nmarsh,*8h1Tx+I+c
nmartin,Db@T2qYf8Z
nmartinez,V!0HxwJBU#
nmartinez1,mZd3YaYuy*
nmartinez2,CwAM!mx1(3
nmathews,+U30QXwjYe
nmathis,r&Aw2&qw@8
nmcbride,KP^2Eu#a*a
nmcdaniel,$p7S(h*H0O
nmcdowell,!(U8jVjmZg
nmckenzie,N9OaZ0Uo+v
nmcpherson,Yu@OTc_z@4
nmedina,X)G3fEzy6t
nmedina1,GM@8dmEj@#
nmejia,$Y6Cm!bd7k
nmelton,+B72Fl4GP3
nmendez,YgH@3i8s!3
nmeyer,CY#ZTZDn&9
nmiddleton,tprj7GSop@
nmiles,!*(M3heY)2
nmiller,#lW#ZsOCp1
nmiller1,Fa9ST%b(#2
nmills,%8^SJdjN+x
nmonroe,^8)JiL8zm6
nmontoya,$0VX(lkPbL
nmontoya1,^0qSe8EN!m
nmoore,+0dL*iZs1W
nmoore1,l!JofQUM)5
nmorales,S0Em%kbo_N
nmoran,^k52gYkP9v
nmorgan,^0fKsC+PhM
nmorris,jD8e*8IdN!
nmoss,u)6GYGyi@1
nmoss1,_+vNk3Yb+7
nmoss2,j#NH5Ct0TW
nmullins,#1TtzzQnos
nmunoz,gY^Idxjb@0
nmurphy,_kv$iuEx5m
nmurray,%UH#9Ilxm1
nmyers,@9Gok9ngu1
nmyers1,so4HxjxF*!
nnelson,+6*IejA(!I
noah28,C_U4HcLqIE
noah56,%iUku^TX3o
noah92,w_3Y)Pqu)b
noahcarr,5$!c88WsHc
noahchambers,#R5Gdi0a40
noblerachel,(b5CXz1@z!
noblethomas,QyWse5q!#8
noconnell,3m@U2JRBp*
noconnor,_OiPUnQms8
noconnor1,0)BtRCvg_O
nolanhannah,Mg8Mn&Ar$4
nolanjanice,#)2Rjdx34+
noliver,$Le5w1ak3j
norma27,@Rr5mCvB&*
norma29,f(1ZRciy@c
norma95,kBjYVCaU+2
normabarron,N4$v(Us%&t
norman01,A1Gq8c4p+y
norman32,o88VahzM$T
norman95,H)A69aIuL_
normanamanda,1OnflTMb%_
normancindy,0XK7MOqv^R
normanjason,^35VvfPvv^
normanlindsay,^9G^8UoYu4
normanteresa,!El5IpZhza
normanthomas,lg8E^GK2!)
normantracey,_s3XGGlmg5
normanwest,#0_K864Qxt
norrisangel,)K6i+NKeER
norrisbrandon,#%5M6r5z#a
norriserin,7B%1HwoO$m
norrisjames,7cyAyoty_y
norrisjessica,%4*BpCtT4d
norrisjose,6rX9V_^n#x
norrisjuan,@gRXM8Kxa7
norriskeith,!IA3ACOvB8
norrislisa,*R6Prwcmg(
norrisnicole,%*LEJJhY(6
norrispaul,e!^W0mPuMU
norrissusan,9aAa&otO(S
nortiz,+295LX1g(u
nortonjacob,$O#9K9Kos)
nortonlisa,TT7T1QIb%4
nortonmary,_6DBu2v9Md
nosborn,goRQxve!&6
novakconnie,4OM48&Kf5%
novakerika,gR0$4APekx
novaksabrina,*Zz#TTjb9T
nowens,a4EAVp1))E
npacheco,H$6EKLcv16
nparker,l0c*SGgJ#T
nparks,^TFSrNVwb5
npatel,O23Tt4(r^R
npatrick,!m1G!uapeB
npatterson,pgDTdk_G@3
npayne,_2svD4NzKr
nperkins,%qSVZLqli2
nperkins1,8s$49DjrM@
nperry,b5JVKLym&k
npeters,47!61@Gs&o
npeters1,!uuLO(tQ9J
npetersen,_*TbpJ+v6o
npeterson,)_zf6nBdMX
npham,n1%IHnUN&P
npham1,ZH0hBqm)U(
npierce,Ch5@rSd$W#
npope,_&2GEqyKn5
nporter,$8F1@3Bf29
nprice,!^Cjo$mXD8
nprice1,Y9EEB_ul#v
nprince,l9MGfxTn(B
nramirez,H&0O$uViRI
nramirez1,&Pob*NUeO1
nray,E*N6CRxKcK
nreed,w*5bTusR7@
nreyes,(1GTDRk_mu
nreynolds,$wMbZ0gV#3
nrice,%(Wf1%Srvy
nrios,w6aEEfy@+5
nritter,ZAdK4DZyL(
nrivas,kW5XVl#p!B
nrobertson,sxFF6Bt0%1
nrobinson,m%5AFzL9cs
nrobinson1,^*m8PTPNEg
nrobles,0id0PmwOp)
nrodriguez,(0T5^Gkm^*
nrogers,%_3uVZn1i#
nrosales,!TRthLrjD1
nrose,T@T1BL$ho*
nruiz,$)G8)Gx2$7
nrush,_2E$Js2Ec4
nrussell,I8Az6LuI*V
nsalinas,xaG*3XErDa
nsanchez,m7ypXYsQ^b
nsandoval,i6HuDTgq!R
nschmidt,brkRbCgv_4
nschmidt1,2dDaCQJu!4
nschneider,f(*8gR#koY
nsellers,_6x6Jr24wz
nshah,m1*H_hI9_Z
nsharp,&+27U5fSpQ
nshaw,&3$6!mKa&U
nshelton,*1Bs4e6B#9
nshort,suZEK5A&_4
nsims,E#)7)QskKc
nsmith,6EJ6TtPiR+
nsmith1,_S1EJ1Ulcj
nsmith2,!Q2PjVnRk0
nsmith3,!1k!O2@3pk
nsmith4,t$K8O&ZUIs
nsmith5,+M16Rej3T4
nsmith6,^@b4DSvz$w
nsmith7,!&8xXg@uwJ
nsmith8,g+35YHh4YS
nsmith9,@QZVuWmx4A
nsnyder,B#^41mWhFi
nsnyder1,t(3@PmCqa9
nsoto,z11KCUxC*M
nsparks,u*T70Ep*V1
nsparks1,Q6bF$0Mr%@
nspencer,#14xEp@H0M
nstanton,T3RFbq#x(9
nsteele,*F75TWhg3q
nstephenson,!tISKjCyO4
nstrickland,@6OB$tw^HO
nsuarez,%L$2K&kwag
nsutton,U%aO3@JrE%
ntapia,$U!5F*hWH7
ntaylor,*QuUX3Ulrw
ntaylor1,@3!%H!qgg6
ntaylor2,_i)ZL04B7H
ntaylor3,5Q05TOSn#v
nthomas,w1mMmSL1(7
nthomas1,V64rE5mm((
nthompson,#I+P1TUW8v
nthompson1,id6MbHn4A&
ntorres,*J0Ecsb9v*
ntran,##cI*D)hf3
ntran1,p%r6yWci%q
nturner,_sZ4UEwu4n
nturner1,+fYm7JYo0E
nturner2,q0FKBSxp(t
nturner3,$GBUOQmo$2
ntyler,sSrg9jNw(M
nunezbilly,s^y0GmUxEH
nunezchristophe,_23L8IwcGf
nunezchristophe1,(_Y2E8r3t5
nunezdenise,7_jn7IOx72
nunezmark,b1$xQoan!E
nunezmatthew,x&9IxNl*(7
nunezmelanie,)!nYeT&m!3
nunezmelissa,4YY8YoVig$
nuneznathan,KKH4QpkS%7
nunezpamela,$0CLckhjjy
nunezryan,Q#1TCUatja
nunezshane,N+7tSbdlCa
nuneztimothy,&XWIbH9n8e
nunezwilliam,$PyG8Zwz+v
nvaldez,LCO6CunR!k
nvalentine,+3dVgi8UGT
nvance,@5(QQ&kS4Z
nvaughan,WWm700Awr^
nvilla,@i0Ti3y6(i
nvincent,17$RXov@_s
nwagner,LVM4^q$o#7
nwagner1,$2l7#KcwQi
nwalker,kh6(J3Py#R
nwalters,k&7G#HEN0m
nwang,UDt2C5e!q(
nward,8d2#Efx+f_
nwarner,stPb^2e2#2
nwarren,i@6CAUZq!0
nwaters,#$5L0VKtWA
nweaver,Fn#36GXzn9
nweaver1,#*6Q0sx+ZJ
nweiss,B!8&QuLm6L
nwelch,kj%8LCFmi!
nwheeler,S)5ySs1Nrn
nwhitaker,Tr&$OBmd&5
nwhite,6V#_OvEe*B
nwhite1,ZMH&O!@g$8
nwhite2,_6vGQrxq@L
nwhite3,)E91JJdz%T
nwhitney,#xBE+pcBY6
nwilliams,)2&1Gweyf1
nwilliams1,15KIy)wH^i
nwilliams2,2n8Wovsz^q
nwilliams3,S_+0Vk^aOb
nwilliams4,M4gQkdcG^)
nwilliamson,@vshRq*x0N
nwilliamson1,!*e6+aGqy9
nwillis,bRV2wJRu@9
nwillis1,pN&lPe*_)7
nwilson,!12KJWg$iD
nwilson1,0JSB_iPl$p
nwilson2,s%zZ5HkqWu
nwilson3,+Y45j%Pk4Y
nwilson4,!MAuIv+o9_
nwilson5,&Bb1XwaV@+
nwilson6,+2VKEEEOu5
nwilson7,IWG!L4Wz$!
nwolf,R*ek3Oyvtv
nwolfe,#MZGm%$E$0
nwoodward,!5mOh@@l4o
nwright,8rnFqWEo(m
oacosta,@@0YGj@Ixa
oadams,3v%LcDq7#)
oadkins,&T8MiZlwQl
oalexander,#yDGR@wtm1
oallen,YM7No7c6L@
oallen1,aZ2zAdBv+4
oanderson,wT6P3UqPZ!
oanderson1,t7u)p2Xr%C
oanderson2,!vyR&B*fR5
oarellano,6XmnMeLQ!&
oarias,Ye1QDOK!b)
oarmstrong,*JQeNxYmC7
oarnold,V2w_CHGp_4
obaker,IojG9S2xG^
obaker1,+C^7MECmdv
obaker2,_$fS7JQqzX
obaker3,8lO@5sPrg#
obarber,OM&4PcfYLG
obarnes,)89*^8O1gR
obarnett,J+Z7sGUwvg
obarron,2)S8AGgU5B
obecker,Oqi0DPfaa!
obell,i#a7CB6o@P
obenjamin,ouDo3L*ag(
oberger,4zhX$7kq_s
oberger1,#3VHqTYrN1
oblake,iK2P$mu4H!
oblankenship,)m76Frzb5m
obond,_5I8NwD^ki
oboone,(81KMvCWPM
obowman,%N63EEBp*T
oboyd,T020sO3gI^
obrady,2D$2JYj9b%
obridges,Z4VG%4@c)L
obrienangela,@tFANPV3p7
obriendiana,TZEQ2RtT^+
obriendonna,*fK#hnWgG3
obrienjane,^YfCRmUpT0
obrienjoseph,$pc!5PfM)q
obrienmatthew,ceqZYYmt@6
obrienmichael,&%Ztd%@m9t
obrienpamela,Zx4Lwu$Zr^
obrienpeter,_yl4B(S4t4
obrown,#zdq1VtRIL
obrown1,v54esI7r+k
obrown2,61OKc9k$*z
obrown3,G1Z9!(_j+B
obrown4,!YShO3Jaz_
obrown5,^2zE2TLopI
obrown6,_6JklS#9$w
obullock,R(Nk9XDrqi
oburch,b^348UmdE#
obyrd,)@028Xjr0E
ocallahan,&H4KG42f8_
ocampbell,q!$4Jumy3e
ocampbell1,%0TvHcAgIw
ocampbell2,9o_6dVbBAl
ocarson,%HI3CjWRx(
ocarter,_c7DD(OlDu
ocervantes,Z7*sLBZw!A
ochang,(E8r8XFlX5
ochang1,$IdQ9H%yE1
ocharles,)81HyZ9)qt
ochavez,5_5LmE!mRj
ochen,s%1I83yUZt
ochoabrenda,$$L4QRbuu6
ochoacourtney,)neCVJ0pf8
ochoadebra,s@Yf1R+lTn
ochoaelizabeth,q0WUT&B2!o
ochoajason,42Tv0YF2*m
ochoarobert,#6mKM*DB%w
ochoastephanie,FI3uAphd+T
oclark,9sX#o*FA!3
oclark1,MfG3Gl3w*t
ocole,%88)VxmRkE
ocoleman,vd4pKvvD_l
ocoleman1,e1ABnOg2*(
ocollins,!R0agZpMt8
oconnellemily,TV#8@$gj%5
oconnellkendra,RBC29WIb^v
oconnellrachel,^272Lg9Wld
oconnorblake,z*4haP2n!K
oconnordaniel,)U0BRFukeY
oconnorjasmine,#8LBkQJec0
oconnorlisa,*4R*ndmWli
oconnorshane,Y&83EeZ0&V
oconnorteresa,gh6eVVgwW)
oconnorwilliam,bNU8P+xb6)
oconway,G+Zh4Pxdux
ocooley,J&t02PICpf
ocox,4n*(hbYP^B
ocox1,*21hBXe)BY
ocruz,t@CMqzEm+7
ocruz1,7(XcItku(5
ocruz2,6(t39bTv@M
ocurry,^+9TntQy*B
ocurtis,576Z!huv*)
odavis,!_rVw%NyZ9
odavis1,$X34Y#ht_9
odavis2,5zFQTlKC)c
odawson,*4YZ24tpR@
odawson1,h0FCUCc6%i
odean,_5Pa7qcCp0
odean1,J3Js0+1u@t
odelacruz,_m05iBuff+
odennis,*M6+BNylt#
odiaz,+O2L1NKlW!
odickerson,Rcr)5LDxbE
odixon,&CPaI8i2E2
odomalicia,_j6RXmk^)E
odommichelle,$S1o4PPr6A
odomrachel,OX!FO3Ja*w
odomronald,bG!T8A(s2l
odomsherry,$YVD7awb82
odomtim,9^_NYl$7&0
odonnellbilly,_V5YZJkw5T
odonnelljeffrey,YZ31AbH*e!
odonnelljustin,bOh4s8Pm@@
odoyle,w&Q41bg6NK
odudley,&3qJQzTrCp
oduffy,4kLDsbhO(E
oduncan,58%&d7Ehil
oelliott,EW)Nzbpg+6
oerickson,q_7WhFrGKc
oevans,2yPiBzGx__
oevans1,^2wBBjYx(y
oevans2,&^+FIn&ju7
oevans3,JO)d4GsON3
ofarmer,_3QnjafUP2
ofarmer1,_JjqDbGr0C
ofernandez,gbv9W!NlM+
ofisher,l0H3eJJr+a
ofitzpatrick,M@@3LWSl0^
oflores,^%W_OXAJ4g
ofloyd,R0TgT&uc)p
oflynn,Xl5G0RmtQ#
oforbes,)5VkTg5wc3
oford,oDUoA9$m%0
ofranklin,V_x^5Fup$*
ofrazier,@V7s*XfXs2
ogaines,*8#Mh7Wz&(
ogaines1,5sBvTXGH_z
ogarcia,jX&1Mm+pz&
ogarcia1,xEk24wkg0^
ogarcia2,%08lmMCuq7
ogarcia3,AR10%Sug(y
ogarcia4,8q9PwA2LV*
ogardner,&M0HbK%Q)*
ogarrett,0a3(WNFcx%
ogarrett1,_%)2KBjo^n
ogarrison,$gWNYqly^3
ogarza,^r5Y!mJDgV
ogarza1,w+I5D2JjZ^
ogibson,r!#K6Q2d5@
ogiles,afBf6aCi5&
oglenn,)7^znLms(K
ogolden,0qgzLAbn+B
ogomez,(9lSMukjFw
ogomez1,^4LR$EJgo%
ogonzalez,O9Rq_kV%__
ogonzalez1,pMb2GOij&7
ogordon,%A+SC3sr34
ogordon1,o(Z47JKzl^
ograham,&*3B2!OshV
ogray,@KNdOU^A9L
ogreen,o_Z_O%oy#3
ogreen1,*#98wBlz8U
ogriffin,O_G9Oo$aAk
ogriffith,$#4N0oR4oi
oguerrero,_6P9CMvLMM
oguerrero1,)QNc$V+Bq5
ogutierrez,b8ihXK@o)O
oguzman,fK8CZNbE&1
ohall,WP9J5f5W_(
ohamilton,lJ2YAwgF6_
ohansen,^)on1hConn
ohanson,(^OtQukqZ3
oharris,YQ5KQsgL+3
oharris1,0@@E1UFCff
oharrison,!Vot_VpX7W
ohart,DP#1fGvZ_8
ohart1,^B4JJao#yx
ohayes,^6H7*ji*8d
ohayes1,)n_6eBL*98
ohenderson,)ic0BgtH9*
ohenderson1,)B6KKqCo!8
ohernandez,+B2^(PAy2c
ohernandez1,Vn)0aI+at$
ohernandez2,+uSfBzhUQ7
ohernandez3,jeBsMY3y#5
ohinton,x(^5Fd!T8i
ohobbs,eh4yNDp2#n
ohoffman,f1%DtN7l@M
ohoffman1,)6BWsBye%c
oholland,%f13Yv#6W$
oholland1,@P6lSDgc7z
oholland2,t@MJLATe*2
oholmes,F4ZZtOlj_J
ohorne,!1P_ekovKq
ohorton,_9X8Pvctp!
ohoward,^eN!Xw0a86
ohoward1,)V%21KgP5m
ohuff,(8G*DCkfgq
ohuffman,!RWqasAQf9
ohunter,7bER^wQ@^&
ohurley,#9LyQ_5aL+
ojackson,P5YZASDm+z
ojackson1,O%s4gO*f%S
ojames,_&iTpOnO6T
ojenkins,7_1xBTowEe
ojimenez,%V34m5DpQ1
ojohnson,(lN$9rPj&f
ojohnson1,xE*3OCfO_!
ojohnson10,$^(7Fyljwz
ojohnson11,v7_l7XrtY1
ojohnson2,X3X%kpk$&x
ojohnson3,!y_bZr67i8
ojohnson4,^+SGKJoz*8
ojohnson5,J2UqCuGo^A
ojohnson6,ZQ3I#*Zoe!
ojohnson7,+M9UiNpH5p
ojohnson8,O)2C61hjfS
ojohnson9,C5M^7zOg2o
ojohnston,YUc4MdMp!2
ojones,_kzXXSInm2
ojones1,^0yL$l$lwB
ojones2,#_6ZVen@&o
ojones3,o3CSxJC_+0
ojones4,Jl@a6vVkV5
ojones5,)kMZVvLPh6
ojones6,FZeNnMRc!6
ojuarez,J$wr4CQu5h
okaiser,J*P8_E%jO#
okeller,N1adT0Kx%*
okennedy,)mGLSt_G)3
okim,6W4yOu2O*4
okramer,31LtEAit^r
olambert,_UWb$5VvC!
olang,(^sZ2BUbZB
olarson,6r0!FTVwt$
olee,!4nkuLoEzj
olee1,^ccp5XPolu
olee2,+A0HarLmj#
olewis,qSr5ZWxWu)
olin,!0H55DEoXX
olittle,Bp044WqxW+
olittle1,^G61DsuRXl
oliveralejandro,^R9kPUjlsR
olivercarl,4W&QSsG*#6
oliverchloe,QI6iDTgeg)
oliverdaniel,)!)Hpo#Ur3
oliverjennifer,)Kr5FRnYk4
oliverjohn,Xc2CGnc5_$
oliverjohn1,$nT7Z_+Pg!
olivermanuel,9_Q65TWiM&
olivermarie,&R0FRGDkdR
oliverpatrick,mTGcLtDq$1
oliverrobert,@xQ@uyYUh8
oliverronnie,z7B%CLRa%b
oliversarah,SdGQddUn@8
olivertracie,1BAtKlb^(S
olivertravis,a^(6DTshX*
olivia11,Nd2DTW4o%1
olivia35,Ax$(7S4lVa
olivia60,8_T12KFk@M
olivia82,(e7SLlZ(pm
olivia87,$zlHQH*%2K
oliviaalvarado,5Eg6jIkE_C
oliviabecker,@2VA3zih80
oliviacox,A__2V6jZJD
oliviafarmer,)6XJEg4(qS
oliviagarner,wy(9XylWi+
oliviahill,&8f59rGyi@
oliviajohnson,q+6@CbPxM%
olivialambert,O)h8M@Ej_J
oliviamccoy,S%8N8vVwaQ
oliviamcfarland,p8yW!YqM#x
oliviamoore,J^J1gKxKv(
oliviapayne,Drj5FgJd0%
oliviarandall,_Y7M6bsfs2
oliviasmith,()kTniN%04
oliviaturner,B15#H7Nx^z
olong,$4BwoeSMr4
olopez,_WA5cXBbUq
olopez1,D58gXLFp%Q
olowery,yE*8Bf^tnT
olsenanna,5zOJ*puQ@y
olsencharles,Z@7^EdArt1
olsenchristophe,+4smBZCw*8
olsenlinda,p(4wQ5kY&6
olsonalbert,Z)a4m5sjaI
olsonangela,o+IJkHNu_7
olsonchristine,A&X#8Cd0#+
olsonchristophe,d8ayFrzw*5
olsonchristophe1,R)1Dv$^UC#
olsonchristophe2,e_1M2%#o!I
olsonclayton,Er92KO&b_@
olsonclinton,#rWGfIwJ2@
olsondavid,r0DZmN$F+v
olsonjohn,U_1Gw#Tzmk
olsonjohn1,$yBAfSeg^5
olsonjoseph,+Cjn5Qrp11
olsonlisa,!vdQmfmbJ7
olsonmaria,!WG4CyvSH#
olsonmary,5wg0ZfFoH)
olsontaylor,@0%NKfv+8o
olynch,1n1a34R^^^
olynch1,*B2rsJvHp^
omack,^mtK8s&3h1
omalone,Nxf0MGHNH)
omar52,Q(jQ1H3pk3
omarjimenez,3XHrv2n7(9
omarjohnson,#2HLL&Q%nU
omarsh,75ONUQoZ&p
omarshall,*39dOxrg0E
omarshall1,Pr00XiD!M*
omartin,d(Lo6g$t*6
omartin1,oHNxzKa%!0
omartin2,1(2*vFyyn%
omartin3,@qdSzDmO28
omartinez,y#)5BUpcX*
omartinez1,#VEX2ztJz7
omartinez2,ubP091Sj$6
omartinez3,#uj8JNwVYL
omarturner,kT8+9Ew_a)
omarwarren,+YAvMgS$N5
omason,vOwImBab!9
omason1,S!T0JZ*6No
omason2,%pFcEaLrm8
omayer,9XxY9LQsQ!
omccarthy,s5Nm5UjR7*
omcgrath,!93BLVu&nY
omclaughlin,^gG12LxD5)
omclean,^0FAMBPdXa
omendez,&7E^N1mGi4
omiller,V#x7I&Yi%I
omiller1,KfJoFkLs$8
omiller2,)FlD1Ljo)j
omiller3,e5MqcHU2@2
omiller4,jJ8fXkaGz)
omiller5,UF6+1FgDW3
omiller6,@dkor6ClQy
omiller7,(BV8AO%rBY
omitchell,%9CLs26e9D
omonroe,@uGODtNpv6
omontes,h#C9w(WtQc
omoore,+3h^DNb8Gm
omoore1,SV6Ju874!#
omoore2,G2*EZ_fy)U
omoore3,(K4@Cka5l#
omorales,PeAZHl3W*0
omoreno,@1#nR*pA!s
omorgan,g&7iSy)Ylc
omorgan1,^hxS)jRs0L
omorris,sKF)q#wj&4
omorris1,Q5*J4LXv@V
omorris2,dz4HE%qo_6
omorrison,_0FBHfRhwx
omosley,)f0!Zzi@2g
omoss,YCa&2Ucq+c
omoyer,7^71z5vy5C
omueller,fuI2Wum)+)
omurphy,&S*SnvKkC7
omurphy1,1+U8Z3oFlK
omurray,Qt$1V)hSXo
onash,Ut@_8Wty$W
onavarro,t1!AcarV&v
onealbrianna,09Zwqg8d@k
oneallisa,g^gKq7Fhh*
onealterry,_rqsZyXM9o
oneillgerald,p*yW9Yajp!
oneilljames,!ioI(fRr63
oneilljoyce,@5z+AJ$xu&
oneillpamela,!yMQ0wdk3@
oneillrussell,)ANFLxzr*2
oneillsarah,oy45^Gxwp#
oneillshannon,Mk0#TIOl_5
onelson,RQ(0XfrZ(c
onewton,W+YJ(YEq&6
onguyen,c*6TyMs(md
onixon,_zL4GsvgYm
onorris,y(q7TIqW(Z
onorton,Bj(Pyiqw@0
oobrien,4aaUC$P+!z
oolsen,Ex4prYKwD&
oorr,iyKKSqYY&4
oortega,*#w0YtOcJ!
oosborn,%%8MfcwT$i
oosborne,Cv9I#&Gz0+
opark,^7#IK_ub92
oparks,7s3P5Nn@_u
opatterson,T5SwUzVG_j
opena,&^UBMrXg*5
opena1,8BfLdUir*9
operez,!XuVSwos18
operez1,SwU7EwLs_Z
opeters,^q4fSYXslP
opetersen,yX1%!UmI@n
opeterson,(L1JW8d1A@
opeterson1,!_Y4OxycpM
ophillips,m!XB2Lg#$z
oporter,@N7VR_Ipu*
opotter,lJB0@D%a4)
opotts,M*D+5EBpSH
opowell,@#G6GRMz*E
oprice,%1Sn^MS6oR
oramirez,8gLWCz12^0
oramirez1,+u5C&daAL!
oramirez2,4PD_KUuj!s
oramos,++412JciLc
oreed,*1PG&*7lm6
oreeves,z8*NwJM9(j
oreyes,aav9YjY7!J
oreynolds,(3o(Y!fhPg
oreynolds1,z3#Q43BnaY
oreynolds2,h&0Qn41)dk
orice,X@E3Oc+HRv
orich,+Am7eTAj!2
orichard,Z+3zv0nEdT
orios,*Fx4TVupep
orivera,BZ1EQ6jG1&
orobinson,H7QoTeSO!n
orobinson1,i+A23KHl^E
orobinson2,*i_Qu4bfH7
orodriguez,%8^yHi78w8
orodriguez1,Gr@30XuhCL
orodriguez2,%qf+UEhT3r
orodriguez3,5Oh*fB#c*V
orogers,)VA51SaN@3
orogers1,59p&LMLd!Z
orojas,_p5jTEumO0
oromero,W(t0E*bbrE
orose,Q&1IAtzY&c
oross,Z1&ZpzrD!o
orowland,&#tYrHY1z6
orozcoabigail,G^7U0)Em_q
orozcodaniel,W&6k7z+drN
orozconathan,+8pWikYi+Z
orrjennifer,08#Fd2Ue+g
orrvictoria,us77WTcgp(
ortegaadam,ZdY@9ObsoB
ortegaashley,f8hIfLX@#l
ortegabelinda,_!4LGilq7!
ortegacindy,W4UcGOwZ@J
ortegahaley,3z41Ec)H^B
ortegarandall,%NUM6GSg(F
ortegashaun,)m*iNC0a&9
ortegasusan,2k)B0nOlAu
ortegatimothy,KF0AqD!7^G
ortegawayne,!06oYEQwD7
ortizamanda,$14Ce(bjK4
ortizbob,!5D0Hl(F)i
ortizdaryl,WLB%pQ5a@7
ortizedward,Q)0OmWqgXe
ortizheather,_KKl46tb7&
ortizjames,aGQY@8Gp_4
ortizjeff,&if9B+zKF9
ortizjoan,+1vx*virWW
ortizkyle,*1gJ45ti!U
ortizlauren,V1Ua1Wn()5
ortizlinda,j4BVqqO&&e
ortizmark,@WE*dtsD1U
ortizmelinda,z!9@8RPd#0
ortizmichael,ruP^g9UzHv
ortizrachel,$1Ei29c3(P
ortizrebecca,SVV7LwJr$_
ortizshannon,jVOI3YrL@9
ortizsherry,(A2GYfwke(
ortizsteven,+(_KCxrh!4
ortiztamara,&2rXF@ggQW
ortiztammy,xkWFg4Iw@2
ortiztimothy,)115MWOy(j
oruiz,5x3vB11a&_
oruiz1,a2%Hi(xl$0
orussell,%C7iHskYW!
oryan,Xq%4KTDd#7
osalazar,9977OvF!!t
osanchez,^Rb!Ef$t0m
osanchez1,7qBYy5Z0)X
osanders,O0FOnmHe_n
osbornebridget,qF)6EbGr$3
osbornecheryl,t@3ZX2Ca1l
osbornevalerie,$)%L0Nz6uM
osbornjulia,#jEe7Mo4a6
osbornmark,Ze5a$GWc%)
osbornmark1,x6Z6!YEB)w
osbornsteven,!D51IWo3Hf
osbornterry,!p7$URoIt3
oscar10,(yL1GRXo7^
oscar11,(UVnC+XiG9
oscar29,d17CsM$v8^
oscar75,!5a+E_gc1W
oscarhamilton,r0Pyl(AU(l
oscarjones,&08l6Vr+F&
oscarlee,#kRhHEmS)3
oschaefer,V%8Zt6XAty
oschmidt,N0hYLvs$@4
oschmidt1,kB_^1Our(G
oschmitt,+04WgjLx*o
oschneider,(14o_Em6+4
oschneider1,+(2ZW4xqvF
oschultz,5$S9CM0nfD
osmall,st0Nroz9+4
osmith,T7SI**Et&B
osmith1,i!sm7Ln7h$
osmith2,$45XkvMF%2
osmith3,+gh0XvDqRr
osmith4,A7YUbMxy&E
osnow,uF4ZP8c0H%
osnyder,br7SddQX(b
osnyder1,+MgFtnTp!7
osolis,(@4Nd6Eu_k
osolomon,&l22Tplc*!
ostephens,5W3(ETsh+N
ostevenson,gUO6PUo6$G
ostewart,*2DArUvw$q
ostewart1,+2+aJTo8c1
ostout,B0tcl3Tq$)
ostrong,(pz6G%Ko1z
otate,_iCbuyHr7K
otate1,e9Wp7xom$n
otaylor,HK42Ycq(R!
otaylor1,)_QwlFbW5k
otaylor2,*D_J(qiy^5
othomas,@%9qEL$fOQ
othomas1,o0poYgI*%(
othomas2,I8i(#99w&D
othomas3,b+41KFrAP7
othompson,Y3CD1Lcm_g
oturner,BJ72E+9r%0
oturner1,*JZaG9w$3_
ounderwood,9DP#c3rs+*
ovaldez,j95Ujq0#(6
ovelazquez,*1wj(PbULm
owalker,O_+8Ezkrpb
owallace,0U4bHxb#%4
oward,_SnvDrZs9N
oware,*uGGxtOov3
owashington,@hc0dTHf@s
owatkins,^1b7Q&UJ6p
owatkins1,#4AgoAznbk
oweber,Gfz6^KTiF+
oweeks,v^4qNyeh8M
oweiss,_6uQBEc+yo
owells,0bygMKKo+9
owenapril,gS@87RSm@O
owendavid,(7PkFVg8T%
owenmark,OvYw^zkp^2
owenpatrick,!TCFmVFi9j
owenpaul,&K7kLvNLUQ
owenscharles,Gk*B3CXe8i
owensdavid,G(8TJgH4XM
owensfrank,*%RV1zt4%3
owenshannah,K@B5*UlI!q
owensjanet,A(4O+64a5k
owensjesus,nari4Aew*V
owenskatie,%28cv^YgNK
owenskrystal,Ob2VvqBI*!
owenslauren,jB870P4d)Y
owenslinda,YIz5Rk(sU(
owenslisa,3FV*LwwR$T
owensmichaela,yp03E(Zk&7
owensregina,!9coK!sgKp
owenssusan,h@6qH7Jy#y
owensthomas,9+M&Sk+P*5
owensvanessa,Q_V02Ztmes
owest,7_!yF^Ny&Z
owest1,$1SiiBUiva
owest2,r#*3+Cfk(6
owheeler,1V$y6C)qcC
owhite,RT4A4ZuuO+
owhite1,H#21^H_fCV
owhitney,##Z18#UfR1
owilkins,M6Pee!dE(K
owilliams,#z2GMvLyfz
owilliams1,$m9JlmDly(
owilliams2,paV5GT%Fs$
owilliams3,1jVTrVZK&$
owilliams4,Yq9t3dLw(i
owilliams5,ZX@%NQlO&8
owilson,jl*2GEC&k*
owood,#0EEwsjfK3
owright,*1wOzNEy8U
owright1,9LeX8NeQ2_
owright2,qs&(#7RqS8
oyang,Cy^24QjkW_
oyoung,s&5&UywQCZ
oyoung1,!3SD068(Bb
oyoung2,%Pq9KSjrf+
pacechristina,^%d4#8Pou0
pacelaura,5n3gEnw3)@
pachecochristia,)g0LlNP*+j
pachecodavid,$xG$1SLurm
pachecorobert,fK57(dFgo(
pachecorobert1,&LxTRVoq72
pachecorobert2,*RtB4pgj26
padams,&5M9LeCyl2
padams1,%^g%1WLps^
padilladavid,#B0!XhZfpT
padillarobert,e#B2BcVcEQ
padillasusan,E+4JqQ_0^T
pageautumn,p&(U0fEpIe
pagecharles,+U+20XLlB+
pagechristopher,+s_UW#e7!5
pagemelanie,*i2!4@C&1%
pagesherry,EW!7J8Lypk
pagetammy,B+B7Hp+iXK
pagetheresa,9_9DSs!fs6
pagewendy,+L3ZkzDl#l
paguilar,_zg4oWPV1@
paige24,r70WWt2M!o
paige30,hne)sVv+(7
paige52,@#9BTduNYn
paige521,$aBECubSA7
paige76,_6icgG2jKx
paige92,n6fX%G9w$P
paige97,4rCAvdZs!f
paigedavis,+(89nBhfxr
paigeherring,(77TKZl((X
paigeochoa,#t4Dp4myiQ
paigesmith,1CYcxDhe)U
palexander,20riFYpw+I
palexander1,av@GDYXp_2
pallen,&+6ULHn7Ab
pallen1,GgN+t8Tu*A
palmerapril,vL7J6KmLB+
palmerbrandon,$3d4OPDhaV
palmerbrenda,!4Sh8kNLh8
palmerbrian,^6dX#vNqg6
palmerchelsey,GFzA5GNr+$
palmerchristoph,s8HpWvlJ%s
palmerjose,65Pf^8Cw#6
palmerlindsay,(@+0Axc_Zw
palmermark,52Wx^Se(*+
palmerrachel,E4$cKUwm!u
palmerrobert,++H^tWim78
palmerryan,!6TRKSmIHY
palmersarah,2!h9Z1GsQD
palmerscott,EP7nbEUh@2
palmersteven,_(^9QgWl@#
palmertiffany,*igj2P3fct
pam69,M)54RDxc%*
pambrady,4t0JRrYd+n
pamela03,^1S*uU_&#5
pamela04,N7P$m7LlCN
pamela05,K$68BH)hyH
pamela06,&lpsxYOp2o
pamela09,!d7GyPog+5
pamela12,+HDKW_rl_3
pamela13,c@9QMgp$um
pamela14,Z4!TN2^f@0
pamela20,_gH#Rnfl4K
pamela33,KU9B7s_uQ)
pamela331,n6y1MQFu$^
pamela35,(90$UW2l3l
pamela38,^Js3ewVh%m
pamela42,mb6^6UyKRw
pamela51,7!qJ9dMjMN
pamela58,g4HLzUZk#l
pamela72,dyLZ3Jbe@2
pamela75,%b#D+nFJ2u
pamela77,^dB09bZgGA
pamela79,#wdGiIY7t6
pamela80,_kZtWN*Un8
pamela91,Rs0Y(Vdt$y
pamela911,k(n4Wd!@fb
pamela95,(811C*h&g%
pamela951,%1MoMNukB)
pamela97,d2Yj504%&i
pamela98,%5GlNuZWH1
pamela981,!%1JvFDgNp
pamelabaldwin,%%GnHOpbC7
pamelabecker,#IaHFR)Q9f
pamelablack,w!k5rnOa^l
pamelacarlson,#_10Mo5Jxc
pamelaeaton,$9dSp$Mcjc
pamelaestes,!21BiSTNWk
pamelagreen,uc38YjviW)
pamelahughes,ITn2dK9b@$
pamelajohnson,XP)8QkFdpe
pamelalopez,Lx7GY!ft#%
pamelamarsh,ng9LU)xQD%
pamelamartinez,W!u7Ib6l(L
pamelamcneil,*%H1EVd(vn
pamelaparker,h&2&HFqkDb
pamelasampson,U3cFUOMh+g
pamelasmith,*1w!Z*$pp3
pamelastewart,GC!j9PfFA)
pamelatapia,@$GNSAAv1T
pamelataylor,G+j8YMtl+%
pamelavasquez,@_L8nJDp&6
pamelawashingto,JK&LTUkY+2
pamelawilliams,r&2+N0jD*s
pamelawilliams1,L2A*ljeV&&
pampena,_6CeIepS2r
pandrade,_bMDOZ*o1G
pandrews,)MSCmGai(8
parkallison,9*&7jZzWRu
parkdavid,#6Lrg&dTmG
parkeddie,@D3G&Fsz*0
parker73,&h&T4GpV*j
parkeralison,Yj043#AfX!
parkerbradley,p6#IC08i*o
parkerbrandon,yd60*YLr%0
parkerbrandon1,+#BFTTlp8E
parkerbrian,&coXpBv_31
parkercole,DFsu@B4qC%
parkercynthia,@s2Y!iUy#^
parkerdebbie,70V7PStv$i
parkerdiana,3X6S8HNc&t
parkerdominique,6h5WIBCh@3
parkerdylan,M$YrXCey$8
parkerethan,_+)3(7gm%A
parkerjeffrey,s6B^mjzV#6
parkerjohn,cAm9DMqbW$
parkerjohn1,6c8u*4Bygn
parkerjohn2,k2pdGB9d(3
parkerlauren,qkqdSR$l*1
parkerluis,T$gABeKy!4
parkermark,#sZKlT5er3
parkermatthew,a6aMFqKF+)
parkermelinda,Um^6RwAcQ_
parkermelissa,g^64o5aJ!F
parkermonica,1O88Aq!8U)
parkernorris,*NK0uqMfPQ
parkerpriscilla,H!RDC2DoAt
parkerrichard,M55wZ_gd^J
parkerroberson,h31IWPqo#p
parkerrobert,+qMKUlCVl0
parkerrobert1,c@K8NoKoL#
parkersanford,@M1Wzc16#5
parkershane,79+7GQPcsO
parkersteve,lQPT*8zk+4
parkersusan,LXj8^vurY&
parkerthomas,(7nDhi*pP0
parkerthomas1,@1KQSytuq7
parkertimothy,Ug&IaBQi#0
parkervernon,vT9@0GQu3C
parkerwilliam,$6U)yap%rK
parkerwilliam1,!1@lR+YoLz
parkeryolanda,%H_(o6JmYt
parkjoshua,#LjAH2fn9k
parksamanda,F_p0xOE)Bs
parksbrenda,E77no6Hs+r
parkschristophe,ZaB2QDhCE^
parkscorey,#1A#C(lMzH
parksdustin,)%$+Wri+S3
parkshelly,Q99Vh7b&*+
parksjeff,*m91ICda__
parksjennifer,vrZn6OEo(r
parksteven,#7T%GXJf38
parkwilliam,1JoJ!w5g+!
parnold,t_V8QsuTb&
parnold1,@qWF)si+44
parrishanthony,DdQiQzxL+5
parrishashley,bo%4LNMhE)
parrishjay,!v0ZPSCFH_
parrishjoseph,rH$6BM6aWa
parsonsandrew,d!H8i5HiMr
parsonsnancy,PzZ0*R@f()
parsonssherry,7(1kD4PtLp
parsonswyatt,!_lqS64nyX
patelcameron,jy5^KI3j&&
patelchristine,_2UH$LeGgZ
pateldiana,BD0ZPXooc+
patelheather,1R5ZZea(^q
pateljeffrey,XrCWHsmc$5
patellori,Bn)7Clo(9F
patelmiranda,(4Blai2q@M
patelpaul,D@2NXdw7aX
patelpeggy,!#9G%@RfXi
patelroger,O@2D0nAzqr
patelstephanie,68aTnjz&_o
patelteresa,%c97G)ThlL
patelvictoria,J4Aalomx^q
patricia00,!veN25wk$1
patricia03,riAG9rGzF!
patricia031,pcm9Gx7Y*1
patricia14,_9W(k1FaeB
patricia141,@1ZKYts_0W
patricia15,*wQl2x7F4Y
patricia21,tt48M!YWC)
patricia26,)grKq9LbZI
patricia30,6#RY^8DhLY
patricia33,e6Zk+S(__I
patricia34,&g0Y68n9F+
patricia36,dv6WNNDLL*
patricia361,@71PnAnmwF
patricia38,vHBU3e8l+9
patricia39,K7OlNyLU#d
patricia43,Z19QqMr3l%
patricia44,9#J)7)Jt$6
patricia49,+2Lzex%SXx
patricia51,EC4!!lDeX%
patricia56,(ol2P2Fp&@
patricia57,h63bp_Hl*j
patricia571,8oUf*mfl$*
patricia60,t+5Lq+&ZAi
patricia601,ULX&1EMw!%
patricia61,k^2ULPpnNe
patricia62,)N3kJEb^^i
patricia621,2g4_AfBVI&
patricia63,4sLl(Usw%D
patricia66,@0DNMxG7zx
patricia68,+9MidstQJg
patricia71,(k7rPjt%gM
patricia73,@9(Qd$7rNU
patricia77,fa(4^MMe%n
patricia80,slR&rs$7%3
patricia82,#88CmsfhDv
patricia88,w2%5D5Se9X
patricia90,dy%1SnbWG&
patricia901,(lKxf4mr!0
patricia96,(2JnuSzm8+
patricia97,)k1wIAatKb
patricia98,6$ZtS7E4_6
patriciaaguilar,n9C3Wxi$@x
patriciabennett,k!TE8VIZkg
patriciabowen,&U3LQlf6S^
patriciachang,pZ99JBAp_Z
patriciachapman,B_wZZqz$!5
patriciachristi,#354X%Xn98
patriciacook,w2C#MMx@%R
patriciadrake,l49ay4Qfh_
patriciaduffy,825Eq7P3_#
patriciaedwards,7xAV7ln4)U
patriciaevans,YUG0DhWw+v
patriciagraham,a%40H$%97u
patriciaguerrer,*)3WPJsm8w
patriciaharris,__27bNnXCe
patriciahawkins,#O!2BCoJJX
patriciahudson,+n2*QEzyQA
patriciajohnson,Wfj4kMV^H@
patriciajones,JwZx$Cpb&9
patriciajones1,WxEBjx)8@6
patriciakane,6QWJv@xH&E
patricialong,%D8uNNi4aM
patricialynch,*iL7Br_Fg)
patriciamason,$5ov!hQiY3
patriciamiddlet,zoVxv7_h!2
patriciamiller,oQZU1fn^%1
patriciapeterso,)w3SiX12p%
patriciaporter,@hfe4T)evJ
patriciareese,1w(35gMlMt
patriciaryan,*4LL+&q%^w
patriciasmith,)6#E7AYr+i
patriciastevens,fx*e3Tk8cJ
patriciaterry,)bON$0*K#5
patriciathompso,kh!dW4SsU_
patriciawatson,N!2Nx6#C9Q
patriciawatson1,%5AJuQq*59
patriciawells,)C4JSzhn1j
patriciawillis,tEd59A4s$F
patrick00,D&$Lc0Xb0%
patrick02,0bm!Wm!X@5
patrick04,12XfUK7y*r
patrick05,^L5)Bvo(a8
patrick051,a)9ZoPsA9p
patrick11,u(w3HRow$y
patrick12,Y#0HPIHpfP
patrick21,p#5ATAHgq!
patrick211,%7lKDRDaeQ
patrick23,)3oc%YBkAv
patrick26,@gHFbaOE5%
patrick32,2&3@+3Zg#s
patrick36,5q_#2Zjs%(
patrick37,&IYnh!3@7k
patrick40,f#1!7F1W0g
patrick43,gF2UCuXN!c
patrick431,3ooOVT%q_j
patrick53,h#+2#cSrZ7
patrick55,E5WbqJxc+Q
patrick58,pQ^Co@jq^3
patrick62,X7^UWYkU^7
patrick63,A4wi7PEjh)
patrick66,(uhAXIi7s9
patrick68,GXIWafkm+2
patrick71,&BRJvh7%$1
patrick72,qt94(Fdyo)
patrick76,qm68SIg&)g
patrick77,0244Xyhy%Z
patrick78,3oI(tb0l%k
patrick80,dv^7W9dOR(
patrick82,3lV%15Ji$$
patrick83,SsB0RgtiU%
patrick89,)f0pJ+adTc
patrick90,f!0_D+do9_
patrick92,4^0NE5auBX
patrick921,*(Q1tWHo3A
patrick95,26BK5d!s(b
patrick99,*qT@ztQJ#7
patrickalexande,OAQ6WCMd&q
patrickallison,m%*1TNg(lO
patrickanderson,q86UzWkf^B
patrickbecker,GE6DGUGp+(
patrickcalderon,TCD$^6NgYc
patrickcohen,GLs4nIkq&p
patrickconway,J+3YATiE)+
patrickcruz,%exHImyn^0
patrickgarcia,W#Pwmie#^8
patrickgonzalez,40Y6_rBM&D
patrickherrera,rbJg8Jtrg%
patrickhuber,NMfZDL7g@1
patrickhunter,sU4H9@grU&
patrickjacqueli,SRz4eIyy)1
patrickkelley,_yP2+OPsr+
patrickkey,k)46TwPh_T
patrickmarshall,h&6RrV55^U
patrickmorris,co)8EeM*$j
patrickmurphy,^V^X$hhGj8
patrickmurphy1,t(V6eFNjB%
patrickoneal,c)%1XHmxoN
patrickperez,+uUysqtV6@
patrickpeterson,K(c(0jGhDF
patrickreese,8jThBBBh_M
patrickriggs,@F)75Gzz+9
patrickrodrigue,Y4U+1RQxJ&
patricksmith,g8Cci4Gn*P
patricksmith1,K2S1s*sr^J
patricktara,F#B$4QOycb
patrickthomas,70gW^*5f%g
patricktodd,_zDV8SDpN3
patricktran,ofqt!FAo(8
patricktravis,*(VlzaSY0^
patrickvance,h*R*Urb&!4
patrickwaters,263#JwOu!z
patrickwells,waIBJcgY_4
patrickwheeler,2Z94XgSzc@
patrickwood,_91N@9sH#v
patrickwood1,y+j1^6GhP&
pattersonalexan,^821JLrg7q
pattersonamanda,c)@6WNkKLI
pattersonamy,2e5uJOri_D
pattersonblake,&E3WfU5i+r
pattersonbrando,&tpEh#pYe8
pattersonbrenda,7mnF*(xv#U
pattersonbritta,^8lp9WcA3m
pattersonchrist,&3bVz5Nj0h
pattersondonald,*gLnv4Q!d3
pattersonglenn,Q#Z*K4Pi3^
pattersonjessic,z2qPKLy4#t
pattersonjulie,86!K(UAw)n
pattersonjustin,X129CpHlv#
pattersonlarry,e1wbPf_j+h
pattersonlaura,kL5Za)C&G+
pattersonleah,!$GQgq)j1q
pattersonmartin,@71VR!Pgby
pattersonomar,$1IRThl5_8
pattersonryan,VSQlWLc9@2
pattersonsheryl,)fFjrFbg08
pattersontanya,$*2gEOdGeG
pattersontina,aSGsVJv%@0
pattonanita,10RaTQeu)O
pattoncaitlin,^d$4mTWb$a
pattonemily,@iE+cOO_!9
pattonhayley,G2OAhimh%L
pattonjustin,!5E14Njyfy
pattonsamantha,MWdSl&Ip^5
pattonsamantha1,2Pt4Hn0O@&
patty26,e&2SN^c9XM
pattycook,)1WtVizMrq
pattyduarte,&(RKHiT83b
pattyguzman,Zl_8W0GuHb
paul01,cQG(pogi^2
paul04,H84EV3$h!5
paul07,AP7PdAxM(8
paul071,@&84LjWaDT
paul072,F^3b2VAdYp
paul08,0Twa+Kvr#i
paul13,@5#VeXko(k
paul18,g7eUWL6S_c
paul181,+a0fGtkr58
paul20,sf5^KwY9Z^
paul22,40Y3U))yl!
paul24,c(j02Fd(ik
paul30,%2TFhtd(&J
paul31,^vaCDB*)P4
paul32,*5$mVlo)8j
paul36,Gz1INXvzK!
paul38,$3Ceream39
paul40,_#cR7Jue+Y
paul41,4L97LLEd)S
paul411,n0Z2IkmE_5
paul412,qoF9B+ZjD!
paul43,(SMGI5Mo7^
paul52,@xtaW6Yfla
paul53,P)+#7SXqaP
paul54,p#0xLF5LLs
paul59,f78EV8su$e
paul60,*vNCdxc&42
paul63,+pV21SrAn8
paul68,*6iWeY!roo
paul69,XSE5SHqy^U
paul72,G)%f7D%uOz
paul74,bI$GnHZn@3
paul741,(Q^P5VvV+Y
paul75,q!u4zVJiX_
paul751,)7sHy!haHx
paul752,Z0BIH8EG#i
paul753,O#13!$TbD_
paul76,TaTWtX((!9
paul78,bAjK6Flr8+
paul79,J5Mt1AUn(_
paul791,FuB7B2u^@6
paul80,CzTIDFVZ!5
paul81,&!d5HPqpd%
paul811,cn^4AW3uVe
paul83,J(3DAcfooW
paul88,+QQFVo5910
paul95,n8M1Qj_x^v
paul96,nBG7ve1t^3
paul97,!sQPI!VyD7
paul99,Sl#54INf+1
paul991,1x2yH+Q(n_
paula00,#IO8XLQn8q
paula10,c5VGSfh+$!
paula14,zQWbaG01+2
paula23,Zx(TKy^D*5
paula26,)*ty3PPn&5
paula32,mvkHT0Hhn*
paula40,%#N2UGrk74
paula44,nK6Ka*A0)2
paula46,^oegQ51kq3
paula50,G23aKAjj^U
paula51,LPW2h6pa&4
paula52,*62HJekqEi
paula54,*g3WNtt7Ha
paula77,!g20U+Ral_
paula86,i$4s0yDdyN
paulaallen,^yV$Sr9o30
paulabryant,*)$3XzdnRM
paulacastillo,#0VKXX16yD
paulacoleman,(0uXu9bJ@W
paulahernandez,v2W3p6y0#f
paulahester,7*qW%4no(h
paulalarson,%CQR+haeo4
paulamathis,_w3X(n^OhA
paulamckinney,(C2Pw!Hvc&
paulamclean,N!Ys7Z3puC
paulasalinas,1B4&JpvNG&
paulastark,6hr4D32x+I
paulawalker,@*uPo+v$17
paulbaxter,S$0OoixvXa
paulbrandt,&dCQ0g!22P
paulcoleman,2i@2Qxar*u
paulcrawford,$p0g6DgSA&
pauldavis,+#0Wa^Ef3I
pauledwards,%QxGT+kk7C
paulflores,+OR6OeOp4!
paulfox,)+Q6BmDl^q
paulgarcia,*1!BS+bKN3
paulhenry,_*c@Cr9k4N
paulhernandez,ZLYn@tyC*2
paulhorton,41sDA8oi+F
pauljames,(8CAqzpLyd
pauljones,0iRpLD1q%N
paulkelly,RT92XwojR@
paullaura,+5cleNLzYm
paullisa,7Z5VFdwTG#
paulmartin,_26LKfd@Fs
paulmary,*Hf!Rzk*5U
paulmclaughlin,33#2@#Fsm@
paulmiller,ZH+4mROd%v
paulperez,4o4R3Ss%(9
paulperez1,S1&54Fm%ib
paulpeterson,M_H)ze93*2
paulpeterson1,^Gp0AxKMkC
paulphillips,!pP5BY1aO%
paulrice,^xi+gPSf2e
paulrichardson,$U80dLov+r
paulrobinson,X*1A2Wybum
paulrosales,jb4CsQpN&2
paulrussell,#1qoG9kKoD
paulryan,XGC)7CLwLM
paulsharp,*8QI8@_b8Y
paultammy,o0%Dq9JpW^
paultaylor,&2RrqJ7iJ!
paulthompson,5*X8ex1Q_8
paultorres,xH^vV3Yzf!
paulwagner,$6IrwRj863
paulward,@3gTSuHlAD
paulwatts,&2JkM)lpg4
paulwhite,#)7NlvI!U4
paulwolfe,I1Qh)EDR^x
paulyoung,+dQvM6%xn6
paustin,7!Fz^2$I^4
payala,)z*Q)Dg#i1
paynebrian,bLw48rNh#I
paynecheryl,H5UjCaUh#7
payneelizabeth,@83KCre!Rh
paynekim,r&1(L()Mav
paynemarcus,tAmhnVfU_8
paynematthew,*76X!!Ku4n
paynerobert,Jo@4U0eq%U
paynesteven,R4Yt$6GiUu
pbailey,@S1UHs*S8A
pbaker,)Sn3mGGd)f
pbaker1,5jguNB7e+K
pbaker2,6M(9LxGxjL
pball,)7eGlG8yvE
pballard,**9krEJl*q
pbarajas,&t0R$Nchy)
pbarnett,0JvdACUu(U
pbarr,0SqO#epx&k
pbean,9oQ(HA%t%0
pbeard,5nNHZr$o*+
pbeasley,Zj6E@B7gI@
pbeck,H$4FRNDY9e
pbeltran,t^(6Nx$!zL
pbenton,z(c7Wut2^^
pbernard,&&ZyL1RiQ2
pbest,(&Lfh1t%S8
pblackwell,k93Y_A_h%G
pblevins,816NSW8o^H
pbooth,rS9YEwEBc#
pbowen,bSwGi#lq$6
pbradley,*Nj$qrXK1h
pbrandt,UL#6ZHvy3+
pbriggs,_J5Ikk%BAE
pbrooks,8Z4MxvhJP*
pbrooks1,uTSkw0Ork%
pbrooks2,!exZAHc8p4
pbrown,(4EF(90e0p
pbrown1,@0E7VtjhQG
pbrown2,ie9JPxaNm(
pbrown3,&5NXX)wynH
pbrown4,l8#LPZoG@(
pbrown5,+nEF7Mffk(
pbrown6,!i0*TF4x+n
pburke,!Gq72RstD^
pburns,nIiWAvw(#0
pbutler,5Y$uP3t^!S
pbyrd,%4D2%AuLd2
pcampbell,&V(^YBuy0S
pcampos,41TM7j_p#m
pcarrillo,+E@UMnqbk7
pcarroll,H!a2JnZZuM
pcarroll1,8u)7LnqD(5
pcarter,vq6ZWcZP!E
pcastillo,)XFFWhu)9p
pcastillo1,^+7JTaJ8!1
pcastro,gJ5W_ot^J_
pcervantes,c_9Nzrm87(
pchaney,9KCmMzI#%h
pchen,d1^5G+_e9D
pclark,R)06Vtjn+L
pclark1,)+z1cAjDuL
pclark2,z2TzZndr)3
pcole,P8A*p_2d&P
pcole1,(fVU7lxjn1
pcoleman,^VvC90hXS0
pcoleman1,xh)AA6Fz!V
pcollins,W(Z(_6Ca_P
pcollins1,rh!5)DKdJI
pcollins2,C*5EgfUy(m
pcook,mXN5w&Ca&8
pcooper,^6*W+7lstl
pcordova,k%(2SgUXtP
pcox,ic7#1kBweN
pcraig,Y8ffZQqQ!k
pcruz,$k@45DgNVa
pcurry,3@_1@NHkAJ
pdaniel,^Ni3ZkkZu+
pdaugherty,+q5VH*^Y*9
pdavis,(Q4D#N^n3Z
pdavis1,(J@mK2SlfQ
pdavis2,s@1)YD1xOo
pdavis3,&69#s&Iww9
pdawson,L8mFPdlW%e
pdelgado,b905RZZlI%
pdiaz,1gPa30jj&1
pdickerson,)L(d_HsYD0
pdickson,%8zFwtDz+G
pdixon,(c8ES*Zpg3
pdixon1,^A7oGx_jC7
pdominguez,#TYw9L0krQ
pdonovan,&vAxnzhH$7
pdorsey,j_09Kk*(Cs
pduncan,&Gh#HaYkK7
pduran,@JCs7Sy&Bq
pdyer,#88O^C@tsx
pearsonbarbara,2W#91X4aE(
pearsonjulie,^$&1zSHbnj
pearsonjustin,#DRamWbTk1
pearsonlaura,@8dGd_ZgeV
pearsonlinda,L!v9Yrzog1
pearsonmichael,^14qThj*(^
pearsontimothy,$mODg2OhS)
peckbilly,K*85*^Ayeg
peckchristopher,5179EKqKD*
peckcorey,y9%bVGat_O
peckerin,54%B7rAuSL
pecknatalie,fi94eK3V_*
peckrebecca,f@%y0N!eUn
pedro30,xkF(8Cn&J5
pedro83,w*1FcyQx9H
peggy17,7$A4cXmi*r
peggy28,GF0THje$_&
peggy40,^j6Lh%UszU
peggy60,@Ll0KGxuNh
peggyacosta,!5MOwPpT*N
peggyberg,vAfm1Afkb(
peggydixon,a!0U!bqFm2
peggymeyer,c1Vl9Vjf!K
penabruce,&JYmRW$fw1
penadebra,P%FL5rXhAk
penajacqueline,$8nZ(NXujk
penajamie,#hNA3tNoqq
penajorge,onr7eVal)P
penamary,Cw*vbaFi^4
penapamela,^PE2oLy!mi
penascott,Hq$m16X*L(
penastephanie,(Q2cL!Jex3
penningtonapril,W%q6w2Et$T
penningtoneliza,yta_6Cut5!
penningtonmelis,728MkQ$p+5
penningtonpatri,J4B&V(pU@j
penningtonstacy,uGP%lhRk%0
penny26,j&#1BEp!Ww
pennybrewer,_)5tHM6*po
pennygray,6OE!3yHe*d
pennyhouse,z@X6gBVcWT
pennymacias,S*w3#IXfsp
pennymclaughlin,t0)TtrRd^k
pennywilliams,&Z)6bCEnNz
perezashlee,1A#Y@qZO&3
perezbrenda,scMi2_TlV%
perezbrittany,T_4beYa+!G
perezchristine,p&7GgqSu@k
perezdana,*@7UBcFt6d
perezdarrell,LH4EpU3R#U
perezdavid,!E4J#yyd#4
perezdavid1,*rCvShBGL0
perezdebbie,tz5g0K0w+_
perezdenise,Q)3xuZ^qf&
perezdylan,pP%4XvrwNm
perezedward,5a3pBoBz^u
perezheather,RMKFV_Ig^4
perezjanice,)fp*DsKvd3
perezjohn,$W5OBdpm%J
perezkathryn,_kM1VZQyn&
perezkaylee,Id4Yc5hXH$
perezlisa,*0AD2@Jc(_
perezmichelle,F1!7TPpk+)
perezmichelle1,%2q6ZeQbRW
perezpatrick,K*3n%FevIs
perezrachel,i%59aHIn$h
perezrhonda,6+49g4sp1R
perezrichard,@9^Kxwh&Py
perezryan,Fj8C4Di5U!
perezscott,s^Ry5RLxO*
perezshelby,#4n(KwcyrL
perezvanessa,sF0!ESl($1
perezvanessa1,3EZS1Aqk)O
perezvickie,*Qa3Ob%#ot
perezvincent,F6x(HUki%t
perkinsamber,_5(VjRual$
perkinsbrendan,0rV5XT1x@_
perkinsdaniel,!f2+Gf%zlU
perkinsjaime,NSU0gTsgD+
perkinsjames,D#S4GXqr^0
perkinsjennifer,Od$8B^KpLe
perkinskaren,Dj#84UvhUS
perkinskathryn,X2M9@jq9*@
perkinskimberly,G0KbO#Kk$d
perkinslauren,23HP+Eyr&2
perkinsmichael,e8@t$QHn)K
perkinsmichael1,IP6SZIyl%u
perkinstammy,M1wSPfSqO(
perkinswalter,n*6if&uYOD
perry54,t_9AJ)Pp@!
perry85,mzJ8oF&&4+
perryaaron,%U&3^Sj2ns
perrycarla,F6DxUqS7*O
perrydavid,wmz&8Uiyt#
perryduane,&+14X16Dgx
perrygabrielle,(nB1Vv(J^1
perryjennifer,rK!5C4Pxo0
perryjenny,kf$3Tj4%Zm
perrykathy,P2ORz4cv&X
perrykenneth,TJ^5UmlJr5
perrylauren,z9Im$8PH%o
perryleslie,D)8^Y@05+b
perrymonica,@8aZ(y*vBv
perrymonique,*n)F2BScm3
perrynicole,#FIW4negM1
perryrenee,!L7#jGq*&n
perryrichard,7A)gV!ik_3
perryrobert,85Blx&Jq@P
perrystephanie,^N6G%V_ob+
perrywallace,$vXwr835P4
perrywaters,(n@nO8LO_4
pespinoza,*z)6OR)#6i
pestrada,xO@4cY$nk(
peter07,i9YWgrQh^B
peter12,!uWTiT51!3
peter16,1204LxItF)
peter19,&0YH9HufjY
peter25,_a8Cddl&#A
peter33,vHNC!%f0#2
peter331,hZo_4OqhBA
peter34,k+)%9M0r4N
peter38,%SrgGK_c4U
peter381,EUSw^1Uvss
peter47,B5UCkDnS^U
peter51,P*q)5(t&OW
peter69,d0p*nZx*%E
peter691,^J1$SY+l00
peter70,n6MtLa0O(t
peter86,_NxD_JjmY0
peter91,gXOsOk&J(8
peter911,R*9LCGyicU
peter97,%mZ9EqtqU^
peter99,0(551KpFk8
peterdawson,qN9gESOlT$
peterfernandez,5%7)LcozjQ
petergonzalez,zh0VhPaq^k
peterharris,Kpk#29Oi_4
peterhernandez,7)e1cYLW%b
peterhowell,n@4^yqAhPD
peterjackson,S8$2OFjkup
peterjones,+9Lh!8Zv$d
peterlopez,qz0cPmVm!@
petermacdonald,%otG4jXbT3
petermendoza,!9e3ZyFln$
petermichael,%+S2gC*L9&
peterpadilla,*OMMc)@e&3
peterperry,@9ZDN8HXTd
peterpittman,%g#UTYac89
peterponce,v5A0Vx(y!1
peterrodriguez,h66TV68a@N
peterrodriguez1,6_vWNSz2(p
petersamber,faE2(g$b%9
petersandrew,L_G7K6g%2f
peterscraig,(54jFbZz#M
petersenchristo,E)9Iv$Rrr6
petersenjoanna,v8Cdw+Jx*7
petersenjodi,U0TTYn9E)I
petersenjohn,$9czVfBMM2
petersenkeith,)HmLf0&%Q3
petersenkenneth,Nf!i7oTjGB
petersenlisa,kw8zH!IjK(
petersenmiguel,!V^Og0KGd0
peterserica,)3MO@S_yk)
peterserin,a)%20TYeC5
petersjames,l1_ZemZk&e
peterskathleen,E$8$ClrA+C
petersmelinda,@W7YzDobe1
petersmith,4kS0Gve5&4
petersonamanda,e(3LTLxrvx
petersonanthony,uQr8HEoy8%
petersonanthony1,7gA16XFd4@
petersondawn,H2Lwxrkh*H
petersondeborah,Ww5V_NrUV+
petersonedward,Yqq8UC0z%+
petersonevan,0Ky)4OLlE6
petersongregory,jUq1Ab*tj%
petersonjordan,PpoZ)bAs&9
petersonkendra,8qQeh9Tg_I
petersonkendra1,&_3BnXl_+5
petersonkimberl,^0qKReeL&Y
petersonpaula,09UT(Nid!3
petersonpeter,)NiT_N3e)2
petersonrandy,g48XMWXgz%
petersonrobert,#7bDXjqb*%
petersonryan,(RQLnv6A6B
petersonsharon,1ZOJPDur+1
petersonshaun,aJ9#tOSk@9
petersonsherry,2!d5vYyY4x
petersonstephan,iYt@kXSz#9
petersontroy,JX2!PlboV!
petersrenee,$G1bdXhgdL
petersstacy,W6L#bZs#_I
peterstonya,QVZAS3ef%6
petersveronica,g#@4IW3v)z
petervincent,&6MTL(okDn
peterwhite,Le0HpjWOp*
pevans,S8FKd4ZM&p
pevans1,$0Mbfz3c18
pfarmer,+4T2D5gjJa
pfisher,7&DD_7qf%D
pfisher1,g#h7J5et+7
pfitzgerald,E+N9BNGw&5
pfletcher,#5^0Aiwevy
pfletcher1,Wqm1Ql(os^
pford,@K&iF1Las1
pfoster,u8Ha7Del@r
pfoster1,S6Kpw!qn+4
pfowler,@sRKvaVz9w
pfox,QAP&2RvyQi
pfrancis,^vtAUS7Sw7
pfranklin,@Vg*2Egtz6
pfrye,+8&3Mekb@(
pfuentes,J7$N3#Ja%t
pfuller,x7gJwYft_Z
pgarcia,gm3G%rTu&x
pgay,SgYIEZOi(5
pgentry,@+CMSWta44
pgibson,xqfm4*N@*^
pgibson1,*%KDU5wp4)
pgilbert,g*22&JuDTq
pgilbert1,@(8EH&zu*)
pgiles,p8&X9*MjB*
pglenn,!XbLvT!oM2
pglenn1,^7d@OgRyyQ
pgonzales,$1rby6XpPL
pgonzalez,a(K1nH4wwM
pgonzalez1,c2(iMYTX_l
pgood,)wR7YVf&jm
pgoodwin,$0gEvZav@g
pgraham,cWNbgXhp@4
pgray,j4TNLIG**n
pgreen,*DH+FaXXO3
pgreene,QI+4Vr3@9*
pgriffin,i(6)%bFc6u
pgriffith,@vao7Ps#l2
pgross,8c#Z0Jf!Ar
pgutierrez,L@8EaEclW4
pgutierrez1,@3VCEslQt_
phall,(6LLvb08Q9
phall1,#9K#K)Hea!
phall2,*1wFkzDZ&9
phambrittney,UX5AFjIzq+
phamilton,pFa3iY+u!v
phamjohnny,H@l7HcFop#
phamkathleen,Vx08V3PrS(
phamlori,4d11UWis_9
phamtodd,vNN*2YKg)8
phanson,@ZcjhyLt9)
phardy,#6fGA+mGki
pharrell,a^3qFzfg03
pharris,w8%5JHaTM&
pharrison,&7$VKls*3O
pharvey,!9P5KdpP^6
phawkins,zPAoHQlw&3
phayes,Ya3PJCfp@x
phayes1,sb9Awx8+l_
phelpsbrenda,1kuMh4ar_k
phelpsbryce,)yGJtVdBe6
phelpsmary,^xl@0rSz(z
phernandez,Ht55sDM0P_
phernandez1,GR&5cFh+_m
phernandez2,&+0Yluc_tg
pherrera,$9AVerIz)Y
phicks,!0gLtoGZl5
philip11,(0JbM(2G@q
philip111,fX#1N9aIa2
philip27,Z52u4U!k6*
philip33,^&S*6lWd*L
philip41,DIEfCsHf#9
philip46,O6s2W%6i!s
philip53,gtF1A0e6f)
philip55,rN6JigVR1^
philip56,B_6kqOicff
philip561,^2LdsmNkaX
philip58,z$2W0(typ5
philip69,w!7SiZumg@
philip89,+(rIIKbZ6S
philip94,A)(nm4EqrL
philip96,#s_asL#b%3
philipcarpenter,%0LQkbun@o
philipclark,5LWqUFBz^S
philipcobb,IO0Xykkk&B
philipdelgado,*+N74Ktu44
philipjordan,*8sUwyBHs)
philipmartin,WaI4TeIyI#
philipnelson,(33JhUEs!7
philipowens,*jDHfl2y4r
philippalmer,N5Ob)mSc_c
philiprogers,%9aEMuPcUz
philipwatkins,3n0AiYsk&M
phillip14,rXfk2Wfb)$
phillip27,Skw6CbIU_5
phillip35,Hy3aOfgat*
phillip45,!9d9OPqSWT
phillip76,+t3I0B*uIP
phillip97,BJ0YRGmsg&
phillipbrady,_$802oNsdV
phillipbush,z$t#8YeGq(
phillipcook,#t3@3UtkiY
phillipfernande,8Ir8WFOpi*
phillipfitzgera,LT8DZc$$s_
phillipfrazier,wz4FgI#q$k
philliphernande,RQ5vmHst3@
phillipjoseph,#4$1Hu0wa9
phillipmaldonad,w1O%@Zb^(3
phillipmartin,8wd0Yrey%N
phillipsalicia,H#t@8#YuDX
phillipsapril,%5r9WAtW2O
phillipsbenjami,J4QpAJ2v_6
phillipsbrent,F+7D#PzSEb
phillipscesar,tma3CYFsJ*
phillipschmidt,!7ifA0b0&h
phillipscliffor,z!L9AGKm(_
phillipsdana,@9fZgm6LzA
phillipserica,833AuD@z)f
phillipserin,^76DL6UBnI
phillipsgregory,A3BDoZ4h_3
phillipsgregory1,4c6X4g35$R
phillipsgregory2,CYeK(0^m*)
phillipshannah,8N#7oRmqIv
phillipsisabell,gM8XO8Wl@$
phillipsjames,#LtFTztuC5
phillipsjason,%1CZPPZ(ul
phillipsjessica,#qo4pbip9J
phillipsjoe,_YT#2(ssv4
phillipsjose,(0(VXpy10K
phillipsjoshua,v7Fl&3Dh+Y
phillipsjustin,Ym6N*8v$+!
phillipskathryn,N(&6TnGsDl
phillipskevin,4%RNt(t7_K
phillipskyle,s*n81wKkAC
phillipsmichele,(0Fif&7I#i
phillipsnathani,+@I2VVraKj
phillipsrobert,*&pb5B!bZM
phillipsronald,MZ(70VCxY3
phillipsstephan,wn90IRW)*!
phillipsteresa,#%I0PTNwjL
phillipstracy,3+B!Y7&i&$
phillipsvalerie,qUW1lrys5(
phillipwalker,$e!9Kp_f5)
phillipwolf,#q7M)hhL6l
pholder,$00O7JKb9+
pholland,&@PBCaYsy9
phopkins,#qLTi_1F_0
phorton,&3^y*ElfeW
phuang,$2IofSD%aT
phubbard,c^)$4Qgpq(
phubbard1,%)1ZH(onkg
phuerta,*Y&6Vt24IB
phughes,y2U)sg$P)J
phughes1,6l&oKYjI(U
phurst,@9V6VXpt$0
phyllis08,)JZauXI@2^
phyllis09,h9QYWfLQ#e
phyllis32,6!JvWfiU(o
phyllis54,#4FXu*oxyd
phyllis84,8)G3Rfpr%2
phyllisanderson,x$E1FCa5v(
phyllisjones,or6FvsT6Q#
phyllistorres,#5R6lgIPix
phylliswalsh,1(&n7WbD$f
pibarra,+w8ES_ztOB
piercealexandra,KE@f6xXbj^
piercealicia,*eaTZRU*x0
pierceapril,7p#94aVceI
piercebailey,Q@3+1OsVlt
piercebrandy,rH4wJnfdQ(
piercecarol,K5p5@hck@w
piercedavid,x$2cr!Tm(Z
piercedeborah,@h%ApHPtO9
pierceemily,Yxl1)K%q%7
pierceholly,^Q9Ke^fh(O
piercekevin,)4WKdAeb3B
pierceleslie,Kah1QbgpT*
piercemark,0)98Fa6(s$
piercemelissa,5z2TAYpR!x
piercemichael,6p5BO_r6@s
piercenathan,+x^OsSz6X4
piercepamela,GK+21B0zWH
piercesteve,@4)2qKwnY9
piercetheresa,Zs9Uxd%mN#
pinedaalicia,#!94&P5yxG
pinedakelly,%R^0P6ngJ@
pirwin,N&5wJocl8V
pittmankimberly,@9rZRyGuB5
pittmanlori,%t7N&gDZke
pittscarl,!+WP%Pyt9D
pittsclarence,CNW64kXqY^
pittsjamie,*_28sbEviS
pittsrobert,TI9%MtP^@z
pjackson,zy2rU8Cy&O
pjackson1,$cMO3xOZS7
pjackson2,P%6@GTiugs
pjarvis,PV@9JFJu&k
pjohns,_T3r&CEM5d
pjohnson,$C@8Msgh+)
pjohnson1,@r6CFcqacB
pjohnson2,+h8SZfN^N)
pjohnson3,egQ^aB6Q+6
pjohnson4,D&^gh4HtDy
pjohnson5,u_4fEMh3v)
pjohnson6,D&4&5eCk_(
pjohnson7,R9UilYsy$W
pjohnson8,!P&Fu8Ixkl
pjohnson9,$0VuUIlM$)
pjohnston,r#%T#LFD#0
pjones,!g97TNGeQD
pjones1,$rUpI3R028
pjones2,8TaB5Beo!D
pjordan,)7ZjDYkBs+
pjoyce,58lH@mj(!h
pjuarez,_kTmyktQ)4
pkane,U3xyUdgi@a
pkelley,&2GPZx2d43
pkemp,rs(Gi5ZeaA
pkirk,%6mQPyCcMa
pkirk1,Wx0YLmSA^^
pklein,^KLfuOhNs2
pkline,hgwX4!Ap%0
pknight,11#POj!t&J
pkrueger,h9XlhF$F%u
plandry,@)AxUguwL9
ple,J3tDoec)&y
pleon,y)+CS_Qq_0
plewis,UM(0WpJUp(
plewis1,ix*P*IXR%5
plewis2,9+3hU#Qo$B
plewis3,#_6IXS@rv5
plewis4,!Nn7Ta_y0^
plewis5,^yRqwRc(P7
plong,U5bWHoRz+0
plong1,%zs0kKa%_#
plopez,eG8Bmpyg*2
plopez1,i)D@^GWb%6
plopez2,AK8@pF+bl*
plopez3,3)jYCMF_&o
plozano,$DHJ3Iju(0
plucas,M1wJWuZc%p
pmaldonado,4*Jx55Ct$^
pmalone,%3(KVUfYOW
pmann,)eYTo+V9j6
pmartin,Ei&Lk0jr!7
pmartin1,R)8wKGfyGd
pmartin2,Hb6)Wxvh%T
pmartin3,+qU9jEux6&
pmartinez,(5FKiQe2ed
pmartinez1,Oo7G%Gzf@T
pmartinez2,CW2rfEds@3
pmartinez3,#880*wUb!6
pmartinez4,4z4WsU4wo*
pmckenzie,Aly(7ZhC7C
pmclaughlin,_1zhSDqDbM
pmelendez,$6W+Tb@s8%
pmeyer,c&7InWK(Gf
pmiller,)ud%6Tl27$
pmiller1,(40*QhDV(R
pmiller2,)68xASezuD
pmills,@Kb6VRYby*
pmiranda,Ut1BFjvxk@
pmitchell,x6N3QmdMv+
pmoore,p__t3v7avZ
pmoore1,lCHOGs!j%6
pmoore2,xk4YyCoz$$
pmoran,%e7Q4Ipw_&
pmorgan,!UV#9cRkq(
pmorgan1,BQ1LqVuZ(*
pmorgan2,$$7G9ROyZJ
pmorris,&X$0N8jJ^n
pmorris1,znUN25KD4*
pmorris2,4NbSyMdb+n
pmunoz,@U5%7D+a8B
pmunoz1,GAIC9Kxu3^
pmurphy,e223wYcI@M
pmyers,@0PdUu(y^z
pnash,H@UBH2Vz+2
pnavarro,@Y4Mra!um#
pnelson,)l00X^wWX_
pnelson1,4JVva7yQ@W
pnguyen,*6sKpAK327
pnguyen1,%U_GGC7tv5
pnguyen2,*3YhhQye2w
pnguyen3,Yx&I38Mks#
pnichols,N_U8kAdT!5
pnorris,kH2ysqrEz)
pnunez,t3W7qdJz(J
pollardangela,jPR0ae0o+0
pollardchristin,1xKlxl8T(j
pollarderin,lfk4AsLb#8
pollardjason,*f*bzGe3L1
pollardjose,c(33kOXfL@
pollardmelissa,cw9^2IdO_u
pollardrichard,4fbNAw0r*J
polson,H&1u89GuEO
poncelouis,6ZA$n&Jg&x
poolecharles,&dDlum!(y1
popeamy,0o5HdywC(V
popeanthony,@pC@9b0AW7
popecheryl,!RJNju&s+4
popechristopher,bVMgJ5ed)@
popedustin,#579JSql7^
popehaley,68AGgnYY+t
popejoshua,7#GlwvG^%1
popelauren,M)f3ISAqon
popeshirley,5+hJc!fL#o
popesuzanne,&7l@UR1nUb
portega,&r7UmmVY)7
portega1,rtZ7z^Ic&o
portercassandra,3gEgyZqy^8
porterchad,uAV$+3Kz5E
portercharles,%x64Ksm%+W
porterdaniel,e4tw8Id7+r
porterdavid,z@VeDozM#5
porterdavid1,VK25QN9u_m
porterjonathan,Zv5GQgel$_
porterjustin,)J7(mHvyst
portermichael,4jiOl%li!L
portersara,$7#xLe!$z1
portershannon,5zB^k3Ey^M
porterthomas,*85llTr)*h
portertiffany,L$8TszD%va
portiz,y4DfKVY#$n
portiz1,!&82JAioop
potteralice,*qBnjgD4i4
potterderek,#1rSkcA0D8
potterjasmine,dve8XSosg$
potterlarry,t%5WFc&w#n
pottermichael,*99XNg2qw(
potterpaul,rF1KQTMx!*
pottsandrew,pR88kNAaD@
pottsrichard,+1BIXyxzIp
powellalejandro,r(Bo5IpBUF
powellbethany,&qEt$OLQY6
powellbrandy,($SzQ2_q2B
powellchristoph,&!NMHDcuw5
powellcindy,RU7rzChW$o
powellcourtney,!3$MKVdxZk
powelldevin,t^8LSvzGy_
powellgloria,tI34IyusH)
powellgregory,!$R4kYtbnn
powellhaley,!1K!s9m#R9
powellheather,&h4!FWkCB6
powelljason,1347VgE9J!
powelljeffrey,GM@3SSo9wZ
powelljesse,^)Q7X1O5wq
powelljonathan,+4qlH$hp6n
powelljoseph,$wj6*lDp%*
powelljoshua,#3HgBRhu2Q
powelllarry,aQ0@cTpoG&
powellleslie,f)1rKLmast
powelllindsay,PI69Iyrk(Z
powellmarcus,(p)GAQeM)5
powellmary,tr4MYhg4&6
powellmeghan,Q#7*A@gPaD
powellsergio,(U5fhUoo^r
powellstephanie,zud8NMShZ(
powellsteven,V751ERt0%a
powelltina,@elCy5%d6_
powelltony,3PZGW)t@(7
powellvictoria,j+t5JLhGJh
powens,fm7WAcR3*3
powersalyssa,^6DpEyhor7
powerschristoph,N$$5GCaMaO
powerscrystal,_L@Oki9eG_
powersjohn,^E6XqsyLYO
powerskaren,5g+A2NVraO
powerskatie,@8!sBqIrNJ
powersmatthew,kLD9CsoEm*
powersroberta,RG%7XrJdpZ
ppacheco,(y06XRDq^q
pparrish,@0aEOQqx(y
pparsons,+6I_!(BIzE
ppatel,x5$XUbnw(5
ppatterson,@7Bu9TMjOl
ppatterson1,^7lWumSzg5
ppearson,Ft22Fur_J#
ppeck,1#c7nGhwVp
ppena,!Yd2KLzb5E
pperez,(8_SR9oiUu
pperez1,!53&T_nRDA
pperez2,SL1VOcZB&l
pperkins,3BKKP)aB%x
pperry,&V82MCywh1
ppeterson,L!8YgG$q8^
ppetty,)7WOw#Hh^u
pphillips,7w&ZYBzm)I
ppoole,K%89EMLfyc
ppratt,)V3g2ypDF6
pprice,t$2OrwT6v$
pprice1,++PV0uPhgt
pprice2,5W_PMCFu)0
pramirez,K_1Do+dqG&
pramirez1,d#63wmUk*)
pramirez2,)8MlP4lo4B
pramirez3,8Y1!!Ntrz)
pramos,N_^1TGm4ky
prattchristophe,K9Vi(Hqf!_
prattcolin,5w(tYH4$%T
prattdaisy,%9P4T)Sp8*
pratteric,)%)q8CFn_v
prattjames,8e47X2Xa#R
prattleslie,wJR%#UQc@4
prattmike,wuy7r&Pr)@
prattpatricia,!R7LtT8zE@
prattraymond,_TXQr*7k^3
prattrobin,@dE#rhG2Z8
preilly,8+%8I4ey#)
prestonalejandr,1+RXo&Vp#Q
prestonhernande,S37fN!ve*p
prestonjustin,E5B9UJCk&s
prestonmendez,c_rz7Ixe9J
prestonwilkerso,*u$H5Sr91W
preyes,)K*Br+Bt88
preynolds,$@+z3mGnvm
priceaaron,+C@9AMFrJJ
priceaaron1,hS7ITzX)@C
pricebrian,#0H_LQPoh2
priceglenn,Q&Qx7QbwSi
pricejoshua,3rXhVSsU#8
pricejulian,@61QKzu0$x
pricekathy,g(e7Qztxxg
pricekimberly,(gM@RYZg6g
pricekristin,eH4Cqqr6*#
priceluis,sX0#0bRdRT
pricemegan,!44PMOVmee
pricenicholas,_FA(9JmNGy
pricenicole,7^1mIro3_o
pricepatricia,Y&5JVNd$Hn
pricetiffany,^8G^sEc+(1
prich,uEJ1nM3it!
prichardson,+4YmU0Ptv8
priddle,Xo!9yDCks1
princebrittany,^3b5Zjm$gB
princejulia,8Xg7A#me*+
priscillasalaza,P^7rTazPv#
probbins,Wv5dUdI1D*
proberson,+M5x3EDa%*
probertson,mO@m4TglT%
probinson,2!g6Ut_)Rh
probinson1,Z941vYCy@@
proctoraaron,@6+U3t8mA1
proctorjohn,)SZB5Xcm6w
proctorsuzanne,*H&r@4Ur3B
proctortheresa,6Z7Xmrzv2&
prodgers,e@prr9Tv^O
prodriguez,x6+fVPhz+D
progers,_1H4GBLrcl
progers1,1NEXdmOc#N
pross,go0jrIyy(@
pruittchristoph,A5)1iErfVB
pruittheather,G_2RO4uziS
pruittjoseph,9WwDd#Kj_z
pruittrandall,Z^5@T^xGV^
pruiz,p95))Tcy(4
prussell,)#iKdskL38
prussell1,2SUBX%Ry+Q
psalas,yq+C4H+m1s
psampson,dsU0CkTe+W
psanchez,5bMiD1@p*a
psanchez1,QghZ)7LxG%
psanders,+6fUn%gC@W
psantana,+P0eviFa7$
psantiago,@r25ZRUkZE
pschultz,O$g0JI@qeU
pscott,^Y*9_Y6bK9
pshort,#Pj3HxZeSA
psimmons,rxpq!1MulA
psimmons1,@2fVHpU1Xs
psingh,IdM8B@BxZ$
psingleton,!8EGatoc%3
psmith,9ypgPBYe^Z
psmith1,x590TDr7+g
psmith2,LoQk9NZW3#
psmith3,)5Y5PCmRPh
pspencer,qh_S8QQz(t
pstafford,lxiKP&3q(4
pstanley,%O5Q6ozoMq
pstark,#_U^_9EcvD
pstevens,o#Q2C(rrly
pstevens1,+g^8+K6h8Y
pstevenson,PZcjf6ZuB!
pstone,^870tBrzL&
pstrong,z%c9UhAhkQ
psullivan,O#9KCWV5$r
psutton,aUNs^4k%_9
pswanson,&BKN1cgP6&
psweeney,c%9RA2ntVf
pthompson,v*658ZbM9l
pthompson1,d92!+OCzP*
pthornton,E&k8Oe6#$B
ptran,P*$yb6K8hw
pturner,+f(w6HSdHn
pughjeffrey,^312DBzf*5
pughlinda,IF6N@7Eoz(
pughtamara,(n0P7!Uz8$
pvalencia,tr5j_VRxW#
pvelazquez,_RC3BuDdZx
pvilla,Yu3jsHg^l*
pvillarreal,w3C7lI9&_B
pvillegas,Rc8OMVjNc!
pwade,8pCBEu*p(F
pwagner,hoxwb6CDc*
pwagner1,)1kKttuj*d
pwalker,^X*8SXWr6u
pwalker1,!6x)4ZSddQ
pwalters,#h1&7V0jw4
pward,^C7CNQ@b&X
pwashington,i7pCUbN_*o
pwaters,Q7e7Hd7ZZ*
pwatson,^9hMFjnm$8
pweaver,++B$tzVXY9
pweber,#aS+sSEdh2
pweiss,l4a3Cxnl@J
pwest,^jIHK9yA36
pwest1,P%7_PGmAoo
pwheeler,#q59P!kME@
pwhite,%5&9H2Nx(i
pwhite1,LUG6FCDw$2
pwhitehead,!4JZDyhM!y
pwilkinson,fwrEdafu$5
pwilliams,_qBw0hY&@9
pwilliams1,2%3tROIp2G
pwillis,Gdo(1JNne6
pwilson,1OKgbmn7*7
pwilson1,%&IU)0Nexw
pwilson2,+Eu#V0Sf%R
pwilson3,)&+0Av3c(#
pwilson4,Y76xW3Nl+)
pwilson5,@o6KBRoB1W
pwilson6,TmA*jGyq$0
pwood,*6A#ZdhMQr
pwoods,4$YJZPv*#0
pwright,V#)^D1Jq(P
pwu,)41Iuzgbdh
pyoung,$8T@bhtolW
pyoung1,e5vRsULN!G
pzimmerman,e6xzIkSO@G
qacevedo,6hUB7Rqt)V
qadams,%u#7Jb7RoX
qadams1,83Ps2iFv%h
qadkins,%U8GOjAbpG
qalexander,k6BEJCtl!F
qalexander1,w4!B3YpP!j
qallen,%60z!Jb01^
qallen1,_%59IiA07a
qallen2,_985#ENnaF
qallen3,r+6Qz+uC$C
qalvarez,AkH2rVeg9%
qanderson,9!2FrIB3#j
qanderson1,to&z47L2V_
qanderson2,#XRNQa#b@1
qandrews,4p))8YUzT3
qashley,PCE0Dzgic(
qashley1,_BFy1A%WX6
qashley2,qgYC7AcS@3
qbaker,#@TP4mOxVP
qball,gzKLP4i4*9
qbarber,3^(^hHIl$J
qbarker,O_2GZVuPt^
qbarnes,LRHhFBNy(9
qbarnes1,@+5nVRrzec
qbarry,d6aLLKHb*W
qbarton,ck0*rEoQ$u
qberry,6y2U+NvzL$
qberry1,)T8rQXXdoG
qbishop,rX!T^Hoj@1
qblack,E&2D_0EGpf
qblake,2gDhzg)3!H
qbowman,Up7EzYO)Q^
qbriggs,*q97H7_(h8
qbrooks,7X^EIwu&!k
qbrown,vmY#5FIxk^
qbryant,*Y*r8Zz4fv
qbullock,@yY1Hgxpg+
qburnett,)3AN9swi3r
qbush,igi48Bocy)
qbutler,#m5gDi%D#2
qbyrd,3MCJuwWs(_
qcabrera,^8DFo)^*oY
qcalderon,4k6juVfW&a
qcarlson,1yGonirA(1
qcarney,&m8pRSvEb^
qcarpenter,%UiJFab^i0
qcarpenter1,_lS^eU993e
qcarter,$8%veUj56w
qcastillo,o9OrnCul#0
qcastillo1,#8G(Se_Tr^
qcastillo2,$1X08vzrF8
qcastro,T$rP5MbHHy
qcastro1,!1XVPKxiR)
qcastro2,kP7)YMlv_R
qchan,y$z0iOBgr)
qchase,3b6xAuA(%1
qchavez,(OOQIWjo2U
qchen,a5HcRGyl&1
qchurch,5BYfCBzD*6
qclark,$hCMI4aUR5
qcline,bu0&vMW39*
qcochran,5fHhdlw9#k
qcohen,bq*2iPul^1
qcohen1,)7gGOJev7h
qcole,0K&6z_^u5@
qcoleman,mn*7bUEyMu
qcollins,#78D@7dmN9
qcollins1,!0yXe3Ua(*
qcollins2,^^m$03Zy+_
qcollins3,v!2cGJbA18
qcombs,Q7E4Wcz3$8
qcook,!m0qOKf7dW
qcox,n@u8Qna5Yo
qcraig,2(49q6Pf@%
qcross,1_1oETbImN
qdalton,1yPmBwxs&Y
qdavis,wm1Pdbuq)2
qdavis1,%ePJrrlg4*
qdiaz,@zZJ1T4)8X
qduncan,*1lJ$o#tTo
qduncan1,Hq63IfXt)*
qdunn,+FA24zcx_4
qerickson,!8K5m!jo(O
qevans,%85L6yPoGV
qevans1,+6dqOOX9cz
qferguson,_40nGoxUxq
qfigueroa,V4Fnb%JV!H
qfischer,zykjGYB+&3
qfischer1,K74bK)4dk_
qfisher,35jHZ!ua(k
qflowers,o^1K#v(A7A
qfoley,&T5P@KWuq3
qfoster,6mf7LTDB+y
qfowler,*p23rdZi(^
qfrank,F2ZBsJ8L(9
qfranklin,&2DZq%qxbq
qfrazier,@jSn88Fk&5
qfriedman,$7#Q$kHy4N
qfriedman1,*kYkO&n)9N
qgaines,@nQ5wTjkd4
qgallegos,(^$3NUOg8(
qgallegos1,bxLuFp__)4
qgamble,*4uGrTVj#2
qgarcia,hH8XMDzL)l
qgarcia1,_BzLF5Leul
qgarcia2,06pAU1Bq+l
qgarrison,1eA9ZKFns+
qgarrison1,(7buIhkV1P
qgarza,(lXR_xyC3@
qgeorge,uz#2RUde*C
qgibbs,rS9LlWMj#&
qgilbert,T4Rcxcl+&1
qgill,^OT6ja24_5
qgilmore,Q@1PZD_z&p
qgomez,(z1@F1Qr@6
qgomez1,q1H_SPwc^G
qgonzales,!s1Cr@uqx9
qgonzalez,&QmSVh#rX4
qgonzalez1,No6SHdru$P
qgreen,^cDzsuO@4R
qgreen1,sX8)TRUt!@
qgreene,)rI@1hEdIm
qgriffin,@MR5hAuR@8
qgriffith,8*9uHNVpX%
qguerra,@TBnI1nI32
qgutierrez,7b!*0Oh%@C
qgutierrez1,(4T4HkNt+(
qhamilton,(4W7f#RG^2
qhamilton1,%$8zMjfjPJ
qhammond,3@Z4XhBl2k
qhanna,+sm8TR0uI8
qhanson,86C2Rgz4$g
qhanson1,!gVRoqo+W2
qharris,)c98Sx@V#N
qharris1,GT6P0i8w(T
qharris2,)0PtT1hsmw
qharris3,de2HZHry2^
qharris4,8l%0OaNtrP
qhartman,(fT3KmLeJg
qhawkins,CP0q83%nh*
qhayden,!+2B*VwSaq
qhayes,eC!B9HMg&C
qhaynes,O+5WYiiR@(
qheath,x_p8DyEu*N
qhebert,Y6fDG71t@f
qhenderson,ns3R1NEal@
qhernandez,!lMEu9RnK5
qhernandez1,6Io1QoJ4$B
qhicks,kr9FSyl7_m
qhill,%2MzYc2I*7
qhill1,B2H4@Sw9%m
qho,$9ugY2Pn^6
qhobbs,XY6w^OiY#3
qhodges,rV0%4CHzf%
qhoffman,c%C1AmsPDF
qholland,+DZ8qeLyGM
qholland1,28YVAXNm@x
qholland2,OorcWmoL^4
qhood,@yKDn(Ur4+
qhooper,2Zb_8Jdt5r
qhoover,$+w0JknHA2
qhopkins,t7XrtjEZ&m
qhorn,(jV2Jr4ez&
qhorton,n2*5JU7rk@
qhoward,$#E64&EajO
qhuber,Q!b4OzoNa7
qhudson,#8Fy+Qw3YB
qhudson1,#%8heRylCI
qhuerta,^%6rRHsn(H
qhughes,CcX^LvQ9^2
qhughes1,%uHUqQj407
qjackson,221NaYap(G
qjackson1,6%Fan2q5&*
qjackson2,33RFQzxp*c
qjackson3,T4I6Aktk&o
qjackson4,t1MzL^DiH!
qjackson5,0&5Wa!#m#v
qjackson6,$6hYZMYp$0
qjacobs,_1Nb2H1k^u
qjenkins,Vac_6UeTT^
qjenkins1,_ytB6Ivyk*
qjimenez,ybA%7RFiI8
qjimenez1,67@R2Aor^G
qjohnson,W$U8GGrlcu
qjohnson1,&3ZXI6o6Un
qjohnson10,zTcP4NHe&3
qjohnson2,1ITyW7xc@1
qjohnson3,+J4+VUsjv7
qjohnson4,)cGlrdR13D
qjohnson5,&LQlHZks3_
qjohnson6,@9jQ%LcVZb
qjohnson7,k2p#2IZrs%
qjohnson8,^D)3Rs1Ohx
qjohnson9,I71GpJEQ)T
qkeller,UfOZ4F3lA&
qkelly,i+9)H3TdiR
qkey,(zr3%FqxUl
qkhan,&YlXN_ff)7
qkim,I6w!6Ays$W
qking,@$q7VfPy$q
qknox,_KBDDOZk^1
qlam,&c)1wrFwaX
qlambert,5@S8(HsMY8
qlambert1,4hx5UqxS%P
qlandry,+*6WYIpnc2
qlara,Fij7CGry)k
qlawson,#1LEks0c64
qlawson1,_6OP_JuUA7
qlee,IU5LQD$aM!
qleon,!82vEm#9Ep
qlewis,$1Bbnb&^Yp
qlewis1,5%zos5JkdF
qlittle,70H$JaL!$x
qliu,hyx^9EnmBx
qliu1,fW2JCbGu(k
qlong,@fo7Ugp^if
qlong1,2xNFnNuf&#
qlopez,$3gczzGwxJ
qlowery,@0KJsax_MC
qlucas,kF7cYRbXg@
qlutz,)Gq3neDrAc
qmarks,#kKtz3gI^4
qmarsh,hF_7CWqawM
qmarshall,!yYx+yi4G3
qmartin,18EYqkq++o
qmartin1,_m5J9Ueh+U
qmartinez,(CF^UjiFx7
qmartinez1,OA8@RzYW%4
qmartinez2,5UL&AaS8!v
qmartinez3,8E0rQjqT!U
qmatthews,i6m)It)v&V
qmay,(xPZ!_zdQ1
qmayo,4J04V#Ei8@
qmays,n1O4Tee%*P
qmccann,*4kDEekToC
qmcconnell,+xU8MjnI+l
qmccullough,234aRkxX$+
qmcdaniel,mU61RG@ih^
qmcintyre,@KmLo509v6
qmcintyre1,e5Ha^c#p)F
qmeyer,qt5KitS%^b
qmeza,P!i2Wh3l8l
qmiles,Y^Vul4IbXe
qmiller,(nPClmE9m2
qmiller1,&+8rIFWc*o
qmills,!wXwtDqtf3
qmitchell,Y_1JMNi2jx
qmoore,OsvgyKTr!1
qmoore1,clwUf5Ema)
qmoore2,Dw#k1M$dgL
qmoore3,w+&9cYpr&^
qmoore4,*G6Vf%F1R@
qmoore5,bC3^WNn_q%
qmorales,m32Do82K$w
qmoran,k8NGDkSE^T
qmorgan,m)u1Dl^C4@
qmorrow,+7NE_WfNWr
qmorse,9FTW(Bu7(y
qmoss,C^4UCNlsCk
qmunoz,@HRIXiOi^7
qmurphy,$7GY#qfC8_
qmurphy1,_9Em*iU+Dl
qmurphy2,^FYdgTB57I
qmurphy3,n9^%3ZzgR5
qneal,$R^WwRhL$1
qneal1,H^w2fM8swk
qnelson,5_I2UtxFsH
qnelson1,(i3k#CXbk(
qnewman,vl6HhTIV$n
qnewton,()Fsw&zwy4
qnichols,G#80Ll!!*T
qnichols1,#Q2WY&Nd$e
qnichols2,%5_EV5Bf&!
qolsen,+9CNl&wg@p
qoneill,JN3KZhB*n)
qortega,@7Cl^r#KMh
qortiz,ibYvy0Ye_V
qowens,!GM0f!gb#3
qowens1,0RikSSvO+8
qowens2,+&hq8XB0@r
qpalmer,#9^ZzMRm0J
qpark,&8ULwj&bb9
qparker,xa1%Il4m*@
qparker1,)v4G)Zer!*
qparrish,f91HIDuu&s
qpatterson,TF8*9JTzA+
qpena,I1YYo^+t*4
qperez,+2PVlMP9%4
qperez1,!+Co9CyO@&
qperkins,!Km4wOFa!d
qperry,l&4Rx$^hSS
qpeterson,@&KkbMVxm4
qphillips,Qf5V9ax5(*
qpineda,&HES1!$Ar9
qpope,2$F5PPKjsI
qporter,89oKyuJh%+
qporter1,+!Z6AxWM08
qprince,)tMhV5Ri6Q
qpugh,P_q6ObPQms
qramirez,+c4bB@0z8R
qrandolph,2J_J(n^q_8
qrasmussen,_Mx8ZyQsNf
qray,+T6$TfHxm2
qray1,^YNX4oeUq2
qreese,(+$4hWcil#
qreese1,A14Kf3Au#S
qreynolds,y9A*RAs0+*
qrice,_7v$8ChyZJ
qrichardson,&9(KR@j(Wa
qroberts,(^mDqc(QV3
qrobertson,F&+v3FFo$*
qrobinson,^1Aydutn3N
qrodgers,^^D!3FotPH
qrodriguez,NI^9JpwhLO
qrodriguez1,gg0S5CqCw)
qrosales,6pOeq@Wt+H
qrose,)5W%1Ygd^S
qrowland,uwUUMctU$0
qruiz,q_J6EoootA
qsalazar,juss7S9q&J
qsanchez,u7TN3^ij%p
qsanchez1,$e(44Ai_PW
qsanford,Mr!HUCXv(9
qsantos,Lj_9Wt2V4_
qschmidt,9BNKhfEm_w
qscott,!6BmGgto%W
qshaffer,@dKlAiZLK3
qshelton,RV5YFYbYN#
qshepherd,#8lKQvcisR
qshort,*X0OGbAb$2
qsimmons,^mbu2kDnvd
qsimpson,_9JwnuQo+b
qsims,Lf*%2Qw#wL
qsingleton,a^6IYofpzi
qsmith,NU3imMfUH!
qsmith1,33e%NImt@Y
qsmith2,2_7W(tP*Yr
qsmith3,(poJlkyz^7
qsmith4,c#4QW^vnGR
qsmith5,2uZ8GSlK_1
qsnyder,!(6HbC^tcT
qsosa,!8f%OuCi^r
qspencer,pv51TXbm@a
qstafford,814KeVj+&+
qstanley,)7%CGVZr28
qstevens,$R)7GUnwx(
qstewart,g7uCnBp#^0
qstone,UJ4G2FpF+x
qstrickland,_j&0CQcqf_
qswanson,lJF+3oUh(i
qtaylor,ZmVzEPkW%9
qtaylor1,pLN)@0Soi!
qthomas,#Gsn34ze22
qthomas1,!eABI)y^G4
qthompson,)f9ZZo0W*E
qtodd,H79VowQs^+
qtorres,#94&MMh%y3
qtorres1,d^awQ2*pvY
qtorres2,_uuy#WYx^2
qturner,lW72KdHZ!+
qturner1,I#lyf0Riaf
quinncraig,Ic*23The)7
quinnheather,S36@9CWftl
quinnjon,w0!0V&Aw1@
quinnkaren,HR@T32Re)6
quinnkyle,CQ1yS(Bwl&
quinnmallory,y+Jrb@FxX0
qunderwood,$2AqjlRYaD
qvaldez,Kks0wXpx(_
qvalenzuela,3q0Gu3A3)!
qvance,h*99ATroZR
qvaughan,$27DSKp9h@
qvilla,Q$y2Frbm(6
qvincent,A+PU3WZxhu
qwagner,x)d7ZeDk2+
qwalker,%6XCqcpW2q
qwalker1,j9lhUbML@W
qwalker2,$r13LuVq!t
qwaller,j#97JD)xej
qwalls,^Q_5MJt*mp
qward,*i6KlItrAC
qwarner,Nbc5eA4h%3
qwarner1,C3WnG2K%_j
qwatkins,3gsZG2eD)R
qwatkins1,@2!H3WynDB
qwatson,*D77!gCfKh
qwatts,prjOSGFt^8
qweber,#0xHFNitlX
qweiss,%yZXxlv_4&
qwelch,&)x0tIpl7+
qwells,e9BV&oU$(1
qwheeler,(3ROjkn6wz
qwheeler1,(Al*XyGij5
qwhite,@h5DVUvya5
qwhite1,+C4U0qyg(0
qwhite2,+_6Gp2QbnA
qwhite3,eF+1iQLye)
qwhite4,e2ELX%vt#z
qwiley,&bm(0M#e2&
qwilliams,I^e6O+m1#n
qwilliams1,NTv%9V+wq@
qwilliams2,b6%8QtWnNV
qwilliamson,#tr)Mje5s4
qwilson,v(i4Owdik^
qwilson1,YB463KhR$X
qwinters,Uy8MnNgOS)
qwolf,H$s0%Rqap*
qwright,+j77bA0r5*
qyoung,*9+s&I%r@2
rachael11,ycV#9P_!#6
rachael16,*T&7F)Ml)q
rachael34,$wSNL5TaJ2
rachael69,dss@2St+0o
rachael70,#5L5vjwJiF
rachaelcohen,v#d_e7Ptaw
rachaelharris,ATTK6$Jmh!
rachaelzuniga,3jeEJIY8!j
rachel03,55JC%f$e+#
rachel08,&4(G7bMjkQ
rachel09,U3#IVcG$_D
rachel11,l&*1!OYd!F
rachel15,4*a5FdMzmr
rachel18,Sev#3Gpv4a
rachel181,NCf(9Oq5^9
rachel19,%Kr7QhZlQp
rachel24,PKTHz+Mk@8
rachel26,FHx8UaL$K^
rachel29,I@(6f@OuGQ
rachel30,M$49JVm@ED
rachel32,6@kYN8H2sh
rachel35,$3&kjWVhcH
rachel36,)WFSUa4se7
rachel38,10PO^Sia$_
rachel45,ZcS7V!Ako$
rachel46,o54NCHqK8&
rachel47,YrY#HW8a@2
rachel49,vOJ+UoLk+2
rachel51,Z*Yt5jUcyO
rachel52,M3popTWD^r
rachel55,!XQRbVyE9p
rachel56,a55KDnqWR(
rachel58,BM+m2Asl&!
rachel63,^^sPSZdH(2
rachel64,I0tC1R@d&6
rachel70,B+t8GrPt+p
rachel71,!e1yIj924n
rachel72,niT13EfN*Y
rachel73,rKLJ+05h(1
rachel79,dm_3Pi+qA0
rachel80,oZ8Tmmj$N_
rachel87,621ZHRKs+b
rachel89,m$6x3&Mm7a
rachel96,)g@6)QfU40
rachel97,v$)4UT4Cut
rachel98,+Nb_btNeV2
rachelanderson,g1W*lKxr^$
rachelanderson1,ULZuSwt(&5
rachelbarrett,YubBI2oI@6
rachelbarron,LynG)ajl$0
rachelboyd,G!8San*Wfp
rachelchavez,%+&)BocD02
rachelfox,0%NL3vms_d
rachelgarcia,6JlzcIDP(c
rachelgoodwin,B!1Ejh1K8k
rachelgraham,UB_5Fy^qU+
rachelhart,CQ5TB9)k+Q
rachelhopkins,*9N6rc1L+n
racheljacobs,9*V0JX2hyg
racheljones,0v3_9DdKL$
rachelkim,%@qINibLf2
rachellopez,L!45uD7cG%
rachelmaldonado,#cSwTyqnq4
rachelmarsh,#D*_@8Vq+T
rachelmartin,mF9JCdaQ#M
rachelmccarthy,jvq4h(Wh@#
rachelmorris,$XkD4ByD4S
rachelosborne,)G2LH94p3@
rachelpacheco,2$5E)Erm9e
rachelpearson,Os*!0IbcR+
rachelperry,M)X4cYbrPR
rachelrodriguez,@LemaBxU3%
rachelrodriguez1,I40HkLkp$F
rachelrodriguez2,v8(a4CJeRF
rachelrogers,mAfXHIiV&2
rachelross,14RuWbf%#&
rachelruiz,o$0E0otD!S
rachelsanchez,$1*P3U0bd0
rachelsmith,LP+C9W^pqV
rachelsmith1,b#J9Y&*qoE
rachelsuarez,@$dJ7Evhqs
rachelthompson,!hFWo#hH9!
rachelturner,I0S!z9ru%Q
rachelweber,(6EqTiuTj)
rachelwilkinson,+glmAiW!22
rachelwilliams,l6zYBB5l*!
rachelwoodard,R1EAQSGb_z
rachelyoung,N&26XSIk3^
racosta,+6GM53jywh
ralexander,Eq8MnAT&(B
ralexander1,o^8JKUn1+s
ralph16,)FYu%m0kQ1
ralph34,)7sUlVjHro
ralph80,$_P6gpO#7x
ralphdelgado,S&wQ8Rp$BM
ralphmarsh,+9Aep3tP%I
ralphmartinez,Y5_kM4ZiV1
ralphmiller,e&7AZbGe0t
ralphmitchell,I!gf5+Ve*G
ralphperez,(1e%tUTtMy
ralphrodriguez,D$2HiW$uOq
ralphschmidt,8*5Y4YdsQ8
ramirezalexandr,l8)1FUkMG+
ramirezamber,lw2IZ7d!w*
ramirezanna,8_72TBqbDw
ramirezashley,(8A&sehx(g
ramirezbradley,)0Ix!!+22c
ramirezcassandr,HJml88Tjb*
ramirezcharles,)31Ky_syW5
ramirezchristin,azcN8oea+8
ramirezcristian,kI^4JWwgP2
ramirezdenise,a*7)Pqs)H^
ramirezjames,Ap9RLcsl!)
ramirezjason,7Ne6a9ed!6
ramirezjeffrey,F@2ZT0wZ5U
ramirezjennifer,^7MZnaa^Dw
ramirezjohn,H7^p0aRbA!
ramirezjoseph,I+J7MfQtU0
ramirezjoseph1,w*4Ol!ymX&
ramirezjudy,7$d)(6TrWb
ramirezjulie,_+t%43fcLX
ramirezkatherin,n*Z2lBy^Li
ramirezkevin,)aE9MPsV1^
ramirezlaura,!3%LJN0aas
ramirezleonard,DW2Hv+pvt_
ramirezlisa,0Z_UHszI^F
ramirezlogan,l$7tzYnD*1
ramirezmatthew,@bPp@7IdWZ
ramireznicole,*zkDgW(ut5
ramirezronald,%xC95JOk(Y
ramirezsamuel,F@8Itl+iyp
ramirezsarah,@55qFz&i!#
ramirezscott,!^6!ySf7PN
ramireztheodore,eM7ffSi%e&
ramireztimothy,(uaeV0kP)9
ramireztodd,&#BqdMMhf6
ramireztracey,$eQ$ye$+l4
ramirezzachary,+1!+0R@b)j
ramosalexander,%x3hfGWqxO
ramosallen,f)6Gmq7pft
ramoscassidy,7N62_Qru5+
ramosdonna,*5xC2xub&S
ramosjeffrey,fd0TaBn9%l
ramosjennifer,n1E9e_ji*M
ramosjessica,&Cw1TlDpYq
ramosjohn,xi#3WdHWzS
ramosjoseph,3Jw$A+gu#&
ramoskimberly,)jzZ^sdIU2
ramoskimberly1,)ujUuoRmd5
ramosmark,&^y$7IkDU*
ramosraymond,t2KUgjl3!_
ramosrobert,me8KPorj)J
ramossamantha,f)QcXDt((0
ramossean,&@ww0WFulO
ramosshannon,#4!u%HyU6w
ramosvictor,&HE*kLmV6e
ramseyaaron,e#V4o3GlJ_
ramseyanthony,Kkr!3C$Pv$
ramseychristoph,$h0AEUn@&6
ramseydavid,Q5oUSnBl(I
ramseyjesse,)G3VwJ+r88
ramseykeith,ZM5(54CdZ2
ramseynicholas,8KNs7TBi*^
ramseypatrick,^Vn2sX@ij$
ramseypatrick1,@6u+!vQxP+
randall41,MUE(z0Mob9
randall66,+*TD0OnlO3
randall77,*VBpk4Vlh7
randall81,!77Eu*2vpv
randall91,__9iCv*g1K
randall95,^fY0eyle9Y
randallbrooks,d!6(G8zWY^
randallcarlson,)5sTBmRCl2
randalldanielle,%M_4IJsR)j
randallhernande,)3%Qct#)96
randallmartinez,4&2oK9Ox!p
randallmichael,!r01tdXe*u
randallmorales,&vHtzfkw0C
randallmurphy,&_9Vm7QgMZ
randallrobinson,rsKoX)%^^6
randallwilliams,QM)9IYdH#+
randerson,q)B@0bWc(v
randerson1,%e5t%U2I2y
randerson2,(&L7B(rL#D
randerson3,EG2JQ&s!Y)
randerson4,vJhK2B+wj%
randolphjoann,&bM1krCP4$
randolphkaylee,9%!JtDLd*0
randolphlaura,h8RIPr8!#I
randolphmelissa,#E9DDHcgIS
randolphwilliam,yKf2Dp^@$8
randrews,^y4Mop@r!O
randy10,We^6UIxf#7
randy22,b*7rT*)u!c
randy23,_m*5zvXg82
randy35,%v4S&n2x$0
randy40,+3)%kTos2p
randy42,1tc6Aqnd&+
randy45,X%42EK&4ow
randy48,&r_ppGelp0
randy53,&x$5TUzQ3d
randy55,!98Tgiy0$E
randy60,fG@)6@Kir_
randy601,)v5Mhg4rI@
randy67,Qij3i&Tz)o
randy68,@2vEwkearr
randy72,v8ymjtes+P
randy75,Z2GVhtWa+y
randy83,%#1A7jBxzB
randy93,*uuJo2vW9R
randybates,@QYVeVx2B0
randybutler,B20%5PSm*O
randycampbell,g0CFVrI2#b
randycollier,e_l7Lbw6iL
randydavis,$k9*Vmh*om
randydixon,0UtRSLpq**
randydrake,0*65si7lgQ
randyesparza,n^4Wg+YI_s
randygarcia,qN7L4oHjy$
randygood,+2JFq(I_5C
randygriffin,$%^iGQKa+4
randyhardy,@R3IedVB__
randyjackson,#1bSOr&*dl
randyjones,$4QBvDloL)
randyking,VJ5CCll9!+
randymartinez,F@Qc7ETw3@
randymckinney,&6U)RDUnkI
randypruitt,4g6y7IAy_%
randyrose,f5lYaieX)q
randyscott,U)PY*4Tadb
randytaylor,4a#V8AcS3%
randyvang,*0!_T0e*V8
randyyoung,aK$7+vFh@!
rangelbrian,COC&PdCy_9
rangeldiana,jj$@2W8vpw
rangeljesse,+y3WAqCuu9
rangelmelissa,1@@+2N5s51
rangelrobert,(1lX8jQTfN
rangelvincent,Fz8VEtIg)R
rarcher,)$&6IFmlw#
rasmussenapril,$hvFOpR1v%
rasmussendonna,^6K1JT6q&9
rasmussenjulie,AL8^YtnwL^
rasmussenkeith,*6(Zo1Tzm5
rasmussenstepha,%3Ot7BU4Gf
raustin,_3Lak4eo0R
raustin1,#JMDwV$g9y
raven14,!+5HpQJOGZ
raven15,2^2tF8VgOw
raven30,_0kzxYiNnl
raven31,^1sY+x5%0g
raventurner,x1Vp*%sT)j
ray00,$m_P9BvBMc
ray49,N8VKGnbR*S
rayala,#SWDtwe1n6
rayangela,*+3EbnGrYF
raycaroline,zStud6TN_6
raycharles,(PnGt#Ww2C
raydonna,d32J1z&+H)
rayjessica,*#r1uTz6i@
rayjessica1,o06S8^g1&y
rayjoseph,M&&0GZ1wx7
rayjoshua,^8JT4YchV4
raykimberly,CW3pesfHG_
raylindsay,5%h+6KSrJe
raymond12,fP(8XawvNM
raymond15,$a+3SQokqS
raymond17,s*79rIMlJD
raymond27,259oWdT1%c
raymond60,%8%$gHtJ*N
raymond61,iRpaRVGf$5
raymond611,$6%0Vj538U
raymond74,#I4DY3gr7x
raymond80,sN*i6)vzu*
raymond81,)619W(GNnd
raymond811,jwywEFpj^1
raymond97,$HJba_3ZA2
raymondatkinson,S!7DgYwr95
raymondaustin,8%3Zgqu5Qx
raymondchoi,%O871ZBpwc
raymondchristop,NI5J_mTI5)
raymondcory,b64ZmowKt&
raymonddavid,B_ZKZzoG$6
raymondedwards,$hOCy4VoC7
raymondevans,@7ev)mddnU
raymondgoodman,p1I5NfjP@!
raymondgould,OseUJ7Ng$S
raymondhowe,@%uS4#xp1&
raymondjames,M^fWh5Nn5l
raymondkrause,oc0e9Jlj#T
raymondmckee,(D6CpQ#mLj
raymondmercado,1q%GpkiN(J
raymondobrien,^h3X5sk&Vy
raymondperez,gk)x8Pk4+J
raymondphillips,@17WQowsFf
raymondsmith,&7IioVq@ck
raymondstewart,%94tMvPO*M
raymondwilliams,oL6RJ%f@(+
rayrebecca,eri33Jvu^5
rayrussell,)59EwDBEfj
rayryan,+&2bmZbibW
raysharon,@3Dga%(fgJ
raytyler,)MJvUaE2e0
rbaker,(DxcGx2M75
rbaker1,Lrt1kIc@$d
rbaker2,0KK2d8if+B
rbaldwin,4RNUKnDF%*
rbaldwin1,#2scEMqfWY
rbarnes,&P47ZvMkB9
rbarnes1,lT62aAa$L*
rbarr,_DBmB2xnu7
rbarrett,a+9O!JuU**
rbarrett1,eO*wv1Ve8O
rbass,S)f1WSqW_N
rbauer,@v2DXNeYov
rbaxter,Vo&4^DoD#9
rbecker,xXEYkLNg)1
rbender,$&6%N%wJIt
rbennett,ww)2rCxTQ#
rbennett1,34e%Nj5a(d
rbenson,_1G_uEjrGz
rbenson1,HS20qXwV@5
rblair,Sca9MG_7f#
rblake,+V^VK0YzAl
rblake1,%wSphtWQw6
rboyd,5^3Tl%l1!Y
rbradley,(*M_1JQqtn
rbrewer,7@)J!8!euL
rbrown,^vdRv3Nm!x
rbrown1,B28wQvT*+T
rbrown2,mpgm2Yfo_(
rbryan,^*E+S!wvZ8
rburnett,gva7QOxg_^
rburns,r)F0OXrHW3
rburton,$9Pl!MnDrb
rcabrera,r^3XwK(7@(
rcain,9+NwHrfq&#
rcannon,7R3LueqjH^
rcannon1,ufNZwetO%9
rcantrell,*2_(y)F(Wh
rchan,96M*!THD#p
rchaney,1@A9pBUz_%
rclark,B4!)PZlb*F
rcochran,(%58GUxsu9
rcoffey,+yj2Rif(N@
rcole,@_in1TsGZH
rcole1,^0#LyWBvh&
rcollins,4Q2%8Lq5tW
rcollins1,W1UihvrM+u
rcollins2,y76PwOcGX!
rcolon,$(4cJBmRp9
rconley,k1NWdXx3^R
rconner,28jE4ACq&2
rcooper,#UchwXLv0Q
rcortez,%JVGwGiDv1
rcox,!0N2_#VcjZ
rcraig,x+2UKuB)+v
rcrane,_zB)o6vT0f
rcruz,xClTqKcY_4
rcruz1,9g1XM4z4^X
rcruz2,4QUQab@g$!
rcurtis,L_H6QeX@oL
rdaniels,c1^5G6xlSy
rdavila,s5Cpoqm%$^
rdavis,!HXSaqbf_0
rdavis1,k+1Np^!WzC
rdavis2,51F4N1Cb)p
rdavis3,#l@d8WZz&@
rdavis4,)(FU5Dhj$1
rdavis5,xv2fHNnMJ*
rdavis6,^UCEfX#aG5
rdavis7,u(593_HNGd
rdavis8,*6PT1tq8F4
rdean,K*I3RLt6V^
rdeleon,)^X1)xtk)9
rdiaz,ei8JYtwf(6
rdiaz1,xJ%16LLcjR
rebecca02,Ty9L!nV)4%
rebecca04,$lCTp0_82b
rebecca06,z2GrKjwZ)5
rebecca07,am0RRF%z@h
rebecca10,g8hGZwsd)k
rebecca13,TL*P4U1aB!
rebecca14,s@9PoefJ*P
rebecca141,^JE)hL8XD1
rebecca16,+B!+Cjp3l1
rebecca17,)effrSn4F3
rebecca20,!7kWrxTz_V
rebecca24,!5Py*JxoMN
rebecca241,e_7obAcGDw
rebecca242,!aSMPn$Cu6
rebecca26,!oFAdFmV6e
rebecca31,^2Aqo!FPsL
rebecca32,NNa6RxlYl&
rebecca34,@9@754Sq4f
rebecca37,@7Mh!8OlFQ
rebecca371,7E@Y0Fbd!D
rebecca38,m$1jNJizjz
rebecca40,+VX#3AlbB6
rebecca43,%Q5JyLbQ(^
rebecca45,vXNIsrMD*9
rebecca451,*lSqf6NgJ)
rebecca46,+o0(7Vn22%
rebecca48,_jm0_LmzeG
rebecca49,+AhKZiq!U5
rebecca491,g(lv99RrqN
rebecca50,_(Ld3ShphM
rebecca51,qXz8Pt3v%M
rebecca511,$E)A$pM^5J
rebecca512,@1U!1Jn8)d
rebecca55,O0B^x(bv(e
rebecca58,(2mMaz8+!^
rebecca59,VOU1X&_cd@
rebecca63,n07Y8FsQr^
rebecca64,w&C2I0s^uu
rebecca641,&9C@jf4Y1c
rebecca65,@o9KWea%O2
rebecca66,9C5YbfZr)!
rebecca70,hn48OZmj)^
rebecca72,%WU4Yq^iG8
rebecca721,7K#JlPv#+f
rebecca74,*VCp4!i0%6
rebecca77,C+s4(kO3Na
rebecca771,^8IB39Fq_s
rebecca79,%cDP+kqT1$
rebecca80,$kgym4Zjd1
rebecca801,@bL7P1NbFE
rebecca85,4mPyKGR+&2
rebecca86,*SsMuZwGf3
rebecca87,Hg8YCCv3S(
rebecca91,S38CKmya*U
rebecca94,YX8Mm0nT+e
rebecca95,b0Y4a(As!Y
rebecca951,(_0)EjMydI
rebecca96,+4emBe7u1&
rebecca98,)VzOs1Edol
rebecca99,9Y*XRMeS@p
rebeccaalvarez,#mOaSAg(W1
rebeccabarrett,@e(1A!RyuW
rebeccabeck,*eEw+SIt18
rebeccabullock,Mb1zeFr_!$
rebeccaburnett,$u_S%NdUt7
rebeccacampos,56TKz*Jt&(
rebeccacarr,e8Qeg^$I)v
rebeccacarter,Q7q_fFFc%*
rebeccacoleman,4Bz%Jbhk)R
rebeccacollins,C8ZuyCCj)8
rebeccacollins1,_etScbdy)3
rebeccadavis,#0ExIoJZtc
rebeccafischer,ooHuuY(i$6
rebeccaflynn,VhE!qGps^5
rebeccafox,i$9QaD4+@u
rebeccafrench,Q6WEkTbB%V
rebeccagomez,4tgNV*v+^Y
rebeccagreen,$jOAI!em!2
rebeccagreer,@V0zbZqs)c
rebeccahall,C9eGmAqa^+
rebeccahouse,O2f6PgKd!0
rebeccajohnston,+7Q2QyN4Lf
rebeccakennedy,I6%g&uFS_k
rebeccaking,(ov1XOFcyY
rebeccaking1,B@2dI+Vd)(
rebeccalopez,t8AHmq+2&F
rebeccamarshall,+70LV6puuM
rebeccamcclure,G1)^9DzfA!
rebeccamclaughl,iLmRq6Be2%
rebeccamendoza,!%YLNYjxF4
rebeccamiller,)aE1aIJs0B
rebeccamoore,_n$xJu)h&6
rebeccaparker,(_DN1Ml+)v
rebeccapeterson,J^rFEtRw!1
rebeccarobertso,hH+1RC(mE_
rebeccarodrigue,ipY5DJEmP)
rebeccarogers,%i2aBpUfN!
rebeccarussell,B5676Hxb++
rebeccasanders,_2aCrbJk5m
rebeccasandoval,lE1_0L0au8
rebeccasanford,C$P5TTNrwx
rebeccaschmidt,$6AekqoZv$
rebeccasmith,we8nMfUo_i
rebeccasmith1,%h0$4AoK_Q
rebeccastewart,!50_HAiiL%
rebeccastewart1,7KY3JS%b*M
rebeccastewart2,q^9Nq*^a5#
rebeccathompson,FFX8wEtpX$
rebeccavargas,Zv@1Vhs2S%
rebeccavilla,J5OxGw^g(Q
rebeccavillarre,#G1LqV+)5$
rebeccawebster,#u*JlNu2d0
rebeccawilliams,kr%8MuLwU#
rebeccawood,gJC1YjIV!2
rebeccazimmerma,O!@6YjLtGX
rebekah12,eg6YTWFhT)
rebekah76,@HE4PrJ_#E
rebekahadkins,V*0m%V)nKX
rebekahruiz,j$xd0Ky67D
redwards,F5$S3EXI^w
redwards1,gY4M&eB!I)
reedamber,Vw$H60XYl&
reedanita,_GQM_td*3U
reedanne,n0xY0RpP&(
reedbenjamin,AE2zV%Kq6+
reedbonnie,KpZ4Rqqh%!
reedbradley,_)t6MssRsz
reedbrenda,j$HB5aQxb)
reedcasey,OHtq&2WcO@
reedchristina,F9cm%fTq&8
reedchristopher,j8rVg8w8*4
reedchristopher1,@Nas+Om+q2
reedcourtney,KC2Adw5D^y
reeddaniel,@15Gbei357
reeddaniel1,c%9*0XGkNC
reeddenise,r59XlCFb_$
reededward,UdV)j4@4_9
reederic,+t0kLz!a#G
reedharold,%aVQJKn9%2
reedjames,)%9Hre&LOD
reedjoseph,%8SIgPvd$H
reedkyle,5o0GDFeHa)
reedlauren,%G3bIjzEk#
reedmatthew,UI78AyCk&^
reedmatthew1,*p!7B#dm4V
reedmatthew2,Do2%FGGv_!
reedmegan,+xtnDGyq^7
reedmichael,Gx+1yK^n8)
reedrobert,Q2KAKeg8_%
reedrobin,)yfR^QRY08
reedsean,sE8pNptS4&
reedshelby,%9NK#nXm)!
reedsusan,(4vqCoFs0h
reedtroy,uUDzuzM4%6
reeseapril,P53(IfxK^8
reeseaudrey,f8QSuMU+&N
reesebarbara,$8XvVSlRLi
reesejames,1s3V$bKJ^+
reesejoshua,7A$kUIhu#d
reesesamuel,9kU!Uoda!F
reeveschristoph,E!2XVQooXm
reevesjames,$%@PG4Ql$m
reeveslauren,QNk3BtXo)X
reeveslisa,(6!IQ_jX+e
reevesolivia,+7jV7IxJ16
reevestimothy,&5@EaKPax3
regina00,p5_b1Dy!9p
regina02,v6ZbM)*a(q
regina16,3zg8Dv4g&x
regina18,&2dNC4V7mp
regina24,@2pFQZXb1j
regina49,GdT!0WhmRL
regina54,*9MW(*gdPl
regina62,p7XOP4rp#m
regina86,&^4@u0HxIJ
regina92,pR*6X&q0j+
regina97,yIc!7C3mS)
reginacarter,_0J)^c(!gS
reginaholloway,7t$GUdEk#Q
reginaking,J1jQ4jB@(I
reginald09,i6bJm%Fb^4
reginald30,&ZKFJWiv1p
reginald58,98E4Dst!4(
reginald66,j)4i&QMc6d
reginaldadams,NsAx&4QxfF
reginaldcontrer,W&69%FmDoa
reginaldcuevas,&!L_84CbxA
reginalddougher,&*eRfffA2I
reginaldgarcia,VaIxd4cw$5
reginaldhaynes,V*W3nFLrcm
reginaldhenders,ty1FRDql#m
reginaldjones,5j%1Un^#pL
reginaobrien,h0W$v!rv)A
reginaphillips,(4H%5xqUhZ
reginavaughan,wi$9RNqmJ*
reidbrianna,l$4DWPduKs
reidcassandra,!D3N5eXY7h
reiddaniel,sl@C0L_xuW
reidgary,58#&5_PjRc
reidjames,w^9wwLd+(h
reidkevin,I9h4Pf%vf!
reidmartin,sk7wArpq8#
reidmike,fK@h9XLk4N
reidsteven,V!q2Ejd!KA
reidwilliam,#QtUPgYg%4
reillymary,H@7X6EqBX_
reillyshannon,4(#0%Y%h0F
relliott,%6PfHsqcJQ
rellis,he8BegVL&a
renee28,*d4ILapuS*
renee30,%XCaosx%Y7
renee32,_9wcXLw)kt
renee43,2Ny83Bdh#%
renee52,Ck21Dv@y@1
renee57,%RUV6q+)^4
renee67,4yyOq^b8^1
renee68,XR0OVSi@A)
renee74,Xm@6!KHp%5
renee82,&8M(xbuX4f
renee87,4s4R7@Bz@X
renee92,G8Uuyao8!a
reneedavis,u8B7gZs^*V
reneegonzalez,t2!SVvf$*k
reneehall,s43Up0^H%J
reneehines,$3bGzORh$k
reneelowe,$hIHEcbiI8
reneemann,fE*7Xqt^az
reneemoore,Zl94iVk2^6
reneeortiz,HW3RFmL1Y+
reneeschmidt,lV0NXluq(9
reneestephenson,!4W!IUaS2x
reneethompson,r$28PsTcSQ
reneevelasquez,j_5)X1Ns6T
reneewolfe,+2YXfPx&5M
renglish,y3Y+uU^r^A
rerickson,f8&j1Xy(Jz
revans,^FH9xXAuPE
revans1,Ups0MC4j_^
reyesantonio,6&00YPr^!S
reyesbridget,)xe_nK3m#7
reyescynthia,_t9PrP_SzF
reyesdanielle,)WAMKteb33
reyesdennis,*Ny8Wavh&0
reyesjames,)+B93PdZWF
reyesjeffery,e5!r+5Kh_x
reyesjessica,m%F_m*KnZ0
reyeskathy,Y%07OuVtwR
reyeskatrina,RtB7BgA_x(
reyesmary,M_K58kMrc_
reyessamantha,$UH2kNkCkS
reyestheresa,G(9Xj5IhVN
reyestiffany,%vQEsQfy36
reynoldsangela,O6MVjPl@_Z
reynoldschristo,@2%DyYo+km
reynoldsconnor,+9)EF0xGHy
reynoldscraig,(E!20Hv%k&
reynoldsdarren,+P4UL&rl(f
reynoldsdiane,fBzKae)x_3
reynoldserik,#pVExIeqs9
reynoldsjennife,#2LsYxqxJp
reynoldsjonatha,M3JUWqVZ^w
reynoldsmelissa,c&Ah5Zfeb@
reynoldsmike,7fvkWQr@+b
reynoldsryan,c)6Sf9NAS)
reynoldstyler,@t5IV$7z)r
rfarrell,y1$)3PytsD
rfaulkner,46g%7Kjjp_
rferguson,$vB0pDiJ4E
rfernandez,X9V_EPp5*3
rfields,)ZoBGwcm9I
rfigueroa,9Z5f#F3a(3
rfischer,@4aL$mMUz1
rfisher,h42LWrJ*l&
rfitzgerald,%rQf7S_ve*
rfleming,@Vr!Bzkl!4
rflores,#1cX5z#wW7
rfoster,z6RzEwO7*(
rfoster1,rpY7J*oG5)
rfox,sYaLhfv$#9
rfox1,To4f5PJn+!
rfox2,%!XgOafp3b
rgallegos,)_B2$MnF!F
rgarcia,#3XcO3OF*@
rgarcia1,o@)yp3YvW4
rgarcia2,E)0HdA#WJ)
rgarrett,j*1H^Na#22
rgarza,!%3Sdz2z$8
rgill,Q)P*+7*p)X
rgilmore,Bg8*QCwwN_
rgoodman,^#5^LYIg9#
rgray,tz0l3Flc%!
rgreen,ZMLqwffs_2
rgreen1,@4Clw*BHbb
rgriffin,Fp^CRwX2%9
rgrimes,)565UgOsb)
rguerrero,m+!+82Kp4H
rgutierrez,S4@U$8ir+B
rhall,&#l3HnPqJX
rhamilton,_JF(E5VyG_
rhammond,^wB6Dh5+Y6
rhardin,U!u)1rk0&V
rhardin1,P(87&haOyB
rharding,6whBb54W(i
rharris,t77Lf6ftL%
rharris1,#9)At39!1f
rhayden,HM7Vrek@_@
rhenderson,4*Knp7mm#D
rhess,G#*4BSyYIN
rhickman,)U1SiwFv8G
rhill,(C8Tr+l%69
rhodeskathy,_6J3xq4oU!
rhodespatrick,Q*10Zy%d1V
rhodessamuel,I^7QR+$c%M
rhodestanya,WC95_3ElXU
rhodestyrone,EGK32Xga%V
rhodge,u_QMb*vd^9
rhodge1,%v9YBfesV8
rhodges,_j60ASscw5
rhoffman,_D4dYjVs*d
rholland,1SJ&4Ignfw
rhonda26,_uM8eJdwo6
rhonda27,5yUHhMWk++
rhonda54,$y*Fy5dz77
rhonda75,D%4Kt4*z)3
rhonda90,i#4CFEsMN^
rhondaanderson,^8Hvkoz1$r
rhondaevans,((NprG7)4a
rhondagraham,@8d)Kwhq*S
rhondaguerrero,v9t#RnWt#I
rhondajohnson,y5*Tg)uM!4
rhondajohnson1,$M@6AsnE@q
rhondalowery,)3JdmJym2l
rhondamelendez,93Y%z1ON^j
rhondanguyen,+aW0A@(r!^
rhondapeterson,$Z+oNMzi13
rhondaprice,*C8qMbxt5l
rhondasmith,3r*5TfAiVU
rhondawilliams,HG+3hVoeX*
rhondawilson,_vbkVjY+95
rhondawolfe,)(h1UKlpy4
rhondayates,u_h5nQQqhE
rhooper,BEXGmhFc%8
rhorne,)5ytNunG*X
rhoward,6I#6WrOo8C
rhoward1,4^O&3XttFz
rhoward2,%nw^CJ%*r6
rhunt,9#96Ychk_X
ribarra,EVYhZkrx$7
ricardo51,egK_!GE()3
ricardo92,)2Gm12laV&
ricardofloyd,u%8q8iNxv3
ricardohughes,6M&7%8QcZL
ricardokerr,OS7Wid@%1#
ricardomarshall,@EX^V4eY64
ricardoperez,7g*(9XCp3B
ricardotaylor,fY7nFUo_+@
riceanthony,h2RoPEnv^Z
ricebradley,5fP1XVYc&b
ricebrittany,WxA2mQ(Q^0
ricechristopher,w*0t@hWz!q
ricedennis,^M8QIZ5h(3
ricejeffrey,_5PqWAFe23
ricekathryn,q5TKrgwD(*
ricemichael,@HRIvY@mv9
ricephillip,wN#74W0wDr
ricerobert,_9nA45Mu^^
ricesamantha,o!0vaUccH_
ricethomas,Q1OrLLMg##
ricewilliam,qem%S5TNW_
richard00,0rNf1uey(L
richard01,&Q6PgJu!2L
richard04,&q_4ELM357
richard10,$PH(uxncC0
richard11,ANp5SYBn+!
richard12,CU+1Jcjq)f
richard14,A^Z2BM9im@
richard141,V0_Uh81j%o
richard19,+6gG6TvuI0
richard20,OR0G1Zvk_&
richard201,0pV2rQ2m&+
richard202,x80ZoG9XS@
richard21,sl457Bkk#R
richard211,G7jc*xFr_h
richard22,0ErMzj#f*W
richard23,_(z8jePyM1
richard24,)Gw9Nggz$A
richard25,oC7w8fBn$E
richard251,t+4TMW0jXy
richard26,@r7A9%%ol*
richard28,%u8JS!ukQP
richard281,#a#2BdspJW
richard35,w^m9KrdRqP
richard351,O_6AcJq@B(
richard38,&H1S1FHt+N
richard40,3D8j@7Bc$I
richard41,Ej&8+5Apa+
richard42,f3bEQOeL%+
richard421,)@2MfrAZS+
richard422,AwF8PuNwe*
richard44,+2GSN!r(V*
richard45,76FD(uOs+I
richard451,sgn3KRLOz#
richard47,*0U2W4kcD(
richard49,G3*RwDyl+5
richard491,$0APKtWc96
richard50,$giNt+BD44
richard52,J9@$9Ay#V^
richard521,AD2dRfyC$p
richard56,R)Q7OUd$&z
richard57,#)%9Z*vcGB
richard59,$97JBNx*y!
richard591,&&I(QCt+K2
richard61,1e&IU5EjuU
richard62,oRb*99Tf&*
richard621,EpB5#9Ut#p
richard622,&$2RS9g@V$
richard63,!0C7TQFuvp
richard631,+x3QQWWn7d
richard64,F7#*M62s&l
richard65,%6TqgnoLi6
richard651,Q2Oil#Wf*y
richard66,6!5_SAmcAO
richard661,xn0f2QEyr%
richard69,FGEd2C&w$0
richard75,*BuN_BEVl2
richard76,t*A2DuzWpy
richard77,!WYdYbXo4N
richard78,Y3uV9v$e&f
richard79,zDlWM1Uvp+
richard791,S9DBnu@T&1
richard80,8LA8Ae$d(5
richard83,**_9SjjscK
richard831,_8SZx*#bHo
richard86,*sRh@kKo%9
richard87,xv0!A!cIo@
richard871,a8PDOnn$#n
richard88,_6Y@g(Kaj9
richard92,$5XWU&Rdwr
richard93,)V4_UqBkcj
richard94,$C4T6Ln56+
richardadams,5BRxeLEy^*
richardalvarado,4_K%94Fat#
richardanderson,vo25LRAp%1
richardbarron,QOkEYy2w^6
richardbowen,%pnimtQtE2
richardbradford,Oc^8WL)r^M
richardbrown,l6TSadq%+5
richardburton,_N(1QlWu%(
richardcaitlin,2d*2TAvL@K
richardcannon,1%37*eCgtg
richardcombs,(KL3J3jwU2
richardcrawford,!y4nOPYeHX
richardcross,)qB3XvnYo3
richarddennis,3!@z7Zkmf9
richarddiaz,ucT9DZ(d+S
richarddiaz1,*R4bBOawzF
richarddillon,!0mPENGhJ5
richarddowns,Yl8LAP@U()
richardduncan,K4Og(NAM#M
richardfloyd,(VVbksvj2D
richardgamble,*1OFadfMja
richardgarcia,ys7cLIUgE%
richardgentry,pu2mIplNV&
richardgonzalez,TDA$9Orzz)
richardhall,P1sDOr0F(Q
richardhardin,a0d!C4Itwl
richardhendrick,yID1PdPc##
richardhenson,&*4jkHUGZg
richardhernande,2@BL9UUq@_
richardhorn,N41xhEx!&o
richardhunt,^7Or^5*BIF
richardjackson,+r0No5+A5Q
richardlane,^93)sGseXQ
richardlara,^_4rqTYW9c
richardlewis,($5DMcuU8o
richardmadden,AiWW_8LqF8
richardmarshall,7zdk9KR*9$
richardmason,6SET&*p&$u
richardmcclain,wb7)NDuw)Z
richardmendoza,TulV1SDt$3
richardmiranda,rY95La*nZ!
richardmitchell,20YHzdfy@9
richardmorris,!rIG6YZnw9
richardmueller,o#_jk(3xOT
richardnelson,2Q)17JtCeF
richardowen,bX^@3KWwYB
richardparker,*o5l3Yf1Pw
richardparker1,^1JI#g!yYi
richardparsons,k0ahVfsa^0
richardpaul,(SLP6$_v2U
richardperry,MK*UoPJf(8
richardpham,b84MbIKV!D
richardreyes,#x7ONeZs&&
richardroach,BavSqKiE&0
richardrodrigue,*@NP&3Osoz
richardrogers,np*3eUpejb
richardsanders,^#UqQFzH$5
richardsanders1,hg4yPvmt+Y
richardsandrew,X^N0lUn@sJ
richardsanford,XT#!0YzS7y
richardsbrian,p+K3OnwSB9
richardscatheri,(o4p)NzYwJ
richardscott,(7pOv0me_r
richardscott1,p9&3SYvc+F
richardseric,bKQ(g8Bd6r
richardsgarrett,!8DCfdFv*a
richardsharold,F9MFo9_Y#4
richardsims,0(O9yoxE*Y
richardsjeffrey,!k^w5dPeKR
richardskrystal,*sf8BzOul5
richardsmith,QhClFjcm(9
richardsonabiga,V%D*#Ftt)0
richardsonamy,$q3CsJNq)V
richardsonapril,JFq5U0bfw+
richardsoncaitl,l$g4Ba+b)2
richardsoncynth,(y3IPgy0JA
richardsongabri,i9*Rukcm!Z
richardsonjames,#zC7hvVa^0
richardsonjay,i5DABb7f$q
richardsonjenni,$nIj1zzxY1
richardsonjerem,V+ai7KUebp
richardsonjilli,UG5I9lO$u%
richardsonjohn,&v5aP9Ete*
richardsonjohn1,ImOAJvRv%9
richardsonkara,@0JPn9Un9c
richardsonkaren,48OP6u6y*6
richardsonkeith,ElC!49BnXp
richardsonkimbe,l+z2YBOiGC
richardsonlauri,NC!5L8eVI@
richardsonmaril,sv#j6FDnhX
richardsonmatth,Ic0%qLKc+$
richardsonmicha,r!1T&O%Qap
richardsonnancy,yy%$JEfo^7
richardsonnatal,&H6Per7z)6
richardsonnicol,T)@8NDmXEs
richardsonnicol1,(3ey0P(wwD
richardsonshann,k)1dGt0CjK
richardsontiffa,#+X7Zf7xna
richardsonwilli,66*3MAezj)
richardsrebecca,c6U92Sw)+l
richardstephani,_6XgnR2@+8
richardstevenso,v50%hZgq&u
richardstevenso1,m%9yJHaX*Y
richardstyler,&7H%Cu$bQk
richardswendy,+yuC5pHl5v
richardtanner,uw4tX@Tjk#
richardtaylor,W_+J2Dgj+6
richardthomas,F@H0JXck+8
richardtorres,t2fzsEhW@H
richardwebb,ro_M+1Ii_x
richardweber,1^3MpTRi10
richardwinters,+7arVlOA26
richardwright,V3Ysktun%x
richardyates,1#2iL2Jd32
richdanielle,&V9CJEf&3)
richgary,CWYkYtqt(5
richluke,)p08Kq4u$W
richmondkimberl,n9I3ZqlI#D
richmondrobert,(jJOLlPjS4
richmondwilliam,%1LmjPZ6tF
rick03,+u8LHnc$Sr
rickey93,%9gD%MNP5v
rickhooper,lg2X!TS@4$
rickmeyer,$uuLVVUa&8
rickwoods,@$QzMpIec5
ricky06,aT2SBJyK2_
ricky39,E%0Bjji6fE
ricky41,$$TNdGucQ2
ricky43,!61R_znrE!
ricky60,gH14K7bN&!
ricky64,WrZG4Flh*Q
ricky84,W$PM7LsfOU
ricky94,(P@1CxO%M)
rickybaker,8#1V51aBMF
rickybecker,)n@vKOKJ*4
rickybullock,+zsc8KEr5a
rickyholloway,O_46Oz#4)6
rickylopez,@0akSIPmCI
rickymckinney,d#3K8Gm$X2
rickypatel,u@$1)7Xt_G
rickyrichardson,_W7QYSjQCX
rickywatson,5kt!*vWc+S
rickywiley,^4vApfsbKI
riddletim,_HbTEioQ!0
riley97,BQ^g0QTvdi
rileyashley,7lho0EHx)1
rileyeric,*QjVr_Ayg6
rileylisa,@_yLYZTh3b
rileymegan,_E!58QFnHH
rileymichael,l)paS5M7Mc
rileyrobert,7RWwLATb%k
riosalexis,2GI1wL8g@@
riosalicia,)D@5QjmZ9(
riosapril,@a916EmhAh
rioserin,(F7GDJp&@N
riosjames,LU2#9Wb(+h
rioskenneth,+OU(_e2bH8
rioskyle,vC#&S9Ork+
rioslisa,LL9xCfab_8
riossydney,O71U(Mjd_3
riosvictoria,hs8vykSk*7
rita51,Rd9rTm9))*
rita68,*a2W2sbUn2
ritadonaldson,Dc7WalD@%&
ritarhodes,@9LXSqC4#y
ritaroberts,88BQ+3cc)q
ritterbrandon,Z1leZ5Ok+$
ritterelizabeth,oxAhUz_o)9
ritterlori,@903K1h*sY
rittermatthew,Z_fQI3Hq!O
ritterrobin,74PnI)Gz&%
rittersamantha,DFK7Hfq0^^
ritterscott,#3D0L0hdoA
ritterthomas,0H2LDjVb)_
rivasholly,geiOl)50!7
rivaskara,#23BFmhU%5
rivasstephanie,S!Y9tYxZsh
riveraamy,^w#%Y+yJ04
riverabrian,WE%6L1oLCG
riveracaitlin,@_o4NjMU4z
riveracarl,N*#8uWSu%0
riveracrystal,E#h_S4FKBd
riveracurtis,$P$@(UXDo6
riveraderrick,&87kDMqV*9
riveradonna,!00B1#Ks5!
riveradustin,%V1W7aUqZU
riverajames,%YO8Rl29^b
riverajames1,oI47cBdvT*
riverajessica,%1DWdzU%ll
riverajessica1,z9$1!)Lwy(
riverajoan,+2PavHKdsv
riverakenneth,#545UpHe!g
riverakevin,$3TXiD^mrL
riverakimberly,E$15Vn+dY(
riveraleroy,Y_2O2vqzLA
riveralisa,*JG8JijSL+
riveramark,h%4Q8sRh4l
riveramary,EbV3Awgd(f
riveramichael,#tlAHy(wh7
riverarachael,^DsT1lFdW&
riverarichard,$4ZS%IQjy8
riveraryan,VJ%6%rCi+9
riverasamuel,1yUlqnJM*L
riverasandra,(4!QiU8aqs
riverasteven,j^8O0nSjpx
riveraveronica,&5^Ts3EJC4
riversangela,$B0r2SWqJ5
riverscarol,79nRIJd6_k
riversdaniel,5YK#Votn_!
riverslauren,Gh48Jzdfi%
riversmichael,9b8rY4ca!1
riversronald,q1_R0Vil%H
riverstracy,M9SMziGf+Z
riverstroy,hu31gYbkE^
rjackson,_7z05N^iVC
rjackson1,*N6tNGOceX
rjacobs,@AlQQi+fQ5
rjames,^24AYuqe$v
rjames1,_(b7Res*CW
rjenkins,+!J5iPXd*k
rjenkins1,(s28!Pe)w4
rjohnson,2pTlWLwv^p
rjohnson1,&t9B0tUo61
rjohnson2,$iW@GgOk4$
rjohnson3,tAs#rR3#+7
rjohnson4,p6EhvT7#_5
rjohnson5,z@3Qz#psg#
rjohnson6,Y&n7LstkNh
rjones,07QMHhNn$Z
rjones1,ri&79+V^8+
rjones2,#0XfOehIRJ
rjones3,+xbkZrbLW6
rjones4,+0PuDv#Yho
rjones5,ziY0bSwEx#
rjones6,)5APsyzJlE
rjoseph,_k6Mnsuxl%
rkelly,%M90SWOmae
rkennedy,&aWnH(@H(9
rkim,GhiSpGo6&4
rkim1,^C1!ZxZwVf
rkim2,i9!UWswX)t
rkim3,n7QFzZ^B#c
rking,@6O*eLNvak
rlamb,$nJ#f4bMD7
rlambert,_S2H8#k^@o
rlang,P_rm2J4glr
rlara,Ni2TgUMj4%
rlarson,vi0VZ0ZcT@
rleach,&DqIbi&o94
rlee,MGe1ZqX@!0
rleon,p&Uq08XrUZ
rlewis,tjD85Yo51@
rlewis1,1uvRhTFk!3
rlindsey,y(@pd5Pc5$
rliu,jp$fxAus!3
rlong,6NZpnh@P@s
rlong1,T@4xLu$_Ii
rlopez,WYV3FzHk^)
rlopez1,2upObSra@3
rlopez2,_t%m4QtA$+
rlowe,$!92C&AlIs
rlowe1,XMn%XG%c#7
rmanning,fT2vGz4j(!
rmartin,%+B6QJGuR^
rmartin1,&R&sGadp*8
rmartin2,4rJ1PCD7^v
rmartin3,$a6AOrhE#&
rmason,()7*7JEgia
rmassey,#M6LgOf04S
rmatthews,5I8khU0m(h
rmaxwell,_5IQ@eo6&b
rmayer,@D2VwgMMPK
rmcbride,heZg6fEJ@4
rmccullough,@H1LmDiU+m
rmcdaniel,iW6IaeHL@T
rmeyer,oL9(+Cay@4
rmiller,CiRMaTxf@7
rmiller1,nC7bUJaaz%
rmitchell,xk&!8VwGf6
rmolina,@gLHpEsh$6
rmoore,dzPk3Tnu_(
rmoore1,+4M5nQ3$Qt
rmoore2,+XEcDlmhV4
rmoore3,mOF(1tIxBw
rmoore4,4y4AUJ5r@c
rmoore5,_ve3q2Wfnf
rmorales,!9zxOOlyZC
rmorales1,#blbKv#k32
rmoran,(WUr5NnIr2
rmoran1,P^xWV7FmU&
rmoran2,7x&!8XGy%_
rmorgan,3U_3EpeQ01
rmorris,Lir3DNdj%8
rmorris1,vFS)8Wou^(
rmorris2,#g0wBAgtBx
rmunoz,!jWOFIem1V
rnelson,(0_4T%Kpdk
rnelson1,_9Ce)DwUGL
rnewton,$(C@Qisq$2
rnielsen,uFYfj686(3
rnoble,Rj)8+Ex@8p
rnorman,Xqh7SysH++
rnunez,H&vRYinM(7
roachscott,LO_0GG6cPI
robbinsaustin,_1ChzWzf5@
robbinscolleen,^9Y4Zveo3Q
robbinsjeanne,_Uz6F6Hy%b
robbinsjonathan,6&_7J2kxK4
robbinsmartha,wa*3Lp$QOo
robbinsryan,A%U7pcLyq4
robersoneric,+mVn5e&jn6
robersonfelicia,^A4o2hUpXq
robersonjamie,Pu#pBVl+)6
robersonkatheri,B^2nV9Fdf4
robersonkelly,D&^@8QYcNS
robersonkyle,WB57Jgevy#
robersonsteven,*mrAJuba5^
robert00,)N@O8SnAxq
robert001,4ZD5YMqwA+
robert01,a^s3SYxNMK
robert011,$w%FQfCfi2
robert02,YDKtq1NgE(
robert04,$s_e20IwWk
robert041,!U87O3uRP%
robert05,(#^z8OuSmv
robert06,K_z7q1@kRO
robert061,+$_E7Ndcrf
robert07,49eSJpbI_K
robert08,CnRUpTEH^1
robert081,P0_Drxvi$H
robert082,#1Ym&t4T)n
robert083,_I1W9#eA^7
robert084,%8hjMxmZ)w
robert11,WvjfF9Xie#
robert111,79sTbYCk%)
robert112,J)V_j7GqNW
robert12,(R7v%w5e6O
robert121,1c%^5(Pg5(
robert122,$Px36IlYay
robert123,fb#B6Lvo83
robert13,3uWf5Aj(@D
robert14,Ua+3EmRbo%
robert141,3pG4J3Scb^
robert15,&WF4k1)yC8
robert16,_u6Dq*PQ)(
robert17,^*^WGjSl4Z
robert171,*M7CTfQ64!
robert18,^WhFSjL&J9
robert181,^h$EKDgn1c
robert19,&90@ESRifb
robert191,w+8KMabnA)
robert20,myQjgzVN%9
robert201,(_M8Im$uo#
robert22,!2GwgTODdX
robert221,K#1X9Hcc@E
robert222,kD55QjJZp!
robert23,)%1+5SmH$t
robert24,%o1XNV$Fh+
robert25,@)X8Dpzt1J
robert27,lX!8pUipi_
robert271,%4LokEfLkG
robert272,+e57VAtqKE
robert28,!nEpvOLxN2
robert281,L(2VBZouo4
robert282,ku1D64&q8@
robert29,^QSmze^j3%
robert32,SgCP2M4XV)
robert33,3NNZwzHq^%
robert331,&LNg#W@9J4
robert332,_4DVy&np!*
robert34,(#t3Mbwc0R
robert341,1+mW76vjtZ
robert36,^WrQd+#r*0
robert37,8mZq^JFw)D
robert38,_6KaKNWtqR
robert39,^x)1LP1A(@
robert40,)3RmvaShbw
robert41,^w_6PfX6__
robert411,p_^1snux3Y
robert412,er)0GUfl+J
robert413,85BTKot!*1
robert43,0mhK8Gfb%r
robert44,j+z)2qQed1
robert46,(6&r@lVzf3
robert461,(N7)H&BqmK
robert48,51iEBNBv*c
robert50,q%4FlCn5+b
robert501,dCs56Tuqa$
robert51,s7DNNW8r&W
robert52,dQvuf2Yg+q
robert53,ZLETHv2g%3
robert531,LI)@L#ox^6
robert54,q$5VCQjMX^
robert541,hW9D)5jdT$
robert542,tgV2gqTk(5
robert55,yJ_DG)c**5
robert551,w6r)qC42%t
robert57,mn$PsNvY^6
robert58,*d5fZUlX11
robert61,!AEJQdoS8w
robert611,C4+Iwcnt(v
robert612,_!*5Hpi62K
robert63,#2KGeUkg+2
robert64,*8qi5UXin^
robert641,d&YesnKj!0
robert66,!n1QWkIw+@
robert661,5Knyf#T2)v
robert67,I37gT*3b$Y
robert69,7shXBD(m!y
robert70,)4DUsG+qAd
robert701,i90VPPaX%$
robert702,n%f6QPn3wY
robert71,$4ySEvAmX6
robert711,rsr3DLog(l
robert72,_mKqK0O$3s
robert721,8KUOSujp*!
robert722,WuM7FKLr)7
robert74,b1!Tr+c9^X
robert741,fse*4!Wp@$
robert77,SK9PsZuQX%
robert78,@1(L6q5g*w
robert79,+U0B&Ej*05
robert791,$j*Mlw#1%2
robert80,^a4JENHUY*
robert81,8PGAek^m^z
robert811,@3Zl2h)9!F
robert82,9u!S1WniKR
robert83,@jIRqcGt15
robert84,T!5TJO&tze
robert841,%7%A6VxNDO
robert842,&8!(yKPbMT
robert85,Wo7oTQA&1$
robert86,_$Nk5YRTsb
robert87,I8!gsG^w+o
robert88,d47E(UGJ&r
robert881,t!@1GlDJNL
robert882,45EiiIQ*&s
robert89,PVcGr!NU!6
robert90,!W6GSq!57%
robert901,#uOdbBTeA5
robert91,0#L3QizYOY
robert92,MR11%7Ud+K
robert93,dH1TgSw89)
robert931,$mT&FA7m3e
robert932,)93J*w_4d0
robert933,)CXYu6UxOt
robert94,uc&8GuXcbL
robert95,$Kvf53Yz1Z
robert951,f+8L9wVnUj
robert96,y2Te(#MC^M
robert961,@VF9$uZqI%
robert97,%Cc5xIF4x4
robert971,+QfKFUUq9y
robert972,%h4BXn$z5Q
robert973,$&NcEg4*!7
robert99,^3bC8FujB&
roberta00,0Z$E8XEd(!
robertagibson,z18^5Dj9gR
robertarandall,j6J9UrxJ)G
robertarnold,G55oVIu&&f
robertaroberts,&8YO8%NdcU
robertarodrigue,2!24crIlj^
robertashley,6q&#Iyub@9
robertasingleto,2bsl_3CazL
robertayala,h4ymLN2M@x
robertayers,)ut8LPqNL8
robertbaker,&89BIfX)#%
robertbarr,@VtV1MQj*X
robertbender,QOj+MbMY#2
robertbrennan,FzNgFqOZ$2
robertbrock,B1YQR6xy$H
robertbrown,Ef(h*nDp!5
robertbrown1,^1uRfpAN$D
robertbrown2,m6k%GU&9!f
robertburch,RaMmm&$&_1
robertcabrera,)yB0T)zwdM
robertcarr,5mUNXgr(!w
robertcarrillo,#C5u9ZyHJe
robertchandler,ao4mADBh+8
robertchavez,_Q*rb0Tk6q
robertcohen,UN9JzuO8)$
robertcole,^7WigxeZ92
robertcollins,*_(8Niue91
robertcollins1,mu3j8IYh@2
robertcox,@75Kv#Tt_Y
robertcurtis,)wy7E%rk09
robertdavid,$_5yO&uUgW
robertdavis,J$C8GUqPfm
robertenglish,6ugJ@2+4^O
robertfernandez,ZHPZQs6z%2
robertfisher,+0RlmFd8gl
robertfoley,0s1PnBnDI&
robertfoster,49Mq)hFr$R
robertfowler,@6yG2fIprp
robertfrancis,+09@ZUcC%9
robertfrancis1,+3bWNuNy^Z
robertfranklin,zoy&7gIge+
robertfreeman,i5KN3+Sf*p
robertgalvan,_F51S9lD0g
robertgarza,wosGhYcr%5
robertglover,6qQulzVZ%@
robertgomez,B5%BjMZt)a
robertgonzales,%%9YL2Aqf0
robertgonzalez,$BI1@MqASv
robertgriffin,z%i9Mkoh+U
robertguzman,m3eb4SDp_g
robertharper,Yj0Ve+VN!!
robertharrell,^%cCECIr2M
robertharris,+oZrIT3kL2
roberthenry,s91wKYa0^&
roberthernandez,6foyWlNJ#0
roberthester,C_f2U$bb#f
robertholder,+Fdx6@skR^
roberthudson,^LVqgV(w8&
robertjensen,bycG7Sqt*6
robertjohnson,ms69nSkG9(
robertjohnson1,cX0SdnWy&5
robertjohnson2,&zY_JtYk3%
robertjones,n4B0FK@)$j
robertjoyce,4iYO%4vh_G
robertkeller,mNM8C4Jn)1
robertkhan,5DvSYw^t)^
robertkim,CqzrF7e#*2
robertklein,)Zi4La_a*X
robertklein1,j18tCCya@R
robertlarsen,)b!Lt2Me0d
robertlawson,lUihMW%n@0
robertlewis,iE4YVwMvm)
robertlewis1,%)9vKM#nQF
robertmack,i0IIIZmt%^
robertmaddox,F!7ZJvKV(3
robertmann,%Z4Oe)ugv8
robertmarshall,Yhr4WZet)7
robertmartin,%vc1M1mKn1
robertmartin1,Pye6UD7Id(
robertmccarty,#b98U9DuE$
robertmccoy,(5KC!Vk)CQ
robertmcfarland,biLvmiZ_(2
robertmiles,BJXZrS!@^9
robertmills,(kF+*EOh%0
robertmills1,_mL9SmY@zW
robertmills2,Eq_7fSbDvj
robertmitchell,H2h9+KUjO^
robertmoody,&qvTplXBY7
robertmorales,@_ys@_UgU4
robertmorrison,vZf%Ljkb!8
robertmurphy,%_5RGg1ay2
robertnixon,$9A%kzw!qG
robertnoble,&cr(G$xd3c
roberto10,+HZDp&n*6u
roberto50,@#E8ZZ8wpm
roberto56,T^9VerQy)k
roberto70,)zVCRai)36
roberto81,phY$*wL5#5
roberto93,@Wp$7yhpU^
robertobrien,$vK5lK5SQ8
robertoharmon,iP6nAWym^^
robertolson,!7Cx4l*Dn8
robertomurray,7Pj%LBNl&T
robertoneal,687_ElYs&@
robertopatrick,^nSQ1w7b2n
robertorivas,+Pl*+LDk@3
robertorodrigue,(8WEr^PtCB
robertorubio,V(Z62gSuOd
robertowelch,O!w7!Wqs0X
robertpatterson,3U55LZoUi*
robertpaul,!B2r3MblU%
robertpearson,*eRmTSAF1j
robertpena,#Q_7IGQen&
robertperez,^hNiWyrKZ2
robertperkins,x7C9NCoS*p
robertpeterson,B$w2Roe5WZ
robertpineda,_x$mOr7Kf0
robertpollard,9A*5CGXcTg
robertporter,$8KSOYpo$D
robertporter1,fk#6J!yz8d
robertpratt,!2VKgRCgK8
robertramirez,#(LRk^ngO5
robertramsey,N$(4WMZp3X
robertrichardso,(bwxC#GoG9
robertroberts,Um5iPH#Dd^
robertrobinson,*boGSu%q9*
robertrobinson1,a)k2Nfmqr+
robertrogers,apKbthYp&9
robertromero,+qRuhL%r99
robertross,*w9Xzo)L+*
robertsalexande,ZJ1yOZmy(p
robertsanna,39GgnPV_%i
robertsanne,!2fN15Flpz
robertsbrittany,cAZ95QXt#X
robertschristin,MG71wOac+&
robertscolleen,&HDwTCVwV2
robertscott,(0fV#i2kmh
robertsdana,!ypMaBu+8E
robertsdenise,!F3m9DnglS
robertsderek,&8Nu@2wcO(
robertsdonna,c)a)s5QvkT
robertselijah,f1ZBS9en(E
robertsgreg,^IWnrn!Te0
robertsgregory,fc6XeOxXq@
robertsjames,_2VL@w)uNa
robertsjennifer,Ip0Q2Rqv^9
robertsjeremy,*3WR1uh)H%
robertsjim,DpKeihPZ%2
robertsjoan,^rS8%Lx4En
robertsjohn,0CSRmwrY&2
robertsjustin,hi7K+VDb@(
robertslisa,#F4CwIL4wE
robertsmith,88Tu0Qxn6%
robertsmith1,+89i+MopJb
robertsmith2,Hr1XNlvi_4
robertsnicholas,^7PHkk)Zk)
robertsonalliso,0Lt%jGbs%T
robertsonandrea,&4w@MnPC(x
robertsoncheryl,z$0mJCoiRn
robertsondavid,+3x0SlFgj)
robertsoneric,^4J78*IiW+
robertsonjames,kB$9PXpuan
robertsonjoseph,5y1Wt1n8%b
robertsonmegan,+)HlEc0883
robertsonmonica,S1I9jN6&)j
robertsonpatric,E7GclPr3$2
robertsonpaul,+5CFy)AFfw
robertsonrachae,H8x6xtrx)6
robertsonsean,92CQdxBU!7
robertsonsharon,adp4Sp0B+A
robertsonteresa,(tNQr8nX%7
robertsonthomas,spH2$DweB(
robertsonwillia,Kz9NNK$q#7
robertsrachel,h&+6wBvAh_
robertsrachel1,hL2Yp3ys(5
robertsrichard,foF9F8p&%Q
robertsrobert,(y1ZqkT07k
robertsshawn,0)&0FfQson
robertsstephen,#7Uh5+#_)V
robertstephens,_%38A(zXcF
robertstephens1,5_9_tFqs3a
robertstewart,7$0)A9Eo43
robertsthomas,dqXT8jJ6^3
robertstone,TQ5YCgdP$7
robertstout,_5VzUijPz^
robertthompson,*u2gGPwUm3
roberttran,&14xTbZnZ8
robertvilla,Sj_u3Gmf*b
robertvillarrea,*rM%tlLdQ5
robertwalker,WnL6VDu#@U
robertwalls,!WFb44Bz3C
robertwalton,3$k8F!G8xz
robertwashingto,vsT!22Ex(8
robertwatson,EW!4IspSao
robertwilliams,6saKCiBp&5
robertwilliams1,Nk^2kGMm(F
robertwilliamso,hj7ZDRs$B)
robertwilson,0A@0GObyTz
robertwilson1,O^9aEIk*Xr
robertwright,$8PC*xnXF)
robertwright1,%)$T2lWu)l
robertyang,Mwo3*WPz^3
robertyoder,2&k47MNo1)
robin05,uT+2(#Nu59
robin07,k5HR&0Afr1
robin11,(BNN%4Dm4j
robin17,B%@3YR!e9H
robin20,F_7SVhc%#J
robin21,&#_w00DnEY
robin26,*#3Kimhjka
robin47,q@H5UIbre%
robin52,&$4qE&XeSf
robin57,RXZcb+Xo#0
robin571,#WfUE*Dul5
robin61,+PNdu2U0f2
robin611,J1SRo4BU^2
robin64,C2V%f2je%P
robin70,%21Eqw(F#^
robin74,_T#k7Xxc(w
robin81,_02R(lxv1$
robin84,S0R)9@To^w
robin87,#8MZDqOFYg
robin90,kxSJb6gc_2
robin92,R1mBtH#q#!
robin94,_6JMgbN%ur
robinanderson,^89w7NsdPd
robinbarry,4wPq5RYc!z
robinbeltran,e2N%&fbC@l
robinchavez,!82vxLOe)z
robinespinoza,8TRed$kl*8
robinfreeman,^0ulFSnimg
robingreene,2ySBgdOC&$
robinhobbs,pq(8L20Kl#
robinjensen,)R@e3Sch^T
robinmercado,&6rmgA45Ai
robinmorrison,1rQRqSKr$#
robinrivera,le+$7XmZeA
robinrodriguez,bs_biUat^0
robinryan,$UNXpy@vE2
robinsandoval,_*TOKe#tA5
robinserrano,8C%+XUUj$n
robinsmith,_4Kopph#53
robinsonangela,#wC+uFWff8
robinsonbenjami,pU$2ZqCrCH
robinsonbrian,uR*F6Ta0)4
robinsonchristi,3JtQ5UfR@3
robinsonchristi1,*pu1Enp_9K
robinsonchristo,q8Dz0yge^+
robinsoncynthia,xuP9H%qeI$
robinsondana,%8h)MjxA5t
robinsondaniel,nN8FcMu&_L
robinsondanny,!2BUXTFe94
robinsondeborah,@27dPGvh6Z
robinsondiane,xsM#CaGZ&1
robinsongeorge,g4M)QfoI!4
robinsonjacquel,B(8wFIjb6r
robinsonjasmine,(5JoQ2bl4b
robinsonjennife,x5b4Lq$C@j
robinsonjennife1,9r^Wvbso+M
robinsonjeremy,M8*1AYdy&I
robinsonjessica,)%TP#uMH9n
robinsonkarla,@Dfv0xe0H1
robinsonkatheri,#AAsM+QT#2
robinsonkevin,$pfUv%Ig5A
robinsonlaura,28ZLuuFa_9
robinsonlindsay,+&8t)1Oz5X
robinsonluis,ZCEL2JUxL@
robinsonmark,&3Xpy@$%ZI
robinsonmatthew,)C8iSxyc3S
robinsonmichael,$I4OZkFu*(
robinsonmichael1,_)1GMJEl(h
robinsonnancy,7t%7H&+uib
robinsonsara,$V2E1iGnQw
robinsonshannon,YYx5ZGsi$(
robinsontanya,cyZjXula%5
robinsonwanda,%7lm9NWchD
robinsuarez,*s29aNrcqI
robinvelez,s%5H0gd6N&
robinwarren,Y)CznPSm^0
robinweaver,J4@IMljM*K
roblesdavid,$Z4VAddf8A
roblesgrant,)1aS^Nfi2&
roblessamantha,@DxqI$z7e1
roblestara,Q2ZuOOTy%q
robleswilliam,l4U16Zc6@e
robrien,%p4MRXb$&5
robyn17,&mzBrXNAx1
robynperez,&^i4TK^h%3
rochabeverly,!@#2MfubAM
rochablake,&3OkTas#VA
rochabrett,r6Oe7Kax&&
rochajames,z3F@VZZe%^
rochakayla,J(LRsZiL#5
rochastacy,r4Yu7Bb%^O
rodgersandrew,+j8LoBDgGY
rodgersbarry,0eQyKY*9+v
rodgersjoshua,6aSL!1Oc5J
rodgerslori,0gNQ7OBKZ(
rodgersrobert,(vUwn1DQ$1
rodgerstina,_Bd19KKtDj
rodgersvincent,RS3LtQeDh)
rodney13,h^v970Vm1e
rodney17,hL4*1MrRaQ
rodney19,Q^S&7Nznv#
rodney31,X&63Tg74p!
rodney41,)1GtlAak!@
rodney42,adJUTmeh+4
rodney43,iSBLkr*j^9
rodney49,eQ0nkCqo(@
rodney50,5&M9K%nO_d
rodney51,@RIR3Gf)35
rodney65,jEQ%8Qujj+
rodney651,@_)^98ZkT8
rodney75,_S#1lI#bRv
rodney80,_42OJpkfVt
rodney92,4m#fN7WnAa
rodney93,!U2@T)gsS*
rodney98,%c(Jk$wRp2
rodneyblake,*9KxIAoCNx
rodneycarey,VA7d67wvx#
rodneygiles,q1Etx*cH#5
rodneyrichards,+r!F6EQvhN
rodriguezalexan,IOEef0Lg&9
rodriguezalliso,D(m1HUuzlz
rodriguezalyssa,Cw1PtVQ65&
rodriguezamanda,20*ea0FtTj
rodriguezandrea,rN#3jIAv#Q
rodriguezangela,h_i4CRt1(K
rodriguezanthon,$15bOif+p0
rodriguezashley,74ft4vOzb+
rodriguezcather,fj&3RWPz*R
rodriguezchelse,l_r6WRSaH$
rodriguezcheryl,F0vEUrcl@v
rodriguezchrist,r65OBF8e+6
rodriguezchrist1,8tA@jWUd#(
rodriguezchrist2,y5RPv5xx(B
rodriguezchrist3,SPH2xGisx*
rodriguezcourtn,A^p1ViF6#7
rodriguezcynthi,iPXz8H#E^8
rodriguezdaniel,0^0Pa63k+U
rodriguezdaniel1,r@1dZYgMau
rodriguezdavid,9ysDCPlu@0
rodriguezdennis,K6GOGRh@*D
rodriguezdiane,t7tN$zse%P
rodriguezeddie,+oPz!VYd6x
rodriguezedward,$CAmNy+y$2
rodriguezeric,I$WT9Vxc9U
rodriguezfrank,)V2TsRaWtu
rodriguezhailey,zCM5Yzvs8$
rodriguezheathe,d%G9lCnrHm
rodriguezjames,)@8@XbQtcM
rodriguezjohn,nk@K94jd)2
rodriguezjoyce,&H@DC8tz1#
rodriguezkaren,1#8BAPUqm+
rodriguezkaren1,@3D@t3UNxy
rodriguezkately,#+R9jN$sN1
rodriguezkather,fd_FKNwM!3
rodriguezkather1,$iO4Av3hN5
rodriguezkathle,01o!CN@(+l
rodriguezkevin,x&75Mxcy^1
rodriguezkimber,7bDRPN$m_B
rodriguezkriste,S(3Jt24T#o
rodriguezkristi,n^5F#(Bvmg
rodriguezkyle,!hI+)YA+u8
rodriguezlaura,D@O0pLh$t4
rodriguezlaura1,F_c2GCbs^1
rodriguezlinda,!3i8EEBy%9
rodriguezmadeli,*ECLv4CAJ5
rodriguezmaria,^_n5WWo)wd
rodriguezmaria1,z$AnJOqU(7
rodriguezmark,*0gsu@EWt1
rodriguezmarvin,^89AFKKkfe
rodriguezmatthe,!oM%0uMo6m
rodriguezmatthe1,&2!uWTXn9L
rodriguezmelind,P%95RdXj4V
rodriguezmeliss,E8_n0QPgB#
rodriguezpamela,%Zv6HZBhIw
rodriguezpeter,E8RfyRG1^B
rodriguezrachel,4uWkDYei(o
rodriguezrandy,iza@VPl!$3
rodriguezronald,Rt!3XKgb^j
rodriguezryan,)yDQUHaz4G
rodriguezsarah,#9zLU69QBx
rodriguezscott,lv5HnSx^4@
rodriguezshanno,cD$58F0dB(
rodriguezshawna,LKXTIJw9+1
rodriguezsherry,4VQm*($1$h
rodriguezsierra,N+7EZNjY4*
rodriguezsierra1,243gOey9#b
rodriguezsophia,z_*#t6QwJp
rodriguezstacy,K+T3(I4t@h
rodriguezstepha,I%%k9Hh6#%
rodriguezstephe,8vFJoUhh)7
rodriguezvictor,Op9Uk+qj^9
rodriguezwesley,FQ9K_v$3$q
rodriguezwillia,5!1NbVL$3w
rodriguezzoe,h_kRP5Aoda
roger10,Szy3Cvgi#$
roger42,7*6@6TfVxg
roger50,%7N(I&5$Sw
roger58,0JA6Ya%Rr*
roger88,(H30U&eG!A
roger90,y&s89AJnHu
roger98,_%7PPgsL^H
rogerallison,Q8n(3OalGt
rogercastro,iZNh8En^#n
rogergarrett,p1VV+vmx)$
rogergonzalez,(TNYxUIIS9
rogergrimes,53XmpzwY!R
rogerhouse,058ZK%6g*!
rogermay,s^6gZIl!Ug
rogernorman,wtef0yYxa*
rogersamy,^HBqxW6bF(
rogersangel,$PXk%Cvvf1
rogersangela,$vK4QowX#7
rogersbarbara,)1QFOoG5#0
rogersbobby,$+zf9EZv5y
rogersbrandi,i#g902xFVB
rogersbryce,II3&SMem*7
rogerscatherine,^j0LivgpYi
rogerschristian,$6f8VXIh%6
rogerscolleen,0g0QHbH6)L
rogersdavid,&2UKEs0bjC
rogersgloria,t)tL6!Wr(5
rogersgreg,6&oW1!qI!r
rogersgregory,#ymAMZglW0
rogersjames,jd78E9xhf)
rogersjenna,_gtgIRi*2r
rogersjustin,%aZ73eCx9!
rogerskaren,E@gI6yFis*
rogerskeith,!c03IyCtJ^
rogerskelly,+692CtVesr
rogerskimberly,46*(9Tww9W
rogersnatalie,97MrtF8t+k
rogerspatricia,k+%4%UpfvC
rogersrobert,$YlbeMBis2
rogertaylor,zGWz0yud!7
rogerwilliams,91*%Chr+*o
rojasadrian,!_MJsXgjG0
rojasbrian,4)NQnaN&&I
rojasmark,5S#NGWD1^t
rojasnathan,0^K8TWlnoE
rojaspaul,+P&m5Cxv#I
rollinsashley,a33N#rMv%7
romanandrea,i^aUMnqV_8
romanerica,xj0YvD+8+3
romanjames,pK9V0Rrz+A
romantoni,@G@6lEXe)1
romanzachary,E$63lCl)6h
romerocandace,b$5eBL)38b
romerocarrie,G8sxFpre&P
romerochad,D80WdYKa&&
romeroeric,^dKGiq+A%4
romeroeugene,38ZC*%tg_N
romerojennifer,sA7dV)e4u_
romerojennifer1,@_8QXRhqLW
romerojoseph,@!8M1$kTdS
romerolisa,n88CZdz7))
romeromatthew,+g1K1ya^py
romeromiguel,)l9wO&)ih*
romeronancy,8r1XlkqM^n
romerostephen,sva2&fZkc_
ronald00,+nYgVz1i7y
ronald01,lA4RpnBi_p
ronald04,DM)07MkmGl
ronald05,%C$eKxNu8c
ronald06,*(4$+3&uwF
ronald07,*fWi7DAzq(
ronald15,m4NDuFra!6
ronald18,@s#MJxJS3h
ronald21,2a9H#&zl)5
ronald26,!7NX_z!zd2
ronald28,)qo$4JNm@4
ronald29,_9Dn0Bvhpx
ronald30,k7DcLsrx&i
ronald301,(h*E+5sZJ7
ronald32,W%&1YXJtib
ronald33,6hF^4LrDE)
ronald331,y&1fBzRQZg
ronald34,h30ZMnmH&M
ronald36,u$9CphChs$
ronald44,2HGy1Qzy*d
ronald47,9x7nEXff^8
ronald51,Wa$2vMlx(Q
ronald52,86RCpCyp!8
ronald55,cB#SS0Qo+c
ronald65,*N6VBu_ID9
ronald651,SCAC(8ZbJ+
ronald71,)DFkFBkM$8
ronald72,$+8SSLuoci
ronald82,JkC3DyRUu(
ronald84,&*#r0Fyowx
ronald90,cres2Vw5^*
ronald92,CvnNV8ge_5
ronald921,s1B1DnKK#a
ronald93,@4#6TCbTYG
ronald97,3^A7MHt3Uu
ronald98,2MSXteaF!W
ronaldbrown,#l(9zYHgd6
ronaldbrown1,2!Y4Ss)j*e
ronaldcantu,++BZew1fY0
ronaldcarrillo,RAY^6fVgl8
ronaldcarter,Eub)08AaSG
ronaldcasey,+uWiu5#P18
ronaldcook,K1Dm7KJw^$
ronalddorsey,pO3gVZgDl(
ronaldeaton,#U4sGuKt$)
ronaldgarrett,&$J9hfz5N5
ronaldharvey,_1eRGaaW1d
ronaldhodge,eHx53B6b!t
ronaldlee,)$c$7Oftom
ronaldmacdonald,Qc$Jq1RvSD
ronaldmarsh,_!Vg_Cuzx5
ronaldmartin,24gyOzli&b
ronaldpena,aI7Rm3han!
ronaldrivera,HBV7NEWh+C
ronaldrodriguez,_1G5)1bjis
ronaldrosales,jbVwcBLs%2
ronaldstanley,%1bAkDhkJm
ronaldstanton,&ePBYjGh8N
ronaldthomas,6lCZPHes++
ronaldwaller,qT6zBsr(*f
ronaldwhite,^1EcO73r16
ronaldwolf,%(lht1Wk&V
ronaldyoung,@k3K5Xb)R+
ronaldyoung1,&BB)z+Q$R4
ronnie05,q#BzXaBnR7
ronnie10,%vs@8SJuS0
ronnie45,!u8C6qfFPT
ronnie48,(#9T5T5xQN
ronnie50,%^ioJP0r67
ronnie93,RP97EerA##
ronniejuarez,tC5@WkDN@*
ronniemartinez,@*6m3V!tmE
ronniemathews,p)cG1RlX_u
ronnietaylor,vCd9*TJb@)
rortiz,#^4Rhrip$(
rosalescathy,3iwTR(*d$+
rosalesgregory,kDfFB&Ag_5
rosalesjames,Hp0aUG2z6$
rosaleslaura,z+)E9Pds+6
rosalessean,(4Q4VdK5Er
rosalesshawn,!iCIZMQz7X
rosarioblake,YiKTr#dV*1
rosariojulie,+y)MGchi#7
rosarionicole,!^1^nGvfG(
rosariorichard,1y7CUx%I*g
rose29,&J4JKeO%R#
rose56,tQ0IVe8h(o
rose64,$2Xtmhkz(G
rose73,+UZ01Q$)l9
rosealicia,5TVtLwwf$6
roseamy,#k5Ctm#x9$
roseblackburn,)59PCvvUG_
rosebrandi,)!psgWcz94
rosecampbell,$9UHYy)^ad
rosecross,_9yx&TLRzS
rosedenise,$9M@51Kv8$
roseeric,@2pDEWiODJ
rosegardner,*!nQm4AvP!
roseheather,NQ9Nm^%oa&
rosehorn,#BbA7Aw2S(
rosejennifer,7AC2@Tpyv+
rosejohnny,i#VG*P5c#9
rosekathleen,YP7aB4swc*
rosemegan,P)x2Cjtru)
rosenatalie,a6Xc3YtZ#b
rosesamantha,+*fXHVhN+3
rosewilliam,_tU8#y3DB2
ross25,N)1Fyiimy$
ross56,By3jCmqUF*
ross98,&rT24JkZ50
rossashley,^2YcgA1o@_
rosschristina,+n(CSqAiN1
rosscobb,!kBEx70C+8
rossedward,5$*Fmtmd$+
rossgary,@YAQv6apP2
rossjacob,0d5aF(m1!Y
rossjacob1,s2_DMGq3*!
rossjanet,!hXK1@tGC5
rossjohn,p6jLPrU)&P
rossjohn1,#oO@TfGoH6
rossjose,1T3WJko((7
rosskenneth,*jy3JEx4)O
rosskenneth1,zDA3MWu^a_
rosslindsey,v!y6A!5pE_
rossmallory,ro4gJ7y8o#
rossmarcia,y9OP0^wM(@
rossmariah,+^66RBPgbd
rossmelissa,6r*QeWl+%7
rossoscar,wU4@7Qjrn6
rosspayne,RcDjt8Fl%5
rossrebecca,5iV4FKrKK!
rossroberto,GzI6(Ob^V%
rossrose,I77XHEcy__
rossryan,l2Sf&yuP(4
rosstamara,+8N3BLIJax
rossvirginia,N(b1rOcs(+
rothallison,%I01lC3miG
rothdustin,(2$2Kmb&$c
rothjennifer,yY%4llRr49
rothjose,$s&0DOnXVs
rothkatherine,N4TvQBWX*e
rothkristine,d&43IZyoiV
rothlisa,%1NDGDoIKy
rothrichard,^DWAYXfrw6
rowebrian,&U2IdO#J2c
rowecraig,$6eJ_Bo4sW
rowehector,%53Upo(#3y
rowekristy,%h@2tOe#Gv
rowen,!s9JIyWFoq
rowens,BdjzbsY8G$
roweshannon,_u%cQFnkW3
rowevicki,#8mqX*Ue@L
rowewilliam,sY)I5O2k()
rowewillie,ns7p1Joa7_
rowlandalison,!Z8hHku*_8
rowlandelizabet,#1OKdCTLqI
rowlandjennifer,7#N#1KWakG
rowlandleslie,SYBdL1CtC)
roy00,%#K2CHCuJg
roy16,$FQ!p5@sW6
roy35,@xFbqdTZh2
roy58,+it0dQcvVU
roy69,8^CQy^Ys@N
roy83,01KIxwNB*&
roy91,L)l3Lz5b^L
roybrennan,MEbSCrm9$8
royclark,$5yRKZmfZz
roydaniel,ndrInJuw!5
royhernandez,_aI1EM$fm(
royjames,$T0Cgq!vvW
royjames1,h2@ZLpzm_a
royquinn,j!2sP1)p^0
roysmith,%0_!R8)6)l
rpacheco,j_8l9A^t_1
rpage,&@OBgWeqx7
rpalmer,^Jn5HPlbV6
rpark,!8@K6Bm0eH
rparker,#2VJSv4j(t
rparks,^%0RmWi1#N
rpatel,@j5Ly0r5I_
rpena,JYHE0vwa*4
rperez,_89CsPWz$i
rperez1,Ew9G$xWi$l
rperez2,%j2Q9_Da@8
rpeterson,E4#WBBz*_H
rphillips,^k9c1P6wJ&
rpoole,Ai0lmMick^
rpoole1,$06bzWcaKr
rpotts,!)YM*8KhB_
rpotts1,poOZY3sC&1
rpowell,sVn*7YYm3K
rpowell1,**7BhpXpZ4
rpratt,WpdE9T_X9@
rramirez,%7#qkHjt62
rramirez1,EB4LFftGf*
rramos,Z(8T#)gJIc
rramsey,_i#Zn3ITW2
rray,)IHWLHn723
rraymond,n)13+J+iG@
rreeves,j&Hi6Ko^m(
rreeves1,Lf)5Za_Xv)
rreyes,z0uwXcN%#5
rreyes1,7z4U2rcr+x
rreyes2,62ddMmsr#z
rrhodes,uId2^nRgA_
rrhodes1,Bw^K6FvcR@
rrice,(%4GE8eHm*
rrichard,&1GB&e3K#r
rrichardson,2W9DI8zp^U
rrichardson1,%iYWFF4a!3
rrichardson2,CA6R6ExpA$
rrivas,#*3#Uqmx))
rroberts,_VKMVWeoB5
rrobinson,YhAcBh^Y$6
rrocha,6+6L7yLsv#
rrodriguez,*+A#WHdc1T
rrogers,@@S4^OElZh
rrogers1,_oG*QTgy6e
rrogers2,+%5OLrxP91
rrojas,(5uTUN9ch0
rroman,&H8Y@jWz07
rroy,q@#1D3fZY@
rrusso,*Z5Lo$NoX9
rsalas,e2J2U0Ad$^
rsanchez,U6LJNBoD!8
rsandoval,YXf8Yrle(%
rsanford,C@73W1bB*k
rsantos,@4d)ZGlPtS
rschaefer,M0LGOv#m*8
rschneider,J*3H8dEFrl
rschultz,#o7Rq2b+6*
rserrano,uK+uY8dw!&
rshannon,vzsNjR@n^5
rshea,r2S42FQvm^
rsilva,9_ObnB9q)z
rsimmons,(v53sJc5o%
rsmith,em8ESYr5h@
rsmith1,t$#(M9Iue4
rsmith10,Dj4Yh(Sj$r
rsmith2,^84B#lEkak
rsmith3,%KM9W#Xrp0
rsmith4,@PGF0EtqmD
rsmith5,@%J8VdHnj3
rsmith6,a2olWeLZ%k
rsmith7,nm7+GaOfA+
rsmith8,Z8+2Xpvoj)
rsmith9,T1%KmnNv!9
rsparks,%7!Z720jmw
rstafford,alP!2YzG2i
rstanley,#RUM(cFL$3
rstanley1,6&8vewEg_8
rstevens,$Q8Y3P2awB
rstone,)2OTp4ifzc
rsutton,w8DYvkz5#C
rtate,33J+Qcp2^!
rtate1,^67PSk$4lh
rtaylor,l@6IYomJnd
rthomas,PE9ZZZAmN%
rthomas1,T4+V3WBsn$
rthompson,^^n@X8Qi@u
rthompson1,B)(UK9MKmo
rthompson2,Er7xIHbK^7
rthornton,nQ5AUopWF@
rtucker,1y1ZQuFi(H
rtucker1,x^69By@qRE
ruben07,!H4tKViJ2_
ruben26,)T#3IUTwQu
ruben261,g+%Km3n0qE
ruben44,0)AINxHB)9
ruben57,l6RkS$eo%a
ruben62,Piy9JBPdF%
ruben96,phteZEh&)4
rubenhuynh,3j3OJRmZ*C
rubenmedina,x04(f6DK&z
rubenmerritt,TW6LSUrv%u
rubioamanda,_E5Rskwt$@
rubiobrenda,V21o55Io(T
ruizandrea,z4ZR+r_O_1
ruizbrett,@YCq269Ax3
ruizdonald,#*2afCix!N
ruizdouglas,ah265PZ18+
ruizjeffrey,)tZhGSwnN3
ruizjoe,T!B5Tb4q@P
ruizjulie,_5rPqiiq04
ruizmelissa,!K04GPf5$^
ruiznatalie,LUh00n+v5*
ruiznicole,Xt*9EYdd*B
ruizsusan,_5NtBadPpf
ruizteresa,u3Wujnc4_x
ruiztracy,meGDqW%x)5
ruizvirginia,!8l5XS+eR+
ruizwendy,_K!6R2TfWj
ruizyolanda,NHY2ZbilB#
rushbarbara,%@6MRGwfVQ
rushjeffrey,fK4qHjbL%h
rushkaren,$k7Lc9C3(*
rushnancy,W$2Yv+khTN
rushshawn,#6USshAAyl
rushthomas,^y4AcSsxN&
russell00,2U^Rx!6V#*
russell03,Ow53SmuQa(
russell07,4)8NnmZ5U#
russell17,3+Td#AGt*N
russell50,@rb@7VemqS
russell76,&Z!Q#PVf(0
russell78,A(dI3KFv@A
russell81,@d+0bPio#C
russellalyssa,5MaGDKo&)6
russellangela,E&N8sDsAo*
russellanne,A)d+6!epTO
russellbrenda,F)l07Ylge5
russellbrian,s97fVZes#C
russellchelsea,C1Hej$vc^Z
russellcherry,$o67Gpzw7Z
russellchristop,_2Fq^c97uM
russelldavid,&$sGcm#mU4
russelldawn,_iu@DOtGt8
russellfisher,YZC1R@gTF!
russellfrancisc,mA7Ke(%q@7
russellgallaghe,&_w2nT(q2j
russellgary,@28kxLdVhX
russelljames,_DU2EYv+*6
russelljennifer,w9JmiQla!5
russelljessica,)P8@#5Vp1L
russelljohn,*$_4RgoqR%
russelljohn1,M_ui3GnBmr
russellkevin,1ChlRxLw!i
russelllisa,fw8p5bNn0^
russellmatthew,^23zKlwNsN
russellmichelle,FM6CqMtj+A
russellmorrison,EYIogH7iZ*
russellnathan,Z1s%SJPr^c
russellpatrick,ltd4_3ZuZ(
russellpena,%grH%S0G75
russellralph,t88Ypa!y$o
russellstacy,%5O+DP8$lG
russellstephani,(T9^Bv^rFz
russelltracy,&0p0RdzO&&
russellwatson,1*lWbHJu@R
russellwilliam,h+8aUHf48#
russoalec,2Pet8#shM^
russobrian,^kgKh2Hv22
russojeffery,)8%kaiCECo
russojennifer,F&G(5MHaxg
russojessica,v+D8m_Yzn_
russomichelle,vJ2MaRuy&G
ruth00,x+2I#JcWde
ruth46,K%6GooHJ1P
ruth99,j81UqljC#h
ruthalexander,&Y8Xpr5pGl
ruthbrown,de^v2EXx#E
ruthscott,^a77c2OWx&
rvalentine,M!2E5GQm(0
rvang,j%2J2gIcxn
rwalker,^*+L4KQgrl
rwang,J#9I%_AdpZ
rwang1,sqorGCv^!2
rward,J6JiZGjm#r
rwarren,W@%6hMjevJ
rwashington,$6hYuuUvdM
rwaters,$#@9AOClsR
rwatson,b6(7dWouoA
rwatson1,Ggl5+ENt@M
rweiss,h78GAblH0_
rweiss1,IXZ2ImNKQ&
rwelch,d%2NuwPnVs
rwells,93y$Zkai*P
rwerner,JB*5MMqm7V
rwest,_8(OrQkE@@
rwheeler,oS7YSqUH^y
rwhite,J_9I+o*v_a
rwhite1,agUyjtPr@8
rwilliams,^8lWFxe4sA
rwilliams1,+o6oIZf8X8
rwilliams10,&M64FrOd&O
rwilliams11,S&N4mU1x(3
rwilliams12,&5EpV0mxmU
rwilliams13,nFKNlbam$0
rwilliams2,1EKs*4xl!w
rwilliams3,%6Vx^gv0q&
rwilliams4,(C8BGsNLD$
rwilliams5,^5K&eMw^Nr
rwilliams6,804ODQqmG_
rwilliams7,!#^Y5cGZ8O
rwilliams8,b)6c8S0s^F
rwilliams9,*TR5lucj9!
rwilson,!s4IKN70u^
rwilson1,E!XK4YgYx4
rwilson2,_^ZoIUqo9%
rwolfe,_x9qrQxKjm
rwood,#2*N%2whqS
rwood1,$9Eru1R7$T
rwright,*+Dd2br&$0
rwu,#2CTkUUjd7
ryan00,_5BugVvq!S
ryan03,tC*37Daln+
ryan14,9u40YeZcs(
ryan15,+6BrHkmUV3
ryan151,E#4Gg%lRp8
ryan16,82H4@b@r^n
ryan17,@5wN4BymlI
ryan18,&WArD&(z2b
ryan181,&78iI_d0r8
ryan20,G^G7tDxw6O
ryan22,o$8QWK)ev#
ryan24,4))2Ay7q&*
ryan25,+)2DLbfNGK
ryan26,#eWX0kaB^3
ryan29,O(6Sm4JOc&
ryan291,!%4HJ@jh2%
ryan30,DRQ9!QUb7@
ryan31,0+&5Q#CjLW
ryan311,8+3v)NUq#@
ryan33,QP3PRt9x(a
ryan331,&k*TylOG&4
ryan35,%8U^e8T4iw
ryan36,U51VbqSl%g
ryan40,_63XaKhEnB
ryan42,7e5MZayy!g
ryan45,)X$Hx6ZkgM
ryan46,#%jOZw+P)6
ryan47,JC_2KowHFh
ryan48,bE3gUif9#O
ryan481,+7NKoZ!trS
ryan50,@dyY4As(%9
ryan501,n5+Z3FCiH4
ryan52,%hDhOtJ7i0
ryan57,nm$867UzAh
ryan571,_06OHNXu30
ryan572,&6WjFEOmw0
ryan58,iA4bbY$jR^
ryan59,xB%9S@qVR3
ryan60,)OmA5yxlY5
ryan61,HJ1LhUqn(7
ryan62,qfjXY8M(+0
ryan64,#&A1XeQj&0
ryan65,H0^ZcA3*$7
ryan69,(K5U6ui#zh
ryan72,+S)x3Zt80U
ryan74,q!Pf1REjdY
ryan75,^@3(WrZv@@
ryan751,O4W)Wb*j+3
ryan76,f!!T3IDi7X
ryan77,vQvYlfsM!0
ryan81,(xsNx9M76#
ryan83,$i*!1KHg+K
ryan84,^fqLddWu5F
ryan87,_81hFRKm#e
ryan88,5U%8L)AswP
ryan90,$9XeItbj9m
ryan91,pf0HphqD$E
ryan92,)Jk2sQVt78
ryan96,(5X4EAmm^H
ryan97,%#8gTvVxw1
ryan99,d1DWbhb!@2
ryanbautista,#&RY59Cs_(
ryanbell,vL27Y&xvC%
ryanbenjamin,h&dU1XbsxL
ryanbilly,q17Hw0H3D(
ryanblack,V!01$S_pJW
ryanblake,@rV6_ApDoI
ryancampbell,T6qYm@Pm!I
ryancarter,M_g3MFrIgq
ryancharles,Vs1R)Z2a(T
ryancheryl,^h8K^_oueK
ryanchung,v3tj4N8m$t
ryancoleman,)Qh+ZKc%p3
ryancunningham,19Fu^FY*_J
ryandavidson,6s&TlZQ8@i
ryandavis,v@TNMYjh*0
ryandavis1,m&4Wkg61n#
ryandestiny,(2anDjum99
ryanelliott,8^A#4IEjGv
ryanerika,XEE&8ATohG
ryanescobar,wK8UY8Zhi(
ryanevans,cg7YF1Gj(h
ryanfrancisco,2#6Mh3jo%m
ryanfranklin,ucvWEgUm@0
ryangarcia,gj(P&ObD&1
ryangibson,5!(J0Lvqcq
ryangonzalez,@)p5N1Sqtv
ryangregory,s*_qFrmt@4
ryanguerra,Ut0NCmw4k)
ryanhall,BkZV&l$c!9
ryanhannah,R6Uu6I%V^M
ryanhines,K0&0Fv@wv%
ryanholmes,UzX!3ZzUTS
ryanjeffrey,G9B6$RLl!*
ryanjennifer,^Z6ugVKt#)
ryanjones,#fHvXHRsm0
ryanjones1,!dPY9HQp17
ryanjones2,+1RFKClqml
ryanjustin,_)0Ax6(Er4
ryankim,GX1K#J2w&_
ryankramer,bKp)9AuO@&
ryankristin,)3sMYxnh*O
ryanlara,x96lA^Dl%d
ryanlee,V#L76ZKf(R
ryanlopez,^M+Qrnjy7S
ryanmckay,kn^4pOxqK*
ryanmelton,@9d)61p@eF
ryanmonroe,g19KcfBN@7
ryanmorales,^%@34Zpn(o
ryanorozco,0!X7xLwiDe
ryanparker,0afeHXjK&n
ryanparks,gA0VTBjj+5
ryanroberts,*Z+8SJjGIG
ryanrodriguez,((E9XQbR00
ryanrodriguez1,^xmTIyzW5p
ryanruiz,2vmlELc5*g
ryansmith,!6@wR#Q$sd
ryantapia,76BMGsOq@y
ryanthornton,9C3v(NUz&F
ryantownsend,S_1oFE$t5@
ryanweaver,)FSRy4PlC9
ryanwhite,d&s0MAz5!a
ryanwilliams,oWCnazId#6
ryanwood,c)8QB7yr$O
ryoung,Kg5KvaLhe*
ryu,(%3K40ounU
rzimmerman,&T(jiXe#6i
sabrina13,cMB6AZcMm%
sabrina22,8m2@e1W!p+
sabrina221,)56Gsu9UJx
sabrina30,&IRZJOgf9P
sabrina56,N3OD^b7G+i
sabrina68,^6KXwLNOer
sabrina71,q*9D4Lytf^
sabrina72,b*(3PUm*gp
sabrina77,5n4ro$Fxw^
sabrina82,7UKVzJ)h)8
sabrina96,f$8EHgJi5y
sabrina98,&5yOYl5iG2
sabrinaalvarez,@6VXbyxiTy
sabrinaburns,I9$1NNRnBN
sabrinahorn,F9vJXIov)g
sabrinaolsen,)A!S@UHhM2
sabrinathompson,Sc$1tYwL2R
sacosta,+gYvJpql8&
sadams,H4_Qn1Jh6l
sadams1,pM2C3He4@m
salasbetty,lm#z1Ytu)Z
salasjacob,$72V627aij
salasjeffrey,lePAasr7_2
salasmichael,+a%T5UIvyK
salazaramanda,!72U+Yzg+9
salazarbrittany,&&82MgBe%R
salazardavid,!j!d95Odka
salazarjennifer,9A4NRATz#$
salazarkristi,q)3hYh1^hx
salazarsamantha,ZxHv(d6c@6
salazarwilliam,_@o1I*fgrj
salazarzachary,FST330Cte%
sali,Bca5qVvJ*J
salinasadam,)5rzR8KUf1
salinasadrienne,I$1EIR+mw*
salinascharles,Fa(6cEIg3K
salinasjohnny,tRy3OW!x6%
salinasshannon,q8!UkPFe@+
salinasstephani,L0L7Z8&k#0
salinastiffany,81_sAo_!^0
sallison,M344VSUb!B
sally16,*8Cer#tYJ0
sally86,)9EN+rg80+
sally93,q^20I#Xgtu
sallyrichardson,du4M#JkpQ$
samantha06,Yx4YwB4v@F
samantha07,or6*cYBTj&
samantha09,^6C5E_lUHz
samantha14,r+6xZaUpv1
samantha17,J@7VfYeJ93
samantha26,(pv(1Pnhfl
samantha29,#K5i0Quu#7
samantha291,n8Oesu^R(J
samantha31,5D*B3OvNs3
samantha35,@7L(JZwV&s
samantha38,6b&x3rZGE)
samantha39,o5ul@7Lm_b
samantha40,j)72NcOJ+F
samantha401,Q%0PEWtm#2
samantha42,9jBG_k2Q%i
samantha46,7fM*3TDjYS
samantha47,aBXAMHqT@6
samantha49,x#j9$R%MKp
samantha55,ABIo6Hal^(
samantha59,)5SSppg$QA
samantha591,ai2Z0vD(%b
samantha592,90(!K4EU$z
samantha63,O@MSKpm$+5
samantha64,_61BHeovm#
samantha68,(kU6xRVal7
samantha71,sqTFVig+*3
samantha711,*0FhTK$&j2
samantha712,)7N0nKll@0
samantha76,&I&q6Jx%uN
samantha77,Px2EQxEf(+
samantha78,RNh+2m8b6*
samantha79,@8PjUx@m)7
samantha80,tRr@S6Ml!%
samantha85,r76KLujI!L
samantha86,DB7C!1FcAf
samantha88,)G*IDTSo0j
samantha90,1Ph4TSSs_R
samantha93,$6(4ePVmGX
samantha931,V00W0ler$e
samantha99,(61ZOBzK6s
samanthaallen,%B7PkbWsfe
samanthaallen1,^6SWXlij*!
samanthaashley,8K$I1RAec(
samanthabaldwin,V0GNi27z@N
samanthabarber,Xrl)KC*!^3
samanthabarrett,)QFZsqdL2*
samanthacarrill,w3Kx4*X1)u
samanthacarter,H+HRQSr5#7
samanthacobb,x87AlR%X*L
samanthadavidso,N)^4Bq0@yF
samanthadavis,CiOq8RPf!g
samanthadickson,4+R52Wts)T
samanthafrost,QB22MPlpg_
samanthafuentes,2yUJ(2kh^O
samanthaglenn,5H4&p(Ts_s
samanthagreen,#2IIdEe*+z
samanthagutierr,9Ld+12QmXZ
samanthajames,%Q(4qV+f32
samanthajohnson,P#T3FNNz6x
samanthajones,!C9KlQvjl0
samanthakhan,6jpojKWJ#9
samanthalee,nXyNUn1P^3
samanthalittle,!68HQ5xktW
samanthalloyd,3t$OCvyj$#
samanthamckay,%0C7mbJUtX
samanthameadows,&@V2Di6v^2
samanthamiller,^LG0MMn02M
samanthanixon,H!7+7@Es0o
samantharamirez,7oChzb8V&9
samanthareed,92*oV8Xxy)
samantharichard,jkTt2UdB_1
samanthariggs,1HXm$sWd_L
samantharobinso,%4jVdysw2W
samantharodrigu,*_Z_Ojn&49
samanthaross,n7uNtKgF@a
samanthashaw,ZP31TE6dT@
samanthasmith,$_X62PTy*V
samanthasmith1,%oJKJC1hc6
samanthasuarez,)+)6DPhp$o
samanthavilla,KYzb!1VbP+
samanthawatkins,y717AvFD@@
samanthawatkins1,_7F8Md#p1P
samanthawelch,Ps7Y5gkg)p
samanthawilliam,+H!Nx2vk+6
samanthawu,$Z3L%doskJ
samanthayoung,TI5CZf0B*&
sampsondeanna,+Dar6HTr2c
sampsonkatherin,_0PvR_pt4L
sampsonwilliam,u@q3%Ybc%0
samuel06,&91U3ZdL^O
samuel09,o@R+2Ato1F
samuel10,o!a$5Qkgz*
samuel12,#$i0MlgGA6
samuel13,o5hRTEMc)d
samuel131,)jNtNgm25h
samuel14,W%I76AuC6S
samuel17,l6tETB1z)5
samuel171,D0L4O*3t)&
samuel172,@2S*AAxCOt
samuel18,ta3fNtQ(_q
samuel27,f78RdCi!q@
samuel34,2R6!KYJe))
samuel37,^E6BoYoOI8
samuel40,!0JI31m$bu
samuel43,ncu6vBxn%+
samuel50,z5Z8ij@p$f
samuel53,A45MG6Qj(6
samuel54,1CRdv1Zr_T
samuel55,Q1b63D)mZ&
samuel57,u+p3(@&cMS
samuel61,kNE)0EoP^L
samuel64,sa4Ppyj&%+
samuel67,9FgUdzA))o
samuel68,DQ6bX%cwZ&
samuel69,)^0YgyVhCi
samuel73,pu5L8+Fn_z
samuel76,%3DyuMkmPC
samuel82,eh05FS2z6(
samuel84,3GXXeP0U&c
samuel85,^9Zz+CAdms
samuel86,4)a68V_lCb
samuel88,WuU2)C2Zp&
samuel90,*Eb(1IjULg
samuel96,r6K!laOG@G
samuel98,3rM1Yyvf^!
samuelallen,9m^3Du)#(I
samuelbaker,##0tO^Jz&8
samuelbarnes,+pzM2lMzfT
samuelbrown,!o@A5AwiR@
samueldaniel,%Z2^8Qxw9L
samueldavidson,$1yXRv+nzy
samueldean,_8#3(P*j(D
samuelforbes,!sPIq7De09
samuelgray,#1F&pDUk+!
samuelhall,H8v6IvHy^g
samuelking,$q3N5%kW*e
samuellee,^1Nb66KwpT
samuellynch,0iGWl_NL_c
samuelmarshall,A9FS@c#_%4
samuelmichael,2%G5hTLXQo
samuelmiddleton,)5U%s(P1&n
samuelmorales,Q0)1LwxV$a
samuelnichols,_a#uRRBcc3
samuelpeterson,5wx3Vnooy*
samuelpetty,4enh^Br()7
samuelpreston,uMQKocPW%5
samuelrice,Wc64l&PrW&
samuelrobinson,LWC)VbjE$7
samuelschneider,N#Q3W8rML&
samuelsolis,!W1Yg%ss*!
samuelsullivan,jB_4B_pk#T
samueltrevino,R8yTdguQ)%
sanchezamanda,W*4GVvYAK&
sanchezamanda1,p9)Jsr+e^3
sanchezandrea,@y9LWoGjj0
sanchezandrew,@_JyizClx6
sanchezannette,**E0J2VuJ%
sanchezbrittany,(6XyeaIp^U
sanchezbrittney,dqQR3Xc(B%
sanchezbryan,)f6ZPUHb!2
sanchezbryan1,tBI#9x^hd+
sanchezcarlos,B$P4Gc^W#%
sanchezcarol,T4@RXsf4)m
sanchezchad,OdWPSig)%7
sanchezchristin,!7jSGNcAxp
sanchezdaniel,H5G!eamQ^D
sanchezdebra,!wCNz&2@0q
sanchezemily,fr!5B*y!*d
sanchezgregory,D8h1HvEs(i
sanchezgregory1,D8IQJXg3&7
sanchezjames,^grG3vMs!*
sanchezjean,F6jQGaJ1@h
sanchezjeffrey,u@+!H3JnTN
sanchezjennifer,^#6AjG+_N2
sanchezjennifer1,b_q%r3Ft+)
sanchezjeremy,3AeEZiX6!i
sanchezjessica,!8KFNKCpoM
sanchezjohn,(ok3P*g9gB
sanchezjonathan,V+@*kACp%0
sanchezkevin,gaHt6*AN&1
sanchezkimberly,UP9+(&Xs*R
sanchezlauren,d_6isEz5LY
sanchezlaurie,004orPOp+E
sanchezlori,*S5HWb!HW%
sanchezmadison,wd#7UBpK%$
sanchezmichael,)vblVpEW9b
sanchezpriscill,__C44$CwR2
sanchezrebecca,dFM12RExc&
sanchezrobert,_tEIs*gf&5
sanchezrobert1,+7vUCzcB%7
sanchezrobert2,4F6WA6Qu*8
sanchezrussell,xPJgySLR(4
sanchezsarah,p$ANB8Qbhe
sanchezscott,@M&MIy1rM4
sanchezshannon,1kCafB18@e
sanchezsusan,^O6oCxzHNf
sanchezsusan1,&0UD7Ybo@9
sanchezthomas,x4LilP5i@7
sancheztim,^IB7Ww*n*5
sancheztony,^28MKj$xT&
sancheztracy,M14IQoTEM@
sanchezvincent,q81EJoisE@
sandersangel,Z*l2!EivDF
sandersangela,50LOvEjb%F
sanderscalvin,)P6FYhNW#Y
sandersdavid,QEo0OM4rX*
sandersdavid1,(9Nxwk2w%5
sandersemily,t2Yjk1Pq^1
sandersgail,CLVS4kEu)a
sandersjennifer,9V@7Iammb!
sandersjoy,Pkyx3OEy)7
sanderskevin,tfyS*KbB+3
sanderskimberly,68ZdFvS5*s
sandersleslie,*)I2hCoPq%
sanderslisa,@kl2K8nw1%
sandersmary,J$ql0Crtim
sandersmelvin,61BhWei%(t
sandersmia,Q@Bd%3Kv%$
sanderson,%0YuI6XDdl
sanderson1,$^(9OgPKS1
sanderson2,(n7UGtycu2
sanderson3,@Xb&2(#sS$
sandersrandall,gO_9w%OuH)
sandersryan,o_#4!mItsv
sanderssamantha,18JN2Ppj)N
sanderssteven,)4AhYkz5$n
sanderstimothy,I9o_Tpef)&
sandovalaustin,P&7I6tGc4y
sandovaldavid,ae7YRR0o3&
sandovalelizabe,$p46mOCz(C
sandovaljill,)5f$dW!QHo
sandovalkaren,Svf3PdZe#*
sandovalkeith,*Yq9Z5qnc$
sandovalsamuel,6T8zpRnZ)#
sandovalsamuel1,65Cys9@m^C
sandra08,+9&3RZnSkP
sandra17,U3VNmT+a#7
sandra22,clZYGUn!^0
sandra28,nsppN3RlN)
sandra32,l&Civ1U%2k
sandra33,)@Qr^&zom6
sandra331,#89IAmqfph
sandra34,9&5kaiDw@L
sandra341,W3dKtlW9)A
sandra40,)nQ3F6KgPK
sandra41,j95J6v_N%K
sandra49,mwL3fO(WZ#
sandra50,yl7&G^Wh@+
sandra62,T3iA2yMf@8
sandra621,A9A)fp(c!L
sandra63,U1EDLl6_$4
sandra66,m19lFGgE$c
sandra68,x)t33V#do+
sandra72,q$l6QiUkXA
sandra75,*&K62OfmT!
sandra76,Tp5MT^pn))
sandra81,uA6W4f_$&7
sandra86,CG*8EgxYS7
sandra90,Iu(96PR8g#
sandra95,@ovs9X@g5t
sandraavery,Zk!3P_xQy*
sandrabrown,&47L!x#n5C
sandracobb,y_B5XVw!5e
sandradavis,L9#SjtpW#c
sandradelgado,KYu1XY+aN_
sandraedwards,)8JnMUh4*K
sandrafoster,)gEOH3eI51
sandragreen,!W73TSFu1p
sandrajames,m@)a8TLx^2
sandrajohnson,TdJu9Kcg3%
sandrakim,)9xKguwYMh
sandraknight,Z_0CUgBj+*
sandralogan,@z9v*HrZAU
sandramcpherson,7p5Rr#O6_@
sandramiller,@22gnWRmR5
sandraoneill,_L8Jrr@Ftv
sandraowens,m8U6qddN#%
sandraowens1,Ss3Olwv^%*
sandraparker,#9^vfRUrGp
sandrapatterson,@9$N_FVqt9
sandrarios,Hk7HJdfLD#
sandrasalinas,Ah_3^Zkd9u
sandrasanders,)6$XypAgBd
sandrasanford,!h1VDNwnv9
sandraschroeder,$R7ChiILp%
sandrasellers,a!7L%Zmv3l
sandrasimpson,_l3Exk^)$&
sandrasmith,%89hHVeSYg
sandrasparks,+1lnLNlRH4
sandrastone,9H5sK@el^c
sandravargas,r*f!%3Yvjj
sandrawilliams,$JVy5NXy&o
sandrawilson,#2iV8w1G*B
sandrawood,%3rPb($T1N
sandydean,ffW7NPl0^V
sandyhernandez,6+)1D%*f_r
sandyking,_9eDH(AoD&
sanfordjared,^3L0Kia*jZ
sanfordrandy,*xY13Bg!&Q
sanfordtara,$^8MxbJC#K
santanamisty,p1+7XOmvW(
santiagoangel,_&&PlAxe)7
santiagochristi,826QkRU0*H
santiagochristi1,Zd7rpZ$z(i
santiagodaniel,g+y5u2CkLr
santiagojohn,V0BTxOz1@z
santiagomichell,31MzWgiY_n
santiagorenee,(oomd9Qr1A
santiagovictor,V!5XlhCI+p
santoselizabeth,H3qIFjUI$8
santosjames,*Exy+TQz41
santosjoshua,(vz&WOt&5g
santosmichael,(FXk8Mxt_+
santosnicole,^v0YRzYz(2
santosrobert,%S8Pz_dA(f
santosrodney,^9BbBaybH2
santossergio,kJ5I8ZWb@4
santosstacey,#6LIp@gv0r
santosstephanie,c634Psj3)$
santoswilliam,#O1PK)uWzt
sara01,v6n#TWay!X
sara06,@!xMY)sn%0
sara12,I#7RtyLt@w
sara16,8SSAJ8f__1
sara20,*IjLYL3p2v
sara26,*hfL4(Pnm0
sara29,D#EIt8UT+4
sara32,X(G_26Fg*(
sara36,(F6oEbeYv!
sara39,#jhRF1TEW9
sara45,&oDT2cDrz9
sara47,#p8K5Eukz%
sara471,+2TAW_dypM
sara48,N!bu5QtM5P
sara50,+xFofclU&7
sara54,_wER0NGIg7
sara58,cI9bCAKnK(
sara581,_e9#SKAdG&
sara60,K$C0PbeL_+
sara62,n&X9Os^X^k
sara70,n11YsmO!_z
sara80,jj18T)a1+3
sara84,lE4TM)ti_b
sara87,!mZwcdnG3M
sara871,yM9K2Kun^B
sara93,$4_IAm%Vne
sara95,%q4SCoV*+1
saraadams,j&B6NgJU!v
sarabarajas,S(5S#a&qKI
saracarter,t$u16Hyt1#
saradavis,Ge9J4bv!L_
saraflores,Z&y6lQvT4C
sarageorge,U0mN0zRxH^
sarah00,r8^urXgj&F
sarah02,_6lSVE0Di)
sarah04,&54NYVAqo8
sarah041,Pm6%RX7b*7
sarah042,nf1N4%oY#)
sarah05,*^K9dT)vE8
sarah051,%6QV1(gPap
sarah052,tqu1yzH$%4
sarah053,G7%5Vxvaua
sarah054,_d4L6ysFA5
sarah08,P5QmI&xi$d
sarah10,Amf2_Vxyg^
sarah13,$HPByEtd_3
sarah14,)0p1PIbuTz
sarah16,H4y1N8+h*!
sarah161,7+gXrBeh(8
sarah18,^3AVYwEfix
sarah181,*52WtHiU$y
sarah182,&CUVpu)G#1
sarah19,@LrPoi+t1f
sarah191,FUG9ON%x(y
sarah20,p7*ERkux@5
sarah21,jo^2C%hf%5
sarah23,n8O#Q@MZ!s
sarah231,m&M*6Sbg8g
sarah24,B!9ix4Whyt
sarah25,Ut2hM1St_&
sarah26,!1gOHXfAe$
sarah30,u%c!+6JlYF
sarah301,CLo2@Ltt$P
sarah32,OL$$Y9Xr%0
sarah321,6yVi9yg^(9
sarah35,8O$71Fjg3a
sarah36,JeX8#qTg+Y
sarah37,0NRH^Xsn$#
sarah38,W401ZtNch@
sarah381,)iA1(iVuZL
sarah382,&)rwR6Ul42
sarah41,I2Ip%Dqi%s
sarah43,y^8*s4Hjkb
sarah431,#qKmSfoQF2
sarah47,Bp^4d0Cn7U
sarah48,MJ6Ssl1P+z
sarah481,NP8Kup#()w
sarah482,UCQV#eL*_7
sarah50,&o1CndobuH
sarah501,Q&3(FatI4a
sarah502,hpIuC^nU_8
sarah52,7(U5BrwI3q
sarah521,xT8GH5Ki%q
sarah53,eez65*Qsy*
sarah55,+8O%Xp64Yi
sarah551,NTL2Dnbt+S
sarah552,^s9ybVhez$
sarah56,9shE16PMI#
sarah62,(RrJBki(R1
sarah63,(K_B4P6q#h
sarah631,p@7kVk_hWJ
sarah65,xuIyX#(6(4
sarah651,49eQiBxw*2
sarah67,&pp3MDjxli
sarah69,(1(%yBN*z5
sarah691,+0YZiVzuW1
sarah70,*A9VMiKi!Q
sarah701,R)j8VllF@+
sarah702,(W0Quzo%c+
sarah72,&faPr+TsN5
sarah73,86Oi4$1W!2
sarah77,sj31UhN&Z)
sarah78,1y3b7GKbF(
sarah781,#)IPjq7^0r
sarah80,2D!@3KaA(F
sarah81,!85i_uIgkZ
sarah82,#wlk2FgP2V
sarah84,ruz5Cqd9!$
sarah87,a9qI#g0u#N
sarah88,zPV0WlZd%(
sarah881,)2Y&PumQ7s
sarah89,J2nJLb@a%D
sarah90,+RRo8Nf7eR
sarah93,%V83_VMmM@
sarah95,&ri1Mp@e$f
sarah96,lsKHAJ3O*2
sarah961,#08KCcq)@X
sarah962,9bx7)DK5C@
sarah97,54!$K7FrXl
sarahacevedo,dIK@MdZ#)3
sarahaley,by18TZg*J!
sarahallen,F+Wd09Lo4y
saraharnold,5L!TdqWm%F
saraharper,)O4sIQkri@
saraharris,_7QzvJ3urO
saraharroyo,R@4jOGil$x
sarahartman,Ty)*4Xpbbd
sarahbarnett,OR1&Kay2(x
sarahbell,Bt@F3KKxN+
sarahbell1,c0$Betv_(C
sarahbrown,_z*7Bup$a1
sarahbryant,%4Bl&aYz+s
sarahcardenas,AJv38QWl@5
sarahcarson,zK*KM1ZerR
sarahchambers,$m0jOCKw+H
sarahclark,^U8oYqeejr
sarahclark1,h71oUg7t&R
sarahcontreras,+D9zW$w5NC
sarahdillon,(4Fjl$91wC
sarahdonovan,l$6Q91Tr)O
sarahduncan,7L0CEz@vj!
sarahernandez,(m2ZAk8S1a
sarahevans,$_50*LwVJ3
sarahflores,$7VGBF&tra
sarahfoster,)6)EmAXKi!
sarahfuentes,v!*AB1Pvz^
sarahgay,Xa1T1qZu_$
sarahgentry,xCA8Imwu+A
sarahgiles,006oWXXl^i
sarahgonzalez,%5#NsKwi!O
sarahgordon,&9!h7Wh3^Y
sarahhinton,x_11AKNbn1
sarahhuynh,*+p3GPcOct
sarahjackson,*5PYKPhoPk
sarahjackson1,!X3EJjAsHX
sarahjackson2,SF_8^QYj@(
sarahjenkins,Ik7^FwT*i(
sarahkramer,8@r7IGktTC
sarahlester,@0%%YwRh56
sarahlewis,&Y7!7Hrq&$
sarahlogan,W95(SvKw)!
sarahlopez,%Z1ZT$TxfH
sarahlucas,1l5C(sfpp+
sarahmalone,7S1P4fhF+X
sarahmartin,)%^9ioDzDA
sarahmartinez,HF!325Aiku
sarahmayer,)M1Ypm9_*L
sarahmcguire,#73+sOxoe)
sarahmckee,^Ka0vWnm)V
sarahmcpherson,L^6Wy0TljC
sarahmelendez,n)9ANAZal+
sarahmercer,U^2n2VkeUx
sarahmiller,tq0XKtww^5
sarahmitchell,_&0@Gwo_Nv
sarahmorrow,vZzjBYko%8
sarahparker,*7gWdROonw
sarahparks,s@4A&IFnCz
sarahpayne,*f)Uodx14c
sarahpayne1,)^o9XL@oEk
sarahperez,++jnjAnK5C
sarahpeterson,LwA7OEjz+6
sarahpruitt,@8Lag&*VzW
sarahrhodes,I_2C@in4)5
sarahrichards,k85x0AfS%l
sarahrios,H5hj2Rql!_
sarahrodriguez,bHGFrm!F&1
sarahrogers,&K95Eg6gf^
sarahrosario,jU2A5TLe4!
sarahrowe,+f4QCbu%E*
sarahrusso,c2!Xe_!G*s
sarahsanchez,(5B@$zsR(H
sarahsawyer,*_2tMwuAgM
sarahschmidt,N6y_GOld@R
sarahschneider,FyrX4gBw+(
sarahsmith,Hsb7Dfsm+E
sarahsoto,^KO5KJjHTf
sarahstrong,56tH24VwR^
sarahtaylor,_v2IhmrOyf
sarahthomas,X+0hQXudWc
sarahthompson,Nw1HIq3f4_
sarahtodd,+4AoXvTzvp
sarahtran,^yzRIRduN5
sarahwalker,3%7FtGjSb6
sarahwarren,X0E#6Y%rK@
sarahweber,y*9AJTmv7Y
sarahwebster,L&I4Mw1y^K
sarahwilkerson,rzr#55Stlx
sarahwilliams,7vJ5T$rK#V
sarahwilliams1,+7Q!VKYo+V
saralee,@42NSwyWe7
saramartin,!r4(YGktJ0
saramcdowell,&cu3Yx9N+H
saramurray,2+1KtShNEf
saranorman,%nIv8!!g9K
saraortiz,J!9MKPt&v#
sarapadilla,#08V&8zd$w
sarapierce,lN3M1Jd)N(
saraross,G6PdHc^I$&
sarasanchez,X*9F9fo+Ec
sarasanchez1,1sZAPN5m@n
saraschultz,0_m7GHHmXH
sarasmith,%3TXxuPlfP
sarataylor,#@5l1RiSd(
sarataylor1,95VJrqaG$d
sarawall,ry8KeJIR)A
sarawaters,yhK2!8Wfc_
sarias,C)dY9q+e2L
sarmstrong,eOE$$Zrw$0
sarroyo,G%2F4sx&@#
saundersamber,o35E$rmLv^
saundersjoseph,R9)G@VBd&y
saundersjoseph1,rs0DjAJh)K
saunderslisa,h8IGanhl$r
saunderspatrick,q)^W2#N$1z
savagebrandon,#&5RW#b_8b
savagedanielle,%3mIEVj7Oc
savagejessica,U+w1CW%yg3
savagejohn,_DTFpr%w%5
savagejoseph,+2yO1Ow&#Z
savagenicholas,&t5^Y_mlXE
savagerebecca,wc9*ZuUq+%
savannah09,WR6(RcgJs@
savannah31,(3*sGylidC
savannah311,u3r8+Wxza&
savannah43,!p*8BQoi_u
savannah44,9WOtzXdl&l
savannah78,6s38AT5hi_
savannah98,33MxF8kx!8
savannahflores,QN4G4OxF0%
savannahhenders,BP43gfUj+_
savannahhill,4p2l8VwnE+
savannahortega,9&8XX1AfKw
savannahstevens,__1&PYhlid
sawyeramy,+2RdjymykF
sawyercolin,#tGmYXW&v5
sawyeroscar,(k(5UKbtaH
sbaker,*#b46EV)Qd
sbaker1,5b6o5XZEa_
sbarnett,9(G7AIq(g@
sbarron,xF#a$3HafD
sbates,)SSPXr2uN)
sbean,z0UTjIXG#D
sbell,*iNiParw8!
sbell1,(UQM4f@x4)
sbell2,+jUKI&_o85
sbenson,AiDhUzID*7
sbenton,+ByO0ttM2)
sberry,&2Bzxe3XR@
sberry1,iU_B2Bdy^)
sblack,!5ZFJ!ybvr
sbradford,1KSUpMrm_1
sbradford1,Amp7V@aJO)
sbrewer,g#!lT1Qq41
sbright,0@8KZgtw_p
sbrown,%K_DM4xrV_
sbrown1,@4)a3BzVI(
sbrown2,#C52Tez*w^
sbrown3,e4XG+MlW)h
sbrown4,@8I(SRdpCu
sbrown5,#2+sZ8Zu02
sbrown6,!99UZpvt8v
sburgess,FyKEkJtx$2
sburton,UouQ@Ljd(6
sbutler,hp8G@9Fk+u
sbutler1,H6f%JmL^%g
sbutler2,&c4lW7IL_7
sbutler3,$+8LFVWcZc
scabrera,$7VQ)Kuu1N
scabrera1,D%l8N*BJ3z
scain,+c1oZla!h5
scaldwell,6SLUabIG%6
scampbell,i!2hMeq*7H
scampos,pUCzQtkj)2
scannon,!e2JxL9h9$
scantu,w%n1TFaMTp
scarey,(3nLdwghfT
scarter,%5@NGm1i_7
scarter1,H3PvGCqq*R
schaeferanthony,4Vh0%T@h_N
schaeferchristo,nh6vb1Il_7
schaeferchristy,*oXx*mpe8L
schaeferdarius,_1Dg2E^#(0
schaeferdeborah,57(_Zy^p@*
schaeferrachel,@k5T9%prVQ
schaeferwilliam,z+8ZUfcyZ(
schambers,$90K!Nlgn2
schan,(aT#4Xy@G8
schaney,kmR7Evq51#
schavez,E#vSv0Hg!7
schmidtcalvin,^1Y*nMmP3q
schmidtedward,NlXCtu@R^7
schmidtemily,&7YavgD@wF
schmidtethan,!1EbnOTw$K
schmidtisabella,*y2CtzZH^H
schmidtjacob,k^N$G4Jssa
schmidtjoshua,^2aAKIuejC
schmidtlisa,W1!81WfGFD
schmidtmadeline,4zdg^GlH_q
schmidtmichael,(z_L9DxX^Z
schmidtpaul,r6)9xsNhAe
schmidtrobert,!gELIKvw2q
schmidtrussell,0xQtyvBm&F
schmidtsamantha,^e)1Big^tS
schmidtsteven,aEC95Ixk)*
schmittapril,pp$Y1^Xfhu
schmittheather,*9AnqZ8D)q
schneideralexis,RpQ^P%(n&6
schneiderchrist,NuAO50Rm)@
schneiderdaniel,dXzz)6Rqi+
schneiderelizab,(y^02IC19$
schneidererin,zwh8&K0Z_6
schneiderjimmy,_K4O^Rykcg
schneiderjoseph,$#p2gFq+F!
schneiderkather,_f4MCa(nqj
schneidermolly,+%v6Ro37Ap
schneiderphilip,uT1V&Ix_+U
schneidershelly,+i7VM^n1&n
schristensen,@8IKOnv@$0
schristensen1,xA0RebDs(n
schroederangeli,(Ff22C4j)+
schroedercharle,@$4FJpYk^2
schroederkaren,9p^7FTen8t
schroederpedro,Cp3@BBij^+
schroederryan,A5C%CrZ_(m
schultzamanda,c)615aBoy^
schultzangela,&8QBZTitRT
schultzcarla,_I!3Nmb$$j
schultzdeanna,*7YcJUrSoq
schultzheather,Bk40JkLR+*
schultzhunter,K*8ZBekNaG
schultzjennifer,^G3giVqgf1
schultzjeremy,%6BG5IUp&Y
schultzjulie,)5TStdippE
schultzkevin,gP2X(FljG$
schultzmelanie,*2tDTkw!v^
schultzmeredith,(9AtRvq_J1
schultzrachel,^7dGckDx!H
schultzsarah,^&E_92CdcU
schultzstephen,W&!T5&MjY_
schultztara,n#Ork89wuE
schultztasha,u#Nx8W9qAp
schwartzalex,9!42HdO+Kb
schwartzbrian,h56X^fpc^C
schwartzjennife,+!3KSxw4XT
schwartzjoseph,886FiCfI&*
schwartzraven,_6riRPIr1q
schwartzsharon,9HXi9h(@)o
sclark,@wS55lSp&5
sclark1,m%00FE!tT3
scoleman,jBC8UxvH$9
sconway,&e+DA#GEg5
scott00,J#6QWGt3^B
scott05,sEkW3Y8h@^
scott051,_3IMuK0VPN
scott06,lb+3LHuLAN
scott10,g6100XqnH#
scott11,HK2ftZssN$
scott13,%v$i6ZTvB8
scott15,cU838WKg*y
scott16,&JnDm^i2*1
scott26,*r1JqBKy6)
scott35,n%2%eSYfaz
scott36,#7PE%gWCVJ
scott37,(RaFxqe(11
scott371,YR3X6#Bq6#
scott40,E$2ZW#fk+B
scott42,y%O4HRyb*6
scott45,xYA65Q+r#4
scott451,#4bX6c1U2g
scott46,(!pF*)yX@9
scott47,%1wKsJhfJc
scott48,gN2QIVtPI&
scott51,pKb2+Jxa%t
scott52,vZU3hLRk#3
scott521,1rJB0Scj++
scott54,k*7F&NsgJh
scott541,#L^40AHmOR
scott58,*&j6yWDpmX
scott62,@x8*ZRXns0
scott64,g^5XzJn2hy
scott65,z)_0TXj*Ig
scott66,#s0EwcTZ%z
scott70,3C1Wyol3E+
scott72,28MUxryo+A
scott721,X_2yRv889(
scott73,@#KMv*S9_7
scott75,)i9BkLUmH#
scott751,P8ZKQwd!+2
scott79,Lv2MZ0qkN%
scott83,Y%g9Rjhv0s
scott85,f+iM85Je&%
scott86,&35_NBnN4c
scott861,8wU7Q@Ei+v
scott89,oZmR%1mVW@
scott90,57FKUY0h(J
scott97,&E##9KIo$)
scott99,+TrQXMO61b
scott991,2$6Vq3seh%
scottabigail,d&0fhJe+qE
scottallison,X$23Qm*q!f
scottamy,Xw#7*zBs*@
scottbarker,95J#YjZi$x
scottbeck,@7XByZ5lzc
scottbrian,+2UF3Ofo6(
scottcarl,bg4R7Ofz^+
scottchristina,29Qf!E3n!J
scottchristina1,dg7A7ImM@)
scottchristophe,+1nT2tuaJ0
scottcolon,&Pq9Unyv_R
scottcook,D)5I)1Qt^K
scottcook1,762V&Pdl+d
scottcosta,p1@t1&gl^I
scottcraig,8669(Td8)z
scottcrystal,$G0QM5yFbe
scottdanielle,8yPq1*+1@s
scottdavid,F34QggnZ$%
scottdeleon,&LUvmUyZu2
scottdonna,s*0Tqtwg1C
scottduran,O5W*V(iy_5
scottedward,)x6#xIZztx
scottedwards,$cIOKQaqA4
scottelizabeth,5C4ZLO#uO(
scottemily,kv7lCd4K_+
scottfarley,Yt5KL*Jib(
scottfranklin,+3!pG40igi
scottfreeman,&H8QgbAemv
scottgeorge,4+3OwHvgdo
scottgreene,52DdiTmH$X
scottgregory,d^KTW9hhsX
scottgriffin,eTN8)G2d_2
scottgutierrez,Kp_n4X!eE+
scotthanson,U*9K_LtcSG
scottharris,!W5hGO6g*Y
scottharris1,+z)PV2Hf$Y
scotthicks,@83EaN7pfZ
scottholloway,7P7eXAhe$K
scotthunt,$4B)h_q8wp
scottjackson,VBIDRTuw^5
scottjames,$H_98voj7W
scottjason,3*8W&F^p(W
scottjeremiah,&5Qeg*x8W(
scottjessica,_6Mi#wy)My
scottjohnson,!1nZX$Ni8M
scottjohnson1,)0ZGCJ!sY9
scottjones,)M5)MmYEzi
scottjoshua,37BBBXw))2
scottjudy,wI!)4DCzdx
scottjustin,(M8NH7VpoM
scottkelly,uipjNxoQ$2
scottkelsey,15ICK(nd%n
scottkennedy,S+9YMTQwx&
scottkevin,$cZB7wcc*8
scottkhan,7Pz9D1Ug&@
scottknight,^v&XmIct8Q
scottlong,p9d^4QcjD*
scottmargaret,&5OR!wGDBH
scottmarshall,l2kLOKNM@X
scottmartinez,@4BFZaS@52
scottmason,u2Rq0aib@D
scottmatthew,l#O3l7Pp@j
scottmax,!3ZFhs88_f
scottmccullough,+H%WD&tlD0
scottmegan,&0DZQ!fc+R
scottmelanie,A)4*0Uu*iN
scottmelissa,H83nkPkoc_
scottmichael,!+60Ib1vv+
scottmichael1,P2J9TukW)e
scottmorris,$F2S$ZLksp
scottmorris1,tj^P8BTj**
scottnicole,%^LAQmaq8g
scottperkins,osYGDUIw$4
scottperkins1,3iA7UyB!&u
scottpeterson,F7uLB&J)+p
scottrivers,$G6Bf^Gt6U
scottrobert,R%8h0#Lzrr
scottrodriguez,)WYQhRog6J
scottroy,uu+EW7ZmR*
scottrussell,#EhGEzzdO9
scottryan,^7Gft*n@!e
scottsamantha,obHs51HR_^
scottsandra,H4D#*gxD$f
scottscott,yv0$3Lu&b@
scottsheila,hK53OfWL$f
scottsimmons,v1Qf9A1mu+
scottsimpson,4DxtLhTo*s
scottsimpson1,gRAnz&_M&3
scottteresa,E+8KbI287z
scottthomas,*Q0qW1smDG
scottthomas1,76&1Hqmtfx
scotttiffany,W9)EM9mr#R
scottvalerie,+$4VLA5nyz
scottwallace,F@h7Ec2jN1
scottwatson,+2s5z1Fv&k
scottwatson1,!26DPs5kvW
scottwhite,74B49Rbh+j
scottwilliams,_16PO)ma0)
scottwright,8@8g_Fq2)4
scox,O*!tH0ErAP
scruz,O62FMcg!*0
scummings,(sbbXLMCI3
sdalton,)9#ZW7Xqv$
sdavidson,mU!GkxoL!2
sdavis,#3B(xyFe8*
sdawson,)c7@D0oFzk
sdawson1,@8#gNqXjQO
sdiaz,0_pA8Z#B$t
sdunn,qo+C7tSyw$
sean05,f%64n#_qNE
sean10,W6TQf3m*(U
sean12,_Hg(3CFx2K
sean29,e_2WJoc31H
sean35,i5O69t7u&r
sean37,yf+r2AKm_#
sean39,^ew+W@L+Y3
sean45,tAgnd7@z@4
sean46,8(^E3Gpiqz
sean49,*S3gfILoG(
sean55,u8ZNaiID(o
sean62,&J0C*4Pr$0
sean67,&ghhiBYY8m
sean68,mt0eUjc$+G
sean78,0_@2pXYyOV
sean82,0r_88Xr+j@
sean83,*wh5N6SyyN
sean88,50BJ1yr^#v
sean90,(IS!_sEm@8
sean92,#XH%MX@kz2
sean97,GJ9UD^Zn5)
sean98,)9BwMR1z*O
sean981,U#5lQn*et(
seanandrade,334yOLtl@a
seanbailey,@&8Lt@zkFH
seanballard,#UOzWXoS87
seanbeltran,Ge1FwIOi$5
seanberger,)l$(Xibsd2
seanbrewer,Ey4pJ8_i@0
seanbrown,l519H!6r+_
seanclark,$w5Dl%sgf5
seancobb,8k)V4Nfqq(
seancole,l84N5vAyE(
seancombs,%6xra!Fi+V
seancox,l&!3LmBtC$
seandavis,3Q82uFHc)K
seangonzales,#L0ilPBmOz
seanhartman,$7*0hSzE*e
seanhenry,)su5GUjg@1
seanholland,*@MCCPYm0b
seanhuynh,&9S!YBhhUO
seanjohns,P(66LvaqL#
seanjones,5_7TCmefi&
seankirk,+%05NFRlVM
seanlong,+8pro3Oe%u
seanmcconnell,o6b6PNuc3!
seanmcguire,v4*N8CLI@X
seanmitchell,lS74(Qdh@P
seanmorales,S9N_Q(ec^$
seanpage,q)w1Im1^Uh
seanparsons,qjB8Qx@w4%
seanponce,+(38DZzv#W
seansalazar,jvprObpp%8
seansanchez,!JTZ5pOPT0
seanscott,^JZagOoa4f
seansmith,30#sbTJv%1
seansmith1,&4Fl^Xoepi
seantrujillo,!i1VAdmtNy
seanvasquez,_4VAcaiFC6
seanwalker,ix2aI%zx*H
seanwhite,8^97tXHu6t
seanwhite1,bG@1qA4l&o
seanwilliams,%bv$Xrpp+1
seanyoung,$0J5axZ(g8
seanzuniga,+5pJphfw#v
selena09,@42D)EzMow
selena54,&0ZI_yga4U
selenahernandez,6MXEhfv5%0
sellersbrian,_C8ON6^Rb4
sellersbryan,Z#&WeOrS(0
sellerscatherin,wt1LCfw!W*
sellerslisa,o(5PdLQF(9
sellersvictoria,&_PhsDye3z
sergio45,ot7Dt!wyW&
sergio50,N0TxqWj_(@
sergioallen,QANM98Xaq^
sergiojackson,)^U55Ufs*d
sergiowhitaker,%rbMRCbNx7
serranojamie,do^9gICziV
serranokatherin,!KEz7$#4*5
serranokathleen,9hKl2GUt%9
serranokelly,(IW1KS@iHp
serranokimberly,0m3UWO3Sk#
serranonancy,(*kA6DQaNU
serranopatrick,j_n8ne9ijD
sestrada,9lvCPtkc#X
seth02,_55KLtrZ9q
seth11,@^9&Wf&Opr
seth22,@x2^CUcW9*
seth28,q4k&W1m6&s
seth44,XjzE*EiF$4
seth56,+AWHKTbw!2
seth81,f%1qpHjEqi
seth83,Gs1A7sgXQ+
seth98,SUi8bBw)C_
sethbrown,@dYEg&2r5#
sethchavez,&+ecp1roTO
sethcook,%l0Hv(uCWY
sethfernandez,x(Pb34ggcX
sethlawrence,a)l8M&d#TD
sethlewis,^AF4Ixzp#u
sethmccullough,S!4PhmHpDV
sethmcgee,@n0Isy_D)Y
sethmoss,^5eW8qf2D1
sevans,*3Af5xbrE+
sevans1,99z5rPZw%P
sextoncameron,S7NnpPWF*y
sextonmary,$rXmGz%j04
sfernandez,4E706FKbb_
sfitzpatrick,1JUu84Jx%^
sflores,&PG^eKee06
sflores1,&H32S9yu6&
sfloyd,x^W01FejZ6
sford,9+o1MHiIgu
sfoster,b$P0TUzj%W
sfranco,^uF4)TQy8t
sfranklin,N^*5SaZ4v1
sfrazier,(aB#bawhJ8
sfreeman,_^TTkgpL%0
sfrye,m%$*74Bnu(
sfuentes,YvH7K2VGX^
sfuller,ybU9#9Qw0o
sgarcia,*ZF6I9aNt9
sgardner,T+C2EqTy^+
sgarner,(#N97xLorc
sgarrett,vC6zlaXb+@
sgibbs,rN4@9jphN_
sgilbert,zV@0Fp)Q(Q
sglenn,E4Q_IBf7(c
sgonzalez,t%6jBUtw&z
sgood,v9oQZmfs#6
sgould,jMD4fFn1j*
sgraham,F@9LXbkOVW
sgraves,S*_27FvosG
sgreer,_CWH0Cfe28
sgutierrez,5+kRfOwu%@
sgutierrez1,(3PVRmEUG+
shafferlauren,Z!96QR7b01
shafferscott,H71WRZEbp)
shahcarolyn,(5SPesRV+R
shahkevin,*RXtA#u%90
shahmichael,z#Y7DcUoAR
shahn,3m_K7Uem_5
shale,#7#SGNvFHR
shall,GGZ0Qe1lu!
shall1,UK7S0B3y*p
shall2,l+m(NoJa*3
shamilton,h3DYlrg6#t
shammond,4&8VFWnG!6
shammond1,mV^Bo1^n!9
shane04,29$KUPoK_!
shane09,p1LXl6vR!h
shane14,@O*HaIjX0s
shane16,j28fMLf^Z&
shane25,2v3mqVd@!y
shane28,Tb#^g3UqUt
shane34,J#7RKn$AeT
shane44,Kj8%9Yz)@e
shane57,04%&zHm3@#
shane60,d)$CK1va)F
shane71,&QSYdm8b53
shane77,^((_69JaWG
shane771,((u7Lf)C8+
shane82,w5fA_gr&%Y
shane91,%$gLEhYn+0
shaneblack,h@b6Papz%@
shanedaniel,)NIPjxbr15
shanedavis,6(7%WzEmIW
shanegonzales,lIicdaOs#3
shaneharrell,99JJCRpI&t
shanehenry,_a$NLptrt2
shanejohnston,N2vH@It!%5
shaneknox,W_S5PG(cZo
shanemann,!yvP4+Ekwc
shaneparker,j^X94R6lig
shanereed,#BZIEUiX2%
shaneroberts,!OwO6Vz6&H
shanerobinson,suG(pUk3$8
shanewilliams,7nRWqY)#*t
shannon06,$57+XMbpx$
shannon21,R9&!YRTe!(
shannon211,phu%IKjx$1
shannon24,PJ2#3HyUO1
shannon25,J7_AJ^fk&z
shannon26,Tm7*_Ugy!C
shannon261,*t!oO#i&o8
shannon28,B)xII9GmvF
shannon32,LZ5Jpbce+N
shannon34,wV_GMHL%&0
shannon40,&psvLik1d3
shannon42,kH1MzJ_7*i
shannon45,!Hf0(@r4b*
shannon56,@*YWlBrmB1
shannon561,$7A9iCZt8_
shannon58,^z&v7RG+E3
shannon64,$XnOfvKs+5
shannon66,#vO84CAvl@
shannon72,aZg+8UeF@n
shannon79,T8WJw18Z@5
shannon791,cJwUFH8q&5
shannon80,kmn7ZJ1wD_
shannon81,*lU6Xnj97H
shannon87,$e+0BASt7i
shannon97,&mB5i9ZuKg
shannonadams,+6+Lg4v59O
shannonadkins,1g0o0ZAFm)
shannonallen,*6VCkSJe(&
shannonanderson,My#2Zq3%Jb
shannonballard,#9!xGx^i6a
shannonbrown,n)v%d9^xXC
shannoncampbell,+yl36Sd3*1
shannonchristin,TS1g1PRp(U
shannoncunningh,!(jDB9x4zX
shannondavis,%(Z1Urfx7%
shannonfoster,EIg28NuB(6
shannonfranco,1se!GBQi#%
shannongarrison,(vwA6OJeCg
shannongreg,%oApNzRpF8
shannongregory,ohY0HMz$(R
shannonhayden,%4OxWv$K_5
shannonhill,#6UXNiv_Yf
shannonjames,TaIYirED*8
shannonjames1,JE95MQnze+
shannonjohn,pg@BW2Z&)8
shannonjohnson,!a#c5lYj_j
shannonkemp,)#TZijV4@8
shannonmartin,T9CHq2XQ(b
shannonmassey,Qi_SRx*h&8
shannonmeyer,@a7lTeRrpK
shannonmichael,*W7O&7Lrd^
shannonmiller,_B9xAdF4sq
shannonmiller1,#JZpL^Gyn1
shannonnicholas,+gWW4N0wZM
shannonowens,OX9$Rvun+$
shannonroberts,M)*V6YXm6W
shannonrose,Vm3P+YAny%
shannonsavage,!xGyPBf*3V
shannonsimpson,+31URkci^J
shannonstewart,^Fq(mEMce4
shannonterrell,#GW2R3%gt!
shannonthomas,9h+tCrAj+g
shannonthompson,+4LcwgZT_*
shannontyrone,1G#6^5AaW6
shannonwilliams,+4(AH_zl#K
shannonyates,%6d)ZFiR(Q
shari12,3$9F3YvOXY
shari67,KM1oKqsjQ)
sharicurtis,&iQ1PtIsi(
sharon00,fU!4(FjSHU
sharon001,+V9QWuYZBa
sharon06,%3_Q5jAP)k
sharon10,@4G9YY%gDC
sharon12,L$52Xh_ftB
sharon30,^#w_92DpST
sharon31,D&63FYoo+#
sharon39,)VAOTBmmp5
sharon46,*jMIQ$0yC7
sharon54,_8&MjWlLbN
sharon68,&8zYHJd*z)
sharon73,$()5YWn0KT
sharon81,^okD2AIip2
sharon82,L7hyAbZ)_X
sharon86,UR6@RIkvz!
sharon90,*1)6zKIt+a
sharon93,mXKxRg&t$8
sharon98,A&10LaHpn&
sharoncervantes,(4KCrF@R$b
sharonfranklin,$1Te5p0J2j
sharonhernandez,$wN%laQ4v9
sharonhernandez1,J46FRGsL_A
sharonhouse,3&C1Bu6n^A
sharonjohnson,vCS4#4Zj(A
sharonjohnson1,q2D(3ukw#d
sharonking,d+3pTgJony
sharonlucas,E#7ZRa^5Dg
sharonmartin,$6*F57Atot
sharonmcmillan,#Qa&5Gd$4)
sharonneal,$n@8tUQkcl
sharonnorris,8GV95KDq&!
sharononeill,bEc9NeQCb_
sharonparker,Cg&o0Uqzld
sharonpenningto,j+K2Pae)ua
sharonperkins,edJv7E&g#9
sharonpotter,$U8oThLn&4
sharonshaffer,&4QkIknF5Y
sharonshah,kEZxfak6+1
sharonsolomon,jgNL&6Nk6f
sharonstewart,@zF9AckV_3
sharonswanson,(Rf2Ec0R26
sharontorres,!^7RnN0hV_
sharpaustin,Rhy2AuyuE@
sharpbrent,)8C6fGdyP+
sharpgabriel,CR5LdgJo_T
sharpjames,B&7KLgoldr
sharpkevin,I+3EzLW4)4
sharpmark,$c7v*WfjTZ
sharpmichael,nRL_k9Jzk&
sharppatricia,k&5RSplk@c
sharprandall,$u69b3Soa7
sharris,)t3U&#zjTZ
sharris1,&NnI@+yX48
sharris2,iw4AauFrd+
sharris3,)y8YyNod0z
shatfield,zRGAnTlB!1
shaun10,73jruVBf^#
shaun18,e@8Oa8I+ye
shaun45,f^Q_qEpm+1
shaun53,7^6vWZ2l53
shaun61,&3Erh&#jE_
shaun77,G#9+zLTo!t
shaun80,3o6)NotwM*
shaun801,4$9LyXse^V
shaun97,S2F%#FuF#7
shaundelacruz,Ma9WUtlA&F
shaunhenry,SS75ZrO$*m
shaunmedina,gU7B4rbJ$o
shaunromero,wn5zWLso2^
shaunsanders,&6ZwvRn!8T
shawalexandra,*)^P%P!k1A
shawandrew,8^*Q9O^ybS
shawanita,Q7*9OIeyg@
shawchristopher,!HWX%FGg17
shawjacob,^REIk)V$l6
shawjessica,l@99V9oh(+
shawkaren,)04GlnUaBk
shawkayla,5+DBSMw%+h
shawkevin,!T0QsiW__1
shawkevin1,9uBk5v^o^R
shawkimberly,n7QhLNjr&0
shawmark,tQ7cY@q^Y+
shawmichele,Bv25PQfw(5
shawn02,A%04rW0oAL
shawn021,H5F)S4yS+F
shawn08,_IJ1RRthZ!
shawn10,^2OVhW9cYd
shawn11,g5FY54J)@x
shawn25,sv4hB2mD*@
shawn31,^6(*2Ckybk
shawn37,)6oI6lYg1^
shawn43,&nW*pbERf2
shawn45,8O!9BqguW3
shawn48,%9P+qbNxbQ
shawn53,ox&8VeSz5h
shawn54,8G2A*T1x)+
shawn56,(jqTxBH20m
shawn76,@Y4XtJ$Uy2
shawn84,x%t+3E!v02
shawn841,#08VRKaV+l
shawn89,kbrb1W6b$8
shawn90,4WC*nIm3^e
shawn901,d*02XamFDR
shawn93,#g28&MNg14
shawn931,@N0CCLriPf
shawn99,EP^433XcrN
shawna91,a1&2N4m4+J
shawnagomez,S*2Oe4N#+y
shawnanderson,BJz28Vew!+
shawnbonilla,y)4zFGqp_v
shawnbrown,K@2H@yOPMb
shawncook,+50D#)Oo%g
shawndawson,p@_C$5qxpI
shawndrake,!q2CVfbX@&
shawnedwards,hPA1y9Jg)N
shawnescobar,R&m!9Z0eom
shawngalvan,U&2KFwFL5m
shawnhayes,QqS5KEUo+l
shawnlane,^7FFPc80Xw
shawnlewis,zCv4Uhc4(@
shawnlynch,)J1cL@xcvG
shawnmccall,om9mOof^+n
shawnmiller,n4ljr2Rl0(
shawnpalmer,+#5m^qMdLR
shawnpoole,T2DT4lS9^6
shawnsanders,7IBhmkK@@I
shawnshaw,)#R4FwXgv3
shawnsims,cM2DywC9q&
shawnwells,#9DmrwKf2v
shawnwillis,jQeq)$lp#2
shawnwilson,XB)6QWdms7
shawnwoodward,wXA56Ntq@!
shawpaul,d1z&6G^gJF
shawsamantha,4Ow9T4Hb#f
shawsandra,kky2MH0u^+
shawstephanie,+t$5Pwya&h
shawsteven,w^KI4GNOce
shawtammy,BC(p0yShuH
shawwilliam,%a4Q2dPq&(
sheabrian,_S5zSS^oOZ
sheamichael,&@n_7WrIO4
shearay,(##1TtdMcd
sheasarah,L08atvdN+Y
sheath,jO0ZCrngL@
sheaveronica,5FpLx6dG+c
sheena33,ROxz3Ttv#d
sheenagarcia,V1coTf^u^6
sheila13,k_a2FulE%p
sheila24,!6#CZSsbcV
sheila241,33mcXmFa)n
sheila242,A2*AnFsD#+
sheila30,@iMPFj@iP3
sheila32,iSMs_g8w+9
sheila35,*&1R9rc5ii
sheila44,68OYoYDf$R
sheila55,)1+%UDxI)a
sheila551,dc5TzFA!y!
sheila68,5rjp(Y)n*U
sheila681,%DONkji_67
sheila77,LdZ8Uxi2%G
sheila89,AU6PCl+f%Y
sheila94,GP8ROcto)M
sheila99,*JlGTk!wf8
sheilaatkins,XRA6IevL#Q
sheilacooper,80Xjn_Au!N
sheiladaniels,6#bV01OhFo
sheiladunn,^0n56Jl2k@
sheilagarcia,XAQvb6ky)1
sheilagibbs,g!4SdtYwB7
sheilahubbard,@%Q4LZ(izo
sheilamiles,9b&z6HkvYh
sheilamoss,I071zNHvY^
sheilanavarro,O!1Olq)y#!
sheilawelch,#uOUBw#Lx8
shelby08,zKKfUrz7#4
shelby29,5f0QOIdA&0
shelby32,(c7cpuAcx)
shelby33,+iRbItMHt9
shelby37,ILW@7EGy%M
shelby44,&IEINvYli5
shelby50,HBNV$McV_1
shelby59,&19KCnCyE%
shelby85,&ftWJX9F!6
shelby86,B#NLIAr!)7
shelbybaxter,$G$K+GE6v3
shelbyclark,QG14W8ng^&
shelbycruz,miFjNjG@%2
shelbygarcia,%4Ih1*k&^O
shelbyharris,Y0+ppqdk+g
shelbykim,!4Zfw2D(_U
shelbymoyer,eXc2^Jm4^8
shelbynichols,*ljDMTO^L8
shelbypaul,*s^8CC4cP^
shelbysherman,(43TiQWY38
shelbywebb,&$9wYsgwk$
shelia95,6tCnKvo@_H
sheliadavis,_6Ekl58tSA
sheliaflores,di9DUFlg_y
sheliagonzalez,a8FM$%im_U
sheliakennedy,jO79+hSm^R
shelianeal,j)+60XZkp7
sheliarodriguez,!WO0cOjj$4
shelley07,eo9WQx*U#j
shelley13,e$_2DNmuWx
shelley23,(JXw6uthW4
shelley42,!4U_UWi(a7
shelley43,A1DU1kYx^8
shelley50,X5r%3mKzzJ
shelley79,^wx5kLQr52
shelley80,08@0IxtS0G
shelley801,xxZJzfcy^6
shelleycastillo,N@gcAIMxw7
shelleyrodrigue,+4cPyqh%zB
shelleyvelez,cY(7FHu0(3
shelleywelch,A(9GRqVy&U
shelly11,!*tF+Fh4*0
shelly52,*XBj(aRz8G
shelly57,$v!0HKty%r
shelly62,j)N*7AYm(e
shelly69,)0CSYhVGba
shelly691,_U1TV0Az@9
shelly71,qi9!P8de@9
shellybaldwin,iaNe(4Hb!E
shellybrown,@lI%Mm8fA9
shellygross,*4xutWRj4v
shellyhobbs,HQ2Bjte(!Z
shellyhodge,!)YbrYCwg0
shellyrobertson,P$5OSnxkb(
shellysmith,3KYi_&cW(&
shellystevens,!T7KSUvmGU
shellyweaver,^qE7L&0bE5
sheltondaniel,@$7VzJhbM%
sheltoneric,_7&Ytzie)x
sheltoneric1,F!0ssDar!!
sheltonjanet,%4QAgwznjB
sheltonjennifer,T7+W5mXV)a
sheltonjennifer1,sQ9QHCZsk^
sheltonjonathan,^Zv8JXs3!O
sheltonkevin,%a36k+FJ3^
sheltonkrista,_K1+ZBwfd4
sheltonmichelle,%7m9Tk0tYZ
sheltonnicole,)sqNv*H$O6
sheltonrebecca,^YKJN)54e8
sheltonsandy,#PCt*5Rf9z
shenry,6@M5oWkw#)
shepardchristop,co5#O%W3+8
shepardchristop1,9n82rTTdq@
shepardjason,+9KeBl*r*o
shepardmariah,i_24JJmgew
shepherdcourtne,RY9HQCUg)@
shepherdkathlee,c*73Ceuz%j
shepherdpenny,_KqexdFa30
sheppardjames,&r19sIS_0&
sheppardrobert,$+PqLMZe3q
sheppardwendy,r*m9Lza18x
sheri14,6(ZM4xZ#Iv
sheri32,k*68Z5@jBZ
sheri37,GmAvYUcs$7
sheri40,Ksh1BE1p^B
sheri51,c3Wp5CsW!c
sheri64,XF@@4ReJ*V
sheri74,E_lNHavA^2
sheri85,)0TRI*cbOy
sheriallen,9ey1jbY_G_
shericampbell,*VSZqBe8v8
sherimaynard,c$3ARxoJTR
sherinicholson,nEUwEsS@*3
sherirandolph,my4G6Udhn)
sheririchardson,n+m#7yTvLT
shermandaniel,!xaYPv$)d0
shermanmelissa,PySEtjw3#9
shermanscott,%48Wazjv^)
shermanseth,@2K_WADabX
shermanstefanie,O$81a!Ib02
shernandez,eY^0CKs&Dt
sherri15,u_p03Y)x@6
sherri67,@e+6G07r!A
sherri72,zC4IupUt#U
sherri80,@^AbqWhH&3
sherriblanchard,+sSMFCgx75
sherribryan,b#!uZ3Qyv0
sherricalderon,2OJaAaXt#W
sherridavis,lh4^@NnA_D
sherrigarrison,wD7Qk1^i_6
sherrihaynes,H!65RQbBEx
sherrimason,+k86WPqp!^
sherrimccann,N&2yBlhbXV
sherrimurray,7uw7bDHh$!
sherriperry,)sHPJxUy8!
sherry32,K2#ktXLf*)
sherry38,O49ZERex^@
sherry55,&66!NFZvWv
sherry57,@4TU3sSJ2d
sherry571,L!9XYtcxXj
sherry58,X@42xHbq5^
sherry73,hyh!5HO9$8
sherry76,!6iV$0#hss
sherry83,&+ODxaHY(5
sherrybarker,b(T3@TPdbP
sherrycastillo,@u&p4Sz%th
sherrycoleman,++G5VCjv4a
sherrycross,)Z6rz8Zybm
sherrygarza,Y@1R5pF5&f
sherryjordan,$e8HVapx8g
sherrylee,(dQ01lyAo5
sherryortega,+DfYfH1)l1
sherrysalazar,j0l0LSRv*$
sherrysmith,w!1@+Ke3$B
sherrysmith1,$5jNBPeGao
sherrywilliams,R^L5eQip(+
sheryl03,B6GT(&nN)S
sheryl53,wvtQ9RUp$1
sheryl85,0%!1B4cl2&
sherylguerra,q!wUsqOs$5
sherylrodriguez,*4My8AC4Va
sheryltaylor,+SSMq7n)A2
sherylthompson,_2A16TVc#*
shicks,3$9REnIpLh
shieldsangela,^Ra1Bsjtaq
shieldsjessica,&rfNzAsY4V
shieldsrandall,rx1BSPk1+b
shill,*I8mGt%vL7
shill1,5LX6Epwl%b
shill2,t0OKk@qP&p
shill3,&5v0uZjZ3O
shirley16,0kT$_Vhn%u
shirley54,c23Ruac@+q
shirley58,3tu4#AeaI(
shirley61,o!994D6gOT
shirley62,Qv(&2Tl6%w
shirley75,I1+zN9Gu#i
shirleybarton,$11XYKJhz_
shirleyelliott,*80Yny4Dx9
shirleyferguson,R9(P1Vji$z
shirleyhernande,!M4CddpPE+
shirleymeyer,)&2RabeB42
shirleymoore,!Nsz3AXwI+
shirleypatterso,$Cm0UPyc(V
shirleywest,#%29wsZb!R
shodges,%3b%HgW2$8
shoffman,3^Q4Aktm1K
sholden,PTcja7Ibq%
shopkins,$A1WrLFt@9
shorterin,&x4AVidBC!
shortregina,d8Ag5ZiC@#
shuber,$1#fJZrPtP
shuerta,D*H9NsXy&5
shuff,4sKT+lKe!g
shuffman,!L08B5pF^J
shumphrey,*CPmFpgAM9
shunt,)ySK2HXaGM
shunter,e8RnMZh@^H
shuynh,*lXqNyQ%28
sierra36,kkP1H0r((S
sierra38,6&ZFin)5!s
sierra79,MW_5tVgB(0
sierramcintyre,O#kGM9ObDe
sierrapatterson,G(r3OGnj)O
sierrapena,%4St@h&fqV
sierrawright,!2DoQD^yg6
silvaamber,%!%Lu#9jR6
silvachristina,2n((6Rns8V
silvadavid,4x1!)Xknm&
silvaelijah,##KQMSect9
silvaelizabeth,%3DKRE#Ytm
silvajames,2_FNOlwa^z
silvakatherine,+n+tYWRY#3
silvarobin,XyKqEbOo!3
silvatiffany,W+83OlcH&Z
silvatina,Tg0EWc_o1^
silvazachary,KPtRpG9c*9
simmonsandrew,A9SYS(NyS&
simmonsbrenda,NDSb+ute#5
simmonscatherin,)gmv_VHl%3
simmonsdeborah,xg7BEr+ZG)
simmonsdestiny,_4(TO2DjUw
simmonsemma,TUzgBw8g%*
simmonshannah,r1f4XoA1$z
simmonsjames,gpI!iC$6!5
simmonsjames1,Fj7%^YJv^y
simmonsjennifer,SjFowW&4_6
simmonsjonathan,kP&6IYu3$t
simmonsjorge,&9A8MlfYSS
simmonskimberly,o6t#u1Wo^2
simmonsmario,wM6WyUj#%1
simmonsrebecca,3G(2NLw_uK
simmonsrichard,g5q4bjBC%y
simmonssara,*Wm7Ta*kU3
simmonsthomas,%5Ji$HQr0X
simmonstommy,!uDcb_iE2r
simonaaron,V$a53SM_Fy
simonkathryn,$2x3ELaCl)
simonkent,vKSWWQxZ%0
simonsean,&o^E4UMjna
simontamara,R9b5$gq#+P
simontimothy,j&2Bh2P+lk
simontommy,)1f1XJkdN%
simontravis,^!r+T)rx!7
simonvictor,%vIt#Atal3
simonzachary,F!2LUirrBB
simpsonalexande,#g^7yLO3%4
simpsonbarbara,(lGp9YXtps
simpsonbrian,z@1gEzH%@c
simpsonbrianna,*7fMz^4jsl
simpsonchad,+()JA5Uz^A
simpsonchristin,Z2sAQfeX^A
simpsonclaire,qZa7$^vr3$
simpsoncrystal,rl2Ct6Yer@
simpsondaniel,_5EUYiBi$1
simpsondennis,MnU0wTyj)4
simpsongary,^a*ZfFIq10
simpsonjames,!F2+N4uUn0
simpsonjo,(sLsV2mrY2
simpsonjon,zf+!5MNy#X
simpsonrachel,*KY9DHers(
simpsonsarah,+7yRIqWa%M
simpsonsteven,6aW7U)@Hf@
simsadrian,v8_PZfIY@%
simscrystal,T7OIO+@r+a
simsdorothy,c4LIa2p_@P
simsjustin,r59525Vl^w
simskatie,Xs6ckIdZw)
simskeith,vgf9Zo&ly^
simsmichelle,%6@AnXt_xn
simsrebecca,@k)Q!L6j8s
simssabrina,#RuEXwcU4c
simssandra,#Ce)BKysC8
simsstephanie,u6Qj6%wm&0
simssusan,72+gN*_l@Q
singherica,UXt!_7WtnN
singhjessica,Yo9N365bO@
singhlaura,l3Vt_8iU%M
singhmatthew,xKUe^Cev*1
singhpatrick,HPXr)4bpY@
singletonlauren,a5u$UMr%+4
singletonsarah,#3!0&*Jl(j
singletonthomas,hIr5B_FuG%
sjackson,^P@g1pKr06
sjackson1,_L8I4ADwP!
sjames,fsc0YBcz#7
sjames1,Radz0Q4L^5
sjefferson,3EusC4jk@L
sjenkins,0nzZEOhw%V
sjohnson,&wPqhE_53h
sjohnson1,@5Q%vtJT(w
sjohnson2,KdR0LqNd#7
sjohnson3,g&o3Uxhv2F
sjohnson4,&84DrHlzKk
sjohnson5,5Uv18UOa%e
sjohnson6,^f*FxVJGN5
sjohnson7,M!P(4&zv*Z
sjohnson8,4yf30EgX!j
sjohnson9,nL9WEH2z%1
sjones,o4Sj0tWc)I
sjones1,S1SGCIbp#2
sjones2,b1piLGhg^0
sjones3,#9c9KCbwYn
sjoseph,b*9TY1ZxX^
sjuarez,bo#ld8Rw@3
sjuarez1,jA+7CMo9+L
skeller,$4k(XikVZ&
skelley,!XfR*$FZ6h
skennedy,NtnQ1Ear(m
skim,AnpCA8WO%^
skim1,z@5rCrgn3r
skinnerann,+fDoG&uX2$
skinnerbrittany,I@fwk4My)r
skinnerlauren,qzsgZuYn!5
skinnersarah,zx2^7QPz3&
sknox,0$_w5sUrCQ
skoch,Q9K!FEc3*7
slandry,i0Gwu@Vm$r
slarsen,&bFU02MjM9
sle,*i4%sR2b6&
slewis,0A(7HQKr08
slewis1,$6OiPCQc_f
slewis2,_ehm7KjC4T
sloanbenjamin,)qULA7fW81
sloanchristian,Esl$7*Qs(G
sloancourtney,^D#kYSDs3c
sloangeorge,!OesPLPwZ8
sloangeorge1,Z(1TAd!jj@
slopez,+9RP17ds24
slopez1,Rc9Wvlm!!3
slopez2,8@39QMByq&
slopez3,(8)wMc1kUs
slowe,C3fADjjd*L
smacias,r$_8EX5huy
smallashley,5%4AVxW(!Z
smalldaniel,b5rUEgsj$t
smalledward,*!Q2vjYY2p
smallnathan,S%r3Aoknrn
smallrhonda,6vBcHeVm*2
smallstephen,IL$2&i9ty@
smanning,*vD33bVn+2
smartin,)&CNHdqNa7
smartin1,Sh#91uEtQZ
smartinez,o*w&4N_bA^
smartinez1,X_5zlFzOv_
smartinez2,*2N3mOQPHj
smason,A!36eHNv9F
smason1,_7!GjuGw(m
smatthews,YK4dLNdK)d
smcbride,^6qVFUt2hn
smcdowell,*@35vMgom9
smeyers,So&!6BJq@&
smichael,Z3U6Klvk!R
smiller,@ezYgxr7R7
smiller1,$5NMrFy*@g
smills,^D*@qRuNn1
smitchell,Jo4YKHyum#
smithaaron,#43NV)cYAu
smithadam,6EGt#IoL@7
smithadam1,vR3DUJrf^L
smithalan,AHRN1Iil_&
smithamanda,+p)2#mGvm4
smithamanda1,9qk_5yWyEZ
smithamber,+p9ZvhpHC_
smithamy,2YG(0Z(w$p
smithamy1,$K8dKhV#Oz
smithandrea,kk9ZWir(C%
smithandrew,&56iWldbq4
smithangela,o5yX)Rft@t
smithangela1,#FIPmj_648
smithangela2,)0MPN48%uT
smithangela3,&5YQi6nnsO
smithangela4,#898ZaCXH6
smithantonio,$5_K*Zid6H
smithapril,w%l8RMosXQ
smithashley,+88pGOZz&+
smithbarbara,#3L+7qDGXe
smithbobby,8hGx5abW@$
smithbobby1,eK10An!@6%
smithbrent,pBBTt2Dtx#
smithbrian,zt61LQtWm&
smithbruce,wk1UdYS4*G
smithbryan,+G)2pFzkW*
smithcandace,91%0)N+S!b
smithcandice,X28QVR5v1+
smithcarol,IOM+Q8cXd&
smithcassandra,@mT6VBhgev
smithcatherine,#2AbfEIg3j
smithcatherine1,D%2lPinl)v
smithcathy,)L!h*Ddj0*
smithchristina,^101DQczeF
smithchristophe,)7kPLMCzRo
smithchristophe1,5j6uYf#D^b
smithchristophe2,)2adCDAj#m
smithcindy,mN8eEnauJ!
smithcristina,L%4CVXb^U8
smithcrystal,$8WL@T01ot
smithcrystal1,pu53TSqU)Z
smithcrystal2,NjKknsln*0
smithcynthia,T&)C3Gmjqf
smithdale,&BWOLfz096
smithdana,$w6BfhgZ&9
smithdaniel,!9TSTyrp$5
smithdaniel1,abS3TBb@!$
smithdanielle,E&4fX@8e7U
smithdanny,7!G9EjXG+w
smithdanny1,#vDBTK&j5@
smithdarin,9qiuSxTW_r
smithdarlene,##FuzJpto0
smithdarrell,Ju0A4x$Z*_
smithdavid,!7!iOVi%0U
smithdavid1,+56JJQSAMi
smithdavid2,N!Mn9LtKyZ
smithdavid3,tvQGAddx!0
smithdavid4,4_CTOwlH#S
smithdavid5,*F68Hy^O^$
smithdenise,5^5T*8gHXX
smithdenise1,CY0E4awB%6
smithderrick,6#Z75!MqRA
smithdiana,@sGAS5zUz9
smithdonna,*5xh)Qpy8T
smithedward,$P13TyefEk
smithelaine,#v+8jwEs2H
smithelizabeth,+1UzCz54tO
smithelizabeth1,dz1PLZvb(6
smitheric,6$96BUvGui
smitheric1,!9ZFchOQVs
smitheric2,4hj1r7Kk_T
smitherica,+qMW@o(V!7
smitherica1,%^W2Meww(c
smithgeorge,%4C+zS8nf_
smithhannah,*T0Z4(JdfM
smithhannah1,Y49!bDIj@J
smithhayley,+wp05bs3X4
smithheather,fq%C5MIa5*
smithjacob,&tR1rvQm9j
smithjacqueline,^67LIhtTX!
smithjames,)6HI22EhQB
smithjames1,ImmfH4Ma(%
smithjames2,Qf9Bx%0P@!
smithjane,C#9&YBgdzp
smithjason,&J^CW8VHx0
smithjeffrey,+xC2L5p%p7
smithjennifer,%7hp3LGtx+
smithjennifer1,*vZK)QBq50
smithjessica,w7O)6QMmVf
smithjessica1,)v6aCt$ag#
smithjessica2,#@mQ(Kp%R6
smithjill,(%HS8)Sy92
smithjohn,oz3Dahz*$y
smithjohn1,H8Q)QX^p(z
smithjohn2,45n%I9)o%4
smithjohn3,*9DOpMsnpQ
smithjohnathan,(wS6OPr2U)
smithjon,*PewaFfT7C
smithjonathan,Z@1F4arhzq
smithjose,(_81UJXn)x
smithjoseph,r7rfDNbM@h
smithjoseph1,y#7X9!fc$6
smithjoseph2,+4yXgTZIYs
smithjoshua,0(2LkRqk4I
smithjoy,2kXBX1TzL$
smithjustin,O(ZT0XdTw!
smithkaren,X3!(S@ut$+
smithkatie,^1E1jI1i8W
smithkeith,wN11Zy^@s)
smithkeith1,@ZCYJRdyv4
smithkiara,*&3Cih272s
smithkimberly,+2J!UAo5wG
smithkimberly1,I*m%6HqYC!
smithkimberly2,$LYQ5SgUK1
smithkurt,pJckK6Ryk+
smithkyle,781kE4rJ*k
smithkyle1,pbZj5OVf6)
smithlaura,yLnMXUp(*0
smithleslie,q)7Shtm_Yd
smithlevi,qTc4pGpuT!
smithlindsey,097OkVyf(w
smithlindsey1,Z9_5QGpbP@
smithlisa,2+s10uDjzl
smithlisa1,B9K@$SKu&1
smithmackenzie,^8d!x34lDO
smithmargaret,xq*4&FVy+(
smithmargaret1,tCd%fLT%!3
smithmaria,u+Xq04Xjf0
smithmark,3b4kT7y*c%
smithmartha,+p8&Gs@gJH
smithmatthew,^G2hEolx!G
smithmatthew1,!23j7YyfwC
smithmatthew2,_tZ6O$ir9C
smithmegan,XUF(f5#&^7
smithmelissa,m^20)LVnLP
smithmelissa1,$e4&BH7sgD
smithmelvin,4lCT!AKw^3
smithmichael,wX8Jp38a+&
smithmichael1,H4t*V7KoHE
smithmichael2,a!Q1UbIhk4
smithmichael3,^UEMFycoL8
smithmichael4,UOv*4Bmj*0
smithmichael5,+6aNFjLQDC
smithmichael6,f!2tJ#Br+1
smithmichele,P8&7AlFzaL
smithmichelle,qAVtHNjm#4
smithmichelle1,8gW0Y7gn&4
smithnicholas,$xR*y4bm68
smithnicholas1,)*49Irgf3+
smithnicholas2,W7YZZdKj@m
smithnicole,qx3OlnoyQ&
smithnicole1,+4rtXUFTu(
smithnicole2,!9IDkHa&ID
smithpamela,)IZQYslb6_
smithpatrick,F%Y3Gr)v3A
smithpeggy,)Ju8JqL_ee
smithpeter,@KEjtkGjK4
smithrachel,4eVECYW^&9
smithrachel1,R87AYNyy!4
smithray,^ae71H_bP2
smithraymond,f7^42sNk*_
smithrebekah,V(97G*&yT_
smithrichard,jCrsp0Gq*Q
smithrichard1,2)9JpGory_
smithrobert,@!a2S7niSo
smithrobert1,e)x)Svz9$J
smithrobert2,xh3RyN!uq_
smithrobert3,Q4e(txHp_O
smithrobert4,7gy^f+O!&8
smithronald,3T_1cjDw$A
smithrussell,y%8qU%apar
smithsamantha,@5Ol+zAzR#
smithsamuel,w%1qNXsNoE
smithsamuel1,@(%L7AZjRo
smithsandra,60zH#up*)8
smithsean,4y3GZqJjn)
smithseth,IB0Rd^3)!5
smithsharon,0l5dP2Ej#K
smithshawn,Bs69QIsg^N
smithshelly,U!Wx0&Xk@d
smithsherri,S@Q3#)PfSe
smithsherry,gjPOvzm3!3
smithsonya,FA99F09s**
smithspencer,u$8E5GEts+
smithstacy,%fg7M&c0KR
smithstephanie,e4P7cJD4^6
smithstephanie1,jeJ4L%xq+B
smithstephen,t4!9WEq9ZH
smithstephen1,)F(0Gw227e
smithstephen2,25HhtCBg%6
smithstephen3,13GoAcnj&u
smithsteven,U(3zHLhtKs
smithsuzanne,r0k*_9fx+U
smithtamara,20GR7i1P@4
smithtamara1,*+9C%rnsFc
smithtammy,q+9KFuzKo_
smithtanya,%2RCseu5eS
smithteresa,uVU7ozcp%2
smiththeodore,V*w6uHNzay
smiththeresa,XA6WK1qc*f
smiththomas,29RcdywY(&
smithtimothy,q)gt1EfI@K
smithtimothy1,yBI3GU^p*1
smithtina,AWNN9*@g_4
smithtodd,UR_0NkNDHA
smithtom,@0TKw9QHUk
smithtraci,AQo8CDLt%6
smithtracy,7XSZ80Hv($
smithtracy1,(*i3RQw05H
smithtroy,7jvGOz^%+R
smithtroy1,6o8T9CLtb+
smithtyler,N_Zg2B^gQG
smithvirginia,U159)Qyr!&
smithwanda,WESB2mXgD)
smithwendy,th2Mc2)q*@
smithwilliam,2f%0YkLX%5
smithwilliam1,P2GvAYrQ$5
smithwilliam2,4rX^zgKz)m
smithwilliam3,(nN3OjkJ+2
smithwilliam4,W0UsgFdk&6
smithyesenia,*Rd57WUtLr
smontoya,#1Quf^xTWm
smoody,$sGlhJEdX2
smoore,^d8JcL5fKi
smoore1,Vb&XpCMi)6
smoore2,#&IG8zt7(8
smoore3,+qNXAbJJp2
smoore4,cubC9LUc&q
smoore5,!4LC@$l4dC
smorales,Y_9V3FzvU$
smorales1,8gjQBzr)*h
smorgan,Zu%5&fMr3Y
smorris,8J(2RkuGg)
smorris1,D3#PHOao(1
smorrow,z*6mY^J4Up
smorrow1,+5LL7MPm%i
smorse,f$2c^3Vxx*
smullins,#1nN4DgoJz
smurphy,*yNnIO^Uz1
snelson,alQ1Pipn^0
snelson1,jy((7Zja&n
snguyen,C(T9Kg)U0p
snorman,$Il4Zyg+CC
snowangela,IP2P6LoIM&
snowann,uLI(2KExsd
snowmary,@toNW_RfQ2
snyderanna,*bhi7Di@bP
snydercassandra,z2M%P8IlfM
snydercolin,bbXpMe#b#8
snydergregory,)7GOeH!zNF
snyderkatie,W(5G6GsY0w
snyderkendra,Snj1RuE8(w
snydermichael,1wWm&x8h%L
snydermichael1,yr4XJt1x#8
snydermonica,Si3is*GGC&
sodonnell,q0JUl7cQ(1
solisdaniel,+h%*K!T30y
solisdon,_065FdyZXX
solisjohn,K_GQyXaD)6
solisjudy,z2A6@Vqp@2
solistonya,!6FgpFoi91
soliszachary,i6TUmW@Q+q
solomonaustin,BR9KFV1dN)
solomonkaren,(C3SedqL*@
solomonkatherin,_Tm4WKVf0g
solomonrobert,tgNa4EiVK)
solomonsarah,)@93dEn^9x
sonia36,9fcR$*nR!8
sonia361,6YK9U%8p^1
soniasmith,%6tHOXHmxo
sonya05,%W$xBt3V%7
sonya07,4SWG9PDg*&
sonya71,)2ZKZN^lJs
sonya77,Ul7%Fti9*+
sonya88,it6dnkLc*S
sonya90,^5!9iI+pwT
sonyaanderson,@#3DEQbN2$
sonyagibson,5LJ0Fv1e$H
sonyaholt,A_t1$sBxHd
sonyamiller,fTxDe*yC@8
sonyariley,#Jm9RwG)5l
sonyawilliams,+kAvT0Tog0
sophia76,ObUa^&c2@0
sophia86,97YFLwcc*a
sophia91,&O1$Xx@w$4
sophiabowen,#X_*4OKh8!
sophiaeaton,t8Y%xLcq#j
sophiamcguire,)p%kKgI728
sortega,R@KD2WXdG@
sosajames,$6owMSdik&
sosajohn,C^6xS&W$gv
sosborne,@h2UwfVcA9
sotoamanda,(G&aUZXv68
sotoandre,c9g!uU(T&_
sotoangela,!wg5Bm8fw*
sotodavid,tOgC9E#kD+
sotoerica,Dy3MdRKdH_
sotoian,!6OHObdhQ*
sotojeffrey,BzI1Cd*!B(
sotojessica,_%Z8GhMcrA
sotojohn,(I^st&Wba7
sotomaria,#35#3N8h(a
sotomichael,B&M91Hz(DR
sowen,iL82KlsF)o
sowens,pjC#1LSixI
spacheco,@6mZ*lddoQ
spacheco1,(#AtaymkV9
spadilla,MrlH+8M1(3
sparker,S#9t5QDo&I
sparker1,6cz!bpWk(A
sparksbradley,I1F3R$Wsd!
sparkschristian,D$6B3E7iI(
sparksjillian,9DhASKio%R
sparksmichael,%62F$!xeln
sparksseth,n#4G^WtVXz
spatel,ra(1ZLSz@+
spearsjeanne,)x6EXrY@3U
spearsjoseph,#R4aCKe(M7
spearsmarie,)1YjTzZo&X
spearson,$PUJ%I6kn5
spearsrobert,nF_8)Rhvep
spearssydney,^3+Q7*TtW7
spenceaaron,w(w9nsDt&Q
spencedarin,Fc7E$S4+Y_
spencekaren,0IaCtPum!L
spencer05,o)1&Uan+eC
spencer24,!1(3DXIapH
spencer38,Zu@0Sj+89E
spencer85,)D$1Z9BkgN
spencer89,#5yMEBhvVH
spencerdana,bmRay5HyS&
spencerdavis,(6VCzun*^5
spencerjeffrey,O%1livyOuU
spencerjones,L$3GBpg+sT
spencerluis,VYvFBqrr$5
spencermary,N&H(Z8PyKa
spencermeghan,$Rt2Hn(QH*
spencermichael,771Z!yFB$K
spencermoore,E2%3VBnWDu
spencernatasha,r(CH4GsAs&
spencerowen,O5++4B!zNd
spencerrebecca,&*5Wy)mq3#
spencersusan,G)59cNnTJg
spenceryoung,^GBbV#@t3d
spencestacy,ADzIpdH(*7
spencevernon,!11qNObgqt
sperez,J7l#(g$y!@
sperkins,!)VzNuVu44
spetersen,)2Eukc8g3r
spham,NXW4XFPx!T
sphillips,+46sEDTgvM
sphillips1,#+o4KnCuBQ
sphillips2,Y)+9Jsy9!4
sphillips3,%I3JRsIIo&
sphillips4,$Y0Dcvkzy_
sponce,V9WhyLjx^f
sporter,M2&d4KKnMQ
spotter,1+W2cGq5V^
spowell,%5UE#NnbTP
spreston,IfKeS!H0)5
sramirez,%8PesAA(gv
sramos,Z)61++Tqny
sramsey,#TqgZ30oP2
srandolph,!ESHyFch)2
sreed,r&9PGaj!C@
sreeves,3Wt99Smq@6
sreyes,$t4Zx0eeHM
sreynolds,+9sYjnlShV
sreynolds1,2qRCKUik%%
srichards,2t9+D1wc$(
srichards1,@i1p1#FjI%
srichards2,@&WC^yAR7^
srichardson,fQf5J(dHE+
srichardson1,#%G4(To5T9
sriddle,K(J08AnRhP
sriley,iy6LrZF!t(
sriley1,mS38NUueW+
srivas,@4+0AJ#v&7
srivera,07T%maDA@V
sroach,I&7oGIFgH_
srobbins,u#1F_jhcln
sroberson,x9*4Hf!9Uy
sroberts,d$lj5LRI5z
sroberts1,1i_2hBqu3g
sroberts2,r8Cs^8VwMK
srobinson,Y8kWEwjJ_r
srodriguez,&4j3Noyu62
srodriguez1,Uq@FX0Zv^#
srogers,(o07O(rq#_
srogers1,+$L2WFsITR
srollins,V6_S51FdoE
sromero,$65FCwYGfu
srose,%#Otk^OW6O
srose1,y7MOuXeA+Y
srowland,@E3PM76#q2
sroy,rcUB9Qln^0
sruiz,B$zh&72vnZ
sruiz1,4*LK)0zQAI
ssalazar,c@_2MmGXa3
ssanchez,(HXak9Jt)9
ssanders,ABhr1WcV&G
ssantana,B6SMmr$G)8
ssantos,^9JKo9xp)G
ssaunders,5QXvy8if)4
sschaefer,K4lW+h@t@Q
sschneider,105lR2jv^m
sschultz,#09nYix9#H
sscott,EY(yA!Qa*1
sscott1,k(8T@0ckEz
sserrano,rL0yOTt1W!
ssexton,HEvK5EZqy^
ssimpson,*$(uc4Bm%K
ssims,j^!j5ZlAIH
ssmith,^FSgwnuKG1
ssmith1,8xFBKTr)_c
ssmith2,#9BWd6Qg$o
ssmith3,+PTepBkD(3
ssmith4,%3IlLNx975
ssmith5,^r2ILQcx#Y
ssmith6,66SUPA%g!j
sstein,_jtX65WvY1
sstein1,La&DL$!k%3
sstevens,KH^S+RFq*5
sstone,3du!Jlej_R
sstone1,p_Xb7(Vr8H
ssuarez,ym6ZsuoL_p
ssullivan,+C6)VkyGJ!
sswanson,31Iksw%!(K
stacey06,#eL20G)o@r
stacey12,3c$pIY#V*m
stacey19,h+1DAr+LkM
stacey20,J_6RWIXrPB
stacey21,5Pj1Ml$a_f
stacey23,)69xLfjhXC
stacey29,8S2AOfHk*&
stacey37,&2)vMiCmMu
stacey64,%NG9hIEi(8
stacey65,(uz9FxeAYT
stacey68,TkFy_fzT@7
stacey681,)4isZacG0c
stacey69,(IAA4Abdp2
stacey71,++K6DnLzwN
stacey81,&%Vkl!K^4a
stacey85,)&$39_SeiO
stacey91,)fDgT%xrf1
stacey97,m2HCTsJQ#W
stacey99,J6b@4eWqN+
staceybrown,_1VEzCSp8@
staceydrake,g1S!OToa%3
staceydunn,bw3cKrA3T%
staceyellis,6_u28XThrd
staceyhernandez,jvot4NkAZ#
staceymartin,bTa&Uw0e@5
staceymiller,F4f&G0Ig^9
staceypowell,_eVAkI(64b
staceyroman,_)d9OppOKB
staceysmith,Dzsd8TVB(8
staceysmith1,l$t0pyQfcy
staceysmith2,#51Rk1$9Fr
stacie21,pq$8BFx8dk
stacie24,ghKMwdQU!2
stacie60,3elMUItf(B
stacie81,%v7K2)6xV%
stacy01,Rk8dPrneb#
stacy24,@ay46eWoy9
stacy25,%AHIDUy17$
stacy26,#4PyyDFmEF
stacy27,41^1W8cd@8
stacy33,+qR74gJTp4
stacy45,_E71E$hk%M
stacy47,&93RzlTBR%
stacy72,6Z1#1*Ep5!
stacy74,i!$41ZtaW&
stacy81,_6VpcyuSrW
stacy86,g*M0JrFa%F
stacy91,@9G^G3993z
stacy94,uVq06NJsM!
stacy98,_6^3iAFeF@
stacy981,&HJ*qwhmt5
stacy982,(dSds4Jr2c
stacyallen,8bI5nG#w%W
stacyhernandez,mt(9La8Z!q
stacyjones,CJAkr)Jk&4
stacykent,qiKsFcg5)3
stacymorris,iU5sXZ(kD$
stacyorr,uo1!kaUe&&
stacyparks,&EuF4whxG3
stacyperez,Nok0xT#o!Q
stacyrobinson,7K21xUfxU(
stacysanchez,^iUD0Ibc38
staffordbrian,S$qm8Kyx*6
stafforddaniel,)jRE$!ti@3
staffordjoe,%y!jwIHc16
staffordjustin,$m@TZ6PXl!
staffordmatthew,m!7b8fAnW)
stanley03,(K!5U1ToN0
stanley36,d5Ltse4W^H
stanley63,O*1WZLz!&0
stanleyalan,)4mskPhEeI
stanleyalyssa,^R7FNaQE5t
stanleyamy,Q&qL5nJ9Fg
stanleybailey,X!I3CHStE^
stanleybenjamin,*VKxRRQuK8
stanleydaniel,y_2*Hzz&**
stanleydavid,5FmHRDYr^J
stanleyhenderso,a6T05eEz+R
stanleyjames,#$Z0MR$dWn
stanleyjenna,u7A_!6Pd+*
stanleyjesse,^J6C@q%6IA
stanleyjones,_dJty0QuEf
stanleylisa,_4ICilFtI9
stanleymichelle,)sR9szDa7j
stanleypaul,(vhUMR%wW0
stanleypeter,#9DGdY%g5#
stanleysara,xDEjA0MW)0
stanleyscott,W85gVIgxl*
stanner,#$#9iPRpZB
stantonbriana,Q@J1IXhxRb
stantongina,l^D6kBvgxB
stantonjames,198MzKfm+_
stantonjessica,$B_#j4Jh^O
stantonshaun,#Q)OvbP@^0
stantontimothy,hk5HWA#s@n
starkbrittany,lc73kgBk$%
starkjulia,*R1q5iFyy5
starklogan,Vf9(AJyvK^
starkmichael,_^G6BLfMWi
starkmichael1,I&*H3Tq09g
starkveronica,HcrSx6qC^0
staylor,PT3pLYdwP$
staylor1,wb_4P59y^J
staylor2,hY1W_F4ii+
staylor3,3#Q8vzVo&f
steelecarmen,H&7hwDpCx(
steelechristoph,@3Fi2jq2j1
steeledaniel,#6Q3XoFoHn
steelejessica,3m+1EEkl_2
steelejose,^7wF)Abhnw
steelekatherine,^M7Lc9(b_J
steelematthew,*S2^Nihsz)
steelemichael,^86QwOkVEn
steeletheodore,2A9O%Qmk)1
steeletracey,#PIKhLab80
steelewilliam,p6ZogFm9)8
stefanie35,F5uAzzto#6
stefanie48,Mr8k9bTjk#
stefanie62,I0dRQAPq%(
stefanie71,$5Px)PfD&c
stefanie86,l9FkgNZb)3
stefaniehaley,)@(1Q6sTJL
steinheather,Z#3MuVm(D1
steinjennifer,^+XR0utce7
steinmark,@xGX8EdIL*
stephanie02,0U6Dgx7!_A
stephanie07,)4U4Xv^x1v
stephanie11,%OCilrB32t
stephanie13,^IuMEmj0^3
stephanie17,1*1yP1g#Pi
stephanie171,TQd@Xgtn+3
stephanie18,93R9pE7q)j
stephanie19,pw3I@ouP@M
stephanie21,Gt8bIT%po+
stephanie211,%r_Bo%u#88
stephanie22,_%21NS0c%Z
stephanie23,Th1nsTGwG(
stephanie24,nITWghaF&6
stephanie27,w5Q0rSEif(
stephanie28,ax^Du)()&1
stephanie281,+c7SGmX0GO
stephanie31,JJ1WCc1#J_
stephanie311,bOne_2AdJ&
stephanie32,%y9#Oj5cZ^
stephanie33,z2TfuKmK*w
stephanie34,(75IYZRqLj
stephanie341,l)bf7dJflw
stephanie35,tbi)8RhcBY
stephanie39,_2Es!w9k08
stephanie42,!4zH1XQyx6
stephanie44,a+U0Re!7#Q
stephanie45,&qcIHNrEe1
stephanie46,d0KAIYbv*3
stephanie50,+rAroSMz8x
stephanie501,^M*2E^a%F2
stephanie51,!2flHJa77U
stephanie52,e(ll1jAaHe
stephanie53,_6bODEbtuO
stephanie61,EBL2sXBr*p
stephanie64,fr)5AT1gQ%
stephanie641,&mKxY2hJ43
stephanie66,3#(ou6Pilf
stephanie661,x9j#P2gg@1
stephanie68,8$1Jf*gL*O
stephanie69,70@L2uvK#n
stephanie70,h7+2Wcps5l
stephanie73,u333Qxi_#Z
stephanie731,W#8Jv^(gy*
stephanie76,v1!K1sFl(0
stephanie77,ox1AfrCXd)
stephanie79,^kX$LGa9B8
stephanie80,)3PCXSCOrk
stephanie81,lYf9gPft&+
stephanie811,vE#3L9dz(Z
stephanie82,6VKCJyuC+a
stephanie83,(Sdg5L^v&8
stephanie831,xnf@R56d^4
stephanie85,UVUn3e)%#7
stephanie92,!e36Kuh7!A
stephanie93,10c#Yd@G*c
stephanie95,US*&*3CeNx
stephanie97,2EVdWKG(^v
stephanie99,9+m3YuLawh
stephanieanders,!%9LzMMbpy
stephaniebishop,M4S3N4Qj&P
stephaniebowman,+lScYJXAb0
stephaniebradle,iF+wYI!e%6
stephaniebrandt,(y4KFe#m!1
stephanieburges,e*9*I0m96R
stephanieburns,8^x(j6FiRR
stephaniebutler,dvOY1CCOr#
stephaniecarr,E^535*Gu!K
stephaniecarrol,bp09FEXr(%
stephaniecarrol1,(5U@li9z6J
stephaniechavez,p&0Dtddj4w
stephaniecruz,yB752FRhm#
stephaniedavila,Llr_9YSk9O
stephaniedavis,P@ji@eY7$m
stephaniedean,Q^f%3LUyLs
stephaniedougla,Yw9@ADtz7$
stephaniedrake,)5Rta8W^zp
stephanieevans,jFnt3$VjD*
stephanieflores,tS#7EJqaIi
stephanieford,blGfjbOy&3
stephaniefoster,+U&5DDwTnO
stephaniefrankl,1d8WMCr%*n
stephaniegarcia,^T3VqdD1+t
stephaniegarret,$gE*FK%L$6
stephaniegreen,UW1WYUOz+F
stephaniegutier,71yRLpMn_f
stephaniehahn,JXh87RqNg$
stephaniehall,$h*_jVtxJ8
stephaniehall1,gphL5)Xa^9
stephanieharris,(9xY@ox4lu
stephanieharvey,aOTOUXmt@4
stephaniehender,UnHbEnB#)9
stephaniehess,S4k^pKcv^b
stephaniehughes,#5VYraCqGF
stephaniejackso,h2XTuioL#*
stephaniejohnso,_d7VylU1WD
stephanieking,^3Rb2mzH@a
stephanielarson,&#uEI8Rl%%
stephanieluna,A$6HNRunNf
stephaniemcclur,+1iOk#nmT0
stephaniemcguir,7dM2OYX%J$
stephaniemorale,&eY((yp&^4
stephaniemorris,u)a8GtLgUD
stephaniemunoz,34HIXj#Q&2
stephanienguyen,9JG2MmO3%9
stephanierhodes,asSJ#6wa)6
stephanierobins,^xfi0R3R&9
stephanierose,(5lFob%aas
stephaniesalaza,@iXcr9hE24
stephaniesampso,C2%Az7Hic5
stephanieshephe,t7ZnIE1b%1
stephaniesingle,lf1t^2Ns@x
stephaniesmith,D4ELlPk%)&
stephaniespears,Ng$8lPHhj)
stephaniesteven,*$J4vmIw_D
stephaniesteven1,5u(1QQn!4g
stephanietaylor,*n%BP89z1^
stephanietaylor1,r_D9@Wgi^A
stephanietorres,Wa8#J9KRo$
stephanievillar,%v4^mEpR3S
stephaniewagner,N46S2z$xz*
stephaniewatkin,!MUcfNrbk0
stephaniewebste,%JKUi4m*X5
stephaniewillia,g1slEKno!w
stephanieyoung,H0Q1iEsf$1
stephen00,^3Kqle@Pk1
stephen10,4BTXr3Wz@&
stephen11,X_5HtWK+ao
stephen111,F_8KwwpymZ
stephen13,58EAGQFn)s
stephen131,)zH8FLGbfJ
stephen14,$WUp$uVvu5
stephen15,%0EI0EV+be
stephen21,OO8HjgFiU^
stephen22,4k1J(bvR_h
stephen24,_^$HfVf&M7
stephen25,kPP+lXkV)5
stephen26,ne(LH&z)*0
stephen261,W37F(&f(D_
stephen27,rsWkziC9@1
stephen34,X%CS7hJbm&
stephen36,Mt6ViLNK#0
stephen41,9N4Mjito%h
stephen42,&28zYI8w$v
stephen43,)X$6gcPxAj
stephen48,)R2V*XeGB+
stephen49,0R_op6Tq^P
stephen51,+cq)92PzC8
stephen57,M%J98K6qvE
stephen571,W6zDGCOc#o
stephen59,(SR2dodm35
stephen60,PM*OB+%b!2
stephen64,*bF(bwJro4
stephen70,_MQyQpiDX6
stephen701,!RcNW%a@j3
stephen72,pm4GMYLuP%
stephen78,IvijOq@G+1
stephen80,inKlN_^F(0
stephen81,cY8t3O4l+)
stephen82,zQMLkjnv^6
stephen821,Q841dGHr!w
stephen822,#AM(&lTrd1
stephen84,&lo!4Qu*Gq
stephen88,U4BSTkY@*j
stephen91,_^7OB0o6A6
stephen93,0cz2BQNaG&
stephen95,#Byz8GAzI&
stephen96,7o0WdlS1^^
stephen99,@6ZeFIbwvf
stephenbishop,J)2(3ePeb_
stephenclark,@0H9Bp@FWF
stephenenglish,#+85Ve$H&)
stephenespinoza,&8FK2vUodS
stephenford,jTz04eCeW$
stephenfranco,HB5EgpAml$
stephengraham,txoJ6NfV**
stephengutierre,%35Wxz^t^o
stephenhart,H)_6_QPqN^
stephenharvey,S6BVnbag+9
stephenhubbard,M3Spr&B*#s
stephenjohnson,&M3U1m0yfp
stephenknight,&LA8j5YcE(
stephenmiller,7_1qANg3Ln
stephenmorrow,_$Y2FUJh#t
stephennewton,4*c6kEOCsl
stephenperry,&TmY2xcu2s
stephenphillips,3^31DBU9Cb
stephenprice,B&93UgGBH&
stephenramirez,&KTLu$)v$1
stephenreyes,xWlUcp6B_4
stephenrodrigue,N$87CceuKl
stephenross,n3_yNqFn)t
stephensaaron,@IwQDwUsQ0
stephensangela,pHt)eshX(2
stephensantiago,U9@0t8j^$X
stephensbarry,*7lOthLNW3
stephensbrittan,@02MYQsB__
stephenschaefer,%71*3XunXg
stephenscrystal,#rCZYnC67R
stephensdaniel,_Q9EBBj7tY
stephensedward,7J1#UqUz#A
stephensheather,!c5TijrCDn
stephensjennife,^UhVstz^A5
stephensjennife1,pZG@CVlw(2
stephensmith,^#RdhG#0+6
stephensnichola,qkcOOMhu&2
stephensondavid,@vHsA4za4Q
stephensonjosep,!0S*pArS05
stephensonmegan,SV1qm1Hh@d
stephensonsamue,Fs8F_#0b(N
stephensonsean,%!N29Hch2x
stephenstimothy,_HA9#QvLd3
stephenswilliam,xl2DkV#y(4
stephenszachary,#aJYy&R$B7
stephentrujillo,+CmWFqHz7^
stephentucker,jS813FboB^
stephenweber,&3AcFBrx^q
stephenwoods,)j%1)CXwvc
steve05,)8@HRX!P9u
steve051,^5YwzAn1_v
steve18,RH9IMu3BF%
steve25,#b2OhnqZ0)
steve36,7hb0R3#bN!
steve46,&@f9UaEcW7
steve77,8%j5cHryWe
steveaustin,@0!EFyEssj
steveblack,#8nPKw7N^9
stevegarrett,x*+(02NjL+
stevekent,9*4Ab$Ku2r
stevemartin,3PYFgll6$w
stevemoore,&^A3@Xte_j
steven02,f_m8_XKs6_
steven021,8+8TtHJ!ru
steven03,If2Uo*Y&l$
steven04,!eyGxXPy$3
steven07,7w&7nrTliB
steven09,40H$EdNe_@
steven11,La5_BMYqi@
steven14,+3G4FfMl$v
steven141,d0)89SUk8!
steven15,w7k%Ds6A)E
steven151,)(@0Xtyd0J
steven152,Z$77Fj3Huh
steven16,m%ub8Udhd2
steven20,)6AQliyJ!^
steven201,(2HDGgd9F2
steven21,@87BMarl20
steven211,u@Lp97Ss*G
steven212,ki)2TnfoFE
steven24,v2JfOK$g#f
steven241,(uE5AAbjV0
steven25,@#HSnSevm7
steven30,$kJIgoV&m6
steven31,4)r8D2Ck1O
steven311,0ONldEtG@3
steven34,(lSp55S^C0
steven38,R80CJQ)l&9
steven40,$4HizlNe0E
steven41,@hfOz72m3f
steven44,_H_z7tFe#(
steven49,gY$AFsMn*2
steven491,R0!49Vh3CU
steven50,XfD7mYPpS(
steven54,4a+X1FeBDv
steven56,#hJJ6LdvU_
steven57,vE(6ILdr&L
steven60,%Kx@UdizW8
steven601,_(Z#myQzq2
steven62,^PM7NTDb6#
steven64,6w70C0UN%&
steven68,_8*#Tzks6Y
steven681,Ru8WQrz_^U
steven682,!sDi(5MqIq
steven683,!aNgMtuXR0
steven70,Mo6oHODv*8
steven75,Ku92TrtYN(
steven77,^6Tx4ScI$q
steven82,609JsVgs@j
steven84,P^56HEZh&V
steven841,*M53RKyS+x
steven85,y0)Ar!Vl@T
steven86,W)1g3Nhib#
steven90,%xP3TiXvFf
steven901,v8P9gkZam)
steven92,X*#lg3Xtk_
steven921,!7G54aHs%u
steven93,)Nvy97Jlwh
steven931,!^3IxjsKB$
steven94,&T4Ak@Ml0*
steven941,a&1YKviNo$
steven97,n#h6Qwsqg7
steven971,49Ril^8P#b
steven98,i^%_0ZxvU*
steven99,cbv#8xSrNR
steven991,+&T5(NbJHG
steven992,%A8cXC#hg3
stevenalexander,&(7ZwUunU0
stevenalvarado,i_Z7QuscMi
stevenanderson,l2$HRQ&4(G
stevenatkinson,((6uO)cjA$
stevenbrennan,+8C4USw*%9
stevenbriggs,jO5^SFxu*p
stevenbrown,&jE$LZEiJ9
stevenbrown1,vt6u$KpB*7
stevenbrown2,z4JHp8rp*_
stevenbuck,XM1JE$Px#9
stevenburton,%7txEWRo)7
stevencardenas,VJ1S!%wbK*
stevenchen,fyEBq5vH+8
stevencollins,&7THw*k*LG
stevendavis,^ZKfsa1a@4
stevendean,!)2LIeW$W8
stevendecker,C@tVP_0eYO
stevendickerson,4nP9*xKd$y
stevenfisher,3pZx1^a%(n
stevenfrancis,K6RaUMhu%B
stevenfrazier,)uQ7O1qw*j
stevenhall,k0_%+8HP*Z
stevenhall1,w33DFDRi^h
stevenhanson,h6vPTCDc+R
stevenharris,w&1KDkFk#%
stevenhenderson,@PX&Js7zM8
stevenhernandez,&a1XqobfDv
stevenhines,Xb6SQ8Gwx*
stevenielsen,X(+4CUtV7Y
stevenjackson,765MlWmh$(
stevenjohnson,^G6Ctv^D%y
stevenjohnson1,y)3GyP0eoA
stevenjones,_0S1W5+ktZ
stevenjordan,W(xV4^K6Kz
stevenkelly,aFac^1%je#
stevenking,)+0K3$Bfmj
stevenlee,f0M%BI74@8
stevenlee1,g+9SPnRjKW
stevenlewis,C@8Ejjd7d1
stevenmaddox,Gw5QWz*e8!
stevenmartin,rl2a!CQn_u
stevenmartin1,dxcA4AsH(y
stevenmay,@f5VB2Pwa8
stevenmiller,3%7zyTWg^t
stevenmoore,OD60Rc$ei*
stevenmurphy,Da_0G0*mx*
stevenmurphy1,p%3&Hk*iOY
stevennelson,K!0_uFFh^V
stevennoble,@t7VOVKuzH
stevenolsen,RG$tk4GxK7
stevenparks,$B9tGhbn04
stevenpearson,$&7k(APdlg
stevenpeck,S!8QJQt+Q9
stevenperez,T8xKU0sE%v
stevenpotter,vZS^6ZTl()
stevenpotts,@m5Qrjv(_2
stevenprice,aZ*1(QlfM!
stevenprice1,_5Cke%po_O
stevenreed,wFa7DFZj@b
stevenrice,!42DgZzSm8
stevenrobles,2XGbqGmV!2
stevenrogers,+J0r@Kt2lz
stevenrowe,)FYr_be@66
stevensanders,fU%1dHznB0
stevensangela,l3+s2SdQFq
stevensantos,^30H5WrF+2
stevensbrian,(!8KG_xc_U
stevenscassandr,)O2^IRjwxg
stevenschristie,Dt5CLf%m+&
stevenscrystal,zvI2DdWnG!
stevenscurtis,epM5F*tI$4
stevensduane,Y%06S!AImo
stevensgarrett,XCFJv(6y^9
stevensjack,6c4M*XjI$G
stevensjerry,T*Hsbi$x@1
stevenskimberly,@_@i6U!jVU
stevenslisa,me1l4M$z$&
stevensmith,2a@G4Pn3jC
stevensnicole,@$%O28Fv*c
stevensnicole1,rN^4CpZGKd
stevensnyder,c%83ZtOJNC
stevensondavid,v02BO2jYq&
stevensonglenn,yj39gtJn!I
stevensonjeff,v1IzIHL%*g
stevensonpaul,&D47HLyg%Z
stevensrobert,6A3BIi#v(7
stevenssandra,PCq7+9Mgw#
stevenssherry,y1CoU4dh)A
stevenstammy,!Y$3tHVpmk
stevenstimothy,dSBAf!S1^6
stevenswilliam,^CEwRGmCs9
steventorres,#bQch@e!F6
steventorres1,53^qRXdm#6
stevenvazquez,^XNERxRwY7
stevenwatkins,90N#iSMi_t
stevenwebster,(0sXZhhsFQ
stevenwells,+He1QwYKx5
stevenwhitaker,C*9iRwG2B_
stevenwilliams,JLX3NuyX&Z
steveparker,+1@7IJHe$z
steverivers,h1zh1YHa&_
stevesnyder,#AfhpY3k@6
stevewilliams,&DJi#OaF2Y
stewartashley,+a1k5wO+2%
stewartbrian,_3nv@IceXo
stewartbrian1,A^7a5SNF0r
stewartchristop,FC2MGnXxs$
stewartdaniel,**2O1Fydih
stewartdonald,%YMMEepq@6
stewartedward,Yb+%4EaY*c
stewarteric,G#P1G+CbTN
stewarteric1,*4&nRCf0Pv
stewarternest,q_Ab8MIn4%
stewartheather,y2W+D@FG^e
stewartjamie,@ikcQMghG2
stewartjennifer,&!s9w*ocV1
stewartjessica,&6FO)alJmH
stewartjoan,19NcoUPT+9
stewartjose,K$9zHhv&+4
stewartkatelyn,*011LE5q)a
stewartlawrence,ug7Qvgb%%%
stewartleonard,*e5Bwdufii
stewartlindsay,#1CWnH4vAU
stewartmallory,(4eXO!An!u
stewartpaul,3d8G8Fi82$
stewartrobert,0^S3*Chs@6
stewartryan,6T&9$W4g#J
stewartsarah,u1BrJ#uf)h
stewartscott,@78A&Z5p@(
stewartsharon,J5!dE8Uk(p
stewartstephani,F6vI)Quo#x
stewartsteven,)0HgsHq+2Z
stewartsuzanne,FX0Hzt)Tn^
stewarttony,A489Ad$v!T
stewartwillie,#^^9+uMqMG
sthomas,dle0L4(a^&
sthomas1,*1TPo#ossN
sthompson,$^y$CKtDI3
sthompson1,!3^SgcVn@8
sthompson2,p8M)bh*R+f
stokesbeverly,P(w5I9js(L
stokesblake,_7K#BL5gJV
stokesbrian,5_U8*XstcP
stokesdonald,^4XhyN!o0p
stokesjamie,8q$1W$ibl8
stokesjennifer,92UsDsnJ(4
stokesmaureen,f0AHzmh_*5
stokesrobin,GQT^6_Tz*3
stonecathy,ra1uh6Srb^
stonedaniel,6S$aBP(b%5
stoneerin,6w)7Kmp^@g
stonejason,^6#OHaCc2v
stonejennifer,B)Ldc+G8#3
stonejeremy,Bl7DDEsd(D
stonejimmy,+3sIhg7f*3
stonejohn,)HxDjX4Ww8
stonejulia,mp1Y!pxBI#
stonekenneth,8lgE*taf(6
stonekimberly,b_k9Hz%Azf
stonemichelle,)g0QfM1P_5
stoneryan,a@_6#Klt0^
stonestephen,YvO)2KNh(8
storres,Mj6D(Anz3+
stoutalexandra,6TLOQl5C$T
stravis,%gI)qtLE4c
stricklandandre,K5JS1*bY$H
stricklandjose,l^1OLZZk(+
stricklandlisa,BU2Su8B2*z
stricklandmicha,$9YA1zcU5X
strongdustin,#VWnhCC2d1
strongjohn,t$jR8Z)w1Y
strongmary,sk34Q@7t_0
strongmary1,g%QV62Xl%o
strongtimothy,^Z!9NS@bfU
stuartgwendolyn,^40WKst)t4
stuartjason,^itXJceYL7
stuartjessica,d*luH8Ei)4
stuarttracy,)ywHcM4ww4
sturner,&y699NQjL2
suarezcarrie,+yN&VLAIV3
suarezjessica,%Ex6e6ou$$
suarezjoshua,L*9M^Azc#G
suarezkara,g0bWAUlG%A
sue31,Ce_#9AzJH(
sue42,bn9FdWVna%
sue55,JPE%C@sT^0
sue84,+Zd2*dTs4!
suemartin,0SG4ULXi%h
sueramirez,&1P*Jp_)$2
sullivanamber,Gx8H@kyaw_
sullivananne,QE38)FiP_v
sullivanbrian,7LAnXho*+1
sullivancassand,ELFY5seb*7
sullivanchristi,Ip+6wIVw58
sullivangarrett,2h6VF_r8)N
sullivanjoseph,6oMCirzj*8
sullivankevin,##QvY9PwMi
sullivanlisa,%71KyHv*^x
sullivanlisa1,*BAgzpIE*0
sullivanmargare,3&^0BRd)bI
sullivanmichael,nK321Xo4*!
sullivanmichael1,2iPDKiGg^m
sullivanmichael2,_rRfgh!%S3
sullivanmichell,(7b%C3zqxc
sullivanpatrick,)F0gJUny#!
sullivanpaula,@0fDVkSdG1
sullivanrebecca,huC0aN43)9
sullivanrebecca1,^4NXHqr*2m
sullivanrichard,$8RPYte*^0
sullivanruben,04VS5q^I_3
sullivanryan,!DFHOi%mP8
sullivantammy,nR1TvhLP&d
sullivantony,j09C7xPo+b
sullivanvictori,@1uGGGKuEj
sullivanwayne,AuPUfE#U+6
summer50,_jD_B^YL%3
summer52,cP_!8XcAuo
summer79,$(5@6SxhMu
summerphillips,tbPSq1&9!5
summerpotts,M%j!3IpNPq
summersdonald,C8CYe(Hm^Y
summersglenn,#gE9YLsI1*
summersjesse,%91KI(1QZt
summerskevin,%1N$DwAtIe
summersronald,EeV8IwOiL^
susan00,#+h7BresF*
susan01,)e7PDdDtY1
susan011,&+Vx#LBkN3
susan02,+RBnfxNd13
susan05,y84L!YghY)
susan08,@zhXIULah1
susan10,FofuD9YfX)
susan11,ZDc6w8(l!$
susan13,e7#W$x_5^P
susan15,gs4hGIw&*U
susan18,#X7G4am5dC
susan23,sY40jU_e&U
susan231,2+5EZlI(to
susan29,U+F^x9Zwbe
susan30,+0OW*+lr_0
susan36,aSO026rmc)
susan38,U%7CcYmq(R
susan40,*QpRw9$y6O
susan41,%i&1!2XtOc
susan42,s(8)NkXsj3
susan421,9(Gvi)QB&Z
susan45,BE5%tTmu$e
susan47,*_la4Cza_H
susan48,R+995KaOhC
susan49,Du7CNNy$@@
susan50,OKNo$^ix&6
susan53,*qQk+R0qu1
susan54,)542KD5yMU
susan55,^85HCao6WV
susan56,q_F2SxT((p
susan57,IuB77PmgZ@
susan58,k3ObXvx$*@
susan64,O92y^mXv@B
susan66,!^%7Qv0Rbq
susan67,l62A&()g)V
susan77,L6iSMLsr!f
susan82,C&1+PrFx4O
susan83,V3NxUrlL+y
susan84,sB%huNax%7
susan87,b#4MJNfRy#
susan88,)FY1kLlL_@
susan91,Q)M4qMAcv_
susan92,U&Y4X9$gp)
susan95,A(gS74Vkbf
susanallen,LmbiM1Bm(8
susanbailey,kPcfTNc*%9
susanbrennan,1HBBNB$*@q
susanbrown,Jt2FEO!(5%
susanchang,L970HiK0+%
susanchen,OiCNld#N#3
susancook,&4Pv7)Tl8Z
susancuevas,&fA5Q$Eew9
susandennis,$3^Qufypz$
susanestrada,V^^6wXu*X&
susanfarrell,d!&9IwJ2oo
susanfloyd,8%2_X1xX*r
susanfox,#9U_J8wsGA
susanfox1,M*zh27KQlq
susanfrank,Jcy^Z9N3_%
susangarcia,^)B8Djfio)
susangonzalez,(T2kVlo&i&
susangreen,b6$94AGjby
susangreer,*K6Jy*Wj0G
susanhall,&94DZPl#pj
susanharris,&a5AqMQ4Cy
susanhernandez,)ufW*&A36*
susanhill,H!q2GwS$(1
susanholland,@1WENv6F$N
susanjackson,+5XBugU^Wk
susanjones,kvE+Aq)S$0
susanjones1,!KF9Fck5p8
susanjoyce,p^Sj6KpS*T
susanjuarez,y)*8oWiIFr
susankemp,*g5TsQkteK
susanking,&qQLQxf$@9
susanlee,+30WY4au(2
susanlynn,_e3_HTzl5*
susanmiller,WuS7W$Let&
susanmitchell,_C114Pgw3+
susanmoore,43sEcoRt)+
susannavarro,^7!At2lDos
susannguyen,(33oLxNuG*
susannoble,14NI6Owg$&
susannorman,!QTVD2+^f6
susanobrien,gPmgELbt!2
susanolsen,*2EKlKy^GO
susanpatel,@qEIS!CL*8
susanperez,R%fOOk7vGT
susanpeterson,(cTSU1363c
susanramos,h&5Tp%SIsm
susanreyes,RU%42HGokF
susansanchez,lpLMi)Zb)3
susantaylor,Zy#a5FSlRM
susanvazquez,M+7G5HXi@G
susanwalters,h4u45HGu*r
susanwilliams,I7Mi#d#n_o
suttonheather,ac4g&lLxO*
suttonheidi,&OX6V*jkv1
suttonjohn,zDA65F^n0$
suzanne06,)G9Kk4Aa!r
suzanne19,F7YdEBJH#A
suzanne23,5o4RKk5p!a
suzanne231,Yt47mvD71%
suzanne49,@jW4ccsiw3
suzanne56,Yo(kG^ws%9
suzanne69,&75mEMbBwn
suzanne77,qN4l8GhA(_
suzanne78,+E0IXIFj+w
suzanne91,^a+Ztz^_0^
suzanne96,f$ZfY5Mred
suzannechase,&90UIgRwj%
suzannefleming,0h8RdYhd+_
suzannegarcia,*9dWoIoS!p
suzannegardner,%6FuagEWf4
suzannejarvis,s1^3eVUzBx
suzannesmith,ws7VEHZWj^
suzanneyang,)QAgYesS3L
svaldez,i^5Y1sZ2m4
svelasquez,6W%4GEae@R
svillarreal,!Z&7ZPtlAs
swalker,rtGohCuJ+5
swallace,%PL1ReII5S
swalters,^Q44Rd0ii7
swalton,@P+8MEtr(N
swansonangela,Z)9Zfq!tt4
swansonkayla,_K8^KGBaE_
swansonlori,+W3_JePd3r
swansonnicole,^%z*IFpv2J
swansonvictoria,6!9XTg0a@4
swansonwilliam,@a9nqGnzZ$
sware,UkY(s7IoLt
swatkins,!b1_n5JceI
swatts,U%RU82qj_H
swatts1,ohsc@9Npc)
sweaver,)9UJsfj06d
swest,e)IV+6Hc^8
swest1,*_y0%RbYXD
swest2,_u+Svd$v7C
swheeler,@&V!XAoUa5
swhite,^81Hopw72w
swhite1,j%vL8Zbdu@
swiggins,9r0PN(x#@p
swilliams,(jcQ^k#b5q
swilliams1,D^0*8wCznL
swilliams2,(0N7LEmcJj
swilliams3,)C#%FbY_M0
swilliams4,7Ea8TuOe!3
swilliams5,%ZMRAp*T#7
swillis,#FASM$fe&8
swilson,+UmKaoW#5z
swilson1,nDZKShk__3
swinters,*5w@$DtrXG
swolf,o3eRfjoe*v
swong,(^6M#&cnSA
swright,or0%3BaLCk
swright1,m(6zVl(!X!
swright2,#(a7NWs&(+
swright3,+7$&Ta(nk4
swright4,F#v7L0v83*
swyatt,Y3_7FQGo^$
sydney16,%08YP&suh3
sydney20,z^9CD9Id#e
sydney26,(!qN7GT3Di
sydney31,sJ6Wl+RtM(
sydney311,6C1Ow7u#i(
sydney68,o_)X8FKkY(
sydney99,Jo3MEMtLb!
sydneyedwards,5xdXzXGM#0
sydneylee,3I$0iYRbCQ
sydneywilliams,@0e14+PdS(
sydneywoods,+sanIIlzv8
sylvia30,R+bOH2Nz&q
sylvia35,2&Dzz2yQ^2
sylvia54,!3Td2$AZD4
sylvia55,Fop8Iy2l!v
sylvia92,cK)9mTd$_u
sylviacoleman,d@vx50Cw0P
sylviafarmer,2+A)$0SoGn
sylviahess,7%#!l3yy%B
sylvialopez,(5LmQIpFBs
sylviaphillips,(@k9vNqd$i
syoung,)2IIjRQiw*
syu,l6DBdfWz$j
szimmerman,*XZ6NHAfV^
tabitha57,@2E6Ti2iom
tabitha62,^JWc+2ZcD(
tabithabarnett,$H@kKhGp$7
tabithamclaughl,l2ZrXm8o!r
tacosta,RL7J%bKKp_
tacosta1,)TJsrE__w1
tacosta2,m(u8fDIodP
tallen,m^o$4EDjD@
tallen1,SL*P8Sof#&
tallen2,#TJY#cCai8
tallen3,KyF3HJxh&5
talvarado,X@N7Drj_Ql
talvarez,frG8+8Vj(b
tamara13,g1G_MKIq+6
tamara15,f1kaBjuq)X
tamara21,&W4WJDcJm+
tamara26,@ytN^YFrT5
tamara29,@42K82wPrJ
tamara55,4sejB$wn^Z
tamara62,Nt0IwC1Pn+
tamara64,iTc@1GSx(u
tamara72,j9eGQq1E)X
tamara75,UC&8YhmkX1
tamara79,+07XPpWTW5
tamara80,Xr2^HW3p^+
tamara83,ElbR0$Bn+D
tamara88,E8!t1TxO(e
tamara90,iO2(NP1xR!
tamara92,+8IzB3BpKP
tamaraanderson,&0MEhhB@gr
tamarabullock,(8ZFuMM^)v
tamaraclark,oPmZ7La8l(
tamaracruz,!#GE2OIm^J
tamaradavidson,a7X3VtR0)l
tamarajackson,(+(yWwej2_
tamaramitchell,a9AYUDxh&z
tamaramolina,(oPmQ$Fv8w
tamaraortiz,_ng*v8Oy@9
tamararamsey,56Ze2aX$#S
tamarascott,)2*oJbQ6k1
tami08,o*5XQqow#$
tami71,f%1jqSv(74
tamigutierrez,U2dbzNw**r
tamijohnson,5U+EONJf&3
tamijones,UaH1kYy4U_
tammie16,hANl88SgO(
tammie36,q&4qLERva+
tammie64,h)O$7^Zorf
tammy01,M!7E6hoBR0
tammy02,t2cHslOA#M
tammy06,fOLqN51l(3
tammy11,_1lCXdUG6U
tammy13,b2L9idZA)D
tammy17,p7CYYZ8o%W
tammy20,$2YvVHsW_7
tammy23,6&fo8DSdaX
tammy28,^8Nj8gOi#$
tammy30,Ig!7W_hEn*
tammy33,^7Rrr&4KJR
tammy39,)1rzSoabnX
tammy40,t^C*25W%oc
tammy42,()Vu1Zt^6T
tammy421,%)Z94Fmp!B
tammy48,GY0NEhec_X
tammy60,h8L3JVay*&
tammy601,%n3p1ALb6%
tammy64,$MbHTxay4f
tammy65,@2baq^DrOd
tammy74,r+9fVaHwp!
tammy78,!@2QbwVI7)
tammy82,)wMUuf4M6n
tammy84,A5upNToZ!Q
tammy841,q8fSw+9J$k
tammy842,W8%EJ0qa&H
tammy91,h7QY5)iO@l
tammy93,#Q9If5htd1
tammy931,n#6%PJc!bc
tammy96,97srDm+M(9
tammyali,mpH_9vSsZp
tammybailey,#SaU+njvS2
tammybryant,@wyAKaCa#3
tammybuchanan,Oc8&SMPa+q
tammyedwards,@2&Kh5RtB7
tammygarcia,U*5CEaxmrQ
tammygonzalez,%z*8SfB5%@
tammyguzman,7kTn6Nmo!T
tammyhardy,L+mqs9MnLj
tammyhernandez,2Ki(2Odz##
tammyjackson,U8bRh@zu!D
tammyjennings,!$YXnug@2d
tammykeller,O)!1o8IvDu
tammyking,AO9SGnBr@i
tammymarks,DMC+5HgdP9
tammymartinez,cm4dGDqgl*
tammymartinez1,4^auPqMA^k
tammymathews,*6VA2CvUjH
tammymoore,)NR56tswP1
tammynelson,@ZoE8Mo2!r
tammypearson,kp_$9XlyOW
tammyporter,#@N02C#axE
tammypotter,&0Nvh5rzIH
tammyprice,P8BBFdU0_m
tammyrodriguez,@4UsbpSolC
tammyrogers,(18YaxnU9K
tammysilva,&&1Ddlu#dK
tammytaylor,uy$01QfEH1
tammyturner,$*3dBA(c_&
tammyward,!sUW3TlaQy
tammyweaver,Gc2CZU8en#
tammywiggins,(_0CuXZn+2
tammyyang,)5BlzWT_wb
tanderson,1(66@Ium%$
tanderson1,)CMvyNa_0g
tanner23,H%5nextunY
tanner56,4WH$EeHQ#S
tannerbrown,5s^96ZqKP$
tanneredwin,kB58KJ+b%&
tannerholden,@_8(5Wv0&K
tannermartha,!QEP$L4tI6
tannermartinez,uUYC@Il_%0
tannermoore,*I3S)j+n7W
tannernewman,Ud5UQ6*DN&
tannersarah,cj0jAJeh(u
tannersnyder,_SIxN+^hA8
tanya06,@E6nKKwWC)
tanya53,_&r40B3i3k
tanya81,#K3WFjbHC^
tanya82,W83LSDfg#R
tanya87,$+^LIj_@q3
tanyabecker,Xd8gM)f85!
tanyablackburn,97L2D^^e6$
tanyachapman,^h0MawDhg#
tanyaguerrero,Sp#&7Jc^@g
tanyaharrell,@7Vl%gdz*#
tanyahill,4DHnXLAv)U
tanyajacobs,^h91Ab*M%Z
tanyamcguire,LQ8KbtJ*J#
tanyamorris,0xdEK1xs@S
tanyaprice,(uP4Vd@fra
tanyaramirez,S)&4YNsYgt
tanyarobertson,e7Otadu7@7
tanyathompson,S_TWHJ$a)7
tapiabrandon,*BBnSxwl^9
tara05,wplS9YhpJ%
tara11,$X4$Agzn!x
tara12,!9FetBKoEU
tara13,J8k4EKIfC%
tara131,rK3Lh@W^N%
tara15,!(8BHfy2&D
tara19,5k%9Ze2v%u
tara24,&5^lhY3cy6
tara241,^8JWool%be
tara27,&HF(d8WgJC
tara30,66mPWEFy%0
tara31,s@3TZn78_^
tara35,s+4KR5rU8)
tara39,Qc(9zIbN%_
tara46,CQ7U%aFPG$
tara59,s!2xQWdi$Z
tara62,rqz2CCBu&$
tara85,_8v$mnZgS*
tara94,_d8Z#4Htjj
tara97,%FV7dM)wvM
tara99,aJS^2YvG#k
taraadams,6(vbYNtc$(
taracampbell,x#b9laUxOY
taragoodwin,f8G_WQwe*b
tarahammond,%7kS%ivU$s
tarahanson,F7sKglrz$%
taraharmon,o%52VH2joL
tarahobbs,XW10Y#Ip@+
tarajohnson,1c4Um)fF+p
taralee,pL5&RSxHo#
tarapeters,_liIlle^z0
tarareyes,C(4W5nxEi3
tararich,1bQ%1R^F+c
tararoman,!R(5JM)g&z
tarasmith,*4GxpO9AHJ
tarawiley,ws3GVK$m%p
tarawilliams,KK$a6dSd_v
tarmstrong,&RS_#NYfq8
tashamarquez,uX5BZVl*#1
tashamckenzie,W7v8BUrj)O
tashley,YR&8DNBzpZ
tatebrandi,K9q*6Rmpk+
tateeric,2@t1e@OpgI
tatejason,08Mv$s$##T
tatejohn,w9P2G+seC$
tatejohnny,M5EE#HNg(!
tatejonathan,!M1R@vEsO^
tatejoseph,_F5n!Su6l+
taustin,&w@HSOlN!5
tavila,Dd3Enn$%d)
tayala,+$OJDvk5)1
taylor17,x2MC6YAc^*
taylor171,9*8Gctajij
taylor172,^(oM&cNCm6
taylor25,*3B0me^NA_
taylor27,@Cu2Lz)2Sc
taylor29,69IPB$s^&z
taylor32,$S3CFweA6!
taylor33,%bDd4Pyq3^
taylor35,$R5S^iv4^+
taylor40,r)52(rDa0#
taylor46,!SGKc7^&42
taylor56,A@1Co1vsmd
taylor57,%9Nt*KuOPo
taylor67,#0PEFpmhLz
taylor89,$7XdE%zgCK
tayloraaron,j0g4jDIk@^
tayloralexander,7VSFg7cJ%5
taylorallison,^e68L9Bg0^
tayloramanda,%Zjs1Gtr6B
taylorandre,!m1RRdVr##
taylorandrea,A&2JcalFY6
taylorandrea1,*63UWa_M!4
taylorandrew,^)6SL)Lat*
taylorangela,(2XDpWfa!q
tayloranthony,Lx9OHBwz&Y
taylorashley,9uA6#dxv&B
taylorblack,BvW1AAMxu!
taylorbrandon,C*8WMOT6Vi
taylorbrian,ev4&WXyJe*
taylorbrian1,HC7m+Be!P&
taylorbrian2,)5Nt*Cuun9
taylorbrown,$6JOaiCK(C
taylorchad,T$7KQRIaK8
taylorchapman,#42PJHtA1T
taylorcharles,BoFiSYJg%3
taylorchase,*2O@oFIo&q
taylorchristina,n!43HMiLCi
taylorchristoph,d23NcctE$A
taylorcooper,&3biKlTC@1
taylorcraig,h+t(5LxdjQ
taylorcraig1,2*q5OvOp*h
taylordakota,@qBVzCxV2w
taylordanielle,8v*(54GncJ
taylordeborah,^hs8Mv*pLe
taylordelgado,HKyh7G&k(8
taylorderek,@Lt1_Bh_N7
taylordevin,pMKODYrv$4
taylordouglas,m1^vCBsn*H
taylordouglas1,bJb1D*Gi#x
taylorebony,1GMmkNAH^3
tayloremily,Yb+6Fruy8N
tayloreugene,M*w2B30sSC
taylorfrancisco,+v05!BsO03
taylorfranklin,+um%_AKVU0
taylorgrant,m*7J72Qqs^
taylorjames,pCL0O+Ydh_
taylorjames1,j0J$SBzQ@a
taylorjamie,a+Oxvrz1)9
taylorjanet,&7(SgITHSa
taylorjason,&mNF7V@b1e
taylorjeffrey,YQC%29Mh((
taylorjennifer,WCsZiJbB%9
taylorjennifer1,#hM22Y*a0O
taylorjessica,TU6#20keK)
taylorjill,K*P7JAyxu*
taylorjohn,77tEU7SH*k
taylorjonathan,#o1KmHsdSi
taylorjoshua,XU)6DI)uRa
taylorjulie,*5b%Dzly#N
taylorkelley,X#E3X1qn^S
taylorkevin,7mBAKPHo*Z
taylorkyle,rAv6GxvAj*
taylorleon,z*(b89DqhX
taylorlewis,JhiRu^Pj$2
taylorlinda,o%58V5y(pX
taylorlindsay,a9pQ!G7g+N
taylorlucas,!e)yMV&)8#
taylormackenzie,%y3Y0W&j$3
taylormary,(B4PF+!zpc
taylormelissa,We@WkUb0)6
taylornatalie,zV6LZpVM_l
taylorpatricia,%zxkAo9Kd4
taylorrobert,%fQ8WfnM07
taylorsara,*zoXwaCAB9
taylorscott,Z130Z$$bF%
taylorshannon,b21i^Bvk&D
taylorsoto,Rux1KTC(&0
taylorspence,!^OIpf&j1H
taylorspencer,m1CDbyjP@b
taylorstephen,g$8EF2cD_N
taylorstephen1,78$43Lw8(F
taylorsteven,IV!7JGEcig
taylortammy,+6y0Ye)_01
taylortaylor,^wu%6LdnV%
taylortheresa,*&zW2zPhZi
taylortimothy,o8FqMtfk#+
taylortrevor,#qy9GCw1Te
taylorvaldez,!B+4Zlcg2T
taylorwayne,yqK4EzqQY(
tayloryoung,&xNJ0ajH42
tbailey,hO)1GoAvLK
tbaird,^%@L0xof3C
tbarber,Df9NsvjaT+
tbarnes,&S3INUwqW^
tbarron,p!0w6NAw^H
tberry,s9S7ksuE$7
tbest,f6MJtwOh(8
tbishop,XXy2NIVt$k
tblack,&v@k#8Vmcm
tbradley,LhB2eUjf#+
tbrandt,@k5KGkhr7#
tbray,$q3IcafQ_d
tbriggs,&822*M0nJn
tbriggs1,!tPWIda&9r
tbrown,W$#8GiDbkR
tbrown1,eI8VFk%8x&
tbrown2,Jjg63QK+Q%
tbrown3,#YB6Yr&!b9
tbrown4,^qFQGzTi_6
tbuchanan,j8#Z9%FX*k
tbuckley,C3YUUa^n$3
tburgess,)_Y#(Khmc0
tburnett,U8NoxxcW@g
tburns,+&4_qdJz2p
tburns1,3Mg52KSm)8
tbush,%IU9gC3wy+
tcaldwell,@5MtZqmGqS
tcannon,_r79@Jca!E
tcarter,z)&8Tr@5Vz
tcarter1,%#7JtRee!n
tchambers,&h4FfZsEt^
tchambers1,CY!Ci%hk+7
tchapman,_Gn7Y%Sr4I
tchristensen,Lq+7S*qWcs
tclark,W6LhYu*()&
tclark1,Ykk3+QNf*&
tclark2,!nw3Sk3uTG
tcobb,GE4c(ObrF^
tcole,X@Rx^1Aqnv
tcole1,k(2fiUi_Q@
tcole2,^5VJSVdN_8
tcoleman,_+Y+omQca9
tcoleman1,2GzHkV9h%O
tcontreras,uKNJi4te^8
tcook,!Ai2b%i473
tcook1,@fGZ%b5S)4
tcook2,5l3B$IFT^^
tcooke,RRHN@8Fr0$
tcooper,m*05Tu48z@
tcortez,!j76ODzu7X
tcortez1,RSz1Cmohv&
tcox,&B@7!nVk$d
tcrawford,VKtFQhOf^1
tcruz,n$Sr2zMbKN
tcunningham,c(qtb0UoVy
tdaniels,_qVpwBdc40
tdavis,BT(1XJWp(3
tdavis1,qpW9kYgg*w
tdavis2,jf(85vOm#T
tdavis3,95GoWqNn%q
tdawson,Q*Es0YLeti
tdouglas,rEG%1ExQIZ
tdoyle,$469rDdwkP
tduarte,IcO%6zLuUc
tdunn,1&0LOypvl&
teaton,2yQWEqIk)&
tedwards,AmN5$X*kd+
tedwards1,*7_*WrPePn
telliott,8+Q)yYGI&m
tellis,$80J@TkwrQ
teresa00,!GGNsyVmm0
teresa01,m_j4QoljXH
teresa04,v&689MUI*y
teresa10,j2jx@Ht)@b
teresa12,_fm6XMAb*s
teresa13,M%36TfKu)m
teresa14,)h@71HSl2d
teresa16,eu1ZPlJAe$
teresa19,R!_0eUnQza
teresa24,@%NA7gRu4$
teresa29,#6D_6Uey8K
teresa34,ehDD94qP)8
teresa36,#6obGhr&#N
teresa37,6_a_Noev(*
teresa38,r$4BTGgm_O
teresa39,vm4dMBJ(U*
teresa391,@byFz@&yK0
teresa48,P^T6Z5$bj^
teresa481,*jUPNdyi9q
teresa482,K^7b!sPlqB
teresa60,)8&ViyDDPr
teresa61,9k0NVUwT(S
teresa64,lH3*1Xy&e@
teresa69,+wM9Phgy8J
teresa691,YK3CEz^3^s
teresa71,_dYDr1p20T
teresa80,*3MYqP%Vvf
teresa81,^L5L6jeZH7
teresa83,%bcD8*UbMj
teresa831,TcMioHCf!5
teresa84,x7SiVB_@#!
teresa87,eg9AR@s!G!
teresa88,)!(*IJLi50
teresa881,+c#FjD$6D7
teresabell,Z4a__HtQ_E
teresabriggs,_8V&7mk*4g
teresabrown,#N1IrcHIPw
teresaclark,NW5p&oSsX#
teresadiaz,*(7#5)Ul4$
teresaenglish,A13Lp4tR7(
teresaharrison,is$D9nu7@2
teresahoover,^C%5!BpbAF
teresajackson,^cSpI8Kkrt
teresajenkins,n3WPLUj6%N
teresajones,+sfC@Kqf86
teresakeith,+VH+yyL12Y
teresaluna,m*T&2+Nn36
teresamccoy,%l3HzQFzvJ
teresamccoy1,#2gSgGU4G4
teresamclean,##qnSc4w25
teresapearson,&1OgUWQj3O
teresapeterson,!z#i+XixB1
teresarodriguez,b89nEjZq$+
teresarodriguez1,Tcy%2Ut(%n
teresarose,DA)1zWnk1K
teresaturner,$G6^cIWj9L
teresawilson,673Zp6BW@q
teresawolf,x_7Ubw8WaK
terrance84,&K5tF#pgj8
terrellneil,xJ1fRYyt6_
terrence36,_m0GXuXp3O
terrence38,SK(6Z0cGw!
terrencehansen,F+3TCObUh$
terrencewillis,jbMSRn%P)5
terri01,i%0ucG5nfh
terri10,&1$&5GsdWR
terri20,Uf0K$1En!T
terri25,%7HvEemy6b
terri44,wVB+8LXo_4
terri66,ngyr3Cv2)+
terri85,u8j(D8Nr&K
terri89,v3PvmFE3(#
terribennett,*78GJSjhJY
terrihuber,3_4RP98vI*
terrilawson,b2CnfQ_k)p
terriolson,CAWF6pQm+w
terrirogers,q(%k3xZt^Q
terriwilliams,xwcdNXqB&9
terry08,!6Mkc3Bn#(
terry43,^8!7eNrh9u
terry63,@CDeznE_4w
terrybenjamin,_3E30DWG@z
terrybrandy,hO8P9DXuy%
terrycameron,$C21MJdo0L
terrydavid,+3XS2lhs^3
terryescobar,93jlY@Mm*z
terrykeith,4R25!&Iu_h
terrymartinez,1)9LqNm#_4
terrymichele,VF6RYjNdb$
terrypaul,)Ty6_LwtQ!
terryperkins,S)3yUHhd*r
terrysarah,#S5FyTsrrK
terryshaw,)7Ug4swIqw
terrywright,#4wItTq)_V
tfernandez,%9)FZw7x4U
tferrell,_!NMp5vft8
tfischer,+#)%E(Tz9S
tfisher,P*O)Hb^Z#8
tflores,%$ju5uIntT
tfloyd,_6tKc!yv$U
tfoley,6UR1QiiY@V
tfoster,pf3&1RPdNl
tfrancis,&*7UQZnniO
tfrench,^^F*uO6j)1
tfuller,$KRBzh$d3)
tgallagher,&SI6Nirv(2
tgarcia,*!9VxBky2M
tgarcia1,Yy(j6Hs7RV
tgarcia2,Ozk%4MLad+
tgarcia3,b&5ANSdh)*
tgarcia4,h(+5^*Ws@B
tgarcia5,v*oFIK^o_4
tgardner,GMh9(sPy*c
tgardner1,g5nXGuf!&t
tgibbs,!x8#LoxjS#
tgilmore,46Icwlsz%0
tglenn,+L2QiV(iSj
tgomez,o!S7HXxgzW
tgonzales,%2abM(kQxf
tgonzalez,$$U5jRJlYO
tgonzalez1,@7)&GvhhCI
tgonzalez2,H1V3Cj3J(&
tgonzalez3,H2+0UQ%dP+
tgriffin,9+E+8j_llQ
thale,+@kwp6KgY@
thall,iuLGap*f#2
thamilton,w60v71LdI*
thardin,Z!X5xH3gBY
tharrington,Xx@5UgXdj$
tharris,93hOHHEf^o
tharris1,_5Uw$Rnv26
tharris2,_T1%E!Iq2B
tharrison,K0ocPcUv+c
thayes,n4E1ulkZ)E
thaynes,^W7Wca%jRB
thaynes1,5brvCldA(*
thays,!0IsoPL^0E
theath,k&yXs7Xs(7
thenderson,A(#y7hhWYJ
thenry,e!qDfGA&$5
theodore62,+&6NqIXi*V
theodoremcclure,2feN@SU_#u
theodorestone,yrD3Uh4@@I
theodorethompso,H+6G+gvcYA
theresa11,1@ugqdIz+b
theresa17,c%3!52Kr3H
theresa30,+WAg#E0X6X
theresa31,9DBj)vvU!8
theresa33,#qRO@oZe!7
theresa331,Sv6G8Shy&E
theresa35,&!9PScMdEw
theresa39,5^KwvUzw^%
theresa44,62PmCjJX%i
theresa46,@YriKfCX%9
theresa48,Awt%1GvPxW
theresa49,sY@B9VJjLf
theresa65,4(A4YbyE8X
theresa68,b#5Dcxt)qq
theresa69,8rh)4HVr#V
theresa71,i%^0vUEo!4
theresa87,)tAiWzhW3+
theresa871,oj@0PVMr84
theresabrown,016@JKxI!+
theresadyer,#7XaRz7G*O
theresahickman,1YWYYjhD(8
theresalopez,8^Y0tXpDrB
theresamartinez,#IZ8pClK9i
theresamiller,+7D3Tlvt8k
theresawright,(u_AeqbT7K
thernandez,+2dL58hqEC
thernandez1,7ekxvLfV!D
thernandez2,x)13l9Xn(K
thernandez3,9M%9^MDw!R
thernandez4,a9Lu3CrN#R
thicks,(X9qS9Am*0
thill,)3C6F@Wp8!
thill1,V*9C@rs*E#
thill2,Fp1vRyso!!
thines,(Ca@K6f4N9
thinton,8h3eFz#i_k
thodge,6sOjuJhS@8
thoffman,681VM$5a&+
thogan,hmokUH6*&0
tholder,g7MikGf!&6
thomas00,0$91$BfG$J
thomas01,#RPg2K4w34
thomas011,l@$u07TdYp
thomas03,n*(5e)Xf6J
thomas06,pua2j_Kz%_
thomas061,4F%B4Wgtfp
thomas062,!uW9myect2
thomas063,)%#6Pu^xF_
thomas07,(4JGj_rOUD
thomas09,@oVwYnpC28
thomas11,*s26T94rC3
thomas111,G@MSd_zX)7
thomas13,Tqv)CQh$)2
thomas15,85E&g2)M)H
thomas17,z7W4!UByj^
thomas21,%r1ibrAjYc
thomas211,Km3WLcUvp!
thomas22,ba(5VaWqIz
thomas28,^S7HzGZj7l
thomas30,*E7DIb4Y8M
thomas301,9hoB#@fJ+P
thomas31,J+M4VnGL@U
thomas32,J^57QCfdYZ
thomas36,_f*+DNEj8F
thomas38,%89%Z+7axb
thomas42,wW*b45ImrF
thomas43,6U1AZnBoH&
thomas44,lpVkTTz+*5
thomas441,it(5Xc$xgM
thomas45,hD7IjD4na@
thomas48,G#GZmfxR$8
thomas49,5hLx9L2v#8
thomas51,+zOvw2Px&9
thomas52,44Ktqw)d*h
thomas54,n#2L@OlenN
thomas541,^T8VSs&zjI
thomas542,w%8MVPjs&7
thomas55,_5ZDLpxCA8
thomas57,ez%IzxoJ(1
thomas571,86*Rvuhx)+
thomas59,&HKS^lUku3
thomas60,^$3M4aKjcz
thomas63,M8ADDtQY*B
thomas66,J$^2U)!v4g
thomas67,*p2JYOlu4)
thomas671,u(l6dTyliy
thomas70,3$8ZIz%okJ
thomas71,^5Ptdr^bqy
thomas73,$^8A0Q&pZp
thomas74,Z(5FgiOa!%
thomas741,NW(0Rr01WS
thomas76,M$L$4Sizke
thomas77,)Na7RfnKX8
thomas78,_C6xA8pv8y
thomas781,h95ndQHS*i
thomas81,8EM31vYb+A
thomas82,c_o4F(B(yv
thomas821,!O1H6Cet22
thomas822,W4tIkWxI@e
thomas83,r(c6AJj1Sh
thomas831,#)72DZajs%
thomas85,9D@54dTw@9
thomas86,v2EhQQko%c
thomas87,7BKT54Vzg)
thomas89,0EWFSSOz^s
thomas90,^6h0BSyjc&
thomas901,&@5PjiEshM
thomas91,COqXsxor$6
thomas93,4$WYC5fq_H
thomas931,WnfmVAwt#0
thomas94,TPL1i1Zr@G
thomas95,kP5dMKmq!+
thomas951,2_&kJvgu$p
thomas952,E3T$SGay(w
thomas953,0V4A%Lag!n
thomas98,dy3z%QXI$(
thomas99,)UBfywv)p1
thomasalexa,&eJ#FlKa@5
thomasamanda,)d4oBlXQ@U
thomasamanda1,6QFsL%*C+k
thomasamanda2,!Du%4qRl5Z
thomasamy,%@d4Hjl_up
thomasanderson,vL)1JVGf*9
thomasbaxter,!0T(xmVt6J
thomasberger,#^SkKU!a2x
thomasbooth,0!%fLys_*2
thomasbowen,h9EHRMxn&Y
thomasbrian,d1P2@Lz_*s
thomasbrooks,F@Z+1GIc!M
thomasbrown,)yQfZb9@6+
thomasbrown1,g7E(4R6a!1
thomasbrown2,@8DHM+jwI@
thomasburke,(0^t9mUnH6
thomascain,5ft3JcFv!2
thomascampos,(Q9+VpPG@3
thomascandace,@@87bZOuTV
thomascarter,SZx9Ze&zh&
thomascathy,9C2_7%Ta)9
thomaschambers,^6oD5!oFf*
thomaschristina,%&A5SrxinN
thomaschristoph,#7Itb$Bb1K
thomascontreras,gwh6*TxK$6
thomascooper,^%B#2zYigN
thomascraig,02e7n0EaV)
thomascruz,^)enSRcr&7
thomascruz1,CGgR1Qhm$h
thomasdakota,A#L4CO5x^$
thomasdaniel,S*h#4Aba)j
thomasdavid,fQ72g6#w_)
thomasdavis,)^mGvG3TT4
thomasdawn,y@o)(it7$H
thomasdawson,(9Nvdh(+$R
thomasdennis,e!_1KlMbrz
thomasdiane,ED$9HBwP+i
thomasdickerson,DW3SKdlj%6
thomasdustin,+71F90Y4gH
thomasdylan,!kRTBPNu2*
thomasedwards,63uaYf2#_2
thomaselliott,#ZV1IAjq#^
thomaserickson,(3fKz5cpmq
thomaserin,nV98FtKz%9
thomasevan,IH6ZigVl_)
thomasfields,o!V5HSy0YF
thomasfitzpatri,@G$7X83rWS
thomasfletcher,yG440PjP_4
thomasfrank,(E1g6B9p@C
thomasgarcia,)9MpFFay@c
thomasgarcia1,Q%3TWFJlu#
thomasgilbert,K#Q1dH$HMm
thomasglover,W54yENrI@K
thomasgonzales,(s5kSr2g^&
thomasgray,+!xkTyRku1
thomasgray1,0&!11ZGd#s
thomasgregory,0jWr@tDi%m
thomashall,h#8kWVozEd
thomashamilton,57w3Ef4kE*
thomasharris,8C8g!!2eH_
thomashart,!P#35M@epe
thomashernandez,+k0kGvV(1t
thomasherring,S^gh9U3d!L
thomashodge,5moNQXa#_r
thomasholly,8TP!VhE!@^
thomashopkins,k%5pRz31%3
thomashowell,L5KsNwap$1
thomasjacobs,L1AepMh5*v
thomasjames,B36RHOd(_G
thomasjames1,@J$6yfBfY8
thomasjennifer,(7LfUE%i*^
thomasjennifer1,5u4OXADgJ!
thomasjeremy,&11tcG3a9B
thomasjohn,b%42tOlz+o
thomasjohnson,)Q&61IeycS
thomasjohnson1,$6kOKhpn&e
thomasjohnson2,9Qy1gdSs@3
thomasjonathan,T$I6UxAmG!
thomasjonathan1,#8u^DQAdoP
thomasjones,X1HWQOg8(1
thomasjoshua,w+*55E&i6)
thomasjulie,#JJ7TTcq63
thomaskatherine,lS_+6Mgq^s
thomaskathleen,m#3Cpbveao
thomaskathryn,p27S9mPq^!
thomaskelly,6PL7KnxV@w
thomaskimberly,b(j7+JFn4S
thomaslewis,m$9SUHmN+6
thomaslisa,yv(2DmfQly
thomaslong,at2aUrj8$^
thomaslong1,&P6S+m9it$
thomaslozano,u6^Fu@Fx@E
thomasmark,Z7pHEjj6+9
thomasmartinez,%9Tuf+dVnY
thomasmatthew,&LfN&13f6L
thomasmays,^7Gk&AjCJS
thomasmccormick,3Zj2#pUx@&
thomasmelanie,%RMb3eFhx6
thomasmeyers,3@9$0dFdRY
thomasmichael,_1CLEx&f_Y
thomasmichael1,M+9eUr$f3)
thomasmichael2,bzc)(Tb9(7
thomasmichael3,!EMD+tONW9
thomasmichelle,$@0GBbpKDb
thomasmiles,#w!8Nkotno
thomasmoore,_66QLVyGUJ
thomasnavarro,r)n3Yuxb(M
thomasnicole,j%%0DE01Gt
thomasnicole1,+1LyaDI1)w
thomasnicole2,9#(lo3@g_W
thomaspatricia,*hcf@TWu36
thomaspatrick,^wfn6Yoeam
thomaspatrick1,0w4ngTix(K
thomaspayne,9xY!LsMN)C
thomaspowell,h)h3WmPod8
thomasreese,ZatbucAp_7
thomasrenee,*6Ztgh_fRr
thomasrenee1,uI5dBaix!9
thomasrice,R&91+BVrU5
thomasrobert,x&6eiKgdpX
thomasrobertson,%bo2uYsc92
thomasrobin,u5L&hcYh!&
thomasrobinson,&UQYOqao3u
thomasruiz,c1rk9fFl(J
thomassandra,jhU4Nby*+@
thomasschultz,Y^*4oO2vhf
thomasscott,0CF#CMuO@i
thomasserrano,c%0kG1tfT3
thomasshawn,tFL2SnTxd@
thomassheri,&z84TQbupi
thomassmith,1qJTYebX+r
thomassmith1,@ePSHMl(9F
thomassnyder,^N0@6$GzTP
thomasstephanie,H@u6UjlCIB
thomasstephanie1,+@VpC75f48
thomassweeney,#k4mVO(pn7
thomastaylor,(dLxNTrxF4
thomastaylor1,Pt9ZrpFW&v
thomastaylor2,++^)KHic@8
thomastiffany,%ixmU3Pt&t
thomastran,oc&5lHu0@8
thomastravis,CDc2ET$a^@
thomaswallace,c@Kf8Dt_sf
thomaswarner,a4Q0AQWh$W
thomaswatson,g9CZ#l$h@4
thomaswhite,FBd5TGiV@X
thomaswhitney,!4G!2iAonU
thomaswilliam,y6JWXtVg*1
thomaswilliams,gW2cHgy%%+
thomaswilson,l!1I!HTbY1
thomaswright,xj0bDQlL@!
thomaswright1,!8qVm3A!Dv
thomaswyatt,6d@HfvxQ*q
thompsonalicia,GRRWbw0K)6
thompsonamy,HfbPPDuS+5
thompsonandrew,qI5lWAoxX_
thompsonangela,x9F0i!Ve)(
thompsonbrian,hF5WSPv5n(
thompsonbrianna,1^3eBc+j)i
thompsoncarl,ot$2*$UiWw
thompsonchad,d*Ta%MKp^5
thompsoncharles,^!k6qMnXdG
thompsonchristo,+0g2)NJuLx
thompsonchristo1,_n93%Qq8)u
thompsonchristo2,&33YftTK_x
thompsoncindy,(Po&UPGzD4
thompsoncindy1,zAVo62s5@!
thompsoncody,ShDV@qru+2
thompsoncourtne,gw!_1HXxz_
thompsondana,umnNWibs%1
thompsondaniel,wN0HfGRbt$
thompsondebra,r+3*IihL%x
thompsonelizabe,f741cSx3!t
thompsonemily,Q4C!4R8b@T
thompsonfernand,)*S!mxaQ9m
thompsongeorge,V45kq)i_#u
thompsonjames,_gCCq5bh!3
thompsonjoanna,w+%4VTjOQ9
thompsonjoshua,63Z6tSF*!g
thompsonkaitlyn,+2^VCKXB0y
thompsonkathy,q8q&Q&Ao)*
thompsonkevin,9xrMSV6L#*
thompsonkevin1,%iZVe$@b4)
thompsonkimberl,o+#5mvRgPq
thompsonlance,E7fUS!rB!L
thompsonlisa,)0PCCk1eGc
thompsonlisa1,m5rWllYs&8
thompsonmark,#)BvGrdT#2
thompsonmichele,uo9&OfHb+)
thompsonolivia,#w*1IecrP2
thompsonregina,46JtXt7E_M
thompsonrhonda,&WpUQv0Z2H
thompsonscott,0_NS8YJv$D
thompsonshari,cZJ!66Ja$m
thompsonsteven,f8TXpZse%I
thompsontara,!^e1B8Mnfn
thompsontyler,f9IzMCbo+3
thompsonzachary,l^68HHcYCY
thorntondeborah,NCHn(1SuW2
thorntoneric,AC#q40oZ#2
thorntonheather,9sjJRrtP&K
thorntonhenry,+e_A)+QtK6
thorntonjennife,R*w9QIxp)M
thorntonjudy,4$7DXib1k(
thorntonkelsey,^bkKU7+@39
thorntonlaura,!60Crz765e
thorntonmark,6cIMRAeR)s
thorntonscott,(5NbbVHfua
thorntontony,)ESy1OGwAe
thorntonwhitney,R#^aubYcY3
thoward,h(Oel4Ik+5
thowell,!5^jg&JGNt
thughes,^C2%Bjm7a1
thughes1,w)q4QQHndJ
thunt,%n+8UnMc@m
thunter,*wmL7IlpTX
thunter1,&5LW(JmnD6
thuynh,%4cuYGUp0&
tiffany01,+GrRzWGt_3
tiffany10,WMo@%wRm(3
tiffany101,ut0lIZjj_*
tiffany102,(5LtG(6*t)
tiffany103,@6ZE#$!eUv
tiffany14,*plh4FoU^(
tiffany16,Q4&1M@WrM8
tiffany18,%(9JOa5y%J
tiffany181,+p9NugVy5&
tiffany23,0^662AKlm%
tiffany24,oF9GUWo7+4
tiffany26,)5^FsY)dwi
tiffany37,_2(XV*woR9
tiffany41,5+VAM8xu@O
tiffany42,*9A&f&wOK(
tiffany43,_t28XAg_&h
tiffany431,+LrCoFrs1f
tiffany44,N9NBFzq9_%
tiffany51,@1yvJ5xfv1
tiffany52,j0Q8HyFz%C
tiffany53,#auJ(n6^02
tiffany55,$62Asen5)e
tiffany63,!5(FIsOPhM
tiffany631,KFJk9M3i(S
tiffany68,!T*GQejt23
tiffany71,+w2OKeP+Ck
tiffany75,rjN07$Rju&
tiffany76,^7D2u)wX4w
tiffany82,)G211jCiZ@
tiffany85,(2YpMXtw6y
tiffany87,UNp1yCRvd@
tiffany871,&*uVyl5YZ0
tiffany88,@4cu*Vmv*8
tiffany89,4PMLLw#v&9
tiffany91,IxIzoL*x%8
tiffany99,NA%H9TQmkv
tiffanyallison,+8+GMGUagb
tiffanybowen,+%F&or4v70
tiffanybrennan,AgF8OFmmM%
tiffanybriggs,#99H)iftFo
tiffanybutler,9%7f6mXbvS
tiffanycain,%DKY$ZcpP3
tiffanycrosby,Kpe0JzMsI^
tiffanydean,*)FTJG8s3G
tiffanyelliott,_6guQIpRNu
tiffanyfernande,Q2LV4ewE$6
tiffanygutierre,^cBGxkde9B
tiffanyhawkins,@BZL1Sndk#
tiffanyhorton,nG7LQ$Ig1&
tiffanyibarra,@AO6XSdxXW
tiffanyjones,2vv4BC+Xi%
tiffanykent,65!H+fyP#D
tiffanylowe,*9jMIm@dvO
tiffanymiller,4!(^2Dl(V$
tiffanymorris,E6nS3S3o@b
tiffanyobrien,l$OU6(ro$C
tiffanyoliver,8*jHG7Db@w
tiffanypark,qGPtQ0ohi&
tiffanypena,+b4uGTuczV
tiffanyphelps,k)s3xQCc54
tiffanyprice,&N$0FpXAfI
tiffanyrichmond,tCx1VDmb$$
tiffanyrowe,Q!9XWWRk_0
tiffanyrusso,o%M7S2FsKN
tiffanyshaffer,6xL@10ZF&&
tiffanythomas,nw0qGdCP*y
tiffanyvillegas,xA$M@8OnX)
tiffanywells,I*i8YlY0#F
tiffanywilliams,%3#VpdrQ(b
tiffanywilliams1,!pQTsUfO5o
tim79,TA0SLeD##G
timdavidson,o302B@Qa3!
timjones,^EYp8MznH2
timmartinez,9yXcKk^h#8
timothy00,cTa*4uOrn#
timothy01,!Q0USCXaOc
timothy02,)Rx0@V)vE8
timothy04,X+S5lZlkZh
timothy05,*L%m5WvjVt
timothy08,+8A2aAXjPt
timothy10,u+Mv@n)u*7
timothy11,+&4PVdL_eK
timothy111,@ff9tCn1p_
timothy12,^u5FH3Qo42
timothy13,I$+6fAnDzl
timothy15,nfk(R7BsOI
timothy17,P+I0pB8cyv
timothy18,L^6iEw3b&X
timothy19,76GC86Wh)&
timothy191,v1TogctU!U
timothy20,O&MS3+2uwI
timothy22,_6S2Hu_%^!
timothy23,NiSHv8Uhb^
timothy231,^C%DPRh0u0
timothy232,#SkEty*Ft6
timothy233,ozD$*1Mc6f
timothy26,R0#AXrrr%e
timothy29,biT_*9Xq#g
timothy30,v(LF5LbogH
timothy33,G#2EnPx_E*
timothy34,l(3ODJ5fxF
timothy35,*7X+4wBn!O
timothy351,)a9Opgc_v1
timothy36,^+FLB+bf9(
timothy361,x0THFzcE+6
timothy362,3dJ#1aHeoi
timothy363,*!11H%Uq2n
timothy37,GMS13xym(2
timothy371,*o67vHei!k
timothy40,Cm1PSxxg6^
timothy44,eyb$I8Ut#@
timothy45,p5Yn17Ar)^
timothy49,k&+07I%zBz
timothy54,eB4Gj_lkX_
timothy541,)VCEtbyht9
timothy55,gpQxlJt!!9
timothy56,m3dKdyD*(G
timothy58,**e*YDZj17
timothy581,GRV5MNRp*S
timothy60,uodGi1WQ$6
timothy601,(2cNAgXuQV
timothy61,!q16zLsra%
timothy63,vnSFw^r_)3
timothy631,ZVd9Sj*q%V
timothy64,(^03XMsYC5
timothy641,U^5^p!Qr^5
timothy642,)B5$U^m_#(
timothy643,6z)HGNws^9
timothy67,+8C9O4Hi@@
timothy69,ep_z3Zsr2(
timothy76,2kQwySmU+G
timothy79,B@&0+)OxmY
timothy791,55e4LywYm(
timothy80,Ge#**4Kf6)
timothy81,bMb1TANq!G
timothy83,(8L^UCXXcU
timothy831,+ZP8YkjoJC
timothy86,&L74koMwGN
timothy88,eMiL^VUx^7
timothy90,&qX%5aIszJ
timothy91,(cAYA9qy8K
timothy92,$Cs@^UekD5
timothy94,L!0^AMmu^!
timothy95,x(4YmS!W75
timothy951,u!1udEqi$O
timothy952,L%1na88v+X
timothy97,%$KUV4Sd64
timothyadams,)6YeRwOXs*
timothybeltran,_3s9qXSv^g
timothybowman,K1Awprfy*W
timothybruce,+4UJzRQf)4
timothyburke,#XT)lX7kt8
timothycardenas,nn$9LcLw7f
timothycarson,*OFYyko6K2
timothyclark,Ap6fCOb7T@
timothycoleman,Q#iw1VNs9c
timothycompton,bLm)7Gdi$E
timothyconrad,ETy9Ko3c*k
timothydavid,$04w$OcrJ8
timothydavidson,W_3j7CNUGy
timothydavies,D_7g4O%+9b
timothydillon,!oU5b(1o4L
timothyellison,+1MDgu7b_+
timothyfox,3$pVy9nv*S
timothyfranco,P_b9OKkkF(
timothygilbert,B&4SxrGrzb
timothyharris,&^MWOfi9!1
timothyhart,!&1UZvUKnP
timothyharvey,n27dnRd$*B
timothyhenry,+1_5PAPgeV
timothyhooper,!sX8KxOPeB
timothyhowell,RJ0Kgcn+%5
timothyhunt,)60Q)HaXjf
timothyjennings,_*5SGbsy3Q
timothyjohnson,e6Ue_4Iq^o
timothyjones,)7WmXwFrJ+
timothyjones1,v43sCSMs$E
timothykelly,#%&d)Os82Z
timothylopez,vVJNF&j@$4
timothymacias,Vj1u@HlPJ@
timothymartinez,5U%KrE*g)#
timothymathews,vVts2HQom)
timothymitchell,k0g$Eb16(o
timothymurray,b%r70eXQxi
timothynelson,U9oIVbu4!i
timothynorton,b##a8RAsQY
timothyparsons,HhXQ+eO_^3
timothypena,c_c4TZl%F+
timothypeters,J#1*eVgqlU
timothyrodgers,a&B0iIpQ88
timothyrose,$4cU9+%bVS
timothyrussell,Qf7LW(JL()
timothysalinas,(^8F5CSbFa
timothysimmons,x%7u1LoN*c
timothysmith,_$T@0aKrua
timothystone,7rL1ouGw*e
timothyterry,q8zfYLqv+2
timothyvance,IF%aR4SaH)
timothywarren,er29%Uih2*
timothywebster,hy9zEEmcV&
timothywhite,sM(2In0txX
timothywilliams,*66W2gPbgh
timothywilliams1,H2%Q6g0J)U
timothywood,*x!!HwnU&8
timothywright,&G5y48Rtcx
timothyzamora,b_SPn6Ryof
timramos,P#9PRs23z2
timsanchez,E#LE4sKtQ*
tina02,M#9juFjQ^i
tina09,lk5nNDjv&@
tina10,K3iOZ(9p#@
tina12,85@J4KWcxe
tina15,@&kgBA+q9d
tina22,T#FR2XmT)3
tina24,8Q0EL^f(t(
tina35,Mn6IWg5EZ(
tina36,k@QmyL1Y+1
tina41,P&5NHIy33E
tina48,qw0IW7Df3*
tina481,i8+5DXkC6Y
tina50,M^3H^jZWqm
tina54,D2#eM$vh&%
tina56,$w8fxEmcB^
tina61,U8Ni3A7s&Q
tina68,O%9nYf$dYq
tina75,!mEYOrl$J3
tina83,!9KUhfnQV)
tina93,DZl4C)nr$M
tina94,5)&v0AcD1E
tina96,L$1ZKYzZ9#
tinabrooks,BZq^3Tmn09
tinabrown,EEP5FY8a2+
tinaburton,+687zYgtUq
tinacochran,^OqM0(mxI1
tinacollins,p)3g5Ejwrp
tinacox,a3*83Gri*o
tinacox1,F4OHXKQq@G
tinaford,(*6eMVc5$0
tinagomez,BUz(5Ziwg9
tinagraves,$pZ5YZmRxQ
tinahale,%pWI$inz$7
tinahubbard,5rDUwqC2%7
tinajackson,2$Yhr@zh@%
tinajimenez,po5lN_Fel$
tinalyons,+3WdoyKEvX
tinamarks,^ohU0q6x_3
tinamarquez,KA3SR+e!r@
tinamartinez,&P3ROAcel#
tinamerritt,$2APXp#D+(
tinarivera,3wE%as^X#^
tinarogers,!@6LE6QgLZ
tinasantiago,^fEoQ)fS1G
tinaweber,KOmj79Mv#b
tinawilliams,ELK6NTwbF%
tjackson,3h_U8O(ga(
tjackson1,3sR7RgyD$X
tjackson2,+(5XFzegxz
tjackson3,@(TNeCwhR0
tjackson4,^tZx7x4$47
tjackson5,&9Te%sfKD7
tjackson6,2@@n2IxS0x
tjacobs,#0i0WwgmHi
tjames,(4x*JE6t#u
tjenkins,%8n1KAjwP7
tjennings,@XWDxS8j)8
tjensen,aSqS9cnoY)
tjimenez,LOfAKrvW+6
tjohnson,1zryFKo4+X
tjohnson1,!6ZuyR75*7
tjohnson2,l5FUwjb*%+
tjohnson3,@v7LGeyxo+
tjohnson4,5Q@BxrcR*j
tjohnston,D(x_G7bh_4
tjones,_!AggePh16
tjones1,_7Rx0!)c!*
tjones2,WzuXDLWs%1
tjones3,O_8US6dGY8
tjones4,@m8CBx#^^V
tjones5,79HZ!v(Y@l
tjoseph,g))8RrDb!a
tjoseph1,$62WIdTq%5
tkane,&rKTVr_8_6
tkelley,d$4GS#6q#0
tkelly,@ElHajxk88
tkennedy,%xNKYrev+7
tkim,w%4FWsLM6e
tking,*2JIKmW861
tking1,u$!2+IasZO
tkramer,@PO(%9Tqp1
tlamb,%R(jop7lE9
tlarsen,J21Xubpr!%
tlawson,*u9Tzv&Cdm
tleblanc,zi3V7KcK%$
tlee,^yl8yVEZr#
tlee1,DP*1pvxmf(
tlee2,DR&6IEh#AG
tleonard,mt9GtKYBH(
tlewis,@x2@cZboQf
tlin,PmAl)NxT@6
tlogan,(5)4ZBnD7f
tlong,x!y@VhBcL5
tlopez,D$hW&Z@t+5
tlopez1,(EVr^K2g%7
tluna,N@0YXMWy7m
tlynch,_D&9PHCx80
tlynch1,j^7GpWmaJr
tmahoney,bfpe5F&*(!
tmartin,@fJ#TWpp59
tmartin1,E^qB1Em47&
tmartinez,)y!1MXUv@7
tmartinez1,@DR2Gm8gkV
tmartinez2,%!92C_5tO*
tmartinez3,^)gXSahch8
tmatthews,%l3MNf_dGU
tmatthews1,c(3vmX9hsT
tmcbride,+)3NNXxHZk
tmcclain,^MwqREPc0h
tmccoy,&a4V3Cn%MA
tmcdonald,^iN9yQRoy!
tmcdonald1,@m5L7UjI53
tmcdowell,82AZ7wyH+b
tmcdowell1,I#5RpQ3kT*
tmcfarland,e8YQximt!7
tmckenzie,^e1An^H3B0
tmcknight,G5QY*Ph3&3
tmclaughlin,7yVnO1vT$3
tmcpherson,A53ydPgV#b
tmendez,k93X&mty_(
tmendoza,s@3eTsAsDe
tmendoza1,(8P*sef!#!
tmiller,V2KGvaPo_G
tmiller1,$&6%OaX76)
tmiller2,j#Z9ZM6bgc
tmiranda,&fW4KAu^k%
tmiranda1,ayB3Gya1*)
tmontes,+uPWkAPQ96
tmoody,p5Zua3II@s
tmoon,(6I2k0MQe&
tmoore,QB7DQgxQz)
tmorrison,0Z8oLZUx(U
tmorrow,$ZDz+TYAn5
tmueller,HM72bXVmy%
tmunoz,$84JX7UuwE
tnelson,w&J8FnLfWY
tnelson1,l1GTQgRA@E
tnelson2,cc5Q)BoMd&
tnelson3,yC_$SRhh$1
tnguyen,^6UXEKdVao
tnichols,!W2uOEzUaL
tnichols1,$58nF^1#&h
tnielsen,E+JE2HWsDb
tochoa,7lu7WCWdw^
todd08,(9@oPx4)EK
todd21,L#X8F$qgtl
todd26,d3fb&C3v^S
todd27,(U1X9lt6*g
todd35,(bTEpe0$3N
todd37,*6oRr@v_iA
todd371,feG+ZdLX#0
todd40,Rc@a8IVyTI
todd44,+u0z(@Ldu4
todd47,)6NBrV(q(2
todd55,01)_iRLz$L
todd57,6sz6SKnt^l
todd60,%1Zd(fehCU
todd61,8GCnv$Aj#r
todd611,C(h0OS_2qh
todd612,T78ZUess*+
todd71,__1S1cc+tm
toddapril,(PK0AyKpE8
toddbooth,6oZdl%bX*2
todddaniel,Q0PRXPa7+k
todddiaz,#oYKJdppc3
todddrake,S^nOePPu!5
toddfox,Y61R2rYv$S
toddgay,d5YcBObY#1
toddjoseph,bDm(4HnyQa
toddkatie,%nGGgGlLY9
toddmarquez,+B8LK26tTZ
toddmartinez,(6d4TojwKI
toddmiller,1gXzg1LqZ^
toddmorris,Kf9zFnOF(O
toddparker,99H)9W*cP7
toddphillips,d9N#e2d$^X
toddrodriguez,B%PP3!Vt+J
toddryan,^3Pldspb1H
toddschmidt,^514NTrisg
toddwilliams,@_7K7Gut^)
toddwilliams1,Q7wc9YbW*J
toddzimmerman,G&H8aUMb#4
tolsen,5#6kDU*xWl
tom29,&n556LxZj*
tom60,#yP9Dkk$3^
tom65,@oA#bOqk+0
tom90,EL^^5Qgwlb
tomalvarado,WD2SNCSro(
tomjones,$S$8n4KdvW
tommartinez,3$4KkDx7+a
tommy05,!br4FXf!1@
tommy31,$J9IkLivN3
tommy37,L)W3*Jwo!y
tommy40,(Y&if27la5
tommy84,L5E3l2Jd^@
tommydavis,+#7qPdk*D9
tommyrodriguez,HlD9J!fl)7
tommysanchez,(ni@Bconu6
toni16,!2h0gkOgz_
toni80,_mS7WwDe$I
tonibrewer,_(Fdg6cQ0p
tonibrown,)4%^Qwc49h
toninelson,7b9^I@ja(D
tony05,%bb7I6in_(
tony13,POx7NXAj@1
tony28,!#240oXcL(
tony32,(6AHTr#UTY
tony37,E@6*UNCnO&
tony42,^bOUAa(!_5
tony55,XvY9Pv$e%)
tony59,@H3C&Gs4mu
tony64,$F63IZwORs
tony73,^*3U3FlbxH
tony79,LAC2BLLs(#
tony91,$!v+2LePaC
tony96,^K5HF8Qb@3
tonya13,_S4sHO)a^q
tonya43,IOikp0k8*@
tonya63,#8R)U6Cvl2
tonya64,%890X81k*N
tonya72,LQHXRyNm_0
tonya80,)_3u8SwolC
tonya82,#5U2!Rdkdo
tonya90,B*9fg$DuP_
tonya94,q^G49$rg5W
tonyaalvarado,3Qs3Qqtt()
tonyabautista,PfcX(8Ji&@
tonyabell,2wJ*u3Xu*@
tonyagolden,&aT1Q0bDZ4
tonyakaufman,@BwaRYfYb9
tonyanthony,%4dnHvYdp2
tonyapatrick,HB9bhXUdj+
tonyarichardson,U+S47V)mzC
tonyarussell,@)e%A6LzQF
tonyatucker,2uLxXeiH_3
tonyatucker1,+rsR1H%g9R
tonybecker,+%27uLcj)@
tonybrown,$7WakUnEA+
tonychristensen,8_M6Kxm4+b
tonygardner,(w++6aYzfM
tonygarrett,(pD47Mdywf
tonygrimes,m@0KHFc@Z#
tonymartinez,eE2_8cUl%3
tonymoore,JG6X$aTa+*
tonyochoa,7HF58EaZv%
tonyreyes,*po&2BEqt2
tonyrobinson,Z2*732Yl#x
tonyschmidt,#763s+UocI
tonytran,sdY60Fy2@g
tonywong,_A9Zoqzt*6
torresabigail,&0GX^wLo9X
torresashley,b!8UQyQjeE
torresashley1,@5nEaqcyMj
torresbrittany,p2ZzD_dw_3
torrescatherine,)_FvUreo2v
torrescourtney,@9bFOfh*#D
torresearl,$8Qaqu$RYi
torreseric,8!25QWOl7H
torresjeffrey,S_5(6FCSNm
torresjoann,jz*1Wg(+a+
torresjoseph,3P4TOy8c&d
torresjustin,I*v6yYfvd+
torreskatherine,fn6ZHy_Wl!
torreskathy,kV%8f2zhi%
torreskendra,Kix0S%lx*J
torreskristen,+U@fTDm_9X
torresleslie,E$9GMwrW2H
torreslinda,h$94NyZNMQ
torreslisa,_5yMS0!iXx
torresmary,L4W)gvNl$M
torresmichael,Wjo6xwG)E+
torresmichael1,85bMHz1B@y
torrespamela,&qL4_@Qz1g
torrespatrick,hK(7I4id4k
torrespeter,E4qPlzQv)g
torresrobert,$_6!Iqh_)(
torresronald,#5*aAbDb#6
torressandra,&KjULY_a3l
torressarah,hyn&3N6oSC
torressteven,+9Dfkz8vKK
torressteven1,_hUPA4z^H3
torrestimothy,!l6KRy!#&u
torrestony,kcMgGLwC!4
torreswilliam,u5)1iSj(@+
tosborn,(JT$51Pdf*
townsendashley,kHg2B@t2&l
townsendjon,4@^NvxRm$4
townsendjoseph,3fWHxppl@T
townsendmichele,f$zG2!S(Lg
townsendrebecca,uu8Q#OQd+9
tpalmer,(8#Le_eC82
tparker,TY9VED8g7@
tparker1,_&7Ftj4mB5
tparks,$6PpK1E7*f
tpatton,jR36yFqu(3
tpatton1,LN2FzawL^M
tpearson,LFR&6FCex*
tpena,!b4U8HurK0
tperez,bp47w2Omy%
tperry,$zom!Wj)B1
tperry1,4Sq!WZaj%I
tpeterson,4)5H5dSoQb
tpham,Uusw7F0k)+
tphelps,)6tNQ)m8Xt
tphillips,m82r33Im*i
tphillips1,9gRqENs*%9
tporter,(8W923j8wk
tprice,^R5DT)Eof5
tprince,lycWGE#!%3
tproctor,)qR)+VUdE8
tpugh,K6hw2LNn0&
tracey04,&1SfRCIuuM
tracey16,0Ys0Y)x+&U
tracey23,J*17Y2YgiN
tracey25,K4+xPDti+E
tracey48,mK1u9fAwo%
tracey50,9SV6KuhM1^
tracey54,fk&42%Sk5A
tracey64,^A06L2IkZ(
tracey65,4JiUcI$k)u
tracey89,M0AwZy3o+0
tracey91,s@3GvrLr7p
tracey98,^MJPw$q3a0
traceycarrillo,xwXC)kC+)9
traceygonzalez,T^F9fHWtil
traceyharris,&gV6Uu%sMi
traceykelly,$z60RCdpLG
traceymiller,+0S4UxeDxT
traceypatterson,%8*8A+vE8)
traceypatterson1,541aWy^a_a
traceystephens,j^97HUcow+
traceystewart,oV3T(4sL*1
traceywhite,%Pag2GvV#1
traceywhite1,^J4Lv_yxSS
traceywilson,dCJJ00p1j!
traceywong,hYtD6TFoY*
traci13,@@3BX3h#c%
traci60,!(i58ZqmLP
traci65,I68Dj_hu+f
traci87,Tm0QR$iI*t
traci96,$M+M6OmoU1
tracidavis,u56KTnwk@m
tracie40,Eoc6aCyT$m
traciehunter,2!_9ZRjxvV
traciewilliamso,@&Vc5lZ0F0
tracihall,8XEWjjq@(A
tracy06,9(3EO1V10o
tracy09,)8QJyVpg$6
tracy10,)u_SEdeY00
tracy22,_5SfdV0E@j
tracy24,@xiMK1uI0C
tracy26,$Q$hYCLv5&
tracy28,iMgAmUJv)6
tracy30,_CWvvgb792
tracy31,z2tWLluk$Z
tracy34,4&i9SCXt#4
tracy44,#Vf0WbobX!
tracy50,L^iw0KO28k
tracy61,$5FwRO@j#p
tracy64,et^C7PFypU
tracy641,B%1Tpt*T*V
tracy83,vO3QXj#r_$
tracy85,po)5%ZAz&T
tracy87,&6TEngBrL3
tracy871,(URXv7PjV1
tracy95,r9BP1Hsy%s
tracy96,abQDkd!_^5
tracy961,P!KO_5Vxuk
tracy97,!3IVKdIQ(0
tracy98,r9@1&XOw%I
tracybaker,K77psNco!i
tracybartlett,Z0CyThOI^T
tracyblankenshi,%H%&x9bMp7
tracybrennan,&FFCEq()N5
tracybrooks,9QBWyHaE%7
tracycarter,d3EjwLqr_w
tracychaney,y(C0N0UuBF
tracydavis,&n6ERdxo32
tracygarner,k_lLEvJ4&6
tracyglass,&4!uSqjYiO
tracygomez,+3B+DmIFQT
tracyharrell,1X59UwN^J!
tracyhernandez,*U4!XSo(%@
tracyhuber,9+6rOEyo7F
tracyking,vIwl0YweQ)
tracylindsey,LF9$Opdta+
tracymullins,!_EM1VVwXK
tracynewton,H*1Fv!UmA+
tracyperkins,9%2C&Q^29f
tracyross,(nzO6IeuGD
tracyshaffer,WPbO8Hzx^5
tracysharp,29OJLqV2*B
tracyyoung,aV4K9oPb&5
tramos,&5iZyFkpxq
tranamanda,3o@&45HzTM
tranamanda1,!7mQ%9l!#A
trandanielle,&)8Sb8lW5X
tranian,!4MpdBOofV
tranjacqueline,I(L3EQCnHI
tranjordan,sL9oKmS1^6
tranjoseph,bhT6oNv$P&
trankatherine,_yA5%D#nE4
trankristin,cg6qVIXp0^
tranluis,&H7YU(WmQh
tranmary,8p^2lPay*3
tranmatthew,@rU2_BMted
tranmisty,gO4@3AExdQ
tranmonica,(u1Ig@iz1c
tranpatricia,&rv1Gur8TI
transarah,*R*1II9iH&
trantraci,8S*48wGabL
tranvincent,mt*Re8J2a#
travis01,s425ICFo#a
travis05,+4QxCdobsl
travis06,%%7SQF6lJp
travis061,bhKbbacV*8
travis07,a!Yr3ib(aW
travis32,(t5vV9+i5i
travis321,2^#UQnhs%R
travis35,Q_8VIH6ncS
travis351,@)66MTv@MF
travis44,YeWW8SyZ#3
travis441,p0NeFV2t+B
travis54,KgzMm85X!2
travis61,@m4Z@7hoEV
travis64,yVZiuvLz(4
travis66,g32Jy@oO)j
travis77,w9P7R5ee+4
travis78,yGDY#3pd%7
travis79,$wNN)Dmc)8
travis80,+6f%R0d8y#
travis85,)F5+LIbUsV
travis851,0(4xfRgg)@
travis89,(1y#KM3k^#
travisbarron,+bQfw0KiJ)
travisbyrd,fWFf!U3^*1
traviscoleman,+g6OCGa&ky
traviscontreras,^wGAVV^Iu0
traviscrawford,@O5C&adfh^
travisgreene,#yx5UrS!6S
travisgross,oT8D!Mc9!&
travishaas,@2oAwZdSGu
travisherrera,lVIJb%+j*9
travishill,J$u8CfgJx9
travishill1,b4*^hnuv!T
travishines,qhE(4XyZE*
travisian,&0&7gHjF_Y
travisjasmine,_^%T9RkwXr
traviskevin,^s!9USMh2d
travismalone,%1(DJ0Gp!v
travismcdaniel,0!10K!BtnU
travismcmahon,s6fD)(2l$A
travismendoza,^_&v2CUk3l
travismichael,2^8xO7It^7
travispatrick,yfaC@Tyn(9
travispayne,*5%*ZQeV+G
travisrollins,!1TDq_mt^u
travissanchez,lJ8T$CxFH+
travisshea,$sqZFT+N9L
travissims,#bV75NJtpZ
travistabitha,%w8QM4k!QJ
traviswalters,1E4C+tAQ5$
traviswong,VZq8iGqv@_
tray,!3cG(!VUpa
treed,cl_S!85e#3
trevinodavid,)_c09PuYgs
trevinojustin,*A$%Wdgcl5
trevinotheresa,!fDPmhWn6(
trevor08,bZ@7kbDbFT
trevor081,#X7BV0+x%$
trevor35,$A1A#gcwVw
trevor37,&&Sd8O)s4S
trevor46,+(JWID!Bt9
trevor49,nfy8zHpix%
trevor50,+9oky7OlIh
trevor501,Ch6Be*fc&L
trevor58,^o0ItZt5qw
trevor74,g#F2@RAa8G
trevor95,&7Z0NUYj7I
trevorlewis,*)D9WLpZXc
trevorneal,&MBGBoDfw6
trevorschmidt,_6N+YgjU@5
trevorwilliams,&1JHWH&as8
trevorwilliams1,WBHE&Q+k&6
treyes,+54T#eVeMz
treyes1,16S)NJr9+^
treynolds,eNnr4F9x*i
trice,5eYg4WZ^Q@
trich,_JsjfRmk5@
trichardson,^U+S)ehq_4
trichardson1,K(5)WIavA*
tricia44,397B5sgn)X
tricia55,97^7eXaGLO
triciajames,2u6EzN0i%1
triciastephens,)7hFVrudH8
triggs,#4vSZv*S^#
triley,eFqQ5viv&9
triley1,z8Bf9EUt@2
tristan16,Kl^ElDr%$3
tristan46,#(S7GB#gmy
tristan47,*rB^Ws91$3
tristanavila,#jxOMZ6lP4
tristanburke,0v&7MmORI$
tristancrosby,kHa9UOve#g
tristanrobinson,DKSGqsP9!2
tristansoto,j1P!VBxr^J
trivera,#s(ywGj+@6
trivera1,WP!e0WrRM6
troach,jTPPq$Bv&8
trobertson,_p4lQI9b_t
trobinson,x^4GTAqf$c
trodriguez,_3FM)iFq16
trosales,nq^4Jk7c^s
trosales1,i)49SzeXOs
trose,&1dK6bKVc!
trose1,%5v*Xr#N&o
tross,^CNq0NWxJ(
troth,&KxUeRe4L2
trowe,(MJx1$ZKa6
troy02,%ZxSwFDde6
troy06,K!o4$W5kp!
troy10,)39fYWav^K
troy23,@4EMGiKYyL
troy30,%&m9w^Wkx0
troy32,89O6O@iz#5
troy34,)9OI3_CM@c
troy46,u1F4t@em+(
troy50,$6qWyL#!iV
troy56,xNns0aNt2+
troy58,s%z5CbgKRg
troy66,h#0B8vZm9E
troy97,vP2K8FdGA+
troy971,b!I7*9Agu@
troy98,#mLWD6FdS&
troyalexander,&L+RDXuk29
troyboone,(kWrVbkq1V
troybrown,!M@hP1mS6(
troycastillo,L3B!9Apt$S
troychen,4L^777Wl*d
troycolon,%&lAj9Sm8W
troyfranco,$1Hy_JYz2I
troyfuller,@A)Knxw7*1
troygarza,^ucF(1ZzNw
troyhampton,+HrR0UzgP4
troyleblanc,!3oN+ko_QM
troylee,q@0GWTq$Vv
troynelson,rqFXUD)L(9
troyramos,oG3GVw+f%U
troyrichardson,3IUBq9TI^N
troythompson,+01NCk&em9
troywallace,+42ZAzuf(m
troywilliams,&&6VXdhHi6
trujilloashley,$w8SG$frY8
trujillogeorge,@*56RrxCwi
trujillojacob,X7qU7m5s%l
trujillojames,TE0401b&K(
trujillonatalie,hZ4&GHrX#x
trujillosteven,S(04YMSRvz
trujillotravis,6!1AfrDL&w
trussell,(f8Hxld55)
tsalazar,X8yKGix6*Y
tsanchez,^kiLjfK49O
tsanders,^f+LTpzt_2
tsandoval,)G^C3CzTiZ
tsanford,!94QAIGqN7
tsantiago,7dM^59Mw&L
tscott,&H1QYzql86
tsellers,)%$9F$Di9d
tshaffer,i#&9bYOxVS
tshaw,!5Fi9NxCVN
tshelton,*tY!zxwau2
tshelton1,x$6fbJe%*c
tsherman,i+YxL5Ccds
tshields,7&0BPufcjA
tsimon,l2WhMN&g#h
tsimon1,k3BJi7xl+0
tsmith,5(Y)yo$k@3
tsmith1,^4^SdQqehN
tsmith10,T97oQr^a+7
tsmith11,5uT7HCnv^D
tsmith2,@+4@YNvwDh
tsmith3,b3Qus6Zp^)
tsmith4,E0R)tU@F@J
tsmith5,(6D5QJwm@_
tsmith6,^XewU1BsLo
tsmith7,5H)R7LFpTT
tsmith8,+f0Ja5Be+&
tsmith9,5nQQXU5n&M
tsnyder,^8S)Ttqh#C
tsnyder1,Hmk#9JdQ^o
tsolis,^qCL)5Qal5
tsoto,%)^5ErA_CC
tstephens,I7gCnxRG@S
tstevenson,#d0ExvjyCw
tstrickland,U@QJ0kJn!3
tstrong,6!!O92Uouf
ttate,X%6ENbNb^*
ttaylor,!_HUjrqS_5
ttaylor1,o&21ZhxN*1
ttaylor2,2iMel)GT*M
tthomas,0#EHf^CL+3
tthomas1,d)(^1MNx#v
tthompson,0(9HKzIe&h
tthompson1,*2tUqL_^(u
ttorres,_WjS%66m0p
ttorres1,^JowFfXz3m
tturner,%40S+Ck%$H
tuckeralicia,R(KJ1oo*mO
tuckeranthony,++1Q%YMlUR
tuckerbridget,+7XA5vpPj6
tuckeremily,$t3Rzl7Awp
tuckerheather,LFy+p3CyIr
tuckerkari,@15LHynzs0
tuckerkevin,*^DC1W&yX6
tuckermelinda,dH1Qk@km%O
tuckerpreston,!2psAiMjqz
tuckersarah,P%8NOTRY^q
tuckersierra,Nq&)6Xfei9
tuckertammy,6+6)&Us8OH
turneramanda,w)w9oU&oE$
turnerangela,UqPKDGx$)9
turnerantonio,anZ4PEl9$h
turnerchristoph,*qSTS6Oc2r
turnercody,W80#5BZr2x
turnerconnie,51#Fr!r+(S
turnerdaniel,R16MUgof*!
turnerdevin,%m4&U7KsMJ
turnerelizabeth,#8^NiHOxeI
turneremily,Q$3^64SvT5
turnererica,IBSIT4zy)0
turnerjames,NU5TKzpos+
turnerjames1,+9Lf34e@om
turnerjames2,$4GN6ui^#b
turnerjohn,9gaEE*ha_*
turnerjoseph,_fKw@KF)2G
turnerkrista,a2U+2Ncb0c
turnerlisa,$F6DAwBO%r
turnermaria,5uVT@Jk2&B
turnermario,$5EAo2^##Q
turnermelissa,EsRi#k9#@9
turnermelissa1,*hOJls@P3N
turnermichael,&3C%HHlBdz
turnernicholas,*2RERag%7V
turnernichole,n752N+rl)_
turnernicole,+9Bw)$o)jb
turnerpatricia,TaE0QC1l#4
turnerpeggy,_8KO$SoeG4
turnerrichard,#z^lLzWe%8
turnerrobert,PnOMqbGL$4
turnerryan,p@I7WUwIr3
turnerteresa,n3cw&6Iz(+
turnerteresa1,^2Payc@W@+
turnertricia,!5Rf+qCTfD
turnertroy,!K6gZvW(P)
turnerveronica,S(f0OkDlam
tvalenzuela,_0ewRhfbtp
tvasquez,k#26SLoyR&
tvazquez,Z99KNFkd(g
tvelasquez,*g8BDbQn*p
tvelez,_%CHeA#lW5
twagner,*3Xr@ceTlk
twalker,+MO_tz3(8u
twalker1,&7FfY9ZS)b
twalker2,iyaARPEh#8
twalker3,(UuxlZcB#1
twalker4,&uCAokDA2H
twalls,*iB1(%Yjh5
twalsh,v&0V6A8wLH
twalton,_(TZQqtmZ5
tward,1w6O&Ue9!7
twarren,h+0Pkuzu@)
twaters,4boHKPl8)8
twaters1,!8BYruKvE@
twaters2,6@aQ+HF(&l
twatkins,ve8f7uZa#@
twatson,_Py1TgvgR7
tweaver,IQU!1(Ug3^
twells,r!re&7SlNM
twhite,$8$RyYHJ!%
twhite1,B#V0Ii)7T@
twhite2,^09iDHxGgf
twhite3,W)R4MeYcLh
twhite4,j^I3KmKEja
twilkins,XY%30MjwLy
twilliams,9&84C%iXKP
twilliams1,@uZ44Dlm5$
twilliams2,pDBN6k1h8&
twilliams3,sS1xQJQs$X
twilliams4,8(54Io@Eg@
twilliams5,*2AqH)P$yI
twilliams6,^RRgEX8TN5
twilson,HI*1ZjtJ!e
twilson1,$K8F4p@Wsz
twilson2,429!Vb)8X^
twilson3,ZG5OY1w2%y
twilson4,th31aKHC+7
twinters,&_WDeAlI74
twong,wPo9nXyh$h
twood,mo^v29CvH*
twright,e7!GxSqh*%
twright1,y#1YbrSd%*
tyler06,Day6_9Jbpc
tyler10,_yNUzTfYx1
tyler18,+zIv_DPfp1
tyler38,VviO51Qe&$
tyler43,$3@QSb$B+4
tyler52,+q&@1HGr&s
tyler53,xVg4BsgMS)
tyler531,YI2SfiMJ(B
tyler60,TpYA7zEdE@
tyler62,HL#5CKfE)C
tyler64,J1cKolYZ&S
tyler641,QQ02EMOb&V
tyler65,lJhz5Ms01_
tyler67,O8uKTZbL*W
tyler70,%UboSIyM5p
tyler73,c64rM^rz+)
tyler78,34sGWBRu(c
tyler79,@iucZGd3M3
tyler81,@Ty!mRnof5
tyler811,f(2!3B0b_y
tyler812,AD*M0TrQLr
tyler82,4(W&#yG6Lp
tyler821,8d1tN&4v2^
tyler83,@YQ06H+kSZ
tyler84,AY1EuGBn&U
tyler86,5#Q44Lkd1X
tyler861,@4XmK9oSF#
tyler89,pzE$3xPas%
tyler90,!eYw!SUHA4
tyler901,&9JpGdj#2e
tyler92,O2q08Dfb%O
tyler95,iF5Pn0lcF@
tyler99,(pwD9GcK74
tyleralexander,A*JtTQRm+9
tyleranderson,^4Xl$HbyWd
tylerbates,*3ZK*Aie4R
tylerbraun,&qIHJsen_9
tylerbrittany,_gj_aA4&F9
tylerchristian,#vkDZhrzL7
tylerclarence,Bf0RN@d8d!
tylerdecker,+1IOtFxnI9
tylerenglish,$+f*3A5n64
tylerfinley,*G^xGVph44
tylerfrench,)7HZVxM^ly
tylergillespie,#5HnH1oMF)
tylerguerrero,p7oFTLz7_!
tylerhaley,voWZ1hh0(7
tylerharris,6hs)XQgk)E
tylerharrison,)V*9H&@c+8
tylerjacobson,g$+60UkUYE
tylerjones,oPTC_s%b+2
tylerjuan,+XCRze8!7m
tylerknight,o1tBSmVE(x
tylerleon,#O3oCky_75
tylermartinez,^J%e7jdtS&
tylermontes,6mHIX2DqJ%
tylermorgan,()5Nk_q99K
tylermurphy,Yae$1BEeI*
tylernicole,v7$7AFj%G^
tylernorris,_1P24X*nj*
tylerpollard,*7#Bx*pt%Y
tylerrobert,)&4P$0Nj_L
tylerromero,IPEq$wHw#6
tylerschneider,km1%BMJnq@
tylerscott,mF)4nnZr)W
tylerstuart,$dL07We2X4
tylerthompson,4AUZ_3Ws0G
tylertimothy,sKFVhmUa_6
tylerturner,&@HPyPtL4K
tylervargas,!FhU+&LW2x
tylerwhitney,)aCXLQ6zX8
tylerwilliams,g5AsdMp4@O
tyork,#UU&8Jnj9u
tyoung,$9GqGNkQ@4
tyoung1,_21D$UGM5h
tyrone28,BdlgFw9b&1
tyrone62,@9rTJ+P(cx
tyrone79,F_7Qugw7#6
tyroneclark,oz#6n@NlZ(
tyronehoffman,*7aLj2CtNR
tyronesanchez,F!7SZltYjy
tyronewoods,7kcLtzph*P
uacosta,#86Uw4pf#x
uallen,KUtJ1UHbi$
uallen1,_86*cL4we5
uallen2,vx)5q_FrN3
uanderson,rp4Pm)z94_
uanderson1,ycDWjmfL^5
uanderson2,!Tm!3VAoE+
uanderson3,@6aLOMwiJ5
uarmstrong,%10GBACzDR
uashley,dtv5Xg&dY_
uayala,j1FZYX79!5
ubailey,vtW1PT2ke)
ubailey1,H93cFJHv)f
ubailey2,!5+L@LXnIm
ubailey3,8B92blBj+w
ubaker,)8hFhdGI_6
ubarber,I284HJvF)2
ubarry,ug7KnK11F*
ubarry1,4G)61EpLNc
ubates,2WEo@gs#*U
ubell,I&3rK#t0A$
ubenjamin,!dY(ZRq6S2
ubentley,x9HPrrUp(6
uberg,i%d5oUGn@D
ublack,589yyFeX*b
ubowen,)rnFYY%rV8
ubowman,L0bh1Eai@v
uboyd,u%8GkRFfCP
uboyer,8fASUwPh%p
ubray,%)oDm3(25p
ubrown,s6wP7Cma(j
ubrown1,_AU6I&6h7X
ubrown2,w!5gGpIzNo
ubrown3,5d5PUx7Ni^
ubrown4,%7m@THfyZu
ubrown5,+5&W!BHj!W
ubryant,t(2zZHxstO
ubryant1,B^9q)vPjh5
ubuchanan,R)8)kKF4yw
uburke,L*&E64xa&T
uburke1,&9EOpy9O9W
ubutler,D90&@Zyh*u
ucameron,ox7ZXyony!
ucampbell,++$s4BAdh0
ucarlson,8lJlGxe+$k
ucarlson1,^8XC+QYmbS
ucarpenter,*&tXf9+4D6
ucarroll,XV5RHqlo@R
ucarter,pLSSx1Nz(*
ucarter1,m7jX5QP9$n
ucase,H)!U4IaBIM
ucasey,!226M3Fv3u
ucasey1,+T4aG@pefY
ucastillo,Q2QJaBUb!x
ucastro,&4WpWn^C8u
ucervantes,&1T2Gcns!l
uchavez,^F04dILaaG
ucline,&Y6eOa4S*%
ucline1,Q24pWrbh_g
ucoleman,d*s5O2JwBe
ucoleman1,%X89J@vU*^
ucoleman2,*0#2Pr1+XR
ucoleman3,1381F6gbx*
uconner,gL27m7Ehu@
ucooper,2+0Pmx^cj#
ucortez,k+8K0oWc&+
ucox,&6cR3J$lmz
ucrawford,71^b^WpS!9
ucurtis,CL#x4krah@
udalton,^3Kcoc*j_3
udavis,u1vMaIxi@9
udavis1,!&k0DbZCIq
udavis2,Yg2RaORE2@
udelacruz,Hp3JrP2S#D
udelgado,%&a!Wc5l1C
udiaz,_A06xEk1@Z
udiaz1,p&AI3Di&ei
udixon,Sagb^6PrT*
udixon1,+0BgHJfz3m
udixon2,6390AyXur&
udodson,qD7SpwQp6(
udoyle,S$C+4Hqn!x
udoyle1,OHAD8cSfg#
uduffy,W#7Zvu%rxk
uduke,!@8&EjoAS5
udunn,*zYx1Eva7_
udunn1,%USUSx!_#5
uellis,@1El4+g%jA
ufitzpatrick,!82_Hwl5ho
ufleming,^8r7tAiBx+
uflores,+#L+ItoAE9
ufloyd,f6_3NCve^!
uford,E#D6WtSQR)
ufoster,@2Em*Foi5L
ufox,_2kzDrQ)f^
ufrazier,N*tSE3X@cu
ufrazier1,H^3KK$)l)t
ufreeman,b5CKJ$Mg(X
ufrey,xlE)0KKjT%
ugarcia,_+3nBInbMZ
ugarcia1,#P6e67FdBa
ugarrett,&9gm3pNun8
ugarrison,D(KO6O#jdL
ugarza,%@6fEKCimB
ugarza1,q!A5WLulRE
ugibson,*P6YTe3L97
uglenn,l%9wDyvRZ!
ugomez,(yOfjRmRM4
ugonzales,V!2R4zEcBj
ugonzalez,l1T5BQWb@e
ugonzalez1,dKH5Hffzt!
ugonzalez2,Kj751CzfM(
ugrant,b)tPK6ZoY+
ugreen,^T*9mKrV$^
ugreen1,GADl+km_!1
ugregory,*r$pe3Zcx#
ugutierrez,(mHjta!th5
uhall,#Uw5AV#vlB
uhamilton,O&1YFYxFYY
uhamilton1,9f7NIRdJ)T
uhammond,bG2Pz^mnF_
uhansen,%^Dx**IJz1
uhanson,%Of3EeO$L1
uhardy,0YNV9j)Y$s
uhardy1,w*j*80BphA
uharper,&7aLEmsadO
uharris,!Zt3Am7(h6
uhart,CDhJEGzz%0
uhart1,BR1X6hx!k@
uhatfield,_K5#+IGr9n
uhebert,T*h1RNqUnP
uhenderson,wn^957LyDr
uhenry,^9Ldy9Gfh1
uhernandez,(UZ4iJ^w$P
uhernandez1,UOFJgZ!2_8
uhernandez2,*6a8&Rr649
uhernandez3,*2SCc!rd4C
uhernandez4,J)0OiJJd9v
uherrera,QvH97&Kl$Y
uherrera1,NlN!5SnkHb
uhess,(iBj%9slg1
uhicks,Qi%^5N_gBO
uhill,N_ud3Wdse7
uholloway,+D3KwWT6o2
uholmes,+g+(!QPxV8
uhooper,vp&W&4Lu%R
uhopkins,!9)GZ8xR$I
uhorton,(tMXnDt20q
uhowell,gC1MjjCr#9
uhowell1,&ASv6XAl%8
uhudson,!X)tFlw7b5
uhudson1,vCRaB88bf_
uhurley,5r(Lw)l2_)
uhurley1,J^L%3Ag+nX
uhutchinson,8)9YYmiT$E
uibarra,R$3BhAvSA#
ujackson,ac1oLIi6*o
ujackson1,%q4I#y&#7^
ujacobs,_+lai9CrAJ
ujimenez,$(XP1U$kQn
ujohnson,RFU7#g5C#7
ujohnson1,&0X^PJEgHo
ujohnston,A5$5JO^cdK
ujones,oH%6Bp0b*4
ujones1,nlS@F+Nf%0
ujones2,Fl_3VSPPh$
ujones3,ep9Zanwn@)
ujones4,8ry4Yyaz7!
ujones5,0)07D2pt)n
ukelly,%905qHa%au
ukennedy,y861SpfAq&
ukent,*F01Ln550E
ukidd,_^)5DszaxD
uking,+N7SXucf!(
ukoch,Q_5V7iueIE
ukrueger,)LNo(Ume6H
ularson,UlZshOeM#3
ularson1,8i1IZblc!u
ulewis,9+7RrwgKcl
ulloyd,_#^4^Z$AMo
ulogan,!5Dm9j&6zu
ulong,%6VQRta_2z
ulopez,^vT8CRHb+2
ulove,5YrQnoR)@X
uluna,Q@is0Ef8I1
uluna1,9qByIt)b(d
uluna2,L4Qw7*Fw(7
umartin,&4hkDp!$_l
umartinez,Rbz83JFf&#
umason,P4!5Li9t1m
umatthews,%fxoU1Ko+Q
umccarthy,!VDLt8XyI(
umccormick,F%7DtkGJ3b
umckenzie,(FS9wCUbg2
umcknight,ijO2h(Mvo)
umedina,)V00QsLMws
umercer,t1MmRelm_S
umiller,B%0NSjQylV
umiller1,_2UsIk2sKi
umiller2,K7FPkmQ1(a
umiller3,vk2e%+Tt#w
umiller4,!1N#Zv47Ss
umiller5,^OR1Mxx4*4
umills,fiw(3PxQ0H
umitchell,P6(&5TuNum
umitchell1,)2cP(h8GY4
umitchell2,ZN@w7RZar$
umolina,FA2QOcfL_a
umontes,)t3Arqmf&k
umoore,*2I5JLYiey
umoore1,$GZhBWO78f
umoreno,b2Hktxfn@)
umorris,)M@D@n6WQ4
umorrison,^oZ9Jg)sU3
umoss,2@uB6QCt(j
umullen,_4XJIOj#9n
umunoz,6sDCt+ds+i
umurillo,h8)KpHfV(&
umurray,3(G9Np*v1q
umyers,q)k5Mb+Yxp
underwoodmichel,)2DigEnnTc
underwoodshanno,sG4X5i)x%*
unguyen,0@H3aFAhj1
unguyen1,j4^^9YpHV5
unguyen2,W&2qAeS7DS
unorton,&1N(M0fV$u
uobrien,+1HDsA!!$K
uolson,Y@%Uk8Kaiw
uolson1,&!J42XieJW
uosborn,xc9KCov@@&
uosborne,8ItOP+zj!v
uowens,+s9LQ0JeKm
uparker,EJIp21Pgr!
uparker1,1b9awgL)J)
uparrish,#&dV4(J*0h
uparsons,yBO*1J5dhG
upatrick,rxr2OVUfW@
upatterson,&5JaNqv!e6
upayne,_%$t7VIeGx
upayne1,%SqKfG0c#1
uperez,0*z%fUdY#l
uperez1,!L0gT0Qjwe
uperez2,!e9h8%SdEu
uperkins,wnnx5VQ!#!
upeterson,!4*2WdYyza
upetty,c3VX!Zfc_g
uphillips,!2EF6SxlZ$
upollard,FOd8Dk*rd+
uporter,x_2VEDkT$N
uramirez,(6D2PnMCln
uramirez1,_QALFkuX5y
uramirez2,)a0V3BVgG7
uray,_8bBQ%on@$
ureynolds,J+c@0Pz0bT
urhodes,KgElz(Mw_1
urichardson,0G1y_(Zk)Q
urichmond,F6vhI+*4&g
urios,uu7t6DEt+F
uritter,QD0mQhy1$1
urivera,&mL0Pma^x4
urivera1,O&uyK4DvJ3
urivera2,_M^x4)j0m2
urobinson,o(H1kHn&^o
urobinson1,rbax9OEc(O
urobinson2,*7K#uLhp&i
urocha,Q_7CXOdhPu
urodriguez,HLl$2ZZr_l
urodriguez1,8)y5Xo7a)&
urodriguez2,ARTCxnSm#4
urogers,d2z$Tx@d^b
urogers1,m_0+4GdfWX
urojas,+gLj7DEvI9
uroman,_PcawSg$87
uroman1,1$HHyTlM#5
uromero,J@0mXR*r4a
uroth,52Tio8+Y%#
uroth1,!$HiVG^P2j
uruiz,$uNPjR8f12
urussell,U19#D)%m#y
usalas,@6SSc_q3ee
usanchez,8m60Giam@w
usanchez1,@nLdyPmnR7
usanchez2,!8NS#2KL+m
usanchez3,h7AGb0tM*(
usantana,4JN%DJ#q(h
usantana1,hCa0xqNx%r
usavage,LE97dRwAO)
uschaefer,z3&I*px#@b
uschmitt,FY0iHiVIM$
uschwartz,)f4L3CqEEI
uscott,!C^u3YBt4V
uscott1,y&8OvSqXQj
uscott2,Y!3GJG4Jnm
ushaffer,$OLLrgY$b1
ushah,Gr#V4qG&@^
ushelton,(4SKsU)H^4
usilva,^Ug1Xw6YJ^
usimpson,)Y8L8QngFZ
usims,*X(XXD&e3U
usingh,R5L&4tX*+y
usingleton,wc(0M$igr%
usingleton1,YR2DOpiLh*
usmith,#p5PpDJlv_
usmith1,6DZfe7bf)g
usmith10,p@+&8sOmF!
usmith2,))+a85Eh@A
usmith3,u7I_*1Tzpy
usmith4,*J6lUwUgK7
usmith5,!sG_Idl+P0
usmith6,4j270SPd_m
usmith7,w6B!Eb(M$9
usmith8,(8UiUP1vz2
usmith9,)OFHhM#v%6
usnyder,g*0cL#8bn*
usolomon,@VJCZ0LtA5
usolomon1,A)6)$Psx)X
ustevens,+1v2kzKu71
ustevens1,4S5H#q4B$h
ustevenson,(1N+4R+lra
ustone,Tq7BrVUJ+y
ustone1,0!0$ORg%Tf
usuarez,a6InRbmp_e
uswanson,Eq7hAtsa%&
utapia,_UW35Quo)0
utaylor,#tIeJDi9&1
utaylor1,)V6BbI)cx1
uthomas,5wIKRYh0@$
uthomas1,v5!H$M(L)5
uthomas2,hp0AS)x1T&
uthomas3,(9ZX3Rwuc(
uthomas4,_2+WZlvWI&
uthompson,%CWc3D*mqA
utorres,#X0uXql518
utorres1,u81&XiKj*^
utran,Ua^1P%Jjgc
uturner,zK991rMh)L
uvargas,64E^4z3F*N
uvasquez,(0ir0nSzIL
uvazquez,U0Md@$h_#k
uvega,7&M8HBmh#N
uwade,&$7xK2nhEY
uwagner,_s3W$bEp^W
uwalker,TY^2@6Hi8h
uwallace,tO8bnSvH@n
uwaller,(PBRC7omm3
uward,O*2ZPPpi@%
uward1,9y1RAAe0_D
uward2,XbN7qz2N*3
uwatson,d)3RoJj@s7
uwatson1,ZoJZm#zV@8
uweaver,@7XJ&xOtog
uweaver1,@xWYAy^35D
uwebb,)29DCHhhY1
uwebster,oK*9nIt1#6
uwilcox,DaJWh^WA)6
uwilkinson,_92QCKcipB
uwilliams,B3ThZ5cm(p
uwilliams1,0#H_B5Ml(j
uwilliams2,06WwYIJn_y
uwilliams3,1oMWJpXx_5
uwilliams4,w@88U3*mE1
uwilliams5,v+eB5Jas$u
uwilliamson,ms%5By(pOl
uwilliamson1,^f8m*nRxtg
uwilliamson2,dd7O2vm98)
uwilson,zg1Jm)yIH@
uwolfe,gA%0KkBkAC
uwright,$j8$)Ln_8I
uwu,c0i^5S#yS@
uyoung,*yKD#Gdba2
uyoung1,kU2Iz5imS!
uzamora,$&LBdJwkP0
uzhang,_D9#Zm+mK%
vacosta,rWHX4iNl6&
vadams,24BIIfbv+7
vaguilar,REQ8YY9wY!
vaguilar1,z9DJyDrc(0
valdezanthony,v!OV6MfcVN
valdezdavid,yS1%$LYv+K
valdezjonathan,+18pHimoY#
valdezmatthew,3KmI_Iet+z
valdezrachel,tVeKK+7d(5
valdezsonya,$G&&o^IrX1
valdeztyrone,4A(9OkpO*x
valdezwilliam,%4NGm4$hAX
valenciadustin,%j&RxU3l5y
valenciakristin,_^x^5zPjqJ
valenciarichard,BC4ctGd0$h
valenciasara,_dS#wU$eq4
valenciatheresa,z&2CO(e2r3
valentinestacey,G%u8fbRvms
valenzuelacurti,O$jw0AJeNk
valenzuelajoann,C6+f8N6oPG
valenzuelatrevo,_4QsTtSItd
valerie06,+sXN1KBer6
valerie08,+v7^48Jpnl
valerie081,Uo+9RR%sgN
valerie10,&#8L+oCj4L
valerie101,26oGRGCw)6
valerie18,)Aq2B!Au8W
valerie21,*2LyCi75%E
valerie24,(R3IQGckHn
valerie25,^L50qR7m*I
valerie251,ZjgPx0cH#0
valerie26,%CUg3q(1@2
valerie31,!44yKpeQeB
valerie37,nK)13Bbi&)
valerie42,B^YL9Cnd0C
valerie421,n5jR6grN%c
valerie54,g*O1cLkY4i
valerie59,_^2m*ELj1@
valerie71,nkG6zzJg@3
valerie72,(1ODv4mw@#
valerie80,o7EIhZZj(_
valerie88,5bnFe7Dp@^
valerie91,$Z56^oDhq7
valerieanderson,+7PJO*izjb
valerieanderson1,ID*2ZkxnUx
valeriebentley,Jw#5Eje629
valeriebowman,%!F4bK2v*z
valeriebrewer,)3eU#IHw*i
valerieburton,!fRk3H2iV6
valeriecaldwell,56(0SuAC+D
valeriecampbell,&)2KDE+eJ0
valeriecarr,j9p8tFyuS+
valeriefischer,^8sTdtDoo3
valeriefitzgera,#8iNKr2&(n
valeriehorton,#I2OVJFbf)
valeriekeller,D%b7)9OeKy
valeriemorales,()2Q$Y)uo4
valeriesantiago,_asNX7xT0d
valerieshaw,1uqsAmv_%i
valeriesimon,%7CnWydGO9
valeriestanley,94yVszAm)R
valeriewilliams,%F9NggZlY%
valexander,^8C+fLKkV6
valexander1,#jLLDhKxT9
valexander2,!2fuAdRf$^
valvarado,@7&tmtWjWM
vancestephanie,&I9BauuYVh
vandersen,V6jOSrd!%)
vanderson,$OC0Jgy($v
vandrade,L*B1xUjfR4
vanessa07,^)z7Gh(fg7
vanessa13,kX$C6Ush@T
vanessa28,@sSkXbC&4Y
vanessa40,JrFM5ByE(#
vanessa44,moEfB(^e*6
vanessa46,5m49FuZaK#
vanessa47,BsxLSFyo+6
vanessa49,ZY8%VzNK!5
vanessa491,(jH)2Wd%i7
vanessa53,EcQ0Azvl+C
vanessa60,2)ht2C5Xvd
vanessa65,U(b5BNvfED
vanessa72,pdUCVg4h%0
vanessa76,8D@^3&Jxc_
vanessa79,CG+^l5Dl@1
vanessa92,22FbNxpv@0
vanessa97,@9uCAn0Q#s
vanessablankens,Og(O6o5s)5
vanessagarcia,*JAqobR6b9
vanessaglenn,Wp6THTxU^j
vanessaheath,aw&2PXc&5!
vanessahernande,p46oZsJc+D
vanessaholland,2woJB5n&+6
vanessakelley,D2ffUf(f(R
vanessaking,DP%6jNTxE7
vanessaking1,5i#0ZbCQ$z
vanessamccarthy,X(7IT1dBg)
vanessamcdonald,P4Rh4ACv*_
vanessamiller,7FRM6dO)^L
vanessanoble,^bdlS5rm99
vanessapalmer,j7CqVI!c#W
vanessarussell,&_%9SmdwlV
vanessastanley,((p7Zqqp4H
vanessastrong,_49RWHrdLR
vanessathompson,HZ9VndVmQ!
vanessavargas,%DP7H2yd2(
vanessawillis,LqbS$0FlCd
vangpeter,8HXn2f_e)4
vargasbrandon,p*l%85Uqq7
vargasbrandon1,)3TBr(7E#r
vargasbrooke,X(2Y7cIv&p
vargascaitlin,V!8zsVwslN
vargascrystal,&gk5JHv_&S
vargasdenise,&xBY*gM%9&
vargasfaith,_HFo0IlBQ%
vargasjermaine,%*94Ic82Vc
vargasjonathan,)3qWdEsHiJ
vargaslaura,ZT1*U1Ua*f
vargasphyllis,&7PA0qDhn2
vargasrebecca,K2Uvhsn&!Y
vargassamuel,f_#2zZlt_7
varnold,&2ATGDBohN
vasquezashley,eq(g9SGwh1
vasquezemily,eI68NfRrB)
vasquezgabriel,+4VRfPPa26
vasquezkenneth,HQJ0dLNf#M
vasquezkenneth1,9kF4MGqB%N
vasquezlee,^7G@9Vci^_
vasquezmichele,)q32!Zudkc
vasqueznancy,ly8TG$jyf@
vasquezrodney,%3$H2!kn+T
vasquezsara,+70EzQPq$v
vasqueztamara,^7^xsVPz&H
vaughanantonio,I%MbW4Qt7s
vaughnalexander,TkL0RoLc+I
vaughnamber,T+9DQIdK3p
vaughnandrew,t_!3Ut_)D_
vaughnchristoph,$IE#v5a313
vaughnjoyce,Jm7FCB&gH#
vaughnlaurie,PS!b4&Gb@y
vaughnroberto,Ww!88Z_x+T
vaughnsavannah,nS_2JcEz@^
vaughnscott,^c7bUvFjH!
vaughnwhitney,(3kD_FnH0#
vavila,Ne*KD2iX#0
vazquezamanda,_1HT@&Cdo&
vazquezanthony,P(ZbmCyd#7
vazquezbrian,R2SCMAie*l
vazquezjessica,a8ZxSy)C+u
vazquezkendra,^1$2ANT^to
vazquezmichelle,UG%5ZEbt1Y
vazqueztyler,(S9*NNlm&a
vbailey,R2G*HqL$#s
vbailey1,O5a8Kwhd&&
vbaker,)Ky2jN_cPe
vbaker1,zm^8IF_rhT
vbaker2,#1CU+Gp46o
vbanks,%EJKiK&h5+
vbarnes,MMUniy)4^2
vbarnes1,)W0L9^Ljp_
vbarr,^7RTFJe7!Q
vbarron,3$6Jwz2($H
vbecker,@ghAIse@X9
vbell,x!bacDcI$1
vbenitez,RQ%jnAQs(9
vbennett,^$X9(BYn5S
vbenson,B0JiNdyb)a
vbenson1,$gUdXTkWO8
vberry,5tEUZqcg%6
vblack,P1goQrhX^^
vblackwell,!oIGwA0gu3
vblankenship,+3TcyyQlBV
vbowers,5^CQ2XZs_R
vboyd,T@oOj6AfIE
vboyer,i%6+MmAw9n
vbrewer,WU%7WY+zHe
vbrewer1,c%5JwLTM(d
vbrooks,9(*Bli$R&1
vbrown,+6AI&r7I2n
vbrown1,xU0fCGb0w^
vbrown2,N@BPQ^Rb&2
vbrown3,Y!4MLr&kOO
vbrown4,%of9MWtdA_
vbuchanan,PZHX+^wy*2
vbullock,*ox6psSm2O
vburnett,O+#7+Aux)#
vburton,^7AX58Mz^7
vbutler,q5ZGLA6h)O
vbutler1,%8ShlCs)mM
vcalderon,%^+n0Gka5O
vcaldwell,Uz_r7XhB*1
vcalhoun,__0g0mtw7M
vcampbell,0l6$Svytp+
vcarlson,97_Q3SrlI^
vcarlson1,l9FnOG5I)t
vcarr,1(9Plnpl2^
vcarr1,Os67Dzisi^
vcarter,WH+h2Jtm#^
vcarter1,D*6V1CrXrs
vcase,#RC9aRYiXg
vchapman,ua57(VZ5X$
vchavez,$3mtC(jE+M
vchen,j&8Xkei5dQ
vchristensen,s+G0NJ)nq&
vchristian,LV5Vo+zP_2
vclark,UcVsP6My&W
vclark1,#^5EtRyHun
vclark2,o1@ONrLw_#
vclark3,BGX@1V%nur
vclements,S20H3ap&D#
vcoffey,_A*J8ZZq+l
vcollins,*4K2uPgu*f
vcollins1,^B^R9#)k0@
vcollins2,@6&sDxa+jG
vcollins3,N+0P91jn(b
vcolon,fY#KB3Tyb&
vconrad,*L@Q$W(xK5
vcook,QuWV!o5_$1
vcopeland,*cOc122b3p
vcortez,*!27@6UcsM
vcox,@hAx0YczM$
vcox1,^lP4lFst48
vcrawford,Q_7+8Tyg@o
vcrawford1,^4Ts)EThe6
vcurtis,8WtbVkl+^b
vdalton,HC+0UVnc(h
vdaniel,77rT^ds+(D
vdavidson,#h43P9qb9_
vdavis,^RAG4ClSFl
vdawson,$X7_+oQlL6
vdean,m(4NtYHlKL
vdecker,F0n)5Pk6$8
vdiaz,m33SIV)%&n
vdiaz1,H*EhpQYg#8
vdouglas,*_gN1O2y5^
vduncan,%i&iBv$Ep5
vduncan1,u7X9PLtD&q
vdunlap,!60*4ToU96
vdurham,vv7_6Re23C
veaton,K11LItTo!3
vedwards,*F3JzKR9p8
vegadavid,^x46LCIofW
vegaerik,*s3QOMe6Wk
vegajames,k(9)Gae!+*
vegajill,h_*6Mim&+^
vegathomas,Drh%4Hd*i3
velasquezalexan,7_Q9k0@qhV
velasquezaustin,!w14OIpHu3
velasquezaustin1,HA^$6GVxGt
velasquezbrando,(rYR)XnyF1
velasquezbrenda,p0XLHl0u)J
velasquezdaniel,_If21Bzt5o
velasquezerin,Bc0rYZ7l$B
velasquezjennif,0VKBYpoU+e
velasquezmichel,iH5GF&f^e#
velasquezstepha,+&Mh(&8p9&
velazquezamanda,%7X^C4il%y
velazquezheathe,l5tGk0k0&^
velazquezjuan,3oz+97SqI$
velazquezrobert,)z27DjKi(W
velezanna,$S+g3uKzzn
velezbrian,f+hD7Kgaqd
velezcraig,hv0bDXlcf_
velezjohn,Pb8b8PpP+Y
velliott,!2yLqm8EP9
vellis,7Q&k#X#v^h
vellis1,5x4G)BNy*_
vernon60,&*fD49Xtwd
veronica00,A5WNk%js+u
veronica13,*yJ4aG&z3g
veronica20,@6vBIK#f4i
veronica28,9s0ZcPSw$8
veronica42,)cZ4%OFxTe
veronica45,#(7ttFx6OB
veronica49,#OVtKsW*#9
veronica50,F)86IDyAV8
veronica501,7$hREUmq%4
veronica54,)q#MeqAv00
veronica56,aB&v7@XxHB
veronica61,_$2MI2f#hZ
veronica63,(6*fJNBm4z
veronica70,+ap4wSi)h4
veronica74,J8HcowXd$5
veronica77,M0$^LX8*!n
veronica80,ki0Vrg$*#H
veronica84,+_5FCaQh5D
veronica85,c4NY6u0E*p
veronica86,(Q8Yrpic+6
veronica88,#r4$eBGkP2
veronica95,&9&gy59tH5
veronicabecker,O*_r9!Jp!J
veronicaboyd,+18ILyeUrh
veronicabryant,i6HXWjD@&@
veronicachapman,i&3wX#lt0U
veronicacontrer,_k&8Plkil!
veronicaescobar,#T0os^8pz#
veronicaholland,C9f4UZss+d
veronicajohnson,vPO9uaDm#5
veronicamack,Hzk4Hb!K$v
veronicamcintyr,B#8r&AIr_F
veronicapowers,%d29ZxGN3P
veronicaray,l7X$m^et%b
veronicarivers,!MTrqM8e(3
veronicaschwart,m*&23Gx(^F
veronicasmith,$9R_Gnd8i3
veronicasnyder,#7wRL%Pul8
veronicathornto,46DNAQ5t!h
veronicatran,X#U$6FuRHS
veronicawhite,HhoG3Asg@^
vespinoza,@_7aViu^@Q
vevans,O^02kyXy_T
vferrell,$u!98WMy+#
vfoley,%v_6NwKHj0
vfoster,%WFFdIjM4k
vfoster1,&d2_i*Vze4
vfoster2,j_S8Mb4YK6
vfox,uC8jJCv6$3
vfox1,_2K!bj4Y_m
vfrancis,Q98XfqLV(2
vfranklin,bTJgy5KM&7
vfrench,t!MJ7V+fKX
vfriedman,#C02ENnVv5
vgarcia,cH^I5EgCY_
vgardner,@AM!&2BibK
vgardner1,oMAnO8q5$6
vgarza,^1ZMcCp36b
vgibson,@iE)oQPtu1
vgibson1,e0EltY6S(R
vgilbert,%HCAw35nm3
vgiles,g^$6SaEthi
vgomez,h!O96qRK^2
vgomez1,$5R!Cm6tGr
vgomez2,^34B2Nul$%
vgonzalez,V_!2LcLy+7
vgonzalez1,^9SZu3+rwZ
vgonzalez2,#7$ktWPj(G
vgoodman,wQO9Sq^El)
vgordon,dl!9G%To_#
vgraham,wR9)n5Idq%
vgraham1,2C)44Idf85
vgregory,jcG7s2Bj@^
vgriffin,#9Nhwno0af
vgutierrez,tOE5AqfH)8
vhale,+nn!y&CeL1
vhall,s2Vw3&XG(A
vhamilton,P61L&93i$y
vhamilton1,!d7LmaySO1
vhamilton2,)Ip0PMJ!8o
vhardy,2*q#XMZq*c
vhardy1,(i084*Qn0e
vharrell,!jhz8ZgrpI
vharris,+@Gn9S1bxA
vharris1,5_3LgwU$6*
vharris2,$+3AEo5XEC
vhawkins,_2SpFIMfqo
vheath,4@97PJff_w
vhenderson,LYDoAPlw)5
vhenderson1,+7KdOO$qj0
vhenry,2OEzicJv(B
vhernandez,_5dTqk7o+6
vherrera,i^04JjFPDp
vherrera1,1q)Ow*6m&W
vhicks,e3LZMDBO(N
vhicks1,k1U7n8HO+p
vhiggins,+CO68#JTx5
vhill,Qrk8AQI2A_
vhill1,U_C7tQgU*m
vhogan,XIG^&F_a^2
vholmes,$3#4MDLhS%
vholt,m*2QWWxrXj
vhopkins,#@21DHeFrC
vhorn,^%b6Q^clf^
vhorton,_gmi*Xr^4J
vhoward,$L(OHlyqD9
vhowell,1c%7UXWH*q
vhudson,zD7p6Oro%m
vhudson1,8+12RcptY#
vhull,L(24uYkJsf
vhull1,3u5K17bN#s
vhurley,mp2MnESS^j
vhutchinson,x+32MuQ*@T
vicki35,z8f9ISrP_h
vicki47,r3i*8FJs!b
vicki61,@5!)Q%hx2e
vickibaker,IwWGSa(u(5
vickidominguez,&(3HbP&hgO
vickie21,$5#ZQzcKAO
vickiebray,4aRlk9FN!a
vickiegutierrez,$M8WJv(#Mf
vickieweber,(k2GYlo*AM
vickiewhite,lf92OtHjD^
vickihamilton,TDVrO1ZJ#0
vickiramsey,$2T!0jyd_O
victor02,_39W!sau+q
victor17,y4cD%9CkIK
victor22,Jcz3N#Qb_%
victor46,y&pRZBQm+2
victor53,@vrIS#gj27
victor68,eon2IZp%%(
victor74,0w*2Z%Ns8g
victor85,(VGkNR9pt5
victor88,)H_D@&FTz3
victor96,uj7jvDfF#o
victorbush,oR_j1Jdz2V
victorhughes,+Rt)5GOt#c
victoria02,@T8Kj&Th^O
victoria03,NX(w2$Kh34
victoria031,p3WLmNVx_w
victoria04,4kVr*cy5(z
victoria07,U!62hKFbx#
victoria08,%6Gf11CG_t
victoria13,OPj^7GyJ1m
victoria20,b9DABaut!Q
victoria24,_RgPllH(6o
victoria28,35cN8Uxa_x
victoria29,H3h1uXm7!5
victoria30,8$8m&ZtMUi
victoria31,W$N8Qp)x)m
victoria35,)xc!PEwF6I
victoria351,ju3R!t9OQ)
victoria37,!5#9BG1+$r
victoria45,@BP#3pFaPV
victoria51,+2lGZuofZ)
victoria53,j6TT&c4m$3
victoria55,M4IANft&(8
victoria58,$&9CRLcb#n
victoria59,T_1C#bbaD&
victoria60,+J5MV+f+Rt
victoria601,^O#Zc!k&1d
victoria63,_)h4Uzi*b4
victoria67,$tE5@zXp15
victoria68,)hOuhGv3c3
victoria71,U3D5G7FhW+
victoria79,^RM!_N1g1U
victoria87,Ei*6(DrT(d
victoria92,j(g53jjp4D
victoria95,&%XOb9gZ@7
victoriabooker,z+1A()smjp
victoriaestrada,up1&OBd2$l
victoriafoster,03Ud^G%x&L
victoriagarcia,NTqVlFMi(2
victoriagibson,27oCNqo5!p
victoriagilbert,pp4%9Qdm3$
victoriahanson,#Mtg9JwlX@
victoriahines,6oF3Ucjk+8
victoriahinton,)zK8hBj%p3
victoriajackson,_8C&ztfkZe
victoriajackson1,x1IYHOu1#P
victoriajensen,e*q8OLgSG0
victorialeon,)QL5KndAK!
victorialiu,)lKm##Nb39
victoriamcdanie,1oaY2TlU(x
victoriapalmer,r#x89&Eg)y
victoriapearson,@7J7bMrYB_
victoriapena,8@pxvxKh!Q
victoriapeterso,&QDKitv_X9
victoriareese,T_)1Rm2coh
victoriarose,p+95wFkFM)
victoriasmith,+ENo3X4*4V
victoriasmith1,g(6bXhJZQ^
victoriastuart,f&1LAK#vvb
victoriatapia,@U8BqvRr$&
victoriatorres,$uPRFl7+$7
victoriawright,@5WQU7Gu4x
victoriayoung,e79X^_K1#E
victoriayoung1,^1DDTnqv!s
victorlopez,%gvxK6Uu9Y
victormedina,PN5Q7Qfki_
victormorrison,#p4SEuFXEJ
victorward,@6xd8Ylr0v
victorweaver,w3zMP7s()G
victorwilliams,l+!9jTzMVn
villachristophe,)!p8DHZh#o
villacurtis,uv3MQntt)k
villanuevadanie,(H4*V7rSH1
villanuevadawn,FJp(5Sse^P
villanuevajenni,nF2dBsBL*5
villanuevasharo,1H0F)frN_8
villarichard,r96Li*)s%P
villarrealchris,(xk1YnL@^(
villarrealdean,zQLx4Pfq+G
villarrealjerem,)44IH@c!0p
villarrealolivi,T5mD#fCg@L
villegasapril,Vf7EOA*s^B
villegasjames,s7T70f^3&4
villegasmonica,5X&1ZoRxcz
vincent18,^4(7@rs_jB
vincent20,)g1+VsvgU@
vincent23,L%2DJtvuJf
vincent38,^*LLvt)z63
vincent51,L^44LUon%U
vincent52,#2)AQ9y*G6
vincent55,4p@losWj)7
vincent70,(c$FeNly)7
vincent76,^Og2cBSvK6
vincent79,8XrAcBxs&$
vincent85,!3FZpOc(Gz
vincent98,@eb9NxhF)K
vincent99,7^upvs1f^V
vincentangela,#@B6Zfmm(q
vincentcastillo,t6$3AylfTi
vincentflores,(tYiCT6qx3
vincentglass,+W6wUNxk85
vincenthill,_13$7EpWAl
vincentjacobs,)+0NUVdiE^
vincentjohnny,M&u3HkK&VP
vincentleonard,%s^XT2Pkq&
vincentlewis,qh(b9OvNy(
vincentpatterso,&8DZ3)^vqf
vincentpeterson,G_^r2QLu@b
vincentpratt,73QsYOkf*x
vincentrebecca,^E%F49YuVh
vincentreynolds,$NGz3Ao)_6
vincentsheila,po&61YVN%_
vincenttravis,B1mdNhVs@u
vincentwayne,p*x4AYil%F
vingram,&0Bpn9bA&M
virginia19,gk_!KF4r*1
virginia38,SrCi)s+T!9
virginia48,GPG5fjIh5^
virginia50,)iLo*t6yF4
virginia501,1odg2PvY(J
virginia66,!^7AxXKw4J
virginia78,+q01TMz(v5
virginia88,UW9mc@KsQ*
virginiaayers,SsUTsB0)%6
virginiacamacho,T*O0H$CdMH
virginiamorse,bc_10wYd3o
virginiareed,ms6Pv2v6(5
virginiasmith,3b5$5P$tZA
virginiasmith1,&1x8Tbxaz(
vjackson,n*7DUpvgX#
vjackson1,z4jSPS9s@%
vjames,ykfmSO7n!9
vjames1,)7Ip5ucDFb
vjensen,_4!50pZy&D
vjimenez,^76Et5(s1)
vjimenez1,C^kJ1Nqsw$
vjohns,@^SY3qBmza
vjohnson,_@SFgxt6UC
vjohnson1,(2hOUH5u%5
vjohnson2,$@y0AtAw&9
vjohnson3,33N9Tpn^#Y
vjohnston,L*i1xLCr)U
vjones,$rb0WFsn6u
vjones1,_zl!c9CfcR
vjones2,3v^45Ega$W
vjordan,OB_L1Kt3j!
vjordan1,%2PRDFtX&q
vjoyce,wfJXr%C9#0
vjuarez,d^a1Griy7R
vkeller,(R7IOAhy!&
vkelley,wnDZT3HkL_
vkemp,^5OSkug_J3
vkidd,i1R^)yzz^4
vkim,a_JW9Jte#7
vklein,!zN2+vZwP6
vlandry,QeWwAlUj_2
vlane,W&9RnfXDep
vlarson,6oNw0lM0#v
vlarson1,q6GzGwlS^_
vle,$sq(^_U7c0
vlee,n6AwJ@sE$6
vleonard,+hP(GOadD4
vlewis,#5D05ClAtk
vlewis1,7i4XqOoZ_b
vlewis2,O6UN%ylD#T
vlewis3,)bQDFePje3
vlittle,HNo!9Is8Vf
vlopez,*HY23)bxl5
vlopez1,^neP1AkcdV
vlopez2,$izzWK_t$9
vlopez3,!NWbIl+e9A
vlucas,M(5fEFven+
vlucero,A6E_3hmg@g
vmacdonald,(T8I@^OfO3
vmacdonald1,64$5@3Fmgp
vmacias,@iRWw61813
vmarshall,BI3d4)sWc!
vmarshall1,8%4IGjqneK
vmartin,_RsP03olx1
vmartin1,+8CXZUlj^6
vmartinez,OOI1S%tX!0
vmartinez1,%t+XlWws_9
vmartinez2,$Sfx1H*i%P
vmartinez3,!5#5uEImBN
vmason,(2qEp*t4k1
vmccann,1iwhj&Yg*R
vmcclure,db9#QP!pC*
vmccormick,$W7A7uYph@
vmcdowell,9&VMOEeT%i
vmcgrath,#jvUJstv4t
vmcknight,nM5ZtEvfE!
vmcmahon,f@60Lt4y+s
vmcmillan,um1W%mIB#L
vmcneil,!k&axAo)K4
vmedina,q%87A(Pw^X
vmendoza,t6VHNGu#%K
vmercado,+fOEc(dC2^
vmerritt,Pk10K6unS#
vmiles,&1d2Y8zAAK
vmiller,2zWaJdgd*m
vmiller1,f7BA+sdP!g
vmiller2,5SPeChpQ^D
vmiller3,^k&0Zwlu2n
vmiller4,7%3TUuV#5K
vmiller5,L$^87As4&1
vmills,QNxN)Cbe(0
vmooney,kv8A#XLv_#
vmoore,!2!i6e0yMu
vmoore1,a5i%2Om)^O
vmoreno,*8oyKxUxmb
vmorgan,d#OQz)Lu)7
vmorrison,+3LmK)Q(8d
vmoses,1dh4P6Sf*e
vmosley,)rwV8Vhxj2
vmoss,c1rAoMb&&0
vnavarro,I^2G60cXOj
vnoble,^#Ciz^Er37
vnorman,@j(Y34ExXd
vnorton,pKFgwqIT+2
vnovak,#@LP6mNmWD
vnunez,!VDh8#sf!5
volson,Ex$4ZLp@#v
vortega,*2jNqpVe)o
vortiz,H2c+zWZo#L
vowens,eJfi%2Up7)
vparsons,l9CEg6uu@M
vpatel,37^97IgkS#
vpatel1,_N9pRk3fDH
vpatel2,_AV$_4SriQ
vpaul,^3oGARGle1
vpena,)dGOXD#nc6
vpennington,@1e@vVMx1x
vperez,@a^)1%ZnUr
vperez1,Vt(6&UAtEF
vpeters,wkD6wBv!l^
vpeterson,9wf0Zns*4)
vpham,s4TlUo4&@y
vphillips,cEE@7Ut&K@
vpierce,)c6yVQUsrT
vpowell,@9R^0V^N%h
vpreston,+56Ctiggwv
vramirez,#T^0^Fdn%Y
vramos,*EOScHo*4v
vramos1,ArTk&*QE*8
vramos2,+#2Ur6(2CS
vreed,MPZ5zuDx+x
vreese,6@8DIipYfd
vreyes,@cdxTLHug2
vreyes1,pXYKg@ZX%0
vreynolds,ob4OkZiPu)
vrhodes,_nZ3X#qeM4
vrichards,g1Ilwz#j$*
vriddle,^pk_7SGrds
vriggs,E&7IFw5ZN1
vrios,Mc5fRZGt&R
vritter,g07KSqcFs+
vrivera,4e2TGIY)#&
vroberts,*(FhUrKIY8
vroberts1,pGg_2QiPcf
vrobertson,W!76GkHZ8#
vrobinson,@uDYLG12%0
vrobinson1,B2*m2HyzFu
vrodriguez,ewi2UsAN6+
vrodriguez1,52L1s@Rz*5
vrodriguez2,!5Ii^Iae0K
vrodriguez3,w!Fpb3Pw&_
vrodriguez4,!67%EnDb)2
vrogers,wCLUG5Wf(6
vrogers1,%(37Tum21W
vrogers2,+z^f3B#242
vromero,S59RWwhT@%
vrosales,@9w(a3Dt)*
vrosales1,+&5tvcdEYL
vrose,+7kRkDynTP
vroth,b6scPQdg&y
vruiz,$5Eix9mj$e
vryan,_7$L0IOkao
vsanchez,01#(0gKyjH
vsanchez1,(rz4LIjjF$
vsantiago,oF+9b4uq@5
vsantos,%p1H5e8k8I
vsavage,2#gSXtzn+g
vschmidt,IeW97APrX^
vschultz,$94OfIdjq&
vscott,*tRbK(M_i4
vscott1,_0@PGoIfPF
vscott2,@(!6aOsPTB
vscott3,&76TViJ1EI
vscott4,%QLkLwGHT9
vsharp,47IVrhjM#t
vshelton,^wSR3TQ5D)
vshepard,_0ua2wQm&X
vsherman,w#*0V&ov5%
vsilva,6ViNqaOS(J
vsimpson,)k37r)Eq*3
vsimpson1,v&9J0R3kq^
vsmith,Km#C##%s)1
vsmith1,+@!$5yJwWQ
vstanley,&V6r1Ilj1(
vstevens,@gnLTwve8(
vstevens1,j5KRFFUL)l
vstuart,@CnFqBjt2n
vsullivan,^9Xy(PJsq@
vsutton,$(1^w9Xw6Q
vsutton1,T8#Bs8^n^(
vthomas,cJH6_kNt+2
vthomas1,X7F#XMFz!L
vthompson,&b4H4WxZ@h
vthompson1,HhM$V9Lr1!
vthompson2,M@0XB^#bW_
vthompson3,_z_E80JwKV
vtownsend,QDbnOPda(5
vturner,Oa@nG8Gece
vturner1,!4H)dePcJK
vturner2,z#46D1V@Jh
vvelasquez,Tgn)$0Ra*b
vvelazquez,_W5!yI)p2#
vvelez,d4b$Hbcq*^
vwade,c)q&R4QIZq
vwade1,LC9Q(Buo!G
vwagner,6c$790Bf^(
vwalker,6na@H6Dp^(
vwalls,e5194G!kW$
vwalsh,S1NoHOkb)H
vward,P1O3Zb)y_C
vward1,5MJqAUhm(C
vwatson,T&3GLqDsLz
vwatts,$6YUrT!7q(
vwebb,@pP!p8Ia5h
vwebster,lpe3G1Ks^6
vwells,!3HDrREq4d
vwells1,!xI64jP5e&
vwells2,+x$@JHOzd6
vwhite,0MPIA0mS!8
vwhite1,m0DE&qbo_s
vwilliams,Sz4NvZMtN_
vwilliams1,(3#MBVzzxN
vwilliams2,9KUudQFi@f
vwilliams3,rM6+Q31w)3
vwilliams4,$Se1LGbmji
vwilliams5,MH!&6W$yOk
vwilliams6,TGjfaVos!8
vwilson,nQ&k*6BjhU
vwright,w27BvNh*!Z
vwright1,MQVZ9XItQ@
vwright2,Gl3Sgvj&s*
vyates,0S8!7LwW@l
vyoder,6N$9byFj#D
vyoung,N!o1IJsxSQ
wadams,I_3$(P9h5T
wadams1,AnpaE1ek^0
wadams2,4DVm2R2v&_
wadeandrew,WB(3D9ErjH
wadechris,jxJ((PNa(8
wadedonna,(6VC3iS@Ou
wadejennifer,YqO_2Aafi$
wadejustin,nPPxdJZb#4
wadekatherine,RQI!PH!o%3
wadekristin,Q8xC2!j&$p
waderobert,Bud356Yv+6
wadesally,IS(4Ms!i#H
wadesusan,Y2Zx@2dH+R
wadewilliam,#3HAzkpX%g
wadewilliam1,94CX6V)k+!
wagneralexander,O@dT4P@mZA
wagnerandrew,*U3AqT#lYW
wagnerbarry,(6EjUv3g#D
wagnerbradley,mx9wyUUi#7
wagnerbradley1,y8DBz8qg)B
wagnercollin,*&0iK&kB#w
wagnerelizabeth,JHWeCyt#@8
wagnerhoward,J07yFTp)&z
wagnerlarry,7WfaJZQc^9
wagnerlogan,IUYve0DK)2
wagnermark,Cj05q1Ji_I
wagnernicole,)99@SSpTkq
wagnerrobert,82Hg6!EvX)
wagnersteven,V!bN6Jqw@F
walkeraaron,_&U6WsptzG
walkeramanda,0j*9z!GpF^
walkeramber,v5CR^ZBu#j
walkerandrew,q74Hna9a&g
walkerapril,!UOB5Mpc4h
walkerbarbara,B%q7Ft$t&Y
walkerbeth,U(2lI@qk$Q
walkerbonnie,$F%4dQxp0M
walkercarlos,qQ2F_4Yqj@
walkercatherine,HpB^gmKi^0
walkerchad,%YK83VRc2p
walkerclaire,5(k86LGgN^
walkerdanielle,DkLn%dob#0
walkerdavid,$4R)2mP6WZ
walkerdavid1,R2fCNMgh%V
walkerdylan,ruYW#f#g%7
walkerelizabeth,_N!ThVz0V8
walkereric,x^2QQw&r7w
walkerfrancisco,5!2gJJCbG#
walkerjames,j9mOW5gP+V
walkerjason,@jF2zN9yJd
walkerjeff,(#q%UAoIk6
walkerjennifer,xcUE4O)k)1
walkerjesse,29XIEj(k+(
walkerjesse1,&uCI2Dj!G1
walkerjessica,nawUcHkd#0
walkerkendra,s1hkJjJh_k
walkerkristen,@2TeiKW)k(
walkerkrystal,!n^&QEm2I5
walkerlaura,$2ptK!qA%z
walkerlauren,+4UkE)GzA0
walkerleslie,Y*0EWAfwi6
walkerlori,+0uA3WYf4+
walkermichael,C@Q2AHyJdR
walkermiguel,wf5HCu2K%M
walkermitchell,OgP!9nSk38
walkernatalie,!d5IKdDiN_
walkerpamela,P_0ZQuw!WW
walkerpaul,6^0TaqLWMk
walkerrichard,6a5#2mFx$v
walkerrobert,$&DAluiJH2
walkerronald,+)8SOwHzh$
walkerrussell,apRs8cFr+f
walkerryan,$2AiNdOBO9
walkerselena,#a8KmWvb$E
walkershawn,w)R^U$u6+4
walkertodd,h55MZ6bq#k
walkertodd1,e8(P56dh^W
walkerveronica,2mC4hB078(
wallaceann,&t0Q!sRbcp
wallaceanthony,)dC4NDCye3
wallacecarol,&4MxIFdt_U
wallacecarrie,!yFPKmpXA5
wallacegregory,_x2YMh$!bf
wallacejames,yjCY3vsF&1
wallacejamie,#DT3KScs6c
wallacejohn,(!5Fxhrwc7
wallacelisa,4+2dY^Tk_@
wallacemandy,9%s8sJUvhA
wallacemichelle,^12OxUGmiv
wallen,8xwE#jX2#Y
wallerbeth,%lXQSEry0e
wallergregory,7@0F_VYzz_
wallerrachel,dZm)m9WuyH
wallersara,+BSIXi_u0D
wallsbrady,099jZHLk%o
wallsheather,!srL2aGgd2
wallsmary,2(6KB9LsEz
wallwilliam,b&r3ypIcND
walshanthony,w7QINspE(X
walshcharles,B+*8!IO&Ih
walshdonald,ON5HXba%a!
walshelizabeth,hEY&RJcv(0
walshemily,^#+u9%pt9V
walshjessica,l^bu6^Mdr*
walshkelly,!WtlM$0No7
walshlisa,Rt%mC7Zq8^
walshmindy,*n$IBbRtz8
walter06,X4QXDqdA+Y
walter14,$#7E78Oqeu
walter22,U%1KKYpy2#
walter75,P$NgJqt)+7
walteramber,_8lI30d)1F
waltercannon,b)v85WVdvP
walterclarke,l9BvTMor%w
walterdouglas,l#DKu5VFUh
walterfrench,OT$10+Xz+@
walterfrench1,@4DVh+f)RC
waltergardner,6!4yS_h%Gi
waltergarza,UB7ejXdR%A
walterkaren,!8Ba3Q%6T3
walterlynn,h^7ZZ!bkxB
waltermatthews,T6SB@8ql_W
waltermckay,m6j0nPo*#v
walternelson,k#c6wSZE%m
walterschristin,T5E@Tqfw%3
walterschristop,)dV1X9Ydp5
walterscraig,FB9N+Tj+(w
walterscrystal,(&LnJL1gI1
waltersdarryl,*$70MfhaKH
walterskaren,o!38OSqaEh
walterskenneth,W+5SRXchht
walterskimberly,y)4^xAmj$)
waltersmegan,&^BeBow&d0
waltersmichael,D7Jouv3L)f
waltersmith,!O9MOSu^45
walterssean,N9Ss)McO)n
walterssteven,(_FTlDbk%6
waltertorres,U_Y1ErqZV^
waltervance,+t3%6FjqUk
waltonandrea,l8WwRcZf%5
waltonkirsten,)3To8W#u9R
waltonmatthew,zux&Qk#i&1
waltontammy,+O07lT#y8i
waltontony,0Gg1X%vck&
wanda06,Xb8XZFHr)&
wanda46,)MT3SY(g(e
wanda49,p%2Res5i&@
wanda51,%z)9K$cPA)
wanda72,3ZEnj3Ch+E
wanda83,EwTTRXzp#6
wandacarr,tPW&wCr3@6
wandaevans,0_C08DIgfZ
wandagarcia,@%h78D4j)D
wandaharris,*rN839T%a^
wandalawrence,^9IuWMmj)8
wandasimmons,F1JRCx0C)8
wanderson,Ok9uUfzkU@
wandrews,)VXq6@s+4I
wandrews1,)tqKe@MN%7
wandrews2,a1IhdI58+*
wangamy,@1Zl4DQaEm
wangchris,2q@3hNRhCk
wangdarren,I!+2VjyeUR
wangerik,8_+D8M(Prp
wangfernando,@gZ(Dk+xt8
wangtheodore,$56JTzzRN%
wardalbert,(cQAWu+%i7
wardamy,oyQfOisb&3
wardanita,lH91RBhh_v
wardashley,_0YKkrXX!I
wardcarla,(zB#vVCr7j
wardcharles,+AinIupS#1
wardconnie,S5*GlzHj)t
wardcraig,&fS#9ZQx19
warddaniel,#*l8AjAk+B
wardemily,$Y#WfhtH5@
wardevelyn,ygd!8ABfdP
wardian,6p7PzgLvJ@
wardjames,+MsHLt)Xh8
wardjamie,AX#1Fl1%a!
wardjim,+wZUkMv^3E
wardkendra,Sj^x3LJIT%
wardkendra1,z8886cMy%K
wardkenneth,D+X2kP*c*t
wardkimberly,K!h6CY^rAf
wardlinda,yq^m5VkS6s
wardmichelle,*pU*8Qx_Ek
wardmitchell,@4J7Us(Op5
wardpeter,*ANq64)Z7p
wardsandra,@_@PZK0sT3
wardtanya,3#_9SG(j#o
warebruce,00XXtzu6^3
warellano,@7#S6&)qFe
warerandy,#%+RcadsH2
waresara,_5^UOguh@G
warmstrong,$6&A9dZt%x
warnerabigail,5!2%HcGja_
warnerann,d6sRv3Wq@V
warnerdaniel,(k1NqXew3s
warnerjennifer,*3C0HZr5yn
warnermaria,j!2UgDEmu!
warnersamantha,V8i25Uva#9
warnershelby,zQLx%9Qt^j
warren00,^8MNw43w7F
warren32,B7J_h(hM)d
warren87,(5lzD#xwKW
warrenbenjamin,s3IPZAC6$W
warrencollins,$7LkWu#(Qz
warrendanielle,)1M7IHgUI#
warrengerald,P4MlMBhK)8
warrenhansen,3#_8Dc_vl*
warrenjamie,Ksq%67Vn&8
warrenjohn,qI^C27VydB
warrenjoshua,(D1WbFbHk1
warrenlauren,@cHwOBc$40
warrenmacias,E$1hXiI^lO
warrenmadison,#9tU&4r#V7
warrenmichelle,_8BG@A$NJa
warrenmiller,J#6x^rNahc
warrenstanley,QG88PQo(*T
warrensuzanne,!t6bmIu!8g
warrenthomas,@2ZJsb*r*6
warrentina,Tl4FXftl7_
warrenwanda,_tifYCDw16
washingtonangel,b%@H8LesMn
washingtonantho,wo%08DIQq^
washingtonanton,1fSP_5m!)8
washingtonbaile,z%pR2KybUR
washingtoncrist,n+6kOho0oi
washingtonjerry,0x%VBzjb^a
washingtonjusti,e$E*j6XhDs
washingtonkim,%@3UYrmvk5
washingtonnicho,O+_6^RvgpA
washingtonryan,n5RM*3IzS1
washingtonryan1,#9H+ws(05*
washingtonsteph,*5n5KfBd2a
washingtontodd,)AKe#Etj80
watersbrandon,myq^6BxZo&
waterscourtney,I)Lno1mT)1
waterskathleen,_8HWtCWB$#
watersscott,z&3Oxhs5!A
waterstom,x+QU3Fq2&%
watkinsbradley,@3MQr$3*ls
watkinsbrian,S1Ytmmw#*7
watkinsbrianna,(XA8E#zEe5
watkinscarla,%hlr6nQp^m
watkinsdiana,+hZ0FIlo(e
watkinsdominic,U(t1w9Yu+V
watkinsgary,M_F1R)i4GP
watkinsjason,3RVPTtj7(7
watkinsricardo,um&8e4ZqJ_
watkinsstephani,(AtID)#t15
watkinswillie,*4MsrAtoSL
watsonarthur,rI1XZpj#f^
watsonbarbara,_kfz5TRy0&
watsonchristine,!7oLzx1@@1
watsonchristoph,&GvOQG*a(7
watsondana,N3E7SIjK#S
watsondaniel,o68hOBV(!7
watsonerica,%3LQty(1Cl
watsonerika,R8yWmBUa#i
watsonhenry,71$ZURvj(A
watsonjames,y8Q@4Mmqq^
watsonjeffrey,!AGG2HiiY3
watsonjoanne,p^T2MeR4)k
watsonlaurie,d4!gvAwW!$
watsonnancy,Sd8UOuxR$2
watsonralph,+iN@fgPh+2
watsonryan,y)2DEPRyF8
watsontimothy,^td8KY&f)V
wattsalyssa,+K6KADab^6
wattsjamie,r4wAGz&u_0
wattsmatthew,@5o56ZzoV8
wattsrhonda,TbnJg2Ah#&
wayne07,e#7#Ea(a_3
wayne59,_Pu*REwN9)
wayne61,80dlNR!g*t
wayne99,*H8S^HytS)
wayneberry,PVz1LYifm&
waynehanson,(m6pVn1(n#
waynehill,Fb0nTXUc&@
waynekramer,8z$0wQh29A
waynelewis,E7SPCOd4*r
waynemeadows,Tu1RhyRD#^
waynepatel,$yKyw!(2i7
wayneramirez,%xK2x3FGn9
wayneturner,^UHswvg@m0
waynewalton,!eG7A$n^U)
wayneweber,y_4+54Ep(H
waynewhite,)36J6WYqb&
wbailey,x@8F+G2iV_
wbaker,ow75FyyES$
wbaker1,+3Pys8j8(a
wbaker2,oz2S4FIc5!
wbautista,^27Zjj+c3G
wbaxter,5Y(R56Sy7R
wbeard,_yyMOBPzh8
wbell,fN8F7LInz^
wbenjamin,$6SCBJYOoR
wbennett,@60MdBoJAl
wbennett1,UkFoDLET%6
wberg,##eQbIyl6b
wberg1,#7!hgVt_sD
wberry,R$3XQ3h1X_
wberry1,)WXFnpPP26
wbird,exi2VdfH&i
wbishop,_5pHp*Tdl*
wblack,vfdmlM9m^7
wblackwell,&J9TduhLuL
wblake,QSdb*1nUx#
wbonilla,OlLHO0gJ@2
wboyd,$6$6K5ri(P
wbrown,Xn$fFf4s$2
wbrown1,p33iF@gM)C
wbrown2,$(9!lBkq_T
wbrown3,^4QR0puW^1
wbrown4,*B5ZPzYhQx
wbuchanan,&N2iEqgvZ8
wbuckley,^w8JKDaLo0
wbuckley1,n(4Fa&^l+2
wburton,&_TiaGqs0D
wbutler,8uOp53LZA_
wbyrd,4!HUDNIc*r
wcamacho,$iL3PIq+l#
wcampbell,84A#SDFa%2
wcarr,&2BEw0tzCt
wcase,(8ibYjS+Pg
wcastro,8@iR9#NpEm
wcervantes,)i7qWKym)H
wchambers,(6XBKdS#*g
wchavez,Z9PMfpzt&G
wchen,^6C2Us4Kv@
wchoi,6NeO4p#r(6
wclark,C9kbfASk#Q
wclarke,qy+2ZSrls(
wclay,EVgf76QrE@
wcole,gO2r2aRz!0
wcollins,*9S%g*NP)M
wcombs,@H(2NGjtai
wcook,3hlSNtSw+Z
wcook1,n0t9ibOW$d
wcooper,*B9^*EXsRw
wcopeland,(0T7eOmS7^
wcordova,@9scJTYcsK
wcox,c%1KGsdw45
wcraig,rjm6OxAl%0
wcrawford,&&In9N$W5t
wdaniel,Q%4tXFmw)c
wdavila,$0aQg!Ju*h
wdavis,6Fb0Fejt(f
wdavis1,_bIIWScl5&
wdeleon,aEdCnCJo)2
wdennis,f9daRVeF+X
wdickerson,d30TSJUtM@
wdillon,v_2KNSmzu!
wdouglas,A_4RijHB)B
wdoyle,&o0UsuXHU)
wdrake,*OW+%xCY1W
wdudley,g7$E9Cxye#
wdunlap,q%&5up3i1Z
wdurham,u4J85yKO@K
weaveralexander,^6L@SYUtk2
weaverashley,OMm5BYPv3$
weaverbrittney,^K8IZbskSy
weaverchristy,^jHN1wOB4f
weavererin,!v2MtnvYL5
weaverjeffrey,%2M^kh4r$P
weavermichael,)1QDaSuiGg
weavermolly,03^0+B+8$p
weaverrenee,@9Rk70Eg@#
weaverstephanie,$8zS1iV^H5
weaversteven,+jEhZxR$u5
weavertimothy,O%C50hZcgl
webbbrett,K%A1QOYe_Z
webbcarolyn,f^N6MJavJw
webbchristine,%8dowAu6@e
webbgary,!SUABFku4)
webbheather,2v)4CQDkVv
webbjeremy,Os2iOGc@u+
webbjohn,AI_3nAGcCI
webbkevin,j&k0kU4Y!v
webblauren,H)6ZByF1KN
webbmaria,_zks7Z7*6A
webbmark,5Gx!0PCb#z
webbnancy,Y)6mjOv$T%
webbsarah,*9P#nCv(J3
webbtammy,EjlwWgmt#9
weberandrew,3%UsV+Gu$5
weberdebbie,!7UYWnCJ^y
weberjoshua,nQC^X7Hy+5
webermelissa,+4&QoA_s^4
webermiranda,!z*We5ozw1
weberronald,1K6WXUkO_v
weberroy,roJ1Nz@3*0
webertiffany,6c8Wdwev9*
webervincent,N^5TC#@v!U
websterjacqueli,w1XprfLI!Y
websterjames,I)529Dh2_G
websterlauren,5Xl*7YwNF+
webstermichael,(CNmDUOh1V
webstervanessa,5%M6NjhDDH
wedwards,!1w7UpGwUB
wedwards1,)z9D^Xxofd
weeksamy,^p0+Thci!&
weekschristina,!d&F0Koi_r
weekscurtis,Md9QG5r^)p
weeksleah,!9OcMWbD3#
weeksmark,93WDYamZ^i
weeksmathew,Fur%HnCA%3
weekssara,$7j1LNRocN
weisscarlos,2(4Otd8ehG
weisselizabeth,)nh1HzD94Z
weissjohn,!38TUjPY6e
weisskristine,w(oYG#Of!1
weissmeagan,&v7aTP@m6y
weissmelinda,!Opd37HtUH
welchjason,P8FP4R!j&!
welchjeffery,)3_!#Ru3cH
welchkatherine,3!U7CgH0YX
welchkatrina,k*W3Hpbv*c
welchkelly,@V6K$UinBk
welchlaurie,BK%YJCvg^8
welchmatthew,q100bXsk%w
welchnichole,$50C_hU+7f
welchrebecca,(EO9Xj1d!k
welchsteven,Od2PaEEe^u
welchtimothy,!d&o0Ej5V$
wellis,s0cXWQlj$w
wellsbrian,_2N%IEaBud
wellschristine,!LpE8NmmCW
wellsjames,sd7E)7AAG!
wellsjonathan,A4sU$rrM)Y
wellsjustin,YK6kAeaSu%
wellskaren,n1ZS$VQJ@g
wellskelly,#ql2AaIn#x
wellskevin,82c7VqYu$*
wellsmatthew,xRzl3Teuv#
wellsmelissa,z1suMXVu_L
wellsricky,(5Cug6I!vK
wellssean,3%ZX8(V^Ud
wellsshari,#mECW7qF4W
wendy02,&H83GUCb7@
wendy08,$%dr1ALn3N
wendy14,D!3ZTAknF5
wendy22,Xig2ZZvl)R
wendy33,z+D90MXoG2
wendy36,#1QWYlteHa
wendy46,Knw5eOGya(
wendy48,C3Jdfj8e&B
wendy54,K2P@PR2)*n
wendy58,&2Oj#TmZYv
wendy61,)rV^VyMGo0
wendy68,#oAcKL&e7!
wendy82,!6QaKqqUrv
wendy97,_uCv82ru4L
wendyalvarez,*2iizPBl^#
wendyanderson,%*VLWmbx5a
wendycooper,1CtL!BWj)Y
wendydavis,*wPmA3YKw1
wendyhawkins,h39BBnOeQ%
wendyhenderson,&@XqPaxJ2y
wendyjohnson,l6qoWGrg%E
wendymaddox,H8$XfP8h!f
wendymoore,(K26YRwG)*
wendymorgan,9kaj1Cn#%_
wendymorris,Vb(fThGp+6
wendynavarro,L_4KOn7Sj4
wendyparker,^r8ZDsv!i(
wendyramirez,u9ARgbzD!D
wendyrobinson,(o7grX#b(T
wendyschultz,)sN@3n*oE3
wendyshea,0%7FlopW@$
wendystephens,(n3)L8Ar&7
wendyswanson,71Kxy@7l^g
wendywarren,*+Ir)gRV$6
wernermichelle,y+0OF8RkVw
wernerpatricia,07TURy5F&f
wesley19,)%Rru!qG!0
wesley21,7J@I4MAjjj
wesley28,O@x$Yr7&)0
wesley30,lX%84OZm&#
wesley41,1)2u8WWNkx
wesley42,_ae6Tm0Lo&
wesley51,@3Suo3^hS7
wesley79,5sneVyRc$h
wesleyalvarez,($(2Urq#K1
wesleybrennan,(eyEeokD0^
wesleydavis,*7D2HePW$R
wesleygarrett,ZZRB1W5q)5
wesleyharris,o$52TwKI!K
wesleyhaynes,Q@8HUIcgv4
wesleyhorn,i1g@fLIX#E
wesleyjenkins,%@0qDmGloR
wesleymcculloug,V7d2SAGc^#
wesleymurphy,iM*0&Ckd@)
wesleymyers,^(99X8Qy9z
wesleyross,4P!OYMIn)2
wesleyruiz,!C00JPyN!0
westashley,3Qh+4KZvs!
westdaniel,kn$2G4Oj&4
westedward,XoSxo!Uo^0
westelizabeth,oT&1UvxjhJ
westjack,_7TJKgpefg
westjames,%D4aSId1&t
westjohn,$3MDRI6n!4
westmatthew,6(cWfMtY@2
westrada,!m+OSedAU5
westsarah,T01Ea10j*%
westsheila,+DuTakViB9
weststephanie,+B6uD&aoA4
westvanessa,$7f@ABoinw
wevans,hF&9WlyM*N
wevans1,84RQmPq9(T
wevans2,3)959Ild&S
wevans3,_C@J+vftL4
weverett,&U6Usft(o5
wfisher,%vZ3Tj_3o1
wfisher1,+8BU^Pxm$I
wfitzgerald,vi9e0LEUU!
wflores,U7&rIG#q$t
wflores1,#0mXvoz7HD
wfoley,$K!i8ZKqIb
wford,^0OZHVQ$dJ
wfrench,^EG7$$hzE4
wfrye,ZaYno0#D$1
wgallagher,V26M1m8h^n
wgarcia,e37Z*TdjB$
wgarcia1,A&60lzXeQi
wgarcia2,(T9DYGZlzV
wgarcia3,!2_OFkpx@p
wgardner,TwJ^R2Cyd!
wgarrett,+5EiyRiy_&
wgarza,@ofd0cNkA$
wgeorge,!B6OeN$uWS
wgibson,qx0PwfJ%V_
wgibson1,&^h5jW7yv9
wglover,65bGakHz!*
wgonzales,$TTInzPzr1
wgonzales1,5CWolGdZ%z
wgonzalez,ICK#K4^v#3
wgonzalez1,s&v_1Wp(+e
wgraham,16jWQ!hp+1
wgray,SUN2U%uJ$(
wgreen,dp3FOeulJ@
wgreen1,+sK5F9xZN4
wgreen2,_uFrWFyY09
wgriffin,)zPSLSmi4y
whaley,q05Y6B9b!K
whall,6E6bGdqJW+
whall1,D*XHtb0zwU
whall2,&4uXOt2c9y
whaney,+0dXP8$mTa
whanson,H_7caRcs#d
whardy,(0Q9T5Xp^1
wharris,(2mNaeF9Il
wharrison,!U@$BHSu!0
whartman,$8Fx(_SkNn
whayes,)0kI8rOl_T
wheeleralexandr,^mQboV9Mz8
wheelercynthia,H6oZqU*g(3
wheelererik,E3eP%7ZqrD
wheelerjohn,^G9Oa_GbCE
wheelerjohn1,M@0NxU0xSB
wheelernicole,$(l46mDyTQ
wheelerpeter,7to63VuO(4
wheelersharon,&0HlDne*mT
whenderson,7R96ZiTt9&
whenderson1,nY5cGskka_
whenry,(qlCjuJ*s3
whernandez,&%3_hUxs0P
wherrera,T_$1VaixsT
whicks,cLsz7&Vbm(
whill,88V8JDdV$0
whitakerjulia,_3Bhno0O33
whitakermatthew,23QsH#g(@u
whitakerveronic,&5u(RZvNJt
whiteaaron,t_38MoYoGX
whitealicia,08T1dxn@!T
whiteamanda,!1C0vfA9(j
whiteamy,BMy2Gf#e*2
whiteandrew,%Y%mUH5g6V
whiteandrew1,8Bb1zA(O^n
whiteandrew2,*$fdCy_jH1
whiteashley,+8Gv#&Dk!b
whitebelinda,76Yo6UZ*%5
whitebobby,76(P0JvaOC
whitechristophe,#qW^u%BX4b
whitechristophe1,)N45WwBtBr
whitechristy,WajMtOb6_6
whitecorey,3l0bIQoDB_
whitedakota,x)v7skqO&V
whitedan,1ROMueo0%W
whitedavid,0YzsiSli_2
whitedavid1,ykWk4JAb&x
whitedawn,f8g2hEB@_6
whitedeborah,a_A9GEcm#y
whitederrick,HU@iE2ti%6
whitediana,_Z_)zEx_z6
whitedylan,(5pwwJnldU
whiteelizabeth,$rtYX2sQ90
whiteelizabeth1,Rh5Mx*iV^z
whitefrederick,@VdVmPIi$4
whitehannah,*+O1XlRO2c
whiteheadandre,U9U09InYt_
whiteheademily,$k)l)aW3K1
whiteheadjanet,4fla0Ikw#(
whiteheadjennif,%7T(DnwABQ
whiteheadmatthe,R#p%2HfBSn
whiteheadmichel,8y4KE&8m&)
whiteheadsabrin,F*#%9BgcK#
whiteheather,4G*2IsxC^%
whiteian,y#7UCgvhFh
whitejames,g9+F19XkzD
whitejames1,+tMBvs@e6p
whitejason,IOdLsk1A)5
whitejeffrey,!8S+yp@IV^
whitejessica,1tEZRBf4#v
whitejodi,JX&7AmeBN!
whitejohn,36)IxWJz%m
whitejohn1,%SrWpIn+*4
whitejohn2,t+BKlR)^$1
whitejoseph,f*1&PvbP0@
whitejoseph1,%28l%xLGTg
whitejoshua,^7@RgcMQes
whitekaren,*$FvjN&A12
whitekatherine,1m8$KQkm!t
whitekathleen,@nPxC(6i9e
whitekathryn,uG1qKCgf_7
whitekeith,6#E)3YqZV0
whitekenneth,+_1@FWKq0L
whitekristi,G9#2@Js1+_
whitekristi1,jxB0T09RF!
whitelauren,&&JNO2e*t1
whitelaurie,+1oTwDN3pw
whitelawrence,$yi9dE3z+j
whitelindsey,$_x8bTWzVb
whitelisa,%sNnNoYj2k
whitematthew,^O6@fHuz^!
whitemelissa,@9r!NPQg_8
whitemelissa1,B#Y13Zmv(n
whitenancy,K4yFCnVn$e
whitenathaniel,%758OGhqZX
whiteoscar,M83G5Red%H
whitepaul,!@Iyf7Pbc2
whiterachel,xF2!FG1lD^
whiterobert,fsK9KiMf1#
whiterobert1,^*C2JArhpf
whiteronald,10cRJP*J#v
whitesamantha,@QQeYS#k8*
whiteshannon,^p6LfVqn%S
whitesheryl,R#5YNp&LbD
whitestephanie,+^g99QbuHo
whitestephen,%L0UXKCkc$
whitetracy,@!a1eX+n(U
whitevanessa,k^(6RWPycW
whitevincent,vW^v5Ik3NT
whitevirginia,xT@UI6KtsC
whitewhitney,cc2PMqT2__
whitewilliam,fxL8cW_B+7
whitney00,u&4PnsiLHM
whitney01,*j^6F#ynG9
whitney25,+9FNb%6Vzy
whitney26,62z0FncS6@
whitney37,#8ru8HGn9R
whitney61,Zizq1JHa+C
whitney63,^p(aOn722z
whitney92,$6V$m^k$Xh
whitney98,2D+0A90h#J
whitneyanita,*qM*Vfa1O7
whitneybarker,*O7RGEt6Pd
whitneyberry,)K6woJeddQ
whitneygardner,*PaHE6uR32
whitneylamb,uvEPqdP2@7
whitneylinda,9*XRvMzZ&y
whitneynielsen,84UKxkDf_m
whitneyrachel,+b4SkeoMm1
whitneyramirez,04A@o__k*b
whitneyward,zzxkGFM3#5
whogan,r7Al2_W8)T
wholmes,_mFmgX61a2
wholt,)A1GRbAx%c
whood,!7ZHN6Fh$3
whooper,+1qd$Zh8#@
whorne,W8LPN*ml&5
whorton,$2qI8zD%wT
whuang,25fKWlni)D
whubbard,(172_BAy(E
whuff,$b)Qi2Wk@A
whunter,A$HIT3oC(0
whunter1,$W0BNNhzR*
wigginsantonio,8rvi_eAq)e
wigginsshawn,_d^fAat@J2
wilcoxantonio,tX5tKy+K*@
wilcoxbethany,z88mTY8yu)
wilcoxconnor,iD3Fd_gp&5
wilcoxian,++Hbtxb1h8
wilcoxjennifer,HY*j6P5rq7
wilcoxjohn,*75NDcsqAk
wilcoxstephen,p9SNlZpP#9
wilcoxwilliam,%6oj*Pu81z
wileyanthony,*5HMz0Ia*P
wileyjamie,S8!WedD*@g
wileyshelby,B+S50FLq%_
wileystephen,#bC@qPxa5v
wilkersonkevin,VB&8SF5s#J
wilkersonscott,6^Rm6Kt)BN
wilkinsdavid,mM82Smfn*H
wilkinsjoy,nk4UZU1fD%
wilkinsjulia,+M*7AYfp+t
wilkinsmichael,#S32Vtl3&@
wilkinsonbenjam,q(5xyYcsfK
wilkinsondana,(tD0)FyN3p
wilkinsongabrie,)D6ldNuC_*
wilkinsonjennif,)7IlQWBqrE
wilkinsonkathle,m6CSK&y#)7
wilkinsonkristy,3!6FuSUx+F
wilkinsonnatash,47w7iuIw#_
wilkinsonsara,l!9G@E^gNP
wilkinssarah,W&73ASa8#_
william00,tQpXMFKI&9
william001,$0StRx1n^E
william02,qru2pVbm^m
william03,+2VFjqTvMQ
william04,C)1NzWL^uh
william05,Hdpl+6YcdD
william06,h+9EmZ!s!c
william07,1P23YiQbj$
william071,nGN&_GpW^7
william072,H&99kSMt^1
william08,4(Uv60QU+0
william081,EmN)9Gfg+K
william082,V8G^sl3z*a
william11,BK^8NmOuYY
william12,(fp3QOvuo&
william13,5*HOBmej((
william14,8YSNgux^&8
william16,NzG3DdbZ+Z
william17,#IKMzg8j$5
william20,Z&5PYnap8V
william201,(jDxmiAqf8
william21,&8SLex0aQ3
william22,U&5bMkrZOJ
william23,)7p!DAqP0s
william231,&j)3Dt3B01
william25,E*(@3I&om%
william27,&vBNtDcF48
william29,s$19K$mSQ^
william30,_^xS3J5sYk
william301,+3XlqZYCjc
william302,Tt9!WXv8w#
william32,$)9$HCr+X6
william33,ef6Cwz(V*M
william34,+OBOyjd3H9
william35,V7JbIM9i*f
william37,ey5MNp3kY*
william371,%duy#Ia9E1
william38,n%05NQh_lb
william39,8&1qFsK6by
william41,$O*2zKdhe!
william42,Vj&0FMTq8)
william43,eMJ6z0Zyc#
william431,+Q2YWd^fY1
william432,bcT+7Uyg@t
william433,+@QY!Gro6B
william45,x_lR0Adn^1
william451,&y9dTpgkCi
william452,%I6Kn!Fr_+
william46,r%!J4MjYK(
william461,Syb3Z2$j(1
william47,_S8uD8upj2
william50,T)O!^1Bq4H
william501,5STVbvga@7
william51,Q(3DTsqBge
william52,+4W91nAqWM
william53,b+QN42V$zm
william54,WO9SkAVu#a
william55,_C0Ft4scVT
william56,!vN+3PHn5L
william561,Hd2P&Bkl&(
william57,%e642Sel_h
william60,X0&zUdPI+L
william61,2K7cFxxU!3
william62,xT47PEvc*F
william63,dTP8FfPQ$5
william65,+MzCGT^bg2
william66,E7h!(oZpa+
william661,^7XZJbUlzM
william662,#U97Rq+rT@
william68,$#o98ZqcrW
william71,(I4jO9*tF@
william72,Ye6R@jcS@&
william74,N*3eNO#oSu
william75,dZn7qB+n^*
william76,&!9_4NBkJa
william761,1@SBHJIm#R
william77,Jsq69Hyuo$
william771,5wQ@JwzF+M
william772,_Db9CdqEL0
william78,#JI03Fyq3n
william79,q7Dp9Ayu@)
william80,T(tM99P!xt
william81,aDM923Ab$3
william82,9@kH1Qi6IV
william83,N0U0Rlkc!N
william84,+raZ@7EapP
william85,0GC%DAcy!7
william87,73Bzx0ej_q
william88,vP@4HLe3#W
william881,)*5JD%)at#
william89,$CkIFhs@X4
william90,)a_Y(5(p0^
william901,OOFW7Tkoo*
william92,V*72W*pIXo
william921,$GJ5X*qp_F
william93,E4K*4Bcl$6
william94,+1fu$R@^(w
william95,L12mKPakw^
william96,Me4Qh0m(D)
william961,195i(Udj$S
william97,d%C7BTp0KV
william98,p61NVMhk*X
william99,ox5Er4ucv)
william991,j(0XGEq2I9
william992,mO3W0idr_w
williamacosta,^8Z*JRbc+%
williamallen,x9YSpKr1_7
williamallison,fJ1p)uwj$2
williamalvarez,$XlVhcTbg3
williamanderson,_7JBvvl%Il
williambarr,B6@7mGg*(O
williambates,@Z36Sb_v$(
williambird,g@90ZJYq^T
williamblack,+#t2xXVniz
williamblevins,%#5IMbEK+u
williambrock,CnZUT!wz_5
williambrown,8b3MHTjq%f
williambrowning,&7Jb_sw(w0
williamburgess,K4+8C+an)h
williambutler,SFfZFBXh+2
williamcarrillo,!dDWTHc!3q
williamclayton,!723u+Vlg_
williamcohen,%K9I44Gn!*
williamcollins,u1Czs^Hi_R
williamcollins1,!jc)B0JQ62
williamcox,!A8LlAT+P8
williamcruz,r*p41TCtxr
williamdomingue,e%pHh0L0@1
williamellis,O)2PdwH+@_
williamevans,(yf2AGqq%E
williamfields,Dm5AvSqI*W
williamfranco,&3mSGfYfOs
williamfrazier,*2iFw$6dNv
williamfreeman,ly4TCWjp^0
williamfrost,6WCy9nuw)e
williamgarrett,l#R**2x2@9
williamgibson,f2DDUlYhJ%
williamgraham,jR4HIiCz3+
williamgreene,IWFFok8o+7
williamhale,%ZDV)ygtb6
williamhamilton,MeNLIkW!_3
williamhardy,m(JAw2CjMW
williamharris,LL&9_A#cD#
williamhenderso,8$Z+9FJocv
williamhill,S4JaWtG+_u
williamholland,%ny7MGDk)L
williamholmes,)OLvQ#XgX2
williamhooper,*0uOFSavTQ
williamhuber,h$7^a9Xfz0
williamhuynh,)GDNe(3FS8
williamjohns,I$6ITql!kX
williamjohnson,*B&7WxcO#1
williamjohnson1,q$b1GftPYQ
williamjoseph,%5tF5)w#RY
williamkeller,$3&U*%pdpT
williamlucero,!0SFWxq^dV
williamlynch,e4!(9C^x+U
williammack,FeF4SrBYd(
williammejia,$XP#wT_xN6
williammiller,3)VBPipO+g
williammitchell,Es94VCd)&q
williammoore,Gy89&Y2_&6
williammullen,W+9rDrcJfM
williammunoz,L5DITHOq*6
williamnguyen,#27yfZo4D2
williamoliver,@5Rcq5Uk10
williamorozco,q1aGErzs(g
williampalmer,N5R5ytvK*a
williampayne,+jHPK9zxa6
williampeters,)0ZJENLprv
williampollard,fS_JcJLu*9
williampowell,xvA!6mTX%$
williamprice,@eyFAc8b8B
williamramirez,(460H7r02k
williamrichards,^TH@UE(ab8
williamrichards1,Bf%7NA^xZ^
williamriley,1aul24Os#u
williamrivas,k0b3SIVq_&
williamrobertso,TuL+65EwZ%
williamrobinson,*32+NsNr)S
williamrodrigue,^4GwG&DoW1
williamsadam,f_U1xXSe$t
williamsalan,q7*L5r7u#+
williamsalexand,M%7TPWKdmC
williamsalexand1,T+agQ4_h#V
williamsalexand2,7J7L+Xls$A
williamsamanda,(*uBrZqq98
williamsamanda1,K%x9E1auVC
williamsamanda2,_2SgVt#xt3
williamsamber,#T$!NGYkW0
williamsamy,$5&22bR7cv
williamsamy1,nU7TZ4UdM)
williamsanchez,6ozSEfnV#A
williamsandrew,&8WeYghY%!
williamsandrew1,uz+0BvOy^4
williamsandrew2,^22RQtiv7L
williamsannette,h91T0eW85*
williamsanthony,@2c4IKAg1R
williamsashley,!8GtpLjfOg
williamsashley1,w10cC++$+)
williamsbarbara,8)!ZcQRL_O
williamsbeverly,_%2EkEVqi4
williamsbilly,hw5SQ*iu%T
williamsbrad,%m02Fvmg(b
williamsbrandon,)Bn9!JwoI0
williamsbrandon1,Rt_p5MgIC^
williamsbreanna,&3AfyGxLor
williamsbrenda,5RJDqJj(+Q
williamsbrittan,#6WI9cuW#7
williamsbrittan1,#l6SZq5GcM
williamscandace,#N^IHRgJ4f
williamscassand,Yk1kEA6l%3
williamscharles,@1X$(krBXj
williamscharles1,1(wf7FXe*1
williamschristi,1AHCiY0j^s
williamschristo,&SY6UTCa)8
williamscindy,*4LSIoHj*O
williamscolton,)1o6WEyHpU
williamscorey,^77T3dXh*o
williamscraig,Vk+5X(ExQh
williamscrystal,Xo($8zHx++
williamsdaniell,M5^2EiLX_)
williamsdavid,8#I2YuBU3u
williamsdebra,Hm3i$D_pV+
williamsderrick,Z4VKQ1pg%Y
williamsdevin,6!(j6P7oz3
williamsdiana,_vBOPJkIy1
williamsdonna,)7+jCVY$_i
williamsdonna1,(8jSj1a7)I
williamsdouglas,+*U9KhOFOV
williamseddie,qi(XD+jO@1
williamsedward,djxW8D_i^T
williamselizabe,m$3F6Es)#D
williamselizabe1,)$3PXVvUYX
williamsemily,+QEplmeBx4
williamserica,*w6VsbDly@
williamserin,#YNlBdqm5L
williamsgeorge,+7BVkUr%Mf
williamsglenn,!Kz3qkbhy9
williamsgloria,Z+f6eC3hH^
williamsharry,__j7hJIx!2
williamsimon,NTNEy7nwj!
williamsingh,%U@9JB&fiW
williamsjames,%8^*k&Cfv5
williamsjames1,@0LXrLkhUX
williamsjames2,kGxRL3ty_6
williamsjames3,2D_6Gfx!e8
williamsjames4,t8Wi)$GA+2
williamsjason,szNWRBy0!8
williamsjeffrey,a!4*Y@S%@y
williamsjeffrey1,)0eSTng^*C
williamsjennife,I1hPW7Rlm$
williamsjennife1,@dKC*np876
williamsjennife2,Gm8fTyK0@8
williamsjessica,HKSI&+Un+3
williamsjessica1,3IP9AxSN_u
williamsjessica2,33QGGWB%_t
williamsjohn,&KT#xv(w92
williamsjohn1,)EpnF+qLV8
williamsjohn2,bwKKJCDn^3
williamsjohn3,qUGvm087*5
williamsjustin,&W1o8bZgDw
williamskatheri,!aSFN#vYC0
williamskatheri1,t7MNA*by+0
williamskathryn,z7!1LFppQt
williamskelli,)T*fXb*0w3
williamskelly,%dx0oK961*
williamskevin,@)Oix1kt)2
williamskim,&24ATMkKh#
williamslarry,(iG7DIhlqW
williamslaura,AZ2jTIRz$%
williamslaura1,P#7ScMOnIm
williamslaura2,^G1AelXlxO
williamslaura3,#rV3Abxr9X
williamslinda,d4nm)Dce*7
williamslisa,kP*_Pjou*6
williamslisa1,6aKpS1I7@j
williamslori,GY2GZUe)J(
williamsmegan,*v4DffuEHp
williamsmegan1,$_0M*4jpdp
williamsmeghan,x@QN04TtZE
williamsmelinda,EP4yX7uW@r
williamsmichael,9cpbb5L7*D
williamsmichael1,z#O6Oj!szX
williamsmichael2,*Pk1q(Dd2f
williamsmichael3,$8yQbtZByw
williamsmichele,9rSiAF9s(*
williamsmichell,j_ob2Mjdhi
williamsmith,*5%3TJsR6K
williamsmith1,8(IXIftl#9
williamsmith2,)WqNE1jCt7
williamsmith3,p6W60OVi@G
williamsmonica,%1wyX%mxQ3
williamsnatasha,!Tgj39p&q#
williamsonchris,+9Y3qSq*55
williamsonerin,_8GAJ#rqk(
williamsonerin1,&r5sqHpUJ_
williamsonkayla,6$DLU0AmIU
williamsonnicho,V7v)7+JbNv
williamsonsaman,m^t8SGDbh)
williamsonscott,o2Onu7Pf_d
williamsonsteve,LFLvx7Fk%v
williamsonvaler,0#W0tNHcaE
williamspatrick,eE3AJvp9_!
williamsraymond,$3%PjSwi(p
williamsraymond1,JNKIF9AeF*
williamsrichard,^t&9jzBwqP
williamsrichard1,^IU2^+Lft6
williamsrobert,dr6wY$EhZ#
williamsrobert1,t+QfThk@@0
williamsrobin,#93StRgRVb
williamssamanth,+1)JbBpc!4
williamssamuel,0x0Ce^kxO$
williamsscott,t78lJr3A$k
williamssean,+5fEcP8z1R
williamsshannon,+3)Kr5axbX
williamssheila,a%i1$G+e!&
williamssheri,^AZng&$ob4
williamsstephen,)(^3EXa#Ho
williamsstephen1,@4j5_BmMr8
williamssteve,^oC1Rb3knY
williamssteven,+acxV1Lcr3
williamssteven1,duNAUZti#4
williamssteven2,r+H6X5tMJw
williamssusan,_4Pf1r^c#8
williamstamara,&wN_zbj7U4
williamstammy,dCG8wwntG^
williamstara,)Jf5RLtn__
williamstephens,Bl(0RdoaOd
williamstimothy,a#%68RybbT
williamstroy,_iUPdCxq5N
williamstyler,P^L0VY#x(m
williamswilliam,8FDB62vB6!
williamswilliam1,%B0fKg5g3U
williamswilliam2,%1V#XC1kb%
williamswilliam3,8P)99UNtR3
williamtaylor,%1#cHPyj%f
williamtaylor1,$%TEGAKfj9
williamtaylor2,21mppS%a$1
williamturner,$7qYKmzaTl
williamvaldez,^5KrO+hr)9
williamwebster,6Z7VTYeuZ@
williamwhite,A7P3GGpb#X
williamwilliams,$@Aw7GWl&8
williamwilliams1,p6QiG1gj#l
williamwilliams2,D^1kiMKg!5
williamwoods,#2L&F4r#xS
willie22,Sq08CqBq(F
willie60,(goVGLlCu8
willie65,*Y^5KoXFSe
willie97,(!EX&1Mt91
willie99,d^8Fxgbq^j
willieholmes,X0_6Qm)w)Y
williemoran,9c^iI!bA_9
willieschmidt,!fAAzj3y89
williespencer,h^3Q1Qr4J$
willisalexis,aT69%7tc9$
willisamy,lD9#Gfab*e
williscassandra,z3ZTo_85^G
willisdavid,H8EMy^wg_g
willisdeanna,utgHbCw$@8
willishannah,8%ew44SiTQ
willisjose,%2BJ)jciMQ
willisjoshua,LSBTIr@H&7
williskenneth,oHkQ2jsI!3
willismarie,T30M1avM_f
willismelinda,F8RLGp&c&^
willismonica,Gv%Nh5UamB
willistimothy,_)6KU&ql5O
wilsonadrienne,p_E08lbxFG
wilsonalbert,P$L9Ocgh!u
wilsonalexander,^8Dfilan&V
wilsonalexis,#C6$BYln)8
wilsonamanda,$*^0*SXeiA
wilsonangela,HOKBUdxP*6
wilsonangela1,J4(DA2v+&3
wilsonannette,!(4Rjef(Eh
wilsonanthony,4D3Jn12M)4
wilsonantonio,KpROz5Hc+6
wilsonchad,fUGiIehe@7
wilsoncharles,ngPaX#*J%3
wilsonchristina,(aTV4RCts&
wilsonchristoph,EdLij5Yr^@
wilsonclaudia,+e9D3Sn_Ho
wilsonconnie,erW6)3Jn+Y
wilsoncorey,hbc$X3ZqF3
wilsondavid,gOr($6Fk%Y
wilsondebra,+Z_g8ezt%1
wilsonderek,i%hKYqWb^7
wilsonerin,eaAiTwWi%3
wilsongary,G4KKxFp5!i
wilsonjames,a1DlV3tJ*Z
wilsonjamie,P1m^S!jU_u
wilsonjeffrey,*JC59Yygo*
wilsonjessica,U5XdCaJI@1
wilsonjohn,Gd1%w1RboT
wilsonjohn1,cD(5Fkqpko
wilsonjoseph,#F1SW)a1^I
wilsonjoshua,u^6DsxMQvQ
wilsonjustin,@J#5Kji+O9
wilsonkeith,%8HhmpWM!z
wilsonkelsey,%#UNMJc@)9
wilsonkristen,OdLf+6Yh24
wilsonlarry,&22_Sc@jB7
wilsonlaura,p&6HjtwrPY
wilsonlauren,^ou$v4DrP3
wilsonleah,rj2REaEa*i
wilsonmaria,uth%1Fj(l0
wilsonmary,P7x5LGe1Z*
wilsonmary1,+^RR5OFsfB
wilsonmichael,!o2CDHee*)
wilsonpatricia,V#(9tQLbjq
wilsonrebecca,li+9)Qmm0+
wilsonsally,v&IT74Sa(+
wilsonsarah,*5Plsg6Q@w
wilsonshane,HR6^_6Bn$e
wilsonstephanie,++7XZtLtw5
wilsontara,Y^3NhtAzY8
wilsontimothy,K&UFd8Dtj#
wilsonwendy,85R43Qgd_8
wilsonwendy1,7yuUSaJ!(B
wilsonwilliam,h&w91ZWnUU
wilsonzachary,DX7n0SqnB%
winterschris,m^U53Gmj%8
winterschristin,cSJ3C5pn*9
winterskenneth,V^TU5aT&Jy
winterssteven,_6gXA+l)o4
winterstimothy,fT4!k)VlR_
wiseanthony,bU0FYKmuR(
wiseclaudia,n4GIZwaL$v
wisemelissa,!EIBmgAq5f
wisenathan,N7R!1dhW&*
wiseray,R8IX3c!b$z
wisesteven,02H8Gmx!G!
wjenkins,(0EM!wK&gc
wjennings,r&5@P9)yX#
wjimenez,Z_E#n9Uf*1
wjohnson,1bhJRrd5+U
wjohnson1,+0yWQeTIWj
wjohnson2,uzS!9WrENK
wjohnson3,M$19qHLfjO
wjohnson4,0wR9HJe5n+
wjohnston,*U4%lXUfN!
wjones,8@Tw%ZUc^W
wjones1,!3HaE^ChG+
wjones2,3LyD7rxn@0
wjordan,0ZN)RUrl^K
wjordan1,e2uw^V80@6
wjuarez,@6p$4OFh^4
wkelley,$6OC@2OcQp
wkelly,(I9FFClb%3
wkemp,68HHugqO!2
wkim,*g)8yCo+83
wking,%e+UExFJO4
wklein,6Vu6lOSag#
wkrueger,Zia_Dqvx!3
wlam,@5@N5(A!Oq
wlamb,m)2LnXhB*d
wlara,E&xX)2Jr2E
wlee,)TUi8JmiTB
wlee1,2^Wf7thv_K
wlewis,6HPX94mb%W
wlewis1,*Mjqs5kt(7
wlewis2,R8NyvT*_&b
wli,^tMUa8byk8
wlin,&r0kTlNs!F
wlittle,_5RUob!i60
wliu,b5pMr8QW^*
wlopez,n88E&neR*!
wlove,@4!SQbVa1R
wmaddox,tq3AuxnEl&
wmann,G7yWkEfU!d
wmartin,43)2SwC(jt
wmartin1,%7BmQEOx2D
wmartin2,wifQ2lVs!)
wmartinez,rEW4CPla$R
wmartinez1,7lLA&Jl#%c
wmartinez2,n(4Jd(BwVo
wmartinez3,#9GBlc+y*6
wmartinez4,$y4ThlIL62
wmartinez5,3W332Xmm2(
wmaxwell,kX+O7L7sIK
wmay,&t3y61Ux&Q
wmay1,Q$46D8oWLb
wmcdaniel,n6(Bkg0#^1
wmclaughlin,a9ZOuARq%V
wmclean,&94DChZ7!u
wmeadows,g$2PfCCoyq
wmedina,s$@j8rIqoT
wmelendez,(XtnQh#&7i
wmeyer,#9i&Akgle2
wmeyers,k*Z7ULaB)o
wmiles,r1CjXrz+@6
wmiller,M5#_2Sd!RJ
wmiller1,6^6HXFSdK$
wmiller2,PdJlOoma@6
wmills,%&1Jof3+(_
wmitchell,e@NHobWr&8
wmitchell1,P!H84Ud+y#
wmontgomery,#VO82*vyP6
wmoore,*E66ABJpGf
wmoore1,#c9QcIdtL3
wmoore2,zM!1uvRwBn
wmorgan,Qtf9Mjzjt^
wmorgan1,n0Z*st(7*i
wmorris,!90q+MCdm1
wmorrison,4^(xCm*B#6
wmorton,_0bzFkkl23
wmosley,(yR7QpK!S0
wmullen,_d%2K0ib^Z
wmurphy,7r5_SwBp^@
wmurphy1,vbR$QJ&a(8
wmurray,fe50Sbk^!t
wmyers,+X8BG5wSSN
wnash,*vZ@#Hk54S
wnavarro,g1eF*Ij#+K
wnelson,hM@z5ZwPnX
wnelson1,JY5W75Yvl^
wnewman,(30ZrNc0#L
wnewman1,Qlf(3bKtj^
wnguyen,9ORr3JPmg+
wnguyen1,ELOk9jNxc)
wnichols,n*pm3kFcsN
wnichols1,^zB247mj$0
wnichols2,j6tNoHaE+w
wnicholson,w^P3Q%eUpt
wnielsen,Z+!8VEkwZv
wnolan,*D#!8zWk)I
wnorris,!!AEfRnEL8
woconnor,&4t+qAupk0
wolfdaniel,#6OuDdHhhn
wolfebrenda,+0#P4AhfU&
wolfedoris,_2B&lGc&pS
wolfegary,_J*2EfrU!r
wolfejerry,&&6lCFiT6%
wolfejessica,mD3YoNyg%5
wolfejoshua,!!4FzabeA7
wolfekelly,xy8lEQyyt#
wolfelindsay,w5TeF3hO%!
wolfematthew,@6dqcmUwNd
wolferebecca,+2)ylUQg$u
wolfesonya,&$BYy@sTg2
wolfsean,DBB9Db)k^7
wolftony,C@7_ISKb1r
wolson,^s#AS5)C%2
wolson1,05cKrzCe#)
wongchristina,t9Gs6NyT*9
wongjanice,gZ9+Oh7t_J
wongjavier,c^*W5Abquf
wongmichelle,f7X14Sxa(J
wongnicholas,6oWC9YOQn(
wongroger,@jRywD+76K
woodalexis,%eWHsV51$5
woodardmichael,_z09RBkg3R
woodardsusan,0&J07Pm*JK
woodashley,v8Kq^oed+g
woodashley1,$1GELqClM5
woodbenjamin,!Bd5kLyueK
woodbrenda,U4(5ZZvC0T
woodbrian,!7yRIdCe*K
woodbrian1,^*1QH+AxWl
wooddavid,m_7_oU+hG5
woodhayden,o3WHisds_!
woodjanet,EJ3UPmq2(3
woodjason,b!3E1hXa!o
woodjodi,*wCoinIZj4
woodjoel,g!3FySk^q!
woodjoseph,&y(3WXxE43
woodjoshua,(^Kt6MezSN
woodkatherine,3*m1+RabrJ
woodkevin,ocM3oLAU)6
woodmary,s9QAaDSi#2
woodmonique,WF582tQu(I
woodrobert,UA&%98MoHA
woodronald,(dWAJmi07_
woodsaaron,MS)2IhSUGR
woodsalyssa,!9Pq)o$P06
woodsamber,%OIRp9daR2
woodsclaudia,#NAqVR#Vd7
woodscott,P%GLGcEz+1
woodsdaniel,#sNaE)aX9P
woodsdiana,47YtptL7_j
woodshawn,rPDy2Kkt&9
woodslisa,)Ct8gKSw*A
woodsmarisa,(Q3AtYnpT&
woodspatrick,3(qgrFkn))
woodsstacy,@25mwPrumY
woodstina,+p2BXwTuVh
woodstony,gn_8ZMj%bK
woodstony1,)4TmQaUkoe
woodwardrichard,JLu4QmMkj_
woodwardrichard1,2HtUUBcv&t
wortiz,D5MLjIh%)3
wortiz1,X@8QB3Gy4Z
wortiz2,9J3LJQiO0+
wpadilla,l7UMRbPa#@
wpalmer,3YYz62Gn@&
wparker,(fEj4Dt_&0
wparrish,p@a88UGmK!
wpatterson,D0vXEXnd%R
wpayne,&971hRPtt0
wpena,k_C4SHrGkF
wperez,dWgRslzs^6
wperez1,nVz4xP(iB$
wperry,$WUt%yNML3
wperry1,%!*T6D4x#k
wpeterson,TTz16TbMd_
wpeterson1,Wai521ox*4
wpetty,N+8idCTv#b
wpierce,2*O$DiV$$&
wpope,n21a#Lg8$x
wpratt,^3Q1r(7y5d
wprice,_23GzZmY8I
wproctor,$#1nRmLtf#
wramirez,Q0mHEnco@O
wramos,$@QB2Wi(!L
wramos1,)Y2KSP)phq
wray,(zFQn0HQ24
wray1,qwB6o6Mp9_
wraymond,5@7(IaRx3+
wreyes,Pw!iDrpK(3
wreyes1,S(i$9V)yOo
wreyes2,G$3CrMZq0$
wreynolds,_1vAW6Pj(@
wrich,!P0RFbNhCJ
wrichardson,*d5ok%Cvb^
wrightalexis,J^_u1Nwee@
wrightamy,@2siH^5rfq
wrightbethany,+A1oc9nkN%
wrightcarrie,a4F!4HwXH^
wrightchristian,dG66e&ahf&
wrightdalton,(v0CMAIuS&
wrightdaniel,I8TiaxHi@k
wrightdavid,Y6!K5_OjR8
wrightdevin,2o+zbkZg^y
wrightdylan,LV4Db&Hg(+
wrighterica,bP5ByZuRl)
wrighthayley,$0!4*MxeEI
wrightjose,&d0yP&gyV8
wrightjoshua,39Q8fKn($Z
wrightkelly,&Ed4RnaX5H
wrightkristophe,8c*0GKu*$e
wrightmario,8ofBpaf9$w
wrightmark,)Hs!R7i7m0
wrightmichele,^^S8IHtigY
wrightnatalie,!U5KCH3aj4
wrightnathan,_8A**JJLxi
wrightnicole,3182hGze#Q
wrightrachel,+#qXAlUe69
wrightralph,G77rvZHO+z
wrightregina,Sl4qThs%)&
wrightrichard,G+39UMY7*m
wrightrobert,!qfBoDA@1r
wrightsamantha,S!88x1VEWw
wrightwayne,%6Rx!tL(gA
wrightwendy,w#9rD+pu5$
wrightwilliam,^dE9GHVhQp
wrightwilliam1,R%y1+Kwufz
wrios,Z%R7US*gEj
wrivera,s^I%4Kruu6
wroberts,)c0Zgnb8zK
wroberts1,W5LiPpOv%5
wrobertson,@36EuB@H)0
wrobertson1,I5Uch7Jsp#
wrobertson2,s#lo3dDiMc
wrobinson,_4PXRhTa&9
wrobinson1,)0!txXPr)b
wrodriguez,X(M61r0uHH
wrodriguez1,a51MutVa9(
wrodriguez2,^lx_kFjA87
wrodriguez3,(X&QN!np16
wrodriguez4,^sU(%zt570
wromero,W9i4^PPiI#
wromero1,+a%Ovb)qd0
wroth,Ltz1XaAO5)
wrowland,!uiZyOue(0
wruiz,V3yiZB2z@H
wruiz1,^%2Yo_pJA_
wrussell,^YYYTopcY2
wsalazar,t18Opbx+@z
wsanchez,$xfH!gRJJ8
wsandoval,5*KZkdr+_E
wsanford,15n+bUsp%z
wsantiago,k6YLsxhJ!R
wsavage,#)TI^+8pp0
wsawyer,)$46Hhm&^6
wschmidt,d$3Z#aL2Gs
wschmidt1,*6^KcEZh5y
wscott,&_IgFPfmI6
wshannon,r7v1rdBb$u
wshea,xfM9YRa$R#
wshepherd,+8F58SdqRh
wsingleton,4Czn8BJu(1
wsmith,*Fc%EHvc17
wsmith1,oDcANYA$(2
wsmith2,h%aL5m*b_N
wsmith3,9hMVcDs*&+
wsmith4,5QwC_HyZ&P
wsmith5,#YK)D0c7w6
wsmith6,%4A2_iNZ+3
wsmith7,S^WB1WAz%r
wspencer,oAl+3V3s4K
wstevens,AnD5aWfuU#
wstone,GT7+PFhs7+
wstrong,*azbJFLsY8
wthomas,#iLwplUh06
wthomas1,)BwCNvJoo9
wthomas2,_0W7lnvZp4
wthompson,*53Ult^S1+
wthompson1,7oVU6Voi+l
wthompson2,%8fW5ppwbG
wtodd,i&2IGiHZVd
wtorres,+Z0YSiVr(9
wtorres1,!2HklTVeb9
wtorres2,+4Kdu3o79b
wtravis,fD3MMri%$I
wtucker,_Y3YfDZgr*
wtucker1,%88R4@Kva+
wujennifer,xa_yd5Pt$x
wujoshua,^H_QmgvKa6
wumark,*rP7*Dmcj4
wupeter,6&pO)Zvw^#
wvaldez,4Y9Ww&5c!l
wvalentine,*43E@pBkBT
wvance,5R^6kIwPIk
wvaughn,df7XpVzj+w
wvelez,*w27WaVcqW
wvillegas,*btsM$aa1!
wwalsh,T!!H7UbqlR
wward,l(7HMF32Rw
wwarner,+Y77xdCw6J
wwatkins,*WqUKjqu_4
wwatson,w7$Sb5TjHy
wweaver,C!1INAymJE
wweaver1,6_ANB*Pm@&
wweaver2,hV#0UkhlCp
wwhite,_Fu3S2EaLt
wwhite1,2X14OT*a)h
wwilliams,BtktU0tn^6
wwilliams1,Dn60GSJju!
wwilliams2,m@7!4Pr(n+
wwilliams3,+1H4h3pPKw
wwilliamson,i*7Ytkexfb
wwilson,($5jJrjjbK
wwilson1,*5RBmhp_kW
wwong,(Uq1JwcqzZ
wwood,L@I0kgQk0$
wwoodard,L2SOS5yc(*
wwoods,^3Vvl(6wTa
wwoods1,2SRN+NUi%1
wwright,w3pm22Zj%B
wwright1,+3ZrQeG&@a
wwright2,pIT_5GBoI(
wwright3,M6JOHTeq$q
wyatt37,%xq3K5Kvnz
wyatt74,(P2hBc5EU0
wyattallen,!sGThX+00J
wyattcarla,4Z_4J%zHxH
wyattcharles,A%9$Ynwv^s
wyattgillespie,MTz27+Nr0!
wyattjohn,7nnYZ9Ec&n
wyattlowe,*5ZxEZoYL5
wyattwilliam,(CGJp@Snu4
wyork,KR8Wc@Fb%z
xacevedo,y^4Y0a#J0#
xacosta,_2B(05Rb9A
xacosta1,0r4Ii!4c$$
xadams,_9$NLP^yyE
xadams1,$2SkUung*3
xanderson,&28W5Ep!T#
xanderson1,m8vM16Et9%
xavier54,ALH5SikD!9
xavier96,^GR(VUtb*4
xaviergoodman,%u1_RWRejA
xaviershepherd,%Q5BIr6Wp2
xayala,@hI9qHV#^3
xbailey,(MUU2KKmOi
xbaker,)Ko3LO(qJ1
xbaker1,)$!6ZOuw14
xbaker2,6#L8fR%td*
xbarrera,*lChV1wq@6
xbarrera1,+4Yk&F@Nr&
xbates,#^3@f0BlBc
xbeasley,^%A%t1Nm+C
xbenson,H)x1EJQlto
xbentley,!aHW08U93j
xberg,k5ZMRQjx&U
xberry,%y0SAoXreY
xblackwell,&7J^c5X2S3
xbowman,6U$oQLEr_1
xboyd,Fs9#UHlUB+
xbradford,@WUY02ZjZ6
xbradford1,L(U5YLuK)*
xbradley,D$3XGYHNwg
xbrooks,%U*OLwsnu9
xbrooks1,*F6AOLv18b
xbrown,g$)v&9NkHM
xbrown1,7mtM3Rxu*)
xbryan,n4XTeH#p&9
xburgess,ki+@3E_jnM
xburke,OgM1Z8Tn&_
xburnett,g#m3W2hLMq
xburns,7w8Sxlg@b@
xburns1,J2A#Ed&h%4
xburton,5JUZ@3foG+
xbush,c8ZDr+aN*G
xbutler,i6&K#^Tt*3
xcameron,@NM5K77V4e
xcarroll,&7P!9Fxq4U
xcasey,#15CxDd$Am
xcastillo,)ng2SSg1A7
xchristensen,U44*I6VffO
xclark,iSb(SmxD!7
xclark1,43XnEmp*^D
xclark2,c0Nzw7Ctb%
xclark3,R4NhW3tn_4
xclark4,fe2F*dc5D*
xclark5,!e1bPKdiG0
xcollins,!6Wf@AAk#5
xcooper,q0eB1fnx&*
xcrane,cm3zNIbtL@
xcross,#F@u((LnC2
xcross1,toujnID4)7
xcunningham,k62VAn!s^L
xdaniel,^#@9K5pd8p
xdavid,%)K+x%LD1A
xdavis,n4c3W_Hxm@
xdavis1,*w^0ZK5euV
xdavis2,c4lvvMm)$A
xdawson,W@6qKK)kJ%
xdelgado,#t@1S&gwV5
xdixon,SG2^vVxkr!
xdougherty,uM8FhWw^g$
xduke,y!q0F$)o6P
xdunn,b5FNp2Ol_M
xdunn1,4NVm23#&%z
xfaulkner,2OpxL7GV!l
xfernandez,c5GGq6pD_j
xfischer,&vKTjEq2+4
xflores,dtv)OINg$4
xflores1,_%KqdEHi4v
xfloyd,)C@)Tc4fz0
xford,J$5FarMs)G
xfoster,az3HJ8i)%P
xfowler,!5C$hytB@o
xfrancis,03I0&sQp%O
xfranklin,^4cd3UrmZ)
xfranklin1,(s(l@WDWC2
xfrost,QN7SwEfB_6
xfrost1,R3Lx0kkl@E
xfuller,sXArZ0!kY+
xgallegos,42JCTnpM&D
xgarcia,)K6S1CtRQB
xgarcia1,!2+p33+tT@
xgarcia2,_ZM4_xVcU0
xgarner,0PDFP)Vp)y
xgarza,ZXp4KZi0X$
xgarza1,01TzTrju@h
xgeorge,V6)X1Aux6!
xgeorge1,%9h8_il3rP
xgilbert,Y3t9+Ko!+C
xglass,P_i9RbocPK
xgomez,QRX8Wj45#N
xgonzales,%4ULjdWl8M
xgonzalez,Jj3T1IQu4_
xgoodwin,Uw1zfQWww%
xgordon,P0R$@MvE!3
xgray,)7IHK!oG)&
xgray1,EK4NM*zX$J
xgray2,_b(RUEx7x3
xgreen,5pF^ZWlz#v
xgreene,(yVHvh$cC9
xgregory,32ZI@xrV#f
xgregory1,l6#Ek$+Y^O
xguerrero,0^v7Qds+!l
xgutierrez,$nfE6iIT6Z
xhale,_1CMRfrlZB
xhall,#^06LLEz(h
xhall1,vK2r6OXv%Q
xhall2,zt2EKr^!i%
xhamilton,_$2FCeymHj
xhamilton1,b*w6N0iNt7
xhancock,+5s3epRZgI
xhansen,_wk6T10LQ6
xhanson,c19gE0UG!i
xharmon,gz42PohM(h
xharrell,FbLzRY(9)5
xharrington,v!7P!U$xM7
xharris,%NXbB*Gj9f
xharris1,^_&MhW6F5v
xharris2,_6eA^OyQof
xharrison,z7&KIOxT_C
xhart,Kk7Y2YaO#@
xhayes,!w!aKE+96e
xhenderson,M+x8^^zoMI
xhernandez,(%0@p^HgzS
xhernandez1,zh+#8KjMU_
xherrera,$D5BDoaic9
xherring,^fWRyf*79g
xhines,YP0U^Nr)M^
xhodge,#guQ%aU&3y
xhoffman,_6((1GMsTe
xholland,W+00IfiQCs
xholloway,_6n*Ze70^t
xhorton,@9UqCHp&*T
xhowe,z0U%WsF$!p
xhuff,9bMTnSnm!)
xhughes,@2)N1DBv)p
xhumphrey,*JFS)g)d2%
xhunter,&1W2o30w1@
xjackson,z$Z7Wyru#e
xjackson1,+j76^JNma%
xjackson2,&4)u%JdP%n
xjacobs,0soSVryg#V
xjames,%#(#2FTzEO
xjarvis,wzM41Yw58%
xjenkins,IVBFxCgT*8
xjensen,T*4Edehcus
xjensen1,Y6S1Ics_#l
xjohnson,%bTI5Hdh@F
xjohnson1,(Y_cw+Oz$5
xjohnston,L7AUvFxW(7
xjones,*_yI35deGM
xjones1,$x3FeYbf#p
xjones2,J*6RIAqN$Y
xjones3,q^X_h5Vq&W
xjones4,$6XJx0cu4G
xjoyce,^98A02_vMX
xking,_9YLRSTbc$
xking1,zh3MBW69J_
xking2,$lES*we$h9
xking3,B)6ki0_y6V
xklein,^W3G4C2fAb
xkoch,6*J^4&Uf_(
xkrueger,GWkgv6nAA$
xlam,V#61eWZp#Y
xlambert,P2kZBJz+)c
xlambert1,!6pbxH_pQt
xlarsen,!4S3TYJvix
xlawrence,&3GBewzKj7
xlawrence1,Wrz4ppVy!0
xlee,Bu)0T2jT@2
xlee1,X2TTzzDv#6
xleon,!+3GdfUdba
xleon1,D^7Bcvdf6j
xlewis,T@2SiiCu+5
xlewis1,*fBp8f@m34
xlewis2,+RBG(Ubu3H
xliu,&T5NnBK74(
xlong,+m%Q3EMcQ$
xlopez,p5IU&gp#+Z
xlopez1,@zNRI01sN8
xlucero,$Iq&WtEio4
xmack,8rXIWr6u&*
xmaldonado,Ql*81HETw+
xmalone,C6lFbLmE%X
xmartin,D%1hN_om2@
xmartinez,d_*Pt3LxJx
xmartinez1,!1qP5tXgoJ
xmartinez2,!cmDaZKV6s
xmartinez3,*(53JVyg7D
xmaxwell,^0EvWREzmA
xmcdonald,NfV#99Ur^(
xmcdonald1,z4qQo#yP_3
xmckee,0&7Yav_5+!
xmcpherson,%4@WY)mtUh
xmeyer,^1WGNx)pxv
xmeyer1,#SB+AReY)3
xmeyers,DQ05BvO*U_
xmeyers1,_GkZrmfT9)
xmiller,nNn4MtAaG_
xmiller1,%2VPDJK1b3
xmiller2,4U0Q4(Km+@
xmiller3,g40^0AAzw+
xmiller4,rRJm2PAc#8
xmills,W^%2fNkI!D
xmitchell,*06oB6p%N!
xmitchell1,#9IYyOHtnN
xmolina,(5Eu8Uf2Dx
xmontgomery,a$49UIXy0%
xmoore,k#5GEcZkCD
xmoore1,%H%ZSrpjB2
xmorgan,B7vPPmUn+X
xmorris,2C1kz7ByE!
xmorris1,yD%QZAke&4
xmorrow,Wf^7eUei_3
xmurphy,&r4yOiLQ5U
xmurray,Gi54JO7j_U
xmurray1,!5ElrRXgEm
xmyers,dxtp9*PP9*
xnavarro,F_&2PMXvR7
xnelson,5g6E1Hhs(E
xnelson1,Eq_gy7Kx%J
xnewman,i@9MEv4D_V
xnewton,&7E9GcASIJ
xnguyen,R_#b3Yjjto
xnguyen1,B)4Jxti0jo
xnguyen2,!B4XSewZ9v
xnguyen3,h7L^%11n+c
xnielsen,A9Za%buu@^
xnoble,QzPQJEox!2
xnoble1,0$6pW0eGTA
xoconnor,CdX6zLfO$e
xoliver,KO5$%f$cI$
xoliver1,BfN51OJ^S(
xosborn,HEQ9dDKoX+
xosborne,kAx#4E!f!j
xosborne1,K2KHbYp*&E
xowen,iS%!14HqG$
xpalmer,&4P7AlsQU@
xpalmer1,FTUSCmar+0
xpark,3PJ4AjPbx(
xparker,h#z54Og)ki
xparks,39EZbvfA+I
xpatrick,#iF3DsdD7_
xpatton,UfOrIXyg#1
xpayne,&fMf!gbmp3
xperez,#o6*CuZ9@t
xpeters,Jf3I9Vwp#2
xpeters1,o0)DoA7z_X
xpeters2,)72eIDkcY+
xpetty,#EtAu!Pf8N
xphelps,&@1DcBxtVC
xphillips,n#^s6ShiC(
xpope,(PT^kDx^0W
xporter,y^HE5JBJgh
xpowell,&BgFnWQe9&
xpratt,!25Ymedz#6
xprice,5H2YDyaZ4&
xramirez,(Q5l4Pe(Kj
xreed,!FZgXb@x1)
xreeves,*dMx6QwCv!
xrice,)9J8&DlunL
xrichards,nJ3BSpAj#V
xrichards1,2$J6ZzTa%)
xrichardson,^7OxtU&xTq
xrichardson1,)s&7fXvkxp
xriddle,+su3ICFwW0
xriley,y@0LK8GwnP
xriley1,+^IW_Wk)7o
xrivas,_h71Y8Jpyz
xrivas1,SB7IE+FrZ#
xroach,QyT8A^WrI*
xrobinson,FnZBZd%X^9
xrobinson1,X(e73Et9z^
xrobles,$3Q+Rzjeji
xrobles1,@^5DXkuXRg
xrodriguez,S1jenMmi*C
xrogers,Q5+tR#jn_s
xrogers1,1ZwAQ*Mj$h
xromero,S(8(KTVr&Y
xrose,0$SQldr+#X
xross,&&obf4By$b
xruiz,+556EAs5kt
xrussell,)Z5AXP%ol+
xrussell1,Z*U(4V(rj_
xrussell2,k^1w+J#ri@
xrussell3,B3A6Sn0bR#
xryan,(p7LBaQz9W
xsalinas,w5@TngwT+$
xsanchez,)HbI9x1I%8
xsantos,DQr1M!9af&
xschultz,_1Ypzvsn3%
xschultz1,_hAo6JxZCP
xsexton,j&g8^QrhB)
xsharp,$t4XeEX$1l
xshaw,d%7E2Nkfn0
xshort,Lq0saGr$#P
xshort1,#_1Yqi_m63
xsilva,&lOWnw^OO0
xsimmons,B#4MzNAziP
xsimpson,DzLub@rs@0
xsims,VwY2R6d4*$
xsmith,f5@7OOjxzx
xsmith1,EP&)3KlkYb
xsmith2,!F4ZqUt*g$
xsmith3,yAVgg02m%5
xsmith4,@*KBzGvD@0
xsmith5,#5QGauehLl
xsmith6,+0GG))iYh$
xsmith7,#9bhNxbEBR
xsmith8,r+0Nl#v2lW
xsmith9,9$9Ed7zDlL
xsnyder,+Gxm8NTvS#
xspencer,B0DQp@9v%0
xspencer1,1R8GPAbr)y
xstark,f%30nyAy!j
xstephens,+yP)N@lhf6
xstewart,c4&SNZIp(O
xstewart1,p!1E45hgui
xtaylor,Z3)eHYSo^W
xtaylor1,+6RIFpvlJH
xthomas,G)#1nVbstf
xthomas1,EhC6S9wP+2
xthomas2,+55KaN+vee
xthomas3,DM1gEk(u%F
xthomas4,3LKIrBf9(M
xthomas5,WiVu4PEb%4
xtrevino,*94Ds_6Yb(
xtrevino1,(eCOmFy5k7
xturner,#x9LQcC)+a
xturner1,x34UE#%A&7
xvaldez,Gn4dQiHv_@
xvalenzuela,#$1UKlilWJ
xvasquez,6JEWR6wt_3
xvasquez1,aOuA3C#e+5
xvazquez,JuK1R78OM$
xvelasquez,*9@THgoHxW
xwagner,@Y4OCYAc+&
xwalker,ovl1wVSYy%
xwalker1,D@05XJVz1w
xwalker2,3aFCsmck!7
xwalters,vihZtcw_&4
xwalton,%1bwiOon9G
xware,%1TZkAoqdD
xware1,zJ!N7UjxSx
xwarren,^9SznZ4n5z
xwebb,@t&1AxS)D6
xwebb1,gW8FS3q5n+
xwebb2,T@%9TyRthL
xwelch,_R1x1KtD%n
xwelch1,^4L5ZtCz^!
xwerner,35%@8HXh%D
xwhite,G#*06GHzEU
xwhitehead,(#8J35EbY2
xwilkinson,&&&LBe^P3k
xwilliams,)1V3Y8&sn#
xwilliams1,_9XgjLfle7
xwilliams2,2f7sX$kzV*
xwilliams3,A1tMEkX3*h
xwilliams4,3u3H)eDm*S
xwilliams5,aY3#(Whv%)
xwilliams6,47GVTAbu#f
xwilliams7,%tO8#H_ski
xwilliams8,%^5W%*Wru)
xwilliams9,Z&3MdUPTOq
xwilson,88atfqxd)O
xwood,nEghmV4t%5
xwoodard,*q1QTHv%_0
xwoods,@i3SmW!#@A
xwoods1,%yMrHGz152
xwoods2,oBi98Bhg%!
xwoods3,m1P%aVef#8
xwright,j_b8Vu@y$+
xwright1,*yw6u9QhE%
xyoung,3U47eCbG^*
xyoung1,yTD*V9^F*5
yabbott,G8BAKVga*U
yabbott1,f%x7LfIpaz
yacosta,*1aMhlr4G2
yadams,#90KDh(&Ab
yadams1,kY!A9RZoE%
yadkins,i9*UQI%@^u
yalexander,ZNgT+6Cc&7
yalexander1,g#0BFu*F*Z
yallen,(4Xu8SBlLz
yanderson,b!2M4PIq+Y
yandrews,)wBLcato9!
yangandrew,_)98K2ri2t
yangcalvin,8t7R8lHk!!
yangholly,$k2CiNHf(h
yangjohn,#hG_rHhH5B
yangsteven,c4WdijDs%x
yarellano,y0joF034(i
yashley,@#GP4*tu53
yatesjennifer,U2+_oJ+f@5
yatesmichael,g_6W*vf4oo
ybailey,(GM5bTSi0z
ybaker,%6OJugjFY$
ybanks,($DvmQLDj0
ybecker,)0AR+v6b97
ybecker1,VQ)+1tRb87
ybell,$6s&UYM3c3
ybennett,08F%v3Rw*!
ybenton,_4IfJI$x8(
yberg,Z9Tc#WeS_b
yberger,CX81iIRw#v
yberry,+^0m)Z!Z8o
yberry1,5o8HFZ29&4
ybradley,m7PpNxgy%G
ybradshaw,sk83OdB*0!
ybrock,ZPR3Ios1^J
ybrown,(2K%Zh4wX7
ybrown1,@Wt7(Pm933
ybrown2,)4Iz3QopNo
ybrown3,ak%2L%ov)g
ybrowning,8A#kN1c%)e
ybrowning1,@95pQkHzf&
ybryant,w!c9R+5y7N
ybuchanan,qsYq1Je&I^
yburns,u2oROKMqB#
yburton,(8&GPByP_1
ybush,Qx@2lNym_0
ycampbell,D1%7hPw9_N
ycampos,@qDZx#aun8
ycantrell,ywWKvzY&&0
ycarrillo,)5AL1Y+lJ1
ycarrillo1,oAWArSsp)4
ycarter,1!lR3rA2wx
ycastro,#0uCkG#g85
ychavez,@CPzVi@iK1
ycherry,(7sDVPoxst
ychoi,RF77HwCi$C
ychristensen,rr3d4JrE#^
yclark,7+uP9T6q%K
yclark1,f82Xw6Asb*
yclarke,+wW0KqfLoC
ycobb,R)6d4NX@So
ycole,%(+j0Qajjh
ycollins,(CN79r*uc5
ycombs,^Dq21zPuVO
yconway,$i#dXKhKu8
yconway1,1&EOes+3@3
ycook,#NaAnLHa8d
ycopeland,^6Tpm1ebgK
ycox,(I5LRFcd0x
ycrawford,PPXGY3c$#9
ycross,j$0L*+vegi
ydavenport,$(%9W#KjBd
ydavis,PZ690JfLW^
ydavis1,$mVzL@GW&3
ydavis2,%n9CWp2bu!
ydawson,PGwH1OXj)A
ydean,@&$8BMpnZ4
ydeleon,sd%3sRy)MU
ydeleon1,td+4AsaePj
ydeleon2,9XfeHL4v!0
ydowns,wpX%y9WhuA
ydoyle,t9cZDjc$^z
yduffy,b81O0kn&+#
yduncan,6t#As+QR%5
yduncan1,se_7RvAK4)
ydunn,+qwFLBibT0
ydunn1,jyvA!v)4(6
ydyer,D%52cFOtrM
yedwards,IJ76MA8d&Q
yedwards1,o7bTIe*c!b
yelliott,^6JDRrnr)!
yerickson,nuZ$5fGdV@
yeseniabarajas,vDu6X1Tx#C
yeseniabender,u3F5NFdn!r
yeseniamoreno,#7MsUpSUO0
yestes,$2P@ThnX_w
yevans,+w!7Yl5ptM
yevans1,@6GIHcHpGq
yeverett,s4bSNKUd%g
yferguson,3dOqR5vg)J
yfigueroa,)WS0siVueO
yfitzpatrick,%4Olu)6d+P
yfleming,M^6W*P$u*P
yfletcher,+PxkuCp3F2
yfoster,o^7s!UDsaQ
yfrancis,1^4sSz#txx
yfriedman,75CMe3q&^J
ygaines,RSaE6rzqg*
ygalloway,&0XJ8wrG#E
ygarcia,(q1dEnex#w
ygarcia1,c40r0Ni!*e
ygarrison,lbkM6Nq11)
ygibbs,OK8HGp^H(@
ygibson,1CAFlwLZ*5
ygilbert,&(@U4F)eCN
yglass,K10V^p$a@j
yglenn,%GSl+4uZR4
ygonzales,3XISl7PW)n
ygonzalez,I1@Q6hyv$U
ygonzalez1,F#1%E%wIG*
ygoodman,EU!4uI+w6a
ygordon,%1!&c4Eyzr
ygraham,3r7A*Oxrh^
ygregory,g&4jQoj!No
ygriffin,u9b2U#pi$7
ygriffith,^%Q0X1w44W
ygross,triE*^hn(2
yguerrero,K*3TRh9r$Y
yhale,5FfUNrki$4
yhall,9k%1LskPEL
yhamilton,nz5PFFF3j+
yhancock,9_67Nm*o+9
yhaney,#pz3J0O7M7
yhaney1,$2U9Cq#lKC
yhansen,kUP2QYf3c_
yharper,$9)N4!shn6
yharris,#MCsi!gS(4
yharris1,l0FaORum%#
yharvey,u9BDtEDQ(6
yharvey1,O%5fsNkjq(
yhawkins,%5PTO7fr&$
yhayden,1&7Fk!NzMS
yhayes,%+6SzS&xy+
yhayes1,!OE4uQmj)7
yhayes2,*6ToeVuB)0
yhaynes,^n9Z!18Ya0
yhebert,)4FNcYFl6M
yhenry,yJ)l8GsR)+
yhenry1,Rh_2dDqo#X
yhernandez,#j8pDv%d2I
yhernandez1,YLNGRoua_3
yhickman,R6Kz78Eu_c
yhicks,pqTdpNSN*2
yhicks1,Vs@+0PTkbV
yhill,(AEnAn*U3p
yhill1,b3DrLLjt@w
yhinton,tk4Qugvc_u
yholloway,e*6SSfgPg2
yhopkins,+)e61Tp7*S
yhopkins1,1TyAoDn#+0
yhopkins2,L)2LVz(M%k
yhorton,1q%E3N5o*%
yhowell,&H9fOebHG_
yhughes,X4QBM7o)#k
yhughes1,_pRLUyS@N4
yhughes2,_xl0Xbgb!u
yhughes3,7*KTaSMd#1
yhunt,0LYEpdMe)U
yhuynh,@glWuynh#3
yjacobs,cg&9GS)6f_
yjohnson,$l9VRGOi^+
yjohnson1,%#Th4(4c(3
yjohnston,v%bM1mOxoh
yjones,!Lo5F+vFXr
yjones1,(w4cEdak4X
yjones2,)7F^c)caep
yjones3,Nd^9HDKow@
yjones4,9bFKT%i5#9
yjones5,buNUMtOf#7
yjones6,xY6Tg$0w%B
yjones7,+pJpq#GLU6
yjoyce,Y_Aj3NhhH6
ykelly,)w6Iqc_cA7
ykennedy,3cM(BpE9*A
yking,sBwCv*4b&9
yking1,Db3Va&Z90)
ykirby,%eciG3NwyY
yklein,#hZBWpGIv4
ykrause,)nk8Y0Kt5&
ylawrence,8b)c4fOhz$
yleach,7@42iYHp!)
ylee,$3oBEYa&Vw
ylee1,zNS2^gDa_1
ylevy,j81NyUF0#e
ylewis,(3hBoiN(l5
ylloyd,8eMAo3l1@6
ylong,_)h@Of_pc1
ylong1,%03kVzcix0
ylopez,914#LurZ$(
ylopez1,a(B3r1DfQ6
ylucas,cDcCgIKz#2
yluna,*46YycUnnQ
ylyons,C^90EFZv^6
ymahoney,Z_7CsSzbyP
ymalone,+NyKw*)Kn7
ymann,+3gXGBfwFe
ymartin,(kkJ)yMgU9
ymartin1,#4kmhiCry4
ymartin2,**HgZehU6f
ymartin3,_*Z4AgDE)9
ymartinez,D$6L6!obQ1
ymaynard,(@Hwo9gF5#
ymccarty,(qYQu8lO$1
ymcclain,+#5Xk)He)y
ymccormick,uO3iG9k7g#
ymcgrath,$8C_iCqdbU
ymedina,hX272zNn%&
ymelendez,fS7WQcpw^u
ymercer,k@r5w29cEY
ymiles,^9)3Tvmb*y
ymiller,(&GJd9Sg!^
ymiller1,(2AW+rNxvk
ymiller2,II9INiHrk_
ymiller3,aa(4D6Dxy#
ymills,Ti2id8Kh(Y
ymills1,XK7&^Bsc^1
ymitchell,ze5E8%E7P+
ymoore,7pzSB*Yf*7
ymoore1,&i1*CVszr9
ymoore2,%MTu^Wtf(3
ymoore3,g$d35qZmgY
ymora,zEO(5Vt834
ymorales,A7Y%MMp6$O
ymoreno,a0ScVLDz+x
ymorgan,05TQZtK_^L
ymorgan1,)XV0A#BlKQ
ymorgan2,5vqH4U*vm^
ymorris,4#h1%7Ir4B
ymorrison,+)4OT&$jnF
ymorrison1,^+v_37Ee7n
ymoses,*$Wq9Au^++
ymoss,Bo7Mu@oV1%
ymullen,q+4zPWft#I
ymurphy,@e0s6MXcM9
ymurray,H4Hacixq)n
ymurray1,G8FTf)fG&m
ynavarro,(941SFyb5w
ynelson,$k7FhEXWhB
ynguyen,8SH$EWfD*)
ynguyen1,%0QpU5xey2
yochoa,m$9qYmXNq^
yoderdylan,egAg2PPse+
yoderthomas,o+8Pm)krI3
yolanda01,+tSy8M1ccP
yolanda04,g&tv6Wmi$y
yolanda07,$xG1Hy3a^!
yolanda12,QzEgrAzr+0
yolanda13,!gikUrteZ7
yolanda28,WfVkJRjy_3
yolanda38,+8MkER@@BJ
yolanda40,&d1zp2Qv$y
yolanda46,)6vPqxzB1r
yolanda70,8N)g&4Mg*P
yolanda86,1388XlySD$
yolandaanderson,_*JYczqo0N
yolandajensen,wmY^kF58)4
yolandaweber,VAwa9yRxd@
yoliver,_lrK0pBi$9
yolsen,(2L&l1YoF2
yorkbrandon,#zQ3DrEs7R
yorozco,9Bh*1Sujbr
yortega,$W0pboRgaH
yortiz,^_B75%aj12
youngalexis,O2&FxkZy*6
youngashley,@aA$@si5M9
youngaustin,&3xJFK9bnB
youngbill,!*25UjA$m4
youngbilly,_I(T1arg4c
youngcarol,5Qs^So2w(6
youngcindy,jh+P3T0j5(
youngdanielle,(_GH2Rj@w)
youngdarlene,M6F89PPd_e
youngdarlene1,^EUN2+Ecv2
youngdebra,#(F7QWLu3R
youngdiana,R!1wJgzjUR
youngdonald,&JP&7BeDbf
youngdonna,SSz_9Lb@$m
youngelizabeth,@&9FyN%(7o
youngjesse,96DtClxs*j
youngjessica,)3Kab#Bwy)
youngjillian,r#4OX_w3mE
youngjodi,80)rZZqj*A
youngjonathan,&XMLPUawg5
youngkathryn,H(g28GiTX*
youngkimberly,#680K8py@l
younglatoya,axOZ1tgy*0
youngleslie,!9GgGU)DXp
younglori,8LQGY#pY+1
youngmartin,Z#8WyHHflB
youngmatthew,$4S+!nnwM9
youngmelissa,l+0Kg*WARr
youngmelissa1,57Y$cAvF&_
youngmichael,#lJ6Qt8GP#
youngnicole,&MQ0O*r2e6
youngpenny,P8EZK2nh*1
youngrebecca,6L_R7Gw(@0
youngroger,oCq5DiCn)x
youngscott,tY6gLBdoZ#
youngtammie,#PW7sMGK6j
youngtammy,(tPZ5&TNH6
youngthomas,oXZW09Hf@6
youngvictoria,$S1^3F8aUA
youngwilliam,r3QmPGKk(g
yowens,)dh4vJtZp&
yowens1,Ni2Jse8I$0
ypadilla,@G+7wP_hiM
ypadilla1,h9oiVhZ_^U
yparker,g&0Zoanveo
yperez,5s5M1(Xq)T
yperez1,&+AsFc3_!1
ypeters,y7D8SxYy(7
ypham,!P%z!Mtkf8
yphelps,Z%P5IemA%x
yphillips,_3^Yk)Kcmw
yphillips1,h#o0Gl^mDZ
ypierce,*yWikB+&34
ypierce1,l_lK9SiX%k
ypowell,1q+9J%F8H_
ypowell1,6rS)UhUN%T
yprice,oLZ7rfzlD$
ypruitt,tXr6eXgq**
yramirez,^vc^7WKrI8
yreed,!R5A&uuWIQ
yreese,!(FwbQxJw9
yreynolds,*Bo4Fmas6$
yrhodes,F_F43QRhc&
yrichards,_VWgkK)z3F
yrichardson,&IMqTbQTX7
yroberts,+7iZgAay6o
yrobinson,!2p#Q()s^f
yrobinson1,t787zUde*L
yrobinson2,fCw^7OynXR
yrobles,Km3vUtRu+d
yrodriguez,7M2edIj9@J
yrojas,mn7FnKXl+&
yrose,&(U4SzLlTj
yross,SduBEGgS&7
ysalazar,39Y8lYdn_B
ysantos,kNF0isMqH(
yschneider,(5)zlFIaJ#
yschroeder,h$7GX2NaY)
yschultz,S1mpRkuA+F
yschwartz,Z7zgz66m%M
yscott,rpL*81Vzci
yscott1,%2RpAjy08K
ysexton,(R6Dn%Ib*)
yshea,Ez57RZ$Wf$
yshelton,!49RoHCeyY
yshepard,$Dj1DbNs8n
ysilva,MVoWxdsP+4
ysimmons,&QX*hiKZ$9
ysimmons1,0j3F+s0g_n
ysimpson,+FXw$aeGQ2
ysims,Zru@q9T%_#
ysmith,e4j(IGk6!v
ysmith1,v&)4^AbSO(
ysmith2,+3kSyC1b7g
ysmith3,592w9Vlz)$
ysmith4,m%sijSAx(8
ysmith5,j3URC+sL@%
ysmith6,H3Nww9GI#Y
ysparks,$W3ZQ*nn7q
yspencer,)+*5k3Lv6I
ysteele,+JAGM(cNT4
ystevens,*bWEWMwar0
ystewart,+QlcIpvi@2
ystewart1,ix3GR@Ivv!
ystewart2,$v9xJzAr*N
ysullivan,*gQYoi3I0&
ytaylor,K*7bQiYyA&
ytaylor1,)M8%Rf5k$Y
ythomas,m3bZTUDZ&F
ythomas1,YW4CMwlV!B
ythompson,_Z_57e8jh)
ythompson1,&#6EBhoHNX
ytodd,!HKlkYh%a8
ytodd1,+3#QyQ2lD0
ytorres,&)TvN!A!5o
ytorres1,(s&4i*Fq4)
ytorres2,C1A!rSai^q
ytucker,*4Tk$o@D6H
yuchristopher,x01D2T(si%
yupatricia,6bU7UK(z^h
yvaldez,GK6FK1Db#A
yvalencia,P&Zy4jOlSz
yvasquez,+F621WsgDt
yvaughn,#S81F10mMF
yvega,ObADbC#j@5
yvette39,Sz(8gaVx!F
yvette75,IT46pZ2zh(
yvette95,%eR3A(UoPE
yvettearellano,_BR52PLd^8
yvettemoore,6#1W0U)h#E
yvettemorris,r0xFDeIM)$
yvillanueva,Z_6N@)vaCx
yvonnechavez,)E1W94vf8&
yvonneroberts,lKo1CrrOe$
yvonneweiss,%0IsCCLHv5
ywade,DY$1SxMc$T
ywagner,!1DzYHnLkL
ywagner1,!hMki4m28p
ywalker,d@X6(FNt22
ywall,#sYgVZOg3Y
ywallace,y7cmgN5f#P
ywallace1,Ik9Y@j$ud_
ywarren,RJ9GYZpy%3
ywarren1,4py1urBwX%
ywaters,_1TYjcy(gk
ywaters1,H04HaWZXw^
yweaver,%iIt%hv@05
ywebb,$w5GtRuoee
yweber,nr0Ij2ju%9
yweeks,$k2(V)#vCH
ywest,&H1jHMMq+i
ywheeler,7$2YoEx*_o
ywhite,$7ZpKMso41
ywhite1,$z3Z_&VBm2
ywhite2,)qRMGo3Zy1
ywhite3,Er5rqVIsC%
ywhitney,!m*XP!u(14
ywiggins,*)UJT)kf6b
ywilkins,!4DXyf9v)m
ywilliams,OFg%4Abrie
ywilliams1,c$2Q89nOnT
ywilliams2,w5cU&ONN+W
ywilliams3,m4^bQchs_)
ywilliams4,(1!gL1iKrI
ywilliams5,8CDFU(Ct$3
ywillis,nnr*34BhE!
ywong,^&&7oS_m7i
ywood,i996S94U#n
ywoods,hs6U8YjvQ*
ywoods1,ZU6hV)e8^J
ywright,@*Awd#&kX0
yyoung,Z)Ni*9Vx_F
yyoung1,+M0tSLBhV)
zacevedo,^5EcxEOa@0
zachary06,!STPkD)F2y
zachary18,g@H6cXefcL
zachary21,8!@0@+SdN$
zachary211,qAnMxtWh_5
zachary26,xj5tDdwi!i
zachary27,h5LTrz8B+q
zachary28,Zom8PRtf%$
zachary29,%J)6XYy0T4
zachary38,_BKUhh0Vf3
zachary381,I3GL3Ira&X
zachary39,)%29vTqDte
zachary46,(54lsA&jsp
zachary48,(B9W&0he9i
zachary51,@OxPjrwU^0
zachary56,dh1KSas8T_
zachary61,WAz3QrcA)T
zachary62,@w0UKicmI7
zachary621,)J2c1TgCIB
zachary63,j(_(S1Qaju
zachary70,CS)XS0Lk!T
zachary74,icsY8Y+rU%
zachary76,5_f2lEUjsO
zachary761,(KFKaBpyp1
zachary80,^0^87Mlqie
zachary801,@xNXfM&Fl1
zachary83,_y7MGVbnS3
zachary84,#8ZYOoaPnr
zachary86,W87Ze5n!!^
zachary92,E8_8Z^atbb
zachary921,X@9!J_p8ed
zachary94,@+i90Ujfr*
zachary95,+$9FgIoiQx
zachary98,W&4q5+Ss6&
zacharybates,Z^dA8QioU)
zacharybecker,b*DrfJo$_7
zacharycraig,@3W15H#ceL
zacharydaniel,t$pX9MbUie
zacharydaniel1,cy25#JFn)n
zacharydavis,Vb0M+C0Cz*
zacharyflores,V36Gyoj$_*
zacharyhamilton,0_j)2TMwn5
zacharyhernande,$h#K2uDj09
zacharyjones,Bbs8MAama^
zacharylowery,@OAFc9&gg6
zacharymartin,nUvZ5F0t4!
zacharymartinez,RVI2rKq!#V
zacharymiller,O1rp^7Rd@E
zacharymiller1,g+2q8E)DOe
zacharymorris,%sJTaduul7
zacharyneal,m@)3IbL7_%
zacharyortiz,hcFp^7Kc8d
zacharyramirez,V&3(CwLSeT
zacharyray,Kv5EEM&HO*
zacharywebb,8QdjSDpX%_
zacharywhite,6bu9I9Vc*r
zadams,)(t8Gf!cU^
zadams1,)A7Ek@Zml8
zadams2,%$2MVZLm&9
zaguilar,_IBeRWts^7
zali,zN+96Qlsv_
zallen,3Y983ElsC%
zallen1,69xEHhFB)a
zallen2,5fLeWl@c)V
zallen3,#&r2C%7oYZ
zamoracurtis,*BM4%Vq1y_
zamorajeffrey,^Pl9Trzis7
zamorasara,83J59(Vf#%
zamoratyler,n%C1GrF^p(
zandersen,)9ZReoF!d7
zanderson,J#9CHfvx4h
zanderson1,!c6VWzDYG4
zaustin,UEQU^5OneD
zavalaamanda,yK1C31ajB_
zavalabrian,h&3yUz@uUA
zavalamelissa,_qig_DlP0q
zbailey,#rZ#pHda0B
zbaker,yds2YMrf@_
zbaker1,04zBSECp%k
zball,)SBwga5tp7
zballard,^6T67(yqpq
zbennett,4S2HJ+Dg3#
zbenton,@*P0iYhh6H
zblack,gO!7hqIpl(
zblanchard,H5CGdxh*!l
zblevins,#u69MGem&E
zbowers,aQC3U9Bpf(
zbrock,b^fv9dqqFL
zbrooks,9r+9)iCxaj
zbrooks1,Hv58jSKKb&
zbrooks2,z9NU#iEx&q
zbrown,@5YWhrqXKh
zbrown1,6K4N1b5w+V
zbrown2,*8%eyJKEAf
zbrown3,i&Pj9ZiebM
zbrown4,_8a_sUrsLn
zbrown5,u9x+F0nd*C
zbrown6,*OsRkMNe1A
zbryant,$4qcJ^motf
zbryant1,^6Mv2tkz9@
zbuckley,^B8Q7NbK^u
zburnett,@bvSMk^31L
zcabrera,*9mVnQX*x)
zcabrera1,+8Guv)*O^8
zcallahan,4JCl8FdDp&
zcampbell,sHz#4Qo*($
zcantrell,g(11fWS3Kp
zcantu,XmCii@es*9
zcarroll,#0)Niwuuf4
zcastillo,(AGDdE4823
zcastillo1,hg3@(Zy(@W
zchandler,0fIT5f$H)x
zchapman,)Y7MmpTipD
zcharles,PU7UhY3e&p
zclark,@Jw6JKtb1H
zclark1,DOM4HsCB_u
zclark2,Hs+^9Tf&HQ
zclark3,@nJ_W(tav2
zclayton,34i*&Kau$5
zcole,8)6YXGaJ#V
zcole1,1xP2*tsV_I
zcoleman,H$6qBmbzet
zcoleman1,1xo5CW&f@7
zcollins,M$CwqniG+4
zcombs,)a3iPAXu8^
zcompton,3H%O75zh$B
zcook,1q1GWZJkb+
zcooper,CP5Q1eUnG^
zcooper1,1NX35Ysz@D
zcooper2,+#l#VfAwQ4
zcortez,&5LTxefw+D
zcox,!L2GyFuM&o
zcrawford,4NIADiq##)
zcross,)9UWu!h$m+
zcruz,(x3ZBmtk02
zcurry,XG^9MnuOh$
zcurry1,%Ei2LaPEhL
zcurtis,#7jA*WIz8b
zdaugherty,hLSYmfhO@9
zdavis,+xrFI9Wq9a
zdavis1,5!nLr7g^@4
zdavis2,gG2EecwY$d
zdavis3,2OO&@cXo+p
zdawson,J5Q%7M*z)r
zday,&wHr&5Huq6
zdeleon,$6iPkv4Kau
zdodson,&QM4P^wQla
zdominguez,%#4GhGAGQq
zdouglas,St@S2JpU!d
zdouglas1,p%4iH3*dSK
zduncan,3Rpy&R7e^3
zedwards,)7SEDxbnlm
zellis,#_@t_2VtU8
zellis1,^1$Chr(hca
zespinoza,+VGp3O112Y
zevans,(S0G2OUaYr
zevans1,$K^9HxsT(f
zevans2,53mAgR@n)Q
zfarrell,m_p0Hq8&L#
zfarrell1,^MC8(7MwoS
zfernandez,#1Vh8qr(sv
zfigueroa,^8Ky8c%PDJ
zfischer,q7^N1Oe1^d
zfischer1,a#9LBM*ylo
zfisher,0aIrs1YV!t
zfleming,sFj*1M6jwD
zflores,(10YSauK$t
zflowers,_NDWk@AbK2
zfoster,s0$_m2FhGs
zfox,)!^d9Vm6wf
zfranco,0%79$Zs1w$
zfuller,l6C$ajy%&S
zgallagher,@06Y6ka__d
zgarcia,O9_3Or*c#9
zgarcia1,+Me8uN1bJ^
zgarcia2,nf5&EyOR_F
zgarcia3,w394THAo%4
zgardner,RrG7cM0e@6
zgarrett,U1Jt9x_p*!
zgilbert,Ky_C7H8w%z
zgilmore,Evkv3VWRi*
zglover,_N2OK8c5un
zgonzalez,#0Igh%e)q$
zgordon,)7zOoAopoG
zgray,!d#LYDYx18
zgray1,(1c2R5sxc0
zgreen,*v6TGo!GdT
zgreene,C#4SxNJiD7
zgregory,&XgDQtbWR8
zgriffin,%T_hp5Ju3N
zgross,9$7)Zb70tj
zgutierrez,)VxpQJ5ad1
zhall,Eg0^4hYz#f
zhall1,#%3kKFhxgB
zhangadrian,!%aS2(MeXF
zhangchristophe,UN5h!4Bo#T
zhangkimberly,)E0AZayM)G
zhangmichael,xZ0ZYVVcK(
zhanson,kY2F&m1s$_
zhardy,)B3a@iInb!
zharrington,xKxFA(Gd&0
zharris,x6Q%aK0$*w
zharris1,)0+0cNmYBL
zharrison,)eBO4jsj9l
zharrison1,RHtl7Gr_j^
zhaynes,QgKZ9CKqY$
zhays,H#NcOvZv&4
zheath,(g#@A4Tp98
zherman,+1^PcIu1iw
zhernandez,5d&)6Ac9X#
zhess,&3J7+5fku9
zholloway,f&43BoIM*(
zhoover,u!T!0PZX!p
zhopkins,cE%4%qsV)%
zhorton,#54Ps!70Q4
zhudson,r&C1fPe3gj
zhudson1,^a1Op#%rXN
zhuerta,!OD5jAaeS9
zhumphrey,$+Oz(Sm79e
zhunt,w)!5Jbtk7o
zhunter,^H8uG5Gt$J
zimmermanaustin,CXSilc9z_#
zimmermanbriann,JjUTa%(6)5
zimmermandawn,d!O8@NxW*9
zimmermankelly,2EQhgAOl!_
zimmermanlisa,W#W31^KpkY
zimmermansean,&z@I7nKo)n
zjackson,3K5PKiT!_1
zjacobson,xL@*6YFk*I
zjames,0eIInA1@+M
zjenkins,(%R4XryILD
zjenkins1,Td1mHXEJ3_
zjimenez,&3AeGHNhnH
zjohnson,P%)+7(OjXX
zjohnson1,^0Eu30qYM1
zjohnson2,(VYVC!En83
zjohnson3,)TYQtwls60
zjohnson4,4RVfxNS&@G
zjones,L(q2ZgRz%r
zjones1,$r1yTdyY35
zjones2,+37BDJmF)&
zjones3,Jm05HwH10!
zjordan,zR2^eLrM#^
zjuarez,_(2PZk2!D(
zkane,Jo754G8l#(
zkane1,H$z8HeyKEP
zkane2,NY7PJat_5&
zkelley,G2Il0WMm$N
zkemp,D07Fe)zF_+
zkim,%X#T8wi$*9
zking,4vy3jERNa_
zknight,!c(nT@Im45
zlang,$gJ@1)VmFW
zlarson,^56P3mKWX5
zlawson,Dg9nYA$d9_
zlawson1,Uf8!i3HvBH
zlee,@72!GExd^d
zlee1,UAg%2BBwqa
zleon,*f0pg^Lj(Z
zlevy,OGDJ7bJf@8
zlewis,1RjU6qFqB)
zlewis1,&&*F7Sfz0F
zlewis2,taTuKIfA+5
zlewis3,S2qdVd$H_O
zlin,!1TJq94VZM
zlivingston,+KE@d1mSE6
zlong,I8PludC!_Z
zlong1,&HCc$ztA0p
zlopez,S2NsIxcz&b
zlopez1,_oV4I!Gw32
zlopez2,E^52+!VeaG
zlopez3,#K59Sg^a*#
zlopez4,47QS*cTh(p
zlynch,m*5LV1n2(8
zmacdonald,$5N*bgMhxA
zmanning,E0Yg@J13$p
zmarsh,V+4GKMdX%R
zmarshall,0BXje3Cg^8
zmartinez,f*I1oFe1OU
zmathis,Vg9AuY&w3_
zmathis1,e!I2Mi)w^c
zmatthews,$r*4QO%mm*
zmccoy,C33yL1oy+5
zmcdaniel,+3Zj1KxB(7
zmcintyre,_FxV#Lcpg1
zmckay,_ABn4MfVhQ
zmckinney,!0WWK2A2ke
zmclaughlin,4vc$oQxt@i
zmendez,@1LHntLmZ#
zmendoza,)*3^Er8z_q
zmendoza1,QP70Wam7V)
zmeyer,(o!BWh(Pe7
zmeyers,f6CNYRk8#y
zmiller,&x1PEVyCe4
zmiller1,azh5THs)D$
zmiller2,3#37XP@dfk
zmiller3,&nUB0Z4lg8
zmiller4,b$8O3YClx$
zmiller5,*76L)#Oyag
zmills,(Z6wkVfBth
zmitchell,+*7Fr3S3K6
zmitchell1,(5#sS9NWrj
zmoody,yO8EDVPrg!
zmoore,QA4&2BBfoM
zmoore1,z9A_dFY5%3
zmoore2,+lxY&3Iu96
zmoore3,@mezuW%vC1
zmorris,!3cR&mU+h9
zmorrison,V_1EJb3A13
zmunoz,$31D&$Yl!c
zmunoz1,&9UeLrbq1A
zmyers,xSvJMLhp@6
zmyers1,rHPAnwyS!5
zneal,*9Y&xE$Y+F
zneal1,(*1oE5oS&Z
znelson,DS3lhZyOz*
znelson1,Z7KtlIeT_v
znguyen,+n8aI(ltR9
znguyen1,s@u0VO50Ql
znguyen2,@ehM8RjYS(
znichols,e+1AY@)y^!
znorton,g)yAAh2m*2
zoe80,xM6bD$Go)C
zoe96,*7Sk!Fpc^(
zortega,qIdZ8L(m_8
zortiz,%7n5BfuClh
zowens,Ks0JWq)H)1
zpace,lO*0Aom5!q
zparker,$5apfNFk#^
zpatterson,$ikS7$^Gc5
zpatterson1,%8WI3zIlp(
zperez,(+4KCj7xrb
zperez1,Cyl+d2Ubq^
zpeters,d3Fzsh!9#U
zpeterson,Z0hu7^Gq@^
zpeterson1,U_M19jZq(C
zpeterson2,(CGAphWad0
zpetty,t7EDFx1x#V
zpham,*(0EForJNz
zphillips,qf4gCbrg4!
zphillips1,@3LrHwO&xx
zpittman,#Ho9QFOsX^
zporter,nCEgL9tjs!
zpowell,##Pq8Tjn34
zpowers,(0EKUe0c2t
zpowers1,KYl4FSap(0
zprice,K@2CMTvn@8
zprice1,O)xK0UFy&E
zquinn,qU2_5y8vK^
zramsey,x*K4Oiu$7i
zray,nm4RL05r!7
zreese,(GCN7z4#k8
zreid,%6%hIMbWr)
zreyes,v3RU6UxE*f
zreynolds,^W@4Lg7tr_
zrichards,h*P0FBhfAa
zrichardson,(9U91CnatI
zrivas,$0J8jXNVp3
zrivera,G*_3MFFmvH
zrobinson,wa4L2(7d)K
zrobles,(%!8KDs&c$
zrodgers,v7!8q4Ab+I
zrodriguez,#V7FsWbkpl
zrodriguez1,q(G8XyVnyi
zrogers,Z*x9Ws2z&%
zrogers1,E#V4otNqPu
zrose,5L+8OuxwC)
zross,!3kNbynx^_
zrowland,G(X!hhUC%7
zrush,_1L((Appa3
zrussell,(k83hSlkS)
zsalazar,+v6tR(lV0^
zsanchez,)M3C!SdpY5
zsanders,jCU5CXNvl)
zsaunders,C^4FJCqw(l
zschmidt,G)5aIP4xar
zschneider,+s&K(XS_)1
zschultz,%S+5Lk2iOa
zscott,T*z8cTRW7p
zscott1,V@_2rH7pe2
zshaw,$_4UqyzGsv
zsherman,_E3coLlOY^
zsilva,*QL5Msk9h%
zsilva1,bC+8bIsg+C
zsingh,3@6Gk%lh3%
zsmall,Y9VT6zd(+Y
zsmith,5DUDo9ZiX%
zsmith1,rh4Eqg7yl$
zsmith2,CA$9Il&*t7
zsmith3,%(0^lZvzQ%
zsmith4,$m9z%Y5k%F
zsmith5,#pY#+9BgqI
zsmith6,e8lCVScj@X
zsmith7,$1UaFkfn6R
zsmith8,NpRPkKK)&6
zsmith9,_xID%@R378
zsolis,@W9Rk%2r!t
zspears,C6RJxNPK&h
zspencer,2_GeKvxh(K
zspencer1,7#85LtfZNB
zstark,%x8jAat^k5
zstark1,_62XK#zAJS
zstein,A9rjDwIg%o
zstevens,$l5P@tG!35
zstevenson,lN^5Ni$xr2
zstewart,$5R+fXM(Eu
zstokes,N900HRGl4$
zstuart,&I2XUs1nu%
zstuart1,wNOygW#@@9
zsuarez,)vPhApeh3w
zswanson,4^AP9iChOL
ztapia,00WrGXlx$K
ztaylor,cn29Cplj^G
ztaylor1,)W6VPuaH&*
zterrell,^6Mb0YvbMs
zthomas,)_)pyaTz9p
zthompson,_*q7%T_eef
ztodd,k1LLdQzw%w
ztorres,&2AHAmflRf
ztorres1,bOY3tEi&@)
ztorres2,#I1Ke#fH(G
ztravis,8J!1lwSuxR
ztrevino,b0W&lqCn#2
ztrevino1,!sr2mFFq)W
ztucker,@32YWoe7Zb
ztucker1,^vrM_Goc(1
zunderwood,#1jBTjBZp1
zunigarebekah,%7X5Y#Qhdo
zvasquez,@H)Cd5@Gw6
zvasquez1,Ap5J*cco*1
zvaughan,(_PFzni59P
zvaughn,^_88gJKh8p
zvega,F7C@mpel#E
zwalker,#7uqK!FdC8
zwallace,xi08DClB(P
zwalter,&r2)u*Gq51
zware,d8S6F&d$7&
zwarren,7$4L(Is_S@
zwarren1,_9CfUc9mgD
zwashington,!y!__QVy1s
zwatts,2s+G*Wi8(l
zweaver,$7iD!KNnyS
zwhite,g!86xdvi0J
zwhite1,D^0_oLhywd
zwhite2,xZXZ)7NvF+
zwhite3,o!m8NippZW
zwhitehead,_S^Wuh5t2Y
zwilcox,NnEI3CWq)*
zwiley,hn9HZpJ6E%
zwilkerson,O4xwj+Pe*q
zwilliams,2zRS1QJh%A
zwilliams1,U)1UUrnevS
zwilliams2,uo8OrrOg$0
zwilliams3,v_g3e$WpFh
zwilliams4,s6i4yAIs&(
zwilliams5,33$S8&gF_4
zwilliams6,F+0OrVdzs&
zwilliams7,&C)HZCkm)1
zwilliams8,0#63EdlA+L
zwillis,&66GKd)ZA5
zwilson,2@0MPRopin
zwilson1,%O5BtHaC62
zwong,+2P)LtMtbq
zwood,_@%!x6Sp0Q
zwright,&&2PHmO(#Z
zwright1,^vdfUZByu4
zwright2,4xH^Ghgc+v
zwu,@UW6qGVoV%
zzhang,&3iMaVtT^4
zzuniga,ir1Ro14y(^
