BranchID,ProductID,StockQuantity
B001,PRD0032,257
B003,PRD0680,32
B007,PRD1065,150
B005,PRD1413,268
B006,PRD0162,150
B003,PRD1349,222
B003,PRD0973,42
B008,PRD0607,137
B002,PRD0582,193
B007,PRD0974,269
B008,PRD0422,7
B002,PRD1340,269
B010,PRD0175,277
B003,PRD1030,199
B003,PRD0698,108
B001,PRD0992,97
B005,PRD0275,123
B009,PRD1269,248
B004,PRD1284,95
B003,PRD0114,116
B002,PRD0595,182
B006,PRD1491,267
B002,PRD0051,227
B005,PRD0549,185
B009,PRD0180,42
B010,PRD1400,286
B008,PRD1356,232
B006,PRD0899,129
B001,PRD0955,291
B001,PRD0795,139
B004,PRD0885,80
B006,PRD0519,51
B009,PRD0489,84
B009,PRD0573,280
B002,PRD0114,72
B008,PRD0197,240
B006,PRD1337,103
B008,PRD0489,225
B002,PRD0878,109
B005,PRD0223,54
B001,PRD0842,100
B004,PRD0540,179
B008,PRD1410,52
B005,PRD0744,50
B010,PRD1281,225
B009,PRD0289,131
B002,PRD0169,179
B001,PRD1277,205
B008,PRD0729,122
B002,PRD1188,270
B001,PRD0801,56
B009,PRD1258,238
B008,PRD0329,274
B006,PRD0581,191
B010,PRD1286,180
B007,PRD0916,176
B003,PRD1374,97
B005,PRD0020,189
B010,PRD0362,159
B008,PRD1192,281
B008,PRD0618,7
B007,PRD1273,195
B010,PRD0536,247
B001,PRD1179,41
B002,PRD0349,241
B008,PRD1500,111
B010,PRD1210,222
B005,PRD0445,228
B008,PRD0043,258
B007,PRD0921,236
B008,PRD0540,99
B009,PRD0454,95
B003,PRD1393,252
B003,PRD0841,160
B008,PRD1239,113
B009,PRD0130,108
B002,PRD0118,77
B002,PRD0188,168
B009,PRD1443,31
B009,PRD0537,149
B007,PRD1039,262
B010,PRD1020,62
B010,PRD0139,81
B004,PRD0447,165
B010,PRD1092,49
B008,PRD1091,34
B003,PRD0616,35
B006,PRD0868,45
B005,PRD0376,57
B003,PRD1202,292
B001,PRD0283,83
B007,PRD0595,276
B006,PRD0177,278
B007,PRD1095,5
B003,PRD0715,98
B005,PRD0943,296
B008,PRD0446,161
B009,PRD0103,80
B002,PRD0825,191
B004,PRD1079,115
B001,PRD0466,3
B006,PRD1303,26
B001,PRD1015,224
B004,PRD1096,33
B001,PRD0475,177
B008,PRD0481,109
B006,PRD0060,130
B004,PRD1262,171
B005,PRD0700,124
B008,PRD1460,90
B001,PRD0047,87
B002,PRD0226,70
B004,PRD0368,118
B001,PRD0052,142
B005,PRD1473,19
B006,PRD0620,3
B002,PRD1244,220
B004,PRD0666,203
B010,PRD0614,144
B001,PRD0103,171
B004,PRD1337,73
B010,PRD0532,217
B003,PRD0627,249
B006,PRD0544,281
B002,PRD0624,192
B003,PRD0103,276
B005,PRD1079,119
B005,PRD0957,270
B009,PRD0128,187
B002,PRD0116,36
B003,PRD0113,102
B009,PRD0416,218
B001,PRD0677,73
B009,PRD0874,275
B003,PRD0596,85
B009,PRD0382,38
B002,PRD0238,223
B009,PRD0317,211
B007,PRD0561,224
B005,PRD0013,165
B005,PRD0414,128
B006,PRD1238,209
B004,PRD0546,5
B005,PRD1070,109
B003,PRD0673,93
B005,PRD0780,36
B006,PRD1248,63
B005,PRD0473,73
B006,PRD1214,144
B007,PRD0100,177
B001,PRD1225,129
B008,PRD0427,121
B009,PRD1152,190
B002,PRD0879,192
B005,PRD1217,144
B006,PRD0961,275
B006,PRD1255,213
B003,PRD0139,178
B009,PRD0311,286
B009,PRD0123,233
B009,PRD1406,194
B005,PRD0962,111
B004,PRD0095,103
B004,PRD0176,97
B002,PRD1102,117
B007,PRD0593,115
B007,PRD1405,299
B009,PRD1036,73
B006,PRD0294,243
B008,PRD0901,296
B009,PRD1490,36
B004,PRD1447,295
B009,PRD1407,6
B001,PRD0493,156
B010,PRD0553,298
B001,PRD1339,239
B008,PRD0974,213
B008,PRD0485,189
B010,PRD0063,205
B003,PRD1441,234
B010,PRD1387,169
B001,PRD1281,2
B001,PRD1452,1
B002,PRD0076,100
B003,PRD0253,244
B002,PRD1288,106
B003,PRD1420,111
B006,PRD1211,226
B007,PRD0744,206
B008,PRD0927,45
B009,PRD0308,226
B003,PRD0212,198
B001,PRD0775,187
B002,PRD1201,222
B004,PRD1306,242
B004,PRD1417,89
B005,PRD1464,0
B007,PRD0251,151
B008,PRD0496,89
B007,PRD0541,11
B009,PRD1132,131
B008,PRD0199,275
B002,PRD0932,285
B004,PRD0874,257
B002,PRD0931,153
B002,PRD0480,188
B010,PRD1498,27
B010,PRD0072,250
B007,PRD0417,63
B006,PRD0176,130
B002,PRD0220,207
B009,PRD1181,135
B005,PRD0599,192
B010,PRD0490,259
B005,PRD1200,224
B008,PRD0959,18
B009,PRD1031,26
B006,PRD1032,4
B007,PRD0420,133
B006,PRD1468,222
B010,PRD0790,272
B004,PRD1033,96
B002,PRD0460,49
B001,PRD1013,271
B002,PRD0867,153
B004,PRD0547,204
B010,PRD1131,32
B010,PRD1093,228
B008,PRD0166,236
B009,PRD0249,27
B010,PRD0141,222
B008,PRD0629,220
B004,PRD0677,254
B003,PRD0326,9
B009,PRD0920,240
B002,PRD1408,88
B003,PRD1076,228
B007,PRD1444,138
B010,PRD0841,1
B007,PRD1015,102
B004,PRD0825,40
B006,PRD1424,205
B007,PRD0508,63
B010,PRD1310,275
B001,PRD0948,137
B002,PRD0198,126
B005,PRD1303,276
B004,PRD0153,217
B006,PRD0430,34
B007,PRD0838,82
B005,PRD0147,115
B009,PRD1211,182
B007,PRD0602,172
B008,PRD1354,0
B009,PRD0741,76
B004,PRD1053,267
B007,PRD0823,277
B004,PRD0225,208
B004,PRD0101,271
B008,PRD1495,151
B007,PRD0257,207
B009,PRD1249,142
B004,PRD1231,55
B001,PRD0738,238
B010,PRD0763,130
B004,PRD0589,137
B001,PRD0573,285
B009,PRD0783,189
B007,PRD0618,158
B010,PRD0777,253
B009,PRD1226,226
B004,PRD0469,283
B009,PRD0428,288
B001,PRD0828,228
B001,PRD1229,154
B005,PRD0595,232
B010,PRD1080,279
B002,PRD1394,151
B005,PRD0642,88
B004,PRD1086,130
B004,PRD0990,271
B001,PRD0181,46
B004,PRD0989,93
B001,PRD0957,188
B004,PRD0699,80
B009,PRD0426,226
B003,PRD1455,20
B007,PRD0270,153
B006,PRD0260,261
B007,PRD0425,67
B005,PRD0931,142
B010,PRD0767,118
B003,PRD0249,139
B009,PRD1304,37
B002,PRD1209,113
B005,PRD1218,278
B009,PRD1331,164
B003,PRD1227,216
B007,PRD0238,32
B002,PRD0781,222
B009,PRD0182,92
B004,PRD1346,265
B007,PRD1038,51
B007,PRD1340,117
B005,PRD0760,117
B010,PRD1408,86
B009,PRD0391,75
B010,PRD1218,200
B003,PRD0716,69
B010,PRD0823,224
B008,PRD1423,224
B006,PRD1085,265
B008,PRD0758,202
B005,PRD0869,55
B008,PRD0967,280
B001,PRD0776,276
B001,PRD0331,6
B005,PRD0073,200
B007,PRD0695,14
B003,PRD0778,40
B008,PRD0633,31
B004,PRD1222,11
B003,PRD0447,238
B010,PRD0550,212
B003,PRD0918,155
B003,PRD0882,153
B010,PRD0859,191
B009,PRD0593,133
B008,PRD1474,44
B010,PRD0668,252
B006,PRD0776,84
B002,PRD0403,63
B010,PRD1409,86
B010,PRD0581,31
B005,PRD0154,268
B002,PRD0869,182
B009,PRD0471,117
B002,PRD0753,73
B007,PRD1099,49
B002,PRD0432,150
B009,PRD0557,238
B010,PRD1134,289
B002,PRD1224,171
B003,PRD0020,33
B001,PRD0397,141
B005,PRD0320,67
B007,PRD1385,247
B007,PRD1030,20
B008,PRD0682,185
B005,PRD1000,174
B001,PRD0404,160
B005,PRD1357,274
B010,PRD0453,75
B001,PRD0147,99
B003,PRD1064,85
B010,PRD0961,90
B008,PRD0488,133
B005,PRD0338,171
B001,PRD0137,276
B009,PRD0987,258
B008,PRD0585,213
B008,PRD1244,157
B007,PRD1178,66
B008,PRD0073,241
B004,PRD1432,2
B002,PRD0642,131
B004,PRD1370,3
B002,PRD0045,286
B005,PRD1300,79
B001,PRD1471,211
B003,PRD0902,221
B002,PRD0493,295
B003,PRD0028,211
B007,PRD1442,52
B007,PRD1020,1
B009,PRD1190,151
B005,PRD0410,293
B008,PRD0924,2
B009,PRD0708,115
B010,PRD0531,285
B004,PRD1205,259
B010,PRD1407,277
B010,PRD0126,146
B003,PRD0934,226
B006,PRD0115,117
B005,PRD1071,140
B004,PRD0732,78
B001,PRD0863,152
B004,PRD0149,234
B002,PRD0361,190
B001,PRD0642,275
B002,PRD0669,281
B002,PRD1062,277
B005,PRD0602,100
B002,PRD0700,295
B008,PRD1360,52
B009,PRD0152,247
B010,PRD0947,79
B007,PRD0130,134
B010,PRD0270,90
B007,PRD1345,132
B010,PRD0900,53
B006,PRD0637,261
B010,PRD0793,150
B002,PRD0587,76
B009,PRD0145,56
B002,PRD1479,132
B009,PRD1379,206
B008,PRD1387,2
B004,PRD0896,186
B001,PRD1462,69
B001,PRD1221,141
B010,PRD0516,79
B001,PRD0952,195
B009,PRD0159,179
B006,PRD0225,214
B009,PRD0052,187
B004,PRD0161,222
B009,PRD0173,140
B002,PRD0353,130
B007,PRD0670,230
B002,PRD0985,206
B003,PRD1138,155
B001,PRD1423,25
B005,PRD0195,164
B010,PRD0830,78
B009,PRD0717,206
B006,PRD1132,21
B004,PRD0163,79
B008,PRD0696,222
B010,PRD0354,174
B008,PRD0501,64
B003,PRD0305,248
B002,PRD0278,265
B006,PRD0040,14
B008,PRD0555,245
B008,PRD1449,163
B008,PRD0340,246
B007,PRD1439,256
B008,PRD0681,161
B004,PRD0682,66
B002,PRD0639,219
B006,PRD1208,189
B005,PRD0047,298
B010,PRD0607,115
B010,PRD1036,4
B005,PRD1089,257
B007,PRD0914,146
B010,PRD1365,155
B004,PRD0066,189
B009,PRD1253,202
B002,PRD0547,225
B007,PRD0134,86
B010,PRD0282,299
B006,PRD0135,93
B007,PRD0401,118
B002,PRD0164,173
B009,PRD0719,54
B001,PRD1467,178
B005,PRD1044,166
B010,PRD0753,8
B006,PRD0243,82
B005,PRD0102,247
B008,PRD0046,243
B002,PRD0619,285
B003,PRD0198,248
B009,PRD1375,273
B002,PRD0419,57
B007,PRD0107,26
B001,PRD0231,269
B004,PRD1257,158
B001,PRD0609,25
B005,PRD0567,128
B006,PRD1033,92
B009,PRD1465,253
B001,PRD0519,98
B009,PRD0369,292
B010,PRD0030,285
B009,PRD0815,290
B009,PRD1377,270
B003,PRD0952,33
B002,PRD0993,225
B001,PRD1392,267
B001,PRD0509,94
B006,PRD1189,45
B001,PRD0780,145
B005,PRD1323,180
B003,PRD0748,55
B005,PRD1137,11
B003,PRD0935,280
B001,PRD0380,160
B002,PRD0949,206
B003,PRD0941,191
B001,PRD0837,173
B009,PRD1235,55
B005,PRD0124,87
B001,PRD1180,280
B006,PRD1108,109
B002,PRD1233,280
B002,PRD1093,297
B004,PRD0788,275
B008,PRD1424,286
B003,PRD1142,109
B004,PRD0344,294
B008,PRD0440,23
B004,PRD0027,177
B003,PRD1316,86
B007,PRD0981,129
B003,PRD0788,96
B004,PRD0304,228
B001,PRD0862,149
B010,PRD1039,22
B008,PRD1305,175
B008,PRD0266,266
B010,PRD0864,227
B010,PRD0079,225
B007,PRD0137,212
B004,PRD0361,73
B006,PRD1439,178
B001,PRD0855,272
B003,PRD0605,273
B004,PRD0387,290
B005,PRD0820,15
B010,PRD0291,13
B003,PRD0224,300
B003,PRD0102,114
B006,PRD0935,139
B005,PRD0166,196
B001,PRD1056,32
B009,PRD0596,292
B004,PRD0534,147
B004,PRD0574,139
B010,PRD1316,271
B007,PRD0743,252
B004,PRD1497,208
B006,PRD1228,68
B007,PRD1166,26
B001,PRD1165,69
B006,PRD0618,101
B009,PRD0390,64
B002,PRD1095,60
B002,PRD0488,81
B002,PRD0855,275
B004,PRD0265,179
B008,PRD1335,214
B007,PRD1053,11
B007,PRD0011,216
B009,PRD0095,209
B010,PRD0149,14
B007,PRD0724,291
B004,PRD0457,210
B008,PRD1413,95
B003,PRD0155,94
B007,PRD0560,6
B003,PRD1320,74
B005,PRD0513,299
B002,PRD1230,257
B006,PRD0038,244
B001,PRD1378,48
B006,PRD0723,264
B001,PRD1289,42
B007,PRD0871,147
B010,PRD1139,47
B010,PRD1208,9
B004,PRD1394,83
B006,PRD0096,30
B004,PRD0404,166
B007,PRD0253,80
B006,PRD0500,259
B003,PRD0189,23
B008,PRD1137,53
B003,PRD0856,161
B008,PRD1055,111
B002,PRD0720,285
B006,PRD0919,291
B009,PRD0607,49
B007,PRD0802,56
B010,PRD0433,300
B002,PRD1080,200
B003,PRD1137,28
B010,PRD0269,98
B006,PRD0376,46
B007,PRD0460,35
B004,PRD1413,158
B005,PRD0029,163
B002,PRD0107,130
B007,PRD0026,158
B004,PRD0524,160
B009,PRD1452,150
B009,PRD0713,34
B007,PRD0217,225
B009,PRD0502,168
B010,PRD1327,0
B005,PRD0422,149
B009,PRD1317,112
B008,PRD1292,25
B006,PRD0442,253
B005,PRD0795,167
B008,PRD0433,30
B004,PRD0467,107
B002,PRD0531,112
B004,PRD1311,202
B005,PRD0128,117
B007,PRD1164,4
B007,PRD0399,82
B002,PRD0688,77
B010,PRD0172,47
B008,PRD0359,59
B003,PRD0669,297
B003,PRD0391,254
B008,PRD0356,89
B007,PRD0785,278
B001,PRD0224,291
B007,PRD0398,269
B010,PRD0506,45
B006,PRD1373,172
B002,PRD0552,158
B001,PRD1407,20
B010,PRD0059,38
B008,PRD0267,22
B010,PRD0596,23
B008,PRD0170,185
B010,PRD0666,77
B005,PRD1418,43
B010,PRD1186,293
B008,PRD1274,243
B001,PRD0193,83
B001,PRD0654,192
B002,PRD0967,30
B002,PRD0734,170
B009,PRD1091,118
B010,PRD0839,15
B006,PRD1091,23
B010,PRD1405,298
B003,PRD0583,199
B006,PRD0362,138
B007,PRD0985,216
B005,PRD0807,180
B004,PRD0949,173
B006,PRD0200,245
B010,PRD0090,102
B001,PRD0750,111
B010,PRD1065,221
B007,PRD0102,43
B007,PRD1145,17
B005,PRD1074,199
B003,PRD1223,70
B001,PRD0548,200
B008,PRD0470,91
B003,PRD0494,270
B010,PRD0237,17
B008,PRD1304,247
B007,PRD0072,290
B010,PRD1284,290
B010,PRD0304,107
B003,PRD1139,76
B009,PRD1240,87
B005,PRD1308,216
B006,PRD0598,202
B002,PRD0644,146
B009,PRD0805,254
B008,PRD0687,248
B005,PRD0748,166
B010,PRD0400,92
B002,PRD0466,293
B003,PRD0350,272
B008,PRD0134,97
B009,PRD0697,240
B006,PRD0262,176
B004,PRD1133,23
B004,PRD0844,113
B007,PRD0726,64
B008,PRD0017,236
B003,PRD0377,191
B003,PRD0426,217
B008,PRD0818,85
B001,PRD0076,50
B005,PRD1114,160
B003,PRD1167,184
B007,PRD0402,120
B005,PRD0546,231
B010,PRD0740,134
B009,PRD0731,188
B003,PRD0098,8
B005,PRD0141,115
B009,PRD1357,278
B006,PRD1212,205
B009,PRD0365,72
B008,PRD0416,134
B005,PRD0294,164
B002,PRD1157,31
B005,PRD0346,50
B007,PRD1458,31
B002,PRD1465,13
B007,PRD1129,231
B008,PRD0860,17
B009,PRD0998,132
B005,PRD0298,171
B002,PRD0677,223
B002,PRD1270,224
B009,PRD1080,224
B009,PRD1162,140
B010,PRD1015,231
B007,PRD0738,168
B004,PRD0474,199
B009,PRD0550,39
B003,PRD0044,148
B007,PRD0311,190
B009,PRD1347,152
B006,PRD1234,96
B007,PRD0060,55
B005,PRD0886,235
B010,PRD1430,165
B005,PRD0800,182
B003,PRD0052,231
B009,PRD0099,174
B002,PRD1124,258
B003,PRD0764,34
B006,PRD0572,226
B004,PRD0964,21
B001,PRD0454,252
B009,PRD0981,239
B008,PRD1435,46
B004,PRD1125,60
B001,PRD0924,184
B001,PRD0069,5
B004,PRD1010,199
B010,PRD0662,248
B005,PRD0883,155
B004,PRD1001,197
B008,PRD0164,289
B008,PRD1253,163
B002,PRD0131,69
B004,PRD0952,284
B003,PRD0757,55
B001,PRD0889,84
B004,PRD1265,78
B002,PRD1355,298
B009,PRD1308,277
B002,PRD0471,268
B009,PRD1326,105
B009,PRD0117,155
B005,PRD1337,56
B007,PRD0505,85
B005,PRD1448,177
B007,PRD0528,107
B010,PRD0629,77
B009,PRD0516,126
B001,PRD0213,105
B006,PRD0371,163
B007,PRD0017,180
B006,PRD0141,172
B007,PRD1058,249
B008,PRD0460,95
B006,PRD1407,108
B006,PRD0446,125
B005,PRD0391,4
B010,PRD0435,9
B010,PRD0835,132
B006,PRD0387,166
B008,PRD0316,83
B006,PRD0394,78
B005,PRD0956,149
B010,PRD1161,118
B004,PRD1135,232
B001,PRD1141,10
B003,PRD0735,45
B005,PRD0799,264
B002,PRD1135,266
B010,PRD1272,207
B001,PRD0910,247
B010,PRD1224,18
B010,PRD0646,270
B003,PRD0970,105
B003,PRD0943,296
B007,PRD1376,45
B007,PRD0242,135
B008,PRD1026,29
B009,PRD0808,272
B001,PRD0713,64
B006,PRD0687,104
B009,PRD1410,191
B010,PRD1246,202
B006,PRD0631,195
B004,PRD0054,139
B009,PRD0816,8
B006,PRD0215,72
B001,PRD0695,125
B006,PRD1281,222
B005,PRD1222,134
B001,PRD0857,16
B007,PRD0351,222
B010,PRD0479,101
B008,PRD1441,144
B005,PRD1390,12
B007,PRD0511,211
B007,PRD1254,214
B005,PRD1051,85
B009,PRD0595,0
B001,PRD0478,48
B005,PRD1280,207
B009,PRD1068,29
B003,PRD0333,94
B007,PRD1033,284
B005,PRD0717,206
B001,PRD0656,95
B009,PRD1384,194
B004,PRD1117,17
B001,PRD0941,97
B006,PRD0741,183
B009,PRD0960,125
B001,PRD0755,167
B004,PRD0635,256
B006,PRD1051,212
B008,PRD0824,72
B004,PRD0907,99
B004,PRD1374,20
B001,PRD1444,77
B007,PRD0084,201
B003,PRD0276,91
B008,PRD0608,103
B008,PRD0314,235
B007,PRD0199,11
B002,PRD1152,128
B010,PRD0054,153
B010,PRD0529,151
B006,PRD0649,220
B002,PRD1220,210
B007,PRD0758,293
B006,PRD1138,107
B009,PRD0136,32
B004,PRD1171,18
B009,PRD1065,23
B002,PRD0264,243
B004,PRD0057,104
B006,PRD0345,287
B002,PRD0811,240
B001,PRD1279,291
B004,PRD0737,240
B008,PRD0784,114
B007,PRD0875,250
B007,PRD0507,254
B009,PRD0600,9
B003,PRD1184,222
B004,PRD1047,230
B002,PRD0426,246
B002,PRD1285,110
B003,PRD0448,224
B010,PRD0360,153
B002,PRD1269,119
B004,PRD1320,2
B008,PRD0251,220
B008,PRD0726,279
B009,PRD0316,234
B007,PRD1148,247
B004,PRD0313,119
B006,PRD0142,83
B003,PRD1024,141
B001,PRD1270,258
B006,PRD0512,246
B008,PRD0658,275
B007,PRD0863,294
B003,PRD1206,148
B004,PRD1091,8
B002,PRD0819,299
B006,PRD1216,11
B010,PRD0749,9
B006,PRD0945,144
B010,PRD1147,125
B005,PRD1173,212
B010,PRD0964,228
B008,PRD0985,267
B007,PRD1317,122
B001,PRD0446,128
B002,PRD1249,70
B010,PRD0430,21
B010,PRD0039,138
B009,PRD0005,228
B007,PRD1023,69
B009,PRD1166,253
B010,PRD0547,223
B003,PRD1453,159
B003,PRD0292,41
B009,PRD0711,183
B003,PRD0490,261
B008,PRD1458,255
B004,PRD1289,234
B007,PRD1326,161
B007,PRD0232,105
B008,PRD1245,78
B010,PRD0774,1
B007,PRD0034,286
B007,PRD0281,289
B005,PRD0477,116
B004,PRD1144,160
B001,PRD0176,257
B001,PRD0355,105
B006,PRD0623,77
B009,PRD0336,103
B005,PRD0070,133
B008,PRD0218,56
B003,PRD1084,94
B006,PRD0055,47
B005,PRD1232,260
B002,PRD0212,35
B009,PRD0067,71
B005,PRD1080,254
B005,PRD0794,38
B005,PRD0889,120
B010,PRD0710,192
B009,PRD0941,162
B009,PRD0725,67
B003,PRD0919,268
B007,PRD0339,142
B006,PRD1016,66
B009,PRD0800,80
B010,PRD0595,220
B003,PRD1391,116
B008,PRD0569,290
B002,PRD0218,182
B004,PRD0620,29
B009,PRD1471,253
B002,PRD0133,9
B006,PRD0479,41
B001,PRD1112,292
B004,PRD1392,51
B004,PRD1027,70
B009,PRD0611,70
B002,PRD1174,105
B008,PRD0819,83
B008,PRD0759,131
B003,PRD1360,88
B007,PRD0580,124
B007,PRD0907,117
B002,PRD0091,76
B007,PRD1170,225
B008,PRD0226,45
B004,PRD0931,191
B008,PRD0705,113
B008,PRD0408,146
B008,PRD0672,19
B008,PRD0348,52
B004,PRD0477,8
B002,PRD0861,174
B010,PRD0038,5
B007,PRD0040,193
B008,PRD0118,187
B003,PRD0699,147
B004,PRD1182,34
B008,PRD0293,276
B001,PRD1273,186
B005,PRD0674,130
B002,PRD1420,215
B003,PRD0522,127
B005,PRD0653,149
B001,PRD0025,190
B006,PRD0306,258
B004,PRD0567,134
B002,PRD0858,290
B006,PRD0316,167
B004,PRD0022,300
B002,PRD1272,0
B007,PRD0292,150
B002,PRD1015,247
B004,PRD0470,54
B005,PRD1339,114
B002,PRD0190,144
B009,PRD0895,172
B006,PRD1110,64
B010,PRD0102,161
B004,PRD0419,111
B003,PRD1093,8
B005,PRD0127,39
B010,PRD0888,37
B010,PRD0760,254
B005,PRD1358,226
B006,PRD0201,147
B007,PRD1109,47
B003,PRD0308,138
B001,PRD0917,178
B003,PRD0273,124
B010,PRD1113,70
B002,PRD1158,104
B008,PRD0621,106
B001,PRD0363,65
B003,PRD0747,18
B008,PRD1389,103
B003,PRD0695,199
B002,PRD0522,93
B008,PRD1037,112
B002,PRD0951,279
B002,PRD1366,91
B008,PRD1047,166
B006,PRD0947,64
B008,PRD0352,133
B007,PRD0191,179
B010,PRD1322,49
B006,PRD0065,279
B003,PRD1111,175
B010,PRD0940,157
B001,PRD0165,103
B008,PRD1429,227
B010,PRD0722,28
B004,PRD0962,13
B001,PRD0697,84
B001,PRD0723,117
B009,PRD0248,109
B007,PRD0387,292
B003,PRD0371,109
B001,PRD1488,182
B009,PRD0009,200
B001,PRD1202,49
B006,PRD0302,132
B006,PRD0634,271
B001,PRD0029,76
B010,PRD1142,255
B008,PRD0646,37
B008,PRD0130,297
B006,PRD0320,168
B004,PRD0208,123
B010,PRD1119,62
B003,PRD0719,235
B006,PRD0069,206
B008,PRD0276,277
B004,PRD1065,159
B007,PRD0720,177
B009,PRD1297,225
B005,PRD1462,286
B009,PRD0898,166
B002,PRD0851,97
B008,PRD0136,131
B005,PRD0259,48
B005,PRD0739,291
B009,PRD1090,203
B001,PRD0372,166
B005,PRD0453,122
B008,PRD1039,33
B010,PRD0594,136
B008,PRD0654,50
B004,PRD0912,117
B002,PRD0927,76
B005,PRD0402,223
B010,PRD0889,126
B008,PRD1263,243
B006,PRD1365,182
B009,PRD0893,55
B007,PRD0003,17
B001,PRD1205,217
B003,PRD1384,150
B010,PRD0867,180
B007,PRD0052,178
B009,PRD0508,245
B010,PRD0714,53
B003,PRD0564,8
B002,PRD0805,44
B004,PRD1274,284
B004,PRD0936,108
B003,PRD0246,113
B001,PRD0870,51
B007,PRD0348,24
B002,PRD0740,177
B004,PRD0409,114
B010,PRD1323,243
B007,PRD1073,181
B008,PRD1221,173
B004,PRD0933,11
B007,PRD1197,145
B009,PRD0845,131
B010,PRD0245,213
B006,PRD0931,250
B002,PRD1444,65
B002,PRD0363,299
B005,PRD0279,240
B006,PRD1380,6
B004,PRD1357,166
B007,PRD1495,129
B007,PRD0141,252
B005,PRD0428,67
B001,PRD0173,88
B006,PRD0444,57
B002,PRD0352,13
B001,PRD0666,177
B009,PRD0787,156
B005,PRD0725,179
B008,PRD1319,201
B008,PRD0457,188
B008,PRD0661,4
B006,PRD0018,17
B006,PRD0227,164
B008,PRD1228,280
B003,PRD0799,237
B001,PRD0975,178
B008,PRD0945,153
B002,PRD0222,14
B005,PRD0458,257
B009,PRD1039,103
B004,PRD1463,2
B006,PRD0352,293
B004,PRD0561,123
B007,PRD0752,174
B005,PRD0732,250
B007,PRD1110,38
B002,PRD0139,189
B003,PRD0322,215
B002,PRD1380,177
B010,PRD0015,79
B001,PRD0698,290
B003,PRD0671,80
B002,PRD0171,114
B008,PRD0121,247
B002,PRD1250,98
B004,PRD0116,184
B006,PRD1316,123
B005,PRD0625,203
B007,PRD0660,252
B002,PRD0070,113
B007,PRD0413,153
B007,PRD0971,259
B006,PRD1161,296
B004,PRD1253,210
B007,PRD0472,179
B010,PRD0409,81
B004,PRD1029,153
B001,PRD1450,238
B005,PRD0169,13
B008,PRD0565,48
B008,PRD0291,139
B009,PRD0728,107
B003,PRD0485,260
B001,PRD1207,262
B009,PRD0997,257
B009,PRD0259,136
B005,PRD1176,198
B009,PRD1284,56
B001,PRD1079,229
B001,PRD0626,49
B001,PRD0893,193
B002,PRD0484,91
B001,PRD0375,39
B008,PRD0195,20
B007,PRD1040,103
B008,PRD0800,159
B004,PRD0008,66
B003,PRD1031,170
B007,PRD1141,160
B004,PRD0564,209
B009,PRD1200,225
B009,PRD1151,23
B010,PRD0480,165
B009,PRD0447,127
B005,PRD0803,240
B001,PRD0930,90
B007,PRD1189,26
B009,PRD0647,213
B002,PRD1383,65
B001,PRD1206,262
B004,PRD1485,246
B001,PRD0463,294
B007,PRD0065,105
B002,PRD0103,46
B005,PRD0906,235
B002,PRD0607,153
B010,PRD0327,227
B005,PRD0908,39
B002,PRD0541,1
B006,PRD0346,166
B004,PRD0846,24
B009,PRD0048,114
B001,PRD0358,37
B007,PRD1377,146
B001,PRD1145,4
B005,PRD0413,112
B008,PRD0963,108
B002,PRD0429,170
B009,PRD0957,104
B008,PRD0167,211
B003,PRD0215,81
B007,PRD1425,33
B003,PRD0016,214
B010,PRD1232,1
B010,PRD0047,291
B002,PRD1422,220
B006,PRD0337,100
B005,PRD0115,219
B004,PRD0802,139
B009,PRD0140,189
B007,PRD0624,300
B008,PRD1337,203
B003,PRD0265,151
B002,PRD1115,141
B002,PRD1161,22
B007,PRD1169,56
B003,PRD0533,230
B004,PRD0892,272
B009,PRD0013,0
B001,PRD0190,255
B005,PRD1439,122
B010,PRD1026,25
B001,PRD0954,13
B002,PRD0770,14
B008,PRD0448,228
B006,PRD0078,231
B007,PRD0362,188
B003,PRD0092,138
B009,PRD0378,210
B004,PRD1443,68
B006,PRD0296,244
B001,PRD0894,166
B002,PRD0760,291
B001,PRD1319,74
B006,PRD0360,124
B009,PRD0558,52
B010,PRD0781,78
B006,PRD0939,93
B009,PRD1300,272
B004,PRD0585,72
B002,PRD0416,36
B010,PRD0385,52
B005,PRD1346,291
B003,PRD0439,218
B008,PRD0590,105
B005,PRD0560,174
B003,PRD0725,91
B006,PRD0015,282
B005,PRD0362,119
B003,PRD0904,54
B007,PRD0792,118
B009,PRD0848,32
B003,PRD1100,152
B001,PRD0747,246
B010,PRD0893,229
B004,PRD0180,260
B005,PRD1090,73
B003,PRD1179,169
B009,PRD1194,25
B004,PRD1070,279
B010,PRD0799,220
B010,PRD0655,26
B007,PRD1172,289
B006,PRD1410,292
B002,PRD1243,17
B003,PRD0325,45
B002,PRD0946,186
B001,PRD0099,221
B003,PRD1146,53
B005,PRD0220,246
B008,PRD0660,156
B006,PRD1107,142
B009,PRD0843,43
B007,PRD1090,153
B007,PRD0116,195
B007,PRD1338,19
B002,PRD0001,251
B008,PRD0131,174
B002,PRD0586,81
B002,PRD0540,72
B003,PRD0185,83
B005,PRD0393,35
B007,PRD0492,13
B010,PRD1243,206
B004,PRD0465,223
B003,PRD1077,106
B008,PRD0922,132
B009,PRD1333,69
B005,PRD1225,229
B002,PRD1453,245
B006,PRD0537,215
B002,PRD0546,68
B009,PRD0965,49
B006,PRD0119,213
B010,PRD1259,157
B002,PRD0277,135
B003,PRD0216,186
B002,PRD0092,160
B004,PRD0476,187
B004,PRD1422,297
B010,PRD1238,283
B009,PRD0395,136
B005,PRD0450,299
B010,PRD0599,135
B007,PRD1330,262
B007,PRD1241,195
B006,PRD0599,163
B001,PRD1136,296
B002,PRD0659,157
B006,PRD1483,67
B007,PRD1347,9
B002,PRD1099,53
B007,PRD0926,225
B008,PRD0689,300
B007,PRD0789,250
B004,PRD1246,228
B010,PRD0200,209
B004,PRD1277,70
B005,PRD0002,92
B007,PRD1455,139
B001,PRD0316,273
B004,PRD0311,218
B002,PRD0708,24
B004,PRD0526,279
B004,PRD0880,276
B006,PRD0008,97
B003,PRD0803,267
B004,PRD0287,139
B010,PRD0896,270
B003,PRD0639,164
B004,PRD0705,78
B010,PRD1328,15
B007,PRD0777,149
B006,PRD1330,46
B004,PRD1409,268
B005,PRD1355,194
B008,PRD0732,282
B005,PRD0385,42
B008,PRD0961,108
B010,PRD0341,86
B010,PRD0148,90
B008,PRD0866,275
B007,PRD1323,280
B006,PRD0007,2
B008,PRD0414,48
B008,PRD0474,243
B004,PRD0865,300
B006,PRD0131,149
B009,PRD1429,64
B009,PRD1470,231
B001,PRD1349,87
B005,PRD1243,73
B010,PRD1294,106
B002,PRD0219,74
B002,PRD0154,193
B003,PRD1468,89
B002,PRD1359,247
B004,PRD0664,145
B003,PRD0342,29
B005,PRD0355,231
B001,PRD1085,113
B007,PRD0537,111
B007,PRD0409,169
B001,PRD1326,93
B002,PRD1374,32
B006,PRD1362,229
B006,PRD0175,232
B005,PRD1344,280
B003,PRD0937,220
B005,PRD0449,196
B001,PRD1222,117
B001,PRD0306,236
B009,PRD0196,186
B008,PRD1092,9
B001,PRD0781,7
B008,PRD0287,92
B010,PRD1041,234
B007,PRD1063,159
B008,PRD0549,46
B002,PRD0129,176
B006,PRD0108,248
B004,PRD0686,52
B004,PRD1174,23
B002,PRD1065,145
B008,PRD0421,15
B003,PRD0511,137
B002,PRD0399,191
B010,PRD0481,81
B007,PRD0169,97
B008,PRD1328,86
B002,PRD0959,181
B003,PRD0415,123
B009,PRD1165,196
B001,PRD0245,169
B002,PRD0603,187
B003,PRD0853,287
B009,PRD0813,263
B007,PRD1238,137
B005,PRD0971,51
B001,PRD0596,146
B001,PRD1482,81
B003,PRD0032,68
B010,PRD0988,249
B002,PRD0579,257
B010,PRD0604,124
B010,PRD1002,9
B002,PRD0140,62
B001,PRD0026,292
B003,PRD1012,233
B008,PRD0881,122
B001,PRD0376,197
B006,PRD0577,183
B004,PRD0675,140
B001,PRD0313,175
B010,PRD0554,254
B008,PRD0994,282
B009,PRD0841,176
B008,PRD1359,235
B009,PRD0088,29
B005,PRD1226,89
B004,PRD1425,151
B006,PRD0589,84
B003,PRD0590,144
B010,PRD1028,28
B009,PRD1328,17
B001,PRD0236,211
B002,PRD0517,255
B001,PRD0891,233
B007,PRD0877,128
B009,PRD0695,157
B007,PRD1346,29
B009,PRD0950,66
B002,PRD0448,287
B001,PRD0816,230
B001,PRD0317,209
B009,PRD0993,262
B005,PRD0156,15
B007,PRD0717,38
B004,PRD1350,171
B010,PRD0696,5
B008,PRD1144,211
B002,PRD1473,167
B002,PRD1395,28
B010,PRD0803,230
B006,PRD0152,17
B005,PRD1471,110
B009,PRD0748,96
B004,PRD0098,133
B005,PRD0455,266
B006,PRD0898,266
B005,PRD0388,17
B009,PRD0073,280
B004,PRD1404,36
B007,PRD0702,149
B008,PRD0574,161
B008,PRD1013,173
B001,PRD1442,12
B005,PRD0982,259
B002,PRD0656,189
B009,PRD0062,240
B010,PRD0422,64
B008,PRD0659,103
B003,PRD0263,176
B001,PRD0414,223
B007,PRD0367,219
B004,PRD0777,134
B006,PRD1376,213
B003,PRD0143,67
B007,PRD0085,70
B007,PRD0750,185
B010,PRD1126,287
B007,PRD0142,125
B006,PRD0484,49
B005,PRD1384,182
B004,PRD0073,127
B002,PRD1321,65
B002,PRD1315,94
B001,PRD0436,98
B002,PRD1460,12
B002,PRD0184,227
B008,PRD0040,43
B004,PRD0719,54
B006,PRD0487,259
B004,PRD1210,286
B001,PRD0093,6
B002,PRD0537,289
B005,PRD0133,228
B010,PRD1129,259
B001,PRD0297,263
B008,PRD0110,76
B010,PRD0787,28
B001,PRD0073,227
B007,PRD0280,216
B003,PRD0582,13
B009,PRD0623,246
B007,PRD1243,133
B007,PRD1086,45
B005,PRD0976,259
B006,PRD1109,107
B009,PRD0972,97
B009,PRD0625,189
B009,PRD0603,293
B006,PRD1487,160
B006,PRD0907,197
B003,PRD1113,247
B001,PRD0525,110
B008,PRD0594,244
B003,PRD0298,147
B004,PRD0271,172
B007,PRD0300,18
B010,PRD0057,137
B001,PRD1243,111
B009,PRD1371,118
B001,PRD0951,204
B002,PRD1237,253
B009,PRD0740,105
B009,PRD0318,175
B005,PRD1235,51
B001,PRD1472,191
B007,PRD0178,154
B008,PRD1015,252
B009,PRD0567,279
B003,PRD0556,66
B006,PRD0449,72
B006,PRD1338,299
B009,PRD0453,147
B007,PRD0506,258
B006,PRD1488,258
B009,PRD0295,195
B007,PRD1371,192
B004,PRD1075,202
B007,PRD0306,296
B005,PRD0933,197
B004,PRD1107,10
B001,PRD0558,228
B006,PRD1034,100
B004,PRD0913,104
B002,PRD1470,159
B008,PRD0996,165
B010,PRD1233,119
B006,PRD0472,194
B002,PRD0577,81
B009,PRD0553,123
B008,PRD0734,30
B010,PRD1205,299
B007,PRD1325,154
B001,PRD1428,212
B007,PRD0840,166
B009,PRD0277,81
B003,PRD0557,157
B008,PRD0852,133
B007,PRD1327,57
B009,PRD1445,26
B007,PRD1231,93
B007,PRD0031,32
B009,PRD1067,112
B008,PRD0791,187
B010,PRD0635,133
B001,PRD0819,169
B003,PRD1385,203
B005,PRD1136,138
B001,PRD0667,174
B007,PRD1025,199
B005,PRD0948,91
B007,PRD0298,83
B002,PRD0848,38
B009,PRD1451,96
B008,PRD0260,180
B010,PRD0496,16
B005,PRD0909,187
B009,PRD1278,232
B002,PRD1002,183
B007,PRD0274,280
B008,PRD1109,52
B010,PRD0832,217
B005,PRD0087,118
B005,PRD0990,7
B008,PRD0014,188
B007,PRD1451,158
B006,PRD1461,146
B009,PRD0766,73
B009,PRD0307,132
B008,PRD0085,81
B010,PRD0926,267
B003,PRD1402,187
B010,PRD1358,208
B006,PRD0956,28
B007,PRD0798,131
B006,PRD0270,181
B007,PRD0973,222
B001,PRD1144,155
B005,PRD1387,133
B009,PRD0267,187
B004,PRD1397,80
B001,PRD1463,175
B009,PRD0932,297
B006,PRD1179,273
B005,PRD1476,270
B008,PRD0165,32
B009,PRD1277,293
B010,PRD0447,53
B010,PRD1053,102
B010,PRD0151,33
B010,PRD1295,212
B003,PRD0302,109
B007,PRD0918,137
B009,PRD1243,62
B006,PRD0085,238
B003,PRD0469,185
B007,PRD0904,173
B002,PRD0614,89
B005,PRD0742,152
B001,PRD0232,194
B010,PRD0917,167
B008,PRD1414,15
B002,PRD0295,285
B004,PRD0330,190
B005,PRD1133,190
B004,PRD0250,8
B009,PRD0642,182
B008,PRD0982,13
B005,PRD0954,183
B002,PRD1466,77
B004,PRD0826,245
B010,PRD0676,290
B010,PRD0920,233
B010,PRD0727,86
B005,PRD1383,252
B004,PRD1189,173
B001,PRD1045,139
B004,PRD0887,129
B008,PRD0034,22
B007,PRD1403,144
B010,PRD1081,51
B002,PRD0584,21
B001,PRD0550,146
B001,PRD0912,130
B003,PRD0182,254
B002,PRD0060,84
B010,PRD1180,143
B001,PRD1358,18
B004,PRD1494,76
B001,PRD0416,148
B001,PRD0208,160
B007,PRD1077,74
B002,PRD0288,14
B007,PRD0964,197
B006,PRD0876,73
B005,PRD1005,48
B001,PRD1411,219
B004,PRD0703,162
B003,PRD0570,132
B001,PRD0735,135
B007,PRD1151,72
B005,PRD1434,145
B001,PRD1148,22
B009,PRD0081,80
B004,PRD1005,101
B003,PRD0974,119
B002,PRD1123,115
B010,PRD0364,286
B008,PRD0656,137
B005,PRD0110,88
B003,PRD0797,239
B006,PRD1150,155
B005,PRD1309,291
B008,PRD0036,98
B006,PRD1494,36
B006,PRD0591,256
B009,PRD1426,136
B007,PRD0021,229
B001,PRD1093,192
B006,PRD1169,150
B003,PRD0137,255
B006,PRD0475,52
B007,PRD0168,232
B004,PRD0508,165
B006,PRD0365,171
B006,PRD1005,7
B005,PRD1369,93
B009,PRD0190,10
B008,PRD0556,207
B007,PRD1471,199
B007,PRD0410,222
B009,PRD0357,167
B008,PRD0462,158
B006,PRD0184,217
B006,PRD0633,244
B009,PRD0146,125
B010,PRD0004,123
B003,PRD0850,152
B002,PRD0087,175
B006,PRD0708,264
B009,PRD1184,80
B006,PRD1220,238
B010,PRD0660,3
B010,PRD1413,169
B006,PRD0715,279
B001,PRD0983,170
B006,PRD0915,295
B005,PRD1075,186
B005,PRD0181,266
B010,PRD0657,139
B006,PRD1411,185
B001,PRD1162,159
B002,PRD0890,231
B003,PRD0784,69
B009,PRD1195,296
B002,PRD0711,108
B008,PRD0815,194
B005,PRD0420,82
B007,PRD1312,236
B008,PRD0198,171
B008,PRD0302,84
B005,PRD0083,138
B007,PRD1051,197
B006,PRD0559,129
B008,PRD0274,172
B009,PRD0907,246
B004,PRD0472,108
B008,PRD0389,274
B002,PRD1427,69
B008,PRD0161,174
B004,PRD0264,159
B010,PRD0372,163
B006,PRD0671,166
B004,PRD0713,36
B007,PRD0515,272
B005,PRD0161,84
B006,PRD1444,98
B003,PRD1011,275
B005,PRD0539,168
B005,PRD0613,141
B003,PRD0714,238
B010,PRD0209,0
B001,PRD1401,34
B003,PRD1462,26
B008,PRD1483,256
B001,PRD0653,89
B004,PRD0033,39
B004,PRD0519,50
B005,PRD0100,184
B006,PRD0594,231
B003,PRD0865,170
B005,PRD0626,283
B009,PRD1009,272
B003,PRD1237,174
B007,PRD0700,205
B003,PRD1090,186
B005,PRD0075,96
B007,PRD0740,70
B009,PRD0251,200
B004,PRD1037,45
B008,PRD0336,90
B010,PRD1312,270
B002,PRD0259,49
B007,PRD1486,291
B006,PRD1403,112
B001,PRD1000,83
B001,PRD0229,156
B004,PRD0312,178
B003,PRD0994,66
B002,PRD1454,93
B004,PRD0329,228
B001,PRD0022,17
B004,PRD1209,83
B007,PRD0954,54
B006,PRD0327,128
B005,PRD0777,292
B003,PRD1188,158
B006,PRD0632,14
B001,PRD0902,6
B002,PRD0615,30
B006,PRD0408,286
B010,PRD0349,83
B001,PRD1459,269
B002,PRD0326,57
B005,PRD1220,153
B010,PRD0944,179
B003,PRD0586,234
B010,PRD0745,44
B001,PRD0761,256
B010,PRD0695,244
B006,PRD0752,62
B007,PRD0554,192
B003,PRD1118,179
B001,PRD1285,238
B003,PRD0581,93
B004,PRD1340,243
B006,PRD0748,20
B006,PRD0421,75
B007,PRD0799,147
B001,PRD0091,150
B005,PRD0571,184
B005,PRD0630,226
B001,PRD1006,183
B004,PRD0017,61
B006,PRD1135,268
B009,PRD0626,114
B008,PRD0553,152
B010,PRD1392,201
B002,PRD0897,82
B002,PRD0697,39
B002,PRD0266,112
B003,PRD0894,107
B009,PRD1434,103
B001,PRD1240,250
B002,PRD0871,202
B006,PRD1475,105
B009,PRD1084,218
B010,PRD0179,67
B003,PRD0019,286
B004,PRD1406,105
B006,PRD1222,283
B010,PRD0938,208
B010,PRD0801,25
B007,PRD0263,30
B010,PRD1276,2
B006,PRD1232,104
B005,PRD0371,206
B009,PRD0350,103
B008,PRD1272,213
B003,PRD0604,11
B006,PRD0099,102
B010,PRD1231,144
B003,PRD0861,44
B002,PRD1074,32
B005,PRD0333,97
B008,PRD0510,27
B002,PRD0364,129
B003,PRD0933,96
B006,PRD0112,137
B004,PRD0764,198
B004,PRD1347,151
B001,PRD1129,9
B003,PRD1140,99
B007,PRD0464,276
B002,PRD0306,6
B007,PRD0641,181
B009,PRD1054,57
B002,PRD1342,97
B001,PRD0958,281
B008,PRD0273,234
B001,PRD0841,42
B004,PRD0808,159
B002,PRD1073,45
B004,PRD1159,174
B006,PRD0950,144
B010,PRD0996,198
B009,PRD0655,139
B003,PRD1229,5
B004,PRD0583,214
B005,PRD0853,99
B001,PRD0108,199
B007,PRD0623,84
B007,PRD0746,240
B010,PRD0902,198
B004,PRD0974,229
B002,PRD0877,262
B001,PRD1025,98
B010,PRD1087,268
B006,PRD0183,298
B008,PRD0424,267
B001,PRD1440,90
B007,PRD0458,91
B008,PRD0429,147
B010,PRD1476,250
B004,PRD0013,202
B009,PRD1487,218
B006,PRD0235,48
B007,PRD0173,255
B004,PRD0028,292
B008,PRD1029,16
B001,PRD1107,54
B005,PRD0964,257
B006,PRD0415,33
B010,PRD0225,106
B009,PRD0534,12
B009,PRD0926,264
B006,PRD1328,31
B008,PRD1187,90
B008,PRD0930,142
B010,PRD1191,59
B003,PRD1217,286
B006,PRD0531,5
B002,PRD0844,271
B001,PRD0305,239
B009,PRD0739,188
B008,PRD0641,221
B004,PRD0130,105
B006,PRD0760,14
B009,PRD0054,206
B009,PRD1497,228
B009,PRD0028,255
B003,PRD1445,244
B007,PRD0962,286
B009,PRD1055,74
B008,PRD0219,111
B004,PRD0893,30
B004,PRD1093,28
B010,PRD1434,127
B003,PRD0235,31
B007,PRD0950,282
B003,PRD0248,230
B008,PRD1473,229
B002,PRD1239,118
B001,PRD0562,274
B006,PRD0608,56
B006,PRD0528,103
B001,PRD0146,28
B005,PRD0457,116
B010,PRD0459,41
B009,PRD1171,46
B010,PRD0398,298
B007,PRD0296,94
B003,PRD1209,287
B007,PRD0710,21
B009,PRD1219,147
B005,PRD0189,186
B005,PRD0067,142
B004,PRD0813,153
B004,PRD0681,63
B009,PRD0757,206
B010,PRD1212,90
B010,PRD0731,77
B010,PRD1105,202
B002,PRD0161,168
B002,PRD0318,262
B010,PRD1353,184
B009,PRD0229,74
B008,PRD1011,223
B003,PRD1191,110
B003,PRD0369,55
B003,PRD1339,57
B006,PRD0840,14
B009,PRD0985,76
B007,PRD0906,76
B006,PRD0920,262
B001,PRD0559,2
B005,PRD0710,295
B010,PRD0021,229
B008,PRD0829,129
B001,PRD0880,242
B009,PRD0564,24
B008,PRD0903,37
B005,PRD1012,37
B005,PRD0447,241
B010,PRD0627,242
B005,PRD0367,101
B010,PRD0923,100
B009,PRD0264,212
B006,PRD0459,292
B001,PRD0685,199
B007,PRD1362,257
B007,PRD1372,129
B007,PRD1457,150
B007,PRD0524,158
B001,PRD1499,71
B005,PRD0572,173
B005,PRD0222,81
B001,PRD0787,97
B007,PRD0780,124
B006,PRD0727,259
B002,PRD0344,192
B007,PRD0312,192
B009,PRD0765,183
B009,PRD0281,94
B007,PRD0807,104
B001,PRD0087,95
B005,PRD1416,153
B010,PRD1469,213
B005,PRD0711,181
B002,PRD1169,117
B010,PRD0545,222
B003,PRD1013,252
B001,PRD1073,217
B007,PRD0380,67
B007,PRD0539,228
B004,PRD0776,60
B005,PRD0015,199
B004,PRD1031,118
B009,PRD1101,5
B010,PRD1032,168
B009,PRD1430,255
B007,PRD0113,198
B001,PRD1485,74
B005,PRD0667,32
B002,PRD1147,11
B007,PRD0077,291
B001,PRD1299,253
B005,PRD1268,49
B005,PRD0714,275
B007,PRD1225,181
B008,PRD0941,264
B002,PRD0833,87
B008,PRD1003,51
B003,PRD0555,52
B004,PRD0789,244
B009,PRD0734,33
B003,PRD0338,88
B007,PRD1386,147
B003,PRD0498,120
B004,PRD0787,105
B008,PRD0349,152
B004,PRD0937,168
B008,PRD0599,64
B008,PRD1211,146
B003,PRD0683,299
B010,PRD0962,92
B002,PRD0569,226
B007,PRD0533,250
B008,PRD0319,137
B002,PRD0356,185
B001,PRD0818,210
B005,PRD0898,115
B003,PRD0816,263
B003,PRD1465,81
B008,PRD0792,271
B007,PRD1112,22
B001,PRD0222,286
B007,PRD1057,255
B007,PRD0948,80
B004,PRD0165,139
B010,PRD0100,203
B010,PRD0120,61
B007,PRD1252,52
B010,PRD0848,35
B004,PRD1252,194
B006,PRD1481,82
B001,PRD0719,124
B003,PRD0503,145
B010,PRD0795,33
B003,PRD0070,65
B010,PRD0342,31
B005,PRD1460,18
B009,PRD0763,98
B004,PRD0106,183
B004,PRD1220,165
B003,PRD0174,2
B004,PRD0158,176
B005,PRD1414,285
B002,PRD0470,107
B008,PRD0263,247
B005,PRD0212,220
B004,PRD1035,184
B001,PRD0092,179
B003,PRD0370,129
B004,PRD0255,209
B003,PRD1153,84
B007,PRD0796,252
B008,PRD0400,106
B009,PRD0315,263
B005,PRD1498,186
B007,PRD0610,16
B008,PRD1030,40
B010,PRD0956,28
B008,PRD1190,142
B004,PRD0438,21
B001,PRD1055,52
B005,PRD1333,211
B004,PRD0968,52
B001,PRD0977,180
B003,PRD1106,174
B001,PRD0204,123
B006,PRD1068,89
B005,PRD1320,229
B006,PRD0342,160
B006,PRD1084,289
B001,PRD1328,51
B003,PRD0534,136
B007,PRD0486,168
B009,PRD0616,108
B005,PRD0155,194
B003,PRD0813,192
B002,PRD0309,236
B007,PRD1368,120
B002,PRD1415,46
B001,PRD0618,227
B001,PRD0984,142
B001,PRD0489,9
B008,PRD0092,215
B005,PRD0095,237
B003,PRD1257,263
B003,PRD1427,2
B007,PRD0029,245
B005,PRD1313,225
B003,PRD0543,242
B004,PRD1304,235
B005,PRD1025,274
B001,PRD1295,96
B010,PRD1051,96
B007,PRD1404,7
B004,PRD0904,268
B006,PRD1237,282
B010,PRD0993,204
B010,PRD0313,85
B008,PRD0204,154
B010,PRD1428,27
B007,PRD0755,61
B008,PRD0335,300
B004,PRD0059,90
B004,PRD1341,159
B003,PRD0837,132
B010,PRD0339,71
B002,PRD0538,43
B008,PRD0787,242
B006,PRD0751,265
B007,PRD0476,147
B001,PRD0495,236
B007,PRD0952,18
B010,PRD1226,109
B002,PRD0395,269
B006,PRD0166,241
B003,PRD1460,285
B003,PRD1499,18
B002,PRD0900,207
B005,PRD1468,229
B006,PRD1241,34
B002,PRD1119,257
B008,PRD1432,67
B007,PRD0571,247
B002,PRD0727,223
B001,PRD1175,90
B003,PRD1160,155
B001,PRD1357,292
B003,PRD1281,5
B003,PRD0001,95
B009,PRD1177,299
B003,PRD0316,142
B007,PRD0911,287
B008,PRD0253,186
B008,PRD0240,145
B003,PRD0096,120
B004,PRD0715,206
B004,PRD0178,49
B008,PRD1323,293
B010,PRD0735,246
B008,PRD1080,135
B001,PRD1312,215
B010,PRD0216,14
B005,PRD0691,198
B010,PRD0456,20
B008,PRD0487,141
B001,PRD0383,118
B009,PRD1076,156
B006,PRD0735,58
B009,PRD0022,83
B001,PRD1032,226
B005,PRD0035,208
B002,PRD1107,123
B002,PRD1490,99
B004,PRD0429,257
B001,PRD0771,85
B004,PRD0838,28
B007,PRD0237,13
B008,PRD0685,260
B010,PRD0444,18
B001,PRD0922,268
B002,PRD0982,271
B003,PRD0886,242
B009,PRD0876,246
B003,PRD0398,71
B005,PRD0501,110
B010,PRD0321,80
B002,PRD0504,193
B010,PRD0230,89
B005,PRD1040,231
B008,PRD0606,139
B006,PRD0962,79
B010,PRD0452,285
B002,PRD1064,243
B007,PRD1415,155
B007,PRD1297,166
B005,PRD0171,203
B009,PRD1288,2
B006,PRD0257,0
B007,PRD0466,207
B004,PRD0723,165
B001,PRD1439,146
B010,PRD0950,63
B006,PRD1215,112
B002,PRD1486,259
B008,PRD0562,172
B010,PRD0503,226
B002,PRD1229,153
B002,PRD0415,273
B009,PRD1192,198
B003,PRD1434,41
B010,PRD0836,64
B002,PRD0202,109
B009,PRD0278,7
B003,PRD0506,220
B004,PRD0050,227
B001,PRD0150,59
B009,PRD1161,171
B003,PRD0374,5
B004,PRD1082,21
B003,PRD0997,197
B008,PRD1066,87
B005,PRD0938,53
B005,PRD0036,158
B009,PRD1051,229
B004,PRD1487,12
B007,PRD1492,23
B001,PRD0670,246
B001,PRD0742,9
B002,PRD0797,188
B006,PRD0879,262
B005,PRD0434,237
B009,PRD1311,233
B003,PRD0151,247
B003,PRD0688,180
B004,PRD0510,222
B002,PRD1202,67
B009,PRD1453,263
B010,PRD1380,158
B008,PRD0965,41
B010,PRD0181,1
B006,PRD0288,31
B003,PRD0897,180
B002,PRD0453,104
B005,PRD1219,162
B003,PRD0121,182
B003,PRD1443,223
B007,PRD0068,138
B001,PRD1493,291
B010,PRD0854,249
B002,PRD0153,298
B005,PRD0344,97
B010,PRD0276,250
B003,PRD0875,119
B001,PRD0367,178
B007,PRD0555,248
B010,PRD0368,26
B006,PRD0732,206
B007,PRD1219,81
B010,PRD0196,111
B008,PRD0628,257
B005,PRD1105,289
B009,PRD0706,151
B003,PRD0667,84
B002,PRD0905,214
B001,PRD1321,3
B010,PRD0651,33
B005,PRD1255,87
B005,PRD0460,106
B007,PRD0155,52
B001,PRD0253,274
B001,PRD0058,181
B006,PRD0525,14
B008,PRD0807,190
B010,PRD1315,45
B004,PRD0849,142
B003,PRD0900,163
B008,PRD1492,260
B010,PRD1250,171
B005,PRD1101,152
B009,PRD0324,269
B007,PRD1280,177
B005,PRD0322,273
B007,PRD0547,97
B003,PRD1034,269
B007,PRD0249,291
B010,PRD0350,274
B009,PRD1077,76
B010,PRD0634,11
B009,PRD0313,299
B002,PRD1401,300
B007,PRD1383,8
B010,PRD0590,39
B002,PRD0684,92
B010,PRD1043,52
B004,PRD0862,80
B004,PRD1095,125
B004,PRD1336,33
B007,PRD0309,194
B009,PRD1178,189
B004,PRD0707,79
B009,PRD0271,261
B001,PRD1274,194
B010,PRD0229,122
B001,PRD0964,218
B001,PRD0875,293
B001,PRD0145,278
B002,PRD0286,136
B003,PRD0550,202
B006,PRD0667,147
B010,PRD0990,220
B006,PRD1404,115
B004,PRD0502,196
B004,PRD0939,174
B001,PRD0531,164
B008,PRD0503,102
B001,PRD0241,231
B004,PRD1295,297
B003,PRD0045,101
B007,PRD0810,201
B003,PRD0228,126
B010,PRD1447,200
B002,PRD0973,222
B005,PRD0721,111
B007,PRD0775,168
B003,PRD0183,160
B008,PRD0762,185
B001,PRD0679,69
B001,PRD0361,27
B006,PRD1367,270
B001,PRD0462,242
B001,PRD0967,182
B005,PRD1132,215
B006,PRD1048,149
B002,PRD0942,72
B010,PRD0693,164
B006,PRD0132,4
B006,PRD0918,71
B010,PRD0376,56
B002,PRD0298,50
B006,PRD0399,250
B008,PRD1306,123
B002,PRD1035,121
B007,PRD0388,171
B010,PRD0744,238
B005,PRD0866,298
B006,PRD1250,59
B001,PRD0212,12
B003,PRD0876,2
B004,PRD1177,131
B007,PRD1146,102
B004,PRD0984,178
B006,PRD1038,282
B007,PRD0622,8
B007,PRD0801,184
B009,PRD1422,208
B002,PRD0759,31
B004,PRD1076,7
B007,PRD0426,233
B003,PRD1194,170
B005,PRD0758,181
B002,PRD1009,99
B004,PRD0430,219
B006,PRD1288,23
B004,PRD0816,175
B006,PRD1318,85
B005,PRD1205,194
B001,PRD1036,166
B002,PRD1457,269
B009,PRD1280,139
B007,PRD0013,292
B004,PRD0527,222
B002,PRD0197,157
B003,PRD0912,68
B002,PRD1432,294
B007,PRD0984,293
B002,PRD1437,135
B009,PRD0250,232
B002,PRD0957,32
B006,PRD0882,135
B005,PRD0812,271
B006,PRD1342,187
B009,PRD0433,140
B009,PRD0306,14
B001,PRD0915,6
B004,PRD0915,268
B006,PRD0273,218
B004,PRD0020,11
B005,PRD0144,108
B005,PRD0677,69
B009,PRD1160,110
B002,PRD0593,105
B004,PRD0602,28
B010,PRD0982,257
B003,PRD0080,185
B003,PRD1193,110
B005,PRD0550,67
B008,PRD1226,260
B005,PRD0268,145
B005,PRD0230,240
B007,PRD0185,47
B007,PRD0887,35
B009,PRD0200,171
B008,PRD1180,125
B005,PRD1373,203
B005,PRD0594,41
B010,PRD0743,76
B001,PRD0477,181
B005,PRD1470,20
B003,PRD1010,141
B002,PRD0386,159
B009,PRD0873,146
B007,PRD0937,136
B007,PRD1479,206
B009,PRD0012,126
B008,PRD1175,94
B002,PRD0463,100
B010,PRD0328,110
B009,PRD0214,6
B008,PRD1454,99
B007,PRD0546,274
B001,PRD0765,64
B003,PRD0492,193
B010,PRD1301,222
B003,PRD0106,212
B001,PRD1200,88
B007,PRD0925,278
B007,PRD0220,292
B010,PRD0508,150
B002,PRD1348,180
B003,PRD0160,247
B004,PRD0521,272
B005,PRD0051,20
B009,PRD1131,194
B008,PRD0011,32
B009,PRD0620,34
B003,PRD0427,139
B003,PRD1359,239
B001,PRD1468,20
B001,PRD1169,49
B002,PRD0472,35
B010,PRD0041,12
B009,PRD0193,257
B009,PRD1099,3
B008,PRD1481,203
B010,PRD0472,148
B004,PRD0710,135
B008,PRD1299,45
B006,PRD0460,39
B004,PRD0305,37
B003,PRD0968,84
B005,PRD0517,234
B008,PRD0909,224
B009,PRD1323,281
B005,PRD0101,36
B010,PRD1132,77
B006,PRD0172,45
B003,PRD0007,85
B002,PRD0035,186
B002,PRD0410,123
B007,PRD1453,59
B005,PRD0246,204
B006,PRD0499,263
B007,PRD0474,49
B002,PRD0977,237
B004,PRD0977,260
B010,PRD0812,180
B001,PRD0285,1
B010,PRD1394,88
B005,PRD0285,77
B007,PRD0905,189
B006,PRD1263,267
B004,PRD1163,125
B001,PRD0037,178
B007,PRD1187,196
B003,PRD0148,56
B003,PRD1069,206
B005,PRD0436,225
B003,PRD0270,239
B003,PRD0383,87
B010,PRD0973,43
B009,PRD0793,119
B009,PRD1134,143
B009,PRD0252,91
B005,PRD0024,275
B007,PRD0233,256
B010,PRD0255,104
B001,PRD0090,116
B008,PRD0150,291
B010,PRD0251,100
B007,PRD0658,271
B006,PRD1175,144
B004,PRD0683,191
B009,PRD1351,287
B006,PRD0659,5
B006,PRD0870,3
B004,PRD1235,140
B002,PRD1012,139
B009,PRD0105,152
B010,PRD1282,289
B004,PRD0573,113
B001,PRD1082,64
B003,PRD0190,70
B001,PRD1051,80
B007,PRD0180,56
B001,PRD0335,138
B002,PRD0486,170
B010,PRD0345,148
B008,PRD0775,6
B008,PRD1222,191
B007,PRD0434,171
B002,PRD1372,35
B002,PRD0285,291
B004,PRD1294,77
B005,PRD1206,22
B009,PRD0702,262
B005,PRD1408,282
B002,PRD0167,46
B007,PRD1004,70
B008,PRD1139,279
B004,PRD0944,289
B010,PRD1217,282
B004,PRD0669,83
B010,PRD0423,218
B004,PRD0286,242
B001,PRD0622,83
B006,PRD0493,59
B008,PRD0019,152
B005,PRD0934,43
B002,PRD0495,51
B007,PRD0655,34
B009,PRD1387,23
B003,PRD0883,279
B008,PRD0739,129
B006,PRD1299,287
B004,PRD0782,255
B009,PRD0285,117
B007,PRD0859,287
B006,PRD0369,63
B009,PRD0064,7
B006,PRD0021,115
B009,PRD0381,43
B005,PRD1228,217
B006,PRD0540,124
B001,PRD0518,105
B007,PRD0405,182
B007,PRD0203,114
B003,PRD0957,6
B004,PRD0828,237
B008,PRD1486,231
B010,PRD1378,166
B004,PRD1315,12
B005,PRD0932,145
B001,PRD0299,65
B009,PRD1213,219
B003,PRD0965,133
B008,PRD0313,30
B003,PRD1143,180
B009,PRD1203,97
B003,PRD0649,26
B010,PRD1416,128
B003,PRD0611,268
B003,PRD0179,202
B001,PRD0089,175
B004,PRD1071,225
B004,PRD0466,176
B008,PRD1097,210
B006,PRD0356,95
B010,PRD0250,245
B003,PRD0207,103
B001,PRD0812,259
B001,PRD0373,296
B002,PRD0737,262
B007,PRD0201,71
B006,PRD0128,57
B003,PRD0499,103
B001,PRD0100,157
B010,PRD0266,234
B006,PRD0744,23
B002,PRD0984,199
B010,PRD0252,36
B004,PRD1367,171
B002,PRD0837,175
B007,PRD0718,182
B002,PRD0050,62
B007,PRD1468,169
B005,PRD0046,135
B009,PRD0400,94
B007,PRD0842,249
B002,PRD0237,127
B003,PRD0194,141
B007,PRD1281,69
B008,PRD1012,292
B003,PRD0197,184
B008,PRD0021,284
B010,PRD0994,280
B010,PRD0150,252
B006,PRD1194,146
B008,PRD0282,212
B008,PRD1330,163
B009,PRD0240,79
B008,PRD0882,243
B001,PRD1461,49
B009,PRD1343,46
B002,PRD1053,0
B005,PRD1178,140
B009,PRD1355,184
B004,PRD1049,263
B002,PRD0989,163
B010,PRD0921,18
B007,PRD0335,289
B003,PRD0015,139
B002,PRD1262,265
B006,PRD1415,241
B008,PRD1277,279
B008,PRD1281,78
B009,PRD1227,140
B001,PRD1419,224
B001,PRD0724,119
B008,PRD0522,235
B009,PRD0736,188
B003,PRD0613,79
B001,PRD0324,181
B002,PRD0748,92
B008,PRD0466,282
B007,PRD1412,266
B001,PRD0907,197
B009,PRD0446,232
B001,PRD1484,200
B005,PRD0633,146
B006,PRD0925,222
B007,PRD0659,277
B009,PRD1285,109
B010,PRD1386,222
B010,PRD1344,264
B010,PRD0265,7
B001,PRD1049,95
B004,PRD0766,186
B004,PRD0875,187
B003,PRD0011,220
B001,PRD1384,65
B006,PRD0877,80
B004,PRD0550,212
B003,PRD1246,127
B009,PRD1294,170
B001,PRD0896,36
B007,PRD0597,270
B008,PRD0790,6
B003,PRD0617,120
B009,PRD0803,257
B001,PRD1416,242
B001,PRD0470,33
B001,PRD0782,118
B005,PRD1093,169
B006,PRD0996,231
B007,PRD0497,176
B004,PRD1436,24
B009,PRD0092,5
B008,PRD0045,260
B001,PRD1195,244
B002,PRD0269,148
B008,PRD1271,254
B010,PRD0546,119
B005,PRD0913,91
B005,PRD1184,55
B008,PRD1444,279
B003,PRD1418,168
B007,PRD0889,71
B003,PRD1454,177
B007,PRD0193,74
B010,PRD1249,243
B008,PRD0694,3
B005,PRD0723,6
B003,PRD0662,185
B006,PRD0013,284
B005,PRD0120,178
B005,PRD0665,170
B009,PRD1216,133
B004,PRD1241,79
B007,PRD0165,234
B010,PRD1124,40
B009,PRD1279,194
B002,PRD0516,273
B007,PRD0322,191
B003,PRD0165,258
B006,PRD0405,296
B002,PRD0055,294
B001,PRD0248,43
B005,PRD0834,291
B006,PRD0971,47
B004,PRD1334,294
B004,PRD1236,11
B003,PRD0069,105
B009,PRD0883,268
B009,PRD1271,223
B010,PRD0457,114
B007,PRD0835,265
B005,PRD1135,61
B008,PRD1380,272
B008,PRD0520,108
B005,PRD0652,107
B010,PRD1146,129
B003,PRD0014,3
B004,PRD1129,63
B001,PRD0928,173
B007,PRD1482,196
B006,PRD0120,45
B010,PRD1120,262
B007,PRD1022,226
B002,PRD0856,259
B005,PRD0514,94
B005,PRD0608,164
B008,PRD0486,145
B003,PRD1094,71
B006,PRD0272,109
B010,PRD0455,187
B005,PRD1479,184
B002,PRD1280,100
B006,PRD0455,71
B005,PRD0684,113
B001,PRD1405,206
B002,PRD1138,248
B009,PRD1135,96
B004,PRD0762,58
B001,PRD0054,137
B006,PRD0396,289
B001,PRD0202,270
B003,PRD0301,230
B002,PRD0918,189
B006,PRD0916,4
B009,PRD0548,249
B004,PRD1225,33
B010,PRD1500,175
B004,PRD0335,150
B003,PRD0054,197
B002,PRD0223,202
B007,PRD1434,283
B002,PRD0850,66
B009,PRD1469,245
B007,PRD1299,61
B005,PRD0111,236
B010,PRD0528,12
B007,PRD1002,209
B002,PRD1397,265
B001,PRD0407,150
B010,PRD1122,71
B004,PRD0437,51
B004,PRD0679,191
B010,PRD0164,57
B005,PRD0243,201
B009,PRD0939,192
B003,PRD1288,0
B001,PRD1017,283
B004,PRD0415,145
B001,PRD0291,49
B007,PRD0741,29
B004,PRD0067,273
B003,PRD0703,31
B001,PRD0082,71
B002,PRD0186,31
B008,PRD0330,166
B009,PRD0724,2
B009,PRD0673,66
B004,PRD0283,97
B008,PRD0080,177
B003,PRD0100,55
B003,PRD1484,298
B007,PRD0779,139
B003,PRD1426,100
B009,PRD1310,158
B007,PRD0479,291
B005,PRD0244,54
B010,PRD0958,45
B010,PRD0593,96
B010,PRD0388,247
B006,PRD0522,109
B003,PRD0885,127
B003,PRD0081,124
B006,PRD1139,279
B007,PRD0477,36
B004,PRD0973,121
B007,PRD0182,267
B010,PRD0049,97
B008,PRD0008,53
B010,PRD0992,132
B006,PRD1246,43
B001,PRD0487,110
B006,PRD1019,156
B001,PRD0737,134
B005,PRD0234,3
B005,PRD1451,180
B005,PRD0177,211
B009,PRD0629,231
B004,PRD0041,158
B007,PRD0897,278
B007,PRD0614,90
B007,PRD1100,225
B003,PRD1183,237
B009,PRD1064,24
B001,PRD1105,247
B005,PRD0614,162
B007,PRD1359,150
B009,PRD1149,209
B001,PRD0403,164
B003,PRD0807,48
B006,PRD1305,274
B007,PRD1052,254
B006,PRD1471,177
B001,PRD0172,194
B003,PRD0909,197
B001,PRD0657,18
B004,PRD0219,215
B003,PRD0327,27
B003,PRD1235,135
B006,PRD0656,12
B007,PRD1153,212
B002,PRD1034,36
B010,PRD0109,109
B005,PRD0214,113
B001,PRD1192,151
B002,PRD1227,104
B005,PRD0766,128
B003,PRD0034,246
B008,PRD1122,46
B006,PRD0445,279
B003,PRD1180,210
B009,PRD0491,180
B007,PRD0589,243
B007,PRD0059,114
B001,PRD1069,275
B005,PRD0479,144
B009,PRD0582,190
B003,PRD0969,181
B008,PRD0331,122
B001,PRD0083,49
B005,PRD1055,278
B010,PRD0897,170
B004,PRD0487,199
B004,PRD0628,256
B009,PRD0705,9
B005,PRD0103,133
B001,PRD0794,296
B004,PRD0890,175
B007,PRD0437,40
B009,PRD0424,40
B003,PRD1000,259
B004,PRD0919,13
B008,PRD0477,0
B003,PRD0888,281
B008,PRD1014,139
B002,PRD1104,8
B005,PRD0730,141
B001,PRD0152,129
B001,PRD0429,112
B004,PRD1224,156
B008,PRD1018,228
B004,PRD0337,208
B004,PRD1342,90
B008,PRD1417,40
B003,PRD0507,55
B007,PRD0975,84
B002,PRD0606,132
B001,PRD0565,118
B009,PRD1245,11
B008,PRD0016,153
B002,PRD0909,175
B003,PRD1406,116
B003,PRD0674,212
B008,PRD0174,4
B008,PRD0173,154
B006,PRD1284,151
B001,PRD1086,254
B002,PRD1183,209
B004,PRD0695,22
B010,PRD0145,91
B009,PRD0613,76
B009,PRD0111,136
B007,PRD0684,182
B006,PRD1000,110
B008,PRD0541,140
B002,PRD0099,9
B007,PRD0316,63
B001,PRD0177,26
B005,PRD0292,179
B005,PRD0499,119
B007,PRD1262,236
B008,PRD0031,243
B002,PRD0515,268
B004,PRD0980,101
B001,PRD1443,110
B010,PRD0563,176
B006,PRD0674,233
B005,PRD0204,34
B008,PRD0717,19
B007,PRD0627,208
B010,PRD0537,62
B002,PRD0928,91
B002,PRD0513,300
B003,PRD0413,81
B002,PRD0077,94
B003,PRD0976,213
B009,PRD0056,238
B007,PRD0195,43
B001,PRD1286,173
B003,PRD0258,39
B005,PRD0974,76
B003,PRD1225,51
B004,PRD1423,275
B002,PRD0731,198
B005,PRD0819,17
B004,PRD0663,21
B009,PRD0532,89
B008,PRD0572,113
B010,PRD0723,279
B004,PRD0224,173
B001,PRD1410,270
B005,PRD1271,20
B002,PRD0123,25
B009,PRD1291,203
B003,PRD0685,174
B010,PRD0089,274
B008,PRD0597,223
B001,PRD0644,31
B005,PRD0112,88
B010,PRD0667,222
B005,PRD1124,291
B007,PRD0540,263
B004,PRD1495,273
B008,PRD0270,158
B006,PRD1057,235
B003,PRD0004,43
B008,PRD0271,193
B004,PRD0649,46
B005,PRD0649,131
B001,PRD0194,189
B003,PRD0548,90
B006,PRD0276,204
B010,PRD1410,138
B005,PRD0716,292
B008,PRD1056,245
B001,PRD1283,29
B001,PRD0716,68
B005,PRD0593,16
B008,PRD0691,142
B004,PRD1362,65
B009,PRD0666,98
B010,PRD1253,83
B009,PRD0449,7
B004,PRD1109,112
B007,PRD0757,288
B006,PRD1392,200
B009,PRD0523,276
B004,PRD1217,92
B005,PRD1278,142
B002,PRD1349,12
B008,PRD1142,121
B009,PRD1075,156
B006,PRD0819,200
B006,PRD1184,58
B004,PRD1361,178
B007,PRD0719,240
B006,PRD1130,13
B005,PRD0734,67
B009,PRD0859,4
B004,PRD0024,89
B004,PRD0124,215
B002,PRD0690,190
B010,PRD1242,292
B006,PRD1268,75
B005,PRD0484,194
B008,PRD1484,153
B010,PRD0177,282
B008,PRD0719,78
B009,PRD0328,199
B005,PRD0217,43
B002,PRD0346,88
B002,PRD1462,195
B007,PRD0730,197
B009,PRD0688,255
B005,PRD0659,165
B001,PRD0427,249
B005,PRD1172,137
B004,PRD0797,24
B004,PRD0453,255
B001,PRD0140,203
B001,PRD1173,168
B008,PRD0546,199
B007,PRD0198,151
B001,PRD1219,258
B007,PRD0536,42
B008,PRD1463,139
B003,PRD0310,203
B003,PRD0175,296
B007,PRD1322,147
B009,PRD0018,48
B005,PRD0526,262
B010,PRD1435,122
B006,PRD1462,135
B001,PRD1044,61
B003,PRD1322,7
B002,PRD1251,77
B006,PRD1060,5
B005,PRD0805,197
B006,PRD1341,8
B002,PRD1181,255
B008,PRD1052,109
B006,PRD0619,138
B001,PRD0461,79
B009,PRD0837,270
B006,PRD1282,1
B006,PRD1440,265
B009,PRD0789,74
B007,PRD1339,52
B005,PRD0672,127
B001,PRD1121,86
B003,PRD0444,109
B006,PRD0094,297
B001,PRD1306,63
B004,PRD0392,166
B003,PRD0862,157
B002,PRD0581,148
B004,PRD0227,160
B001,PRD1226,280
B005,PRD1208,175
B003,PRD1081,93
B004,PRD0284,161
B006,PRD1047,77
B010,PRD1317,195
B001,PRD0175,89
B006,PRD0097,246
B007,PRD0989,35
B001,PRD0511,179
B009,PRD1163,220
B001,PRD0101,73
B009,PRD0820,199
B004,PRD1400,168
B007,PRD0608,83
B009,PRD0100,116
B003,PRD0734,281
B007,PRD1234,139
B002,PRD0053,53
B002,PRD1404,252
B001,PRD0903,129
B004,PRD0514,244
B001,PRD0725,106
B003,PRD1155,297
B004,PRD0463,19
B002,PRD0017,99
B006,PRD0067,155
B006,PRD0605,162
B004,PRD0367,67
B006,PRD0794,276
B005,PRD0174,4
B006,PRD1217,41
B003,PRD0387,198
B006,PRD0676,88
B007,PRD0676,41
B008,PRD0407,43
B002,PRD0231,109
B005,PRD0970,115
B002,PRD0261,182
B004,PRD1214,161
B007,PRD0647,4
B007,PRD1264,34
B004,PRD0601,281
B007,PRD0255,152
B008,PRD0975,18
B004,PRD1150,170
B001,PRD0142,180
B006,PRD0039,197
B007,PRD1388,20
B008,PRD0820,83
B005,PRD0729,279
B009,PRD0294,128
B007,PRD1301,124
B008,PRD1378,164
B001,PRD0796,158
B003,PRD0077,279
B002,PRD0714,251
B005,PRD0673,193
B001,PRD0950,164
B010,PRD0051,44
B009,PRD0458,49
B003,PRD0042,253
B004,PRD1132,187
B006,PRD1153,127
B002,PRD0741,197
B009,PRD0037,264
B005,PRD1115,2
B006,PRD0248,183
B002,PRD1139,291
B010,PRD0020,143
B002,PRD0509,292
B003,PRD1356,112
B004,PRD0753,95
B007,PRD0453,175
B007,PRD0527,219
B008,PRD0382,259
B003,PRD1459,24
B009,PRD1109,203
B010,PRD0036,52
B010,PRD0095,252
B006,PRD0393,252
B006,PRD1055,82
B005,PRD1248,151
B002,PRD0746,150
B010,PRD0609,107
B002,PRD0315,192
B004,PRD1298,222
B005,PRD0064,132
B008,PRD0669,61
B007,PRD1483,44
B004,PRD1097,272
B005,PRD0685,57
B004,PRD0726,39
B005,PRD0394,49
B007,PRD1356,162
B004,PRD0612,278
B003,PRD0668,166
B009,PRD1397,104
B008,PRD1220,135
B006,PRD0648,300
B010,PRD0870,89
B001,PRD0352,254
B006,PRD1186,254
B003,PRD1071,9
B006,PRD0718,99
B008,PRD0256,20
B002,PRD0305,89
B007,PRD0008,45
B009,PRD1398,134
B004,PRD0324,31
B002,PRD0088,25
B006,PRD1156,97
B005,PRD0781,101
B001,PRD0465,190
B009,PRD0096,111
B004,PRD0301,277
B003,PRD1452,262
B001,PRD1320,140
B009,PRD0721,153
B010,PRD0989,112
B006,PRD0987,223
B010,PRD0519,107
B002,PRD0589,168
B001,PRD0995,191
B009,PRD0759,140
B001,PRD1348,24
B007,PRD0893,63
B006,PRD0054,211
B005,PRD1086,62
B002,PRD0290,7
B002,PRD0441,171
B010,PRD0656,248
B008,PRD0365,65
B005,PRD1199,123
B009,PRD0632,17
B010,PRD1477,121
B003,PRD0989,68
B001,PRD0532,221
B004,PRD0420,162
B006,PRD0490,11
B008,PRD0940,118
B007,PRD1070,226
B003,PRD0826,154
B010,PRD0147,190
B005,PRD0405,222
B008,PRD1177,35
B006,PRD0422,136
B009,PRD1023,154
B010,PRD0317,46
B002,PRD0817,262
B003,PRD0987,248
B006,PRD1485,65
B001,PRD0124,222
B009,PRD0016,273
B005,PRD0923,198
B006,PRD0889,45
B001,PRD0927,168
B007,PRD1222,105
B007,PRD0579,258
B004,PRD1014,144
B010,PRD0881,112
B002,PRD0467,94
B006,PRD1113,40
B008,PRD1133,247
B009,PRD0148,41
B001,PRD1184,245
B002,PRD0647,153
B002,PRD1364,1
B002,PRD0250,281
B008,PRD0747,72
B010,PRD0705,40
B009,PRD1491,183
B002,PRD1358,114
B008,PRD1009,106
B005,PRD1327,279
B008,PRD0211,65
B002,PRD0574,250
B004,PRD0456,256
B004,PRD1408,117
B006,PRD1120,267
B007,PRD0711,34
B001,PRD0474,123
B004,PRD0495,35
B004,PRD0220,279
B004,PRD1424,197
B005,PRD1166,263
B010,PRD0465,238
B006,PRD0551,84
B004,PRD0730,28
B003,PRD0039,267
B008,PRD1392,147
B001,PRD1064,135
B009,PRD0902,243
B009,PRD0718,128
B003,PRD0409,14
B009,PRD0786,154
B005,PRD1019,1
B010,PRD0663,73
B004,PRD1057,92
B009,PRD0346,175
B001,PRD0507,287
B010,PRD1029,167
B009,PRD0432,231
B006,PRD0197,286
B005,PRD0939,60
B001,PRD0739,144
B004,PRD0479,165
B007,PRD0327,103
B005,PRD0775,293
B010,PRD0605,237
B003,PRD1072,104
B005,PRD0946,221
B009,PRD0230,286
B004,PRD0391,189
B009,PRD0854,233
B008,PRD0005,146
B009,PRD0309,231
B010,PRD1332,169
B003,PRD0740,12
B006,PRD0401,177
B004,PRD0891,135
B001,PRD1043,298
B007,PRD1173,70
B003,PRD1271,227
B003,PRD1489,174
B005,PRD0456,9
B010,PRD0375,59
B003,PRD1027,93
B009,PRD0649,133
B002,PRD0590,213
B001,PRD0254,296
B001,PRD0911,20
B003,PRD0110,23
B009,PRD1476,29
B005,PRD1440,248
B009,PRD0585,36
B010,PRD0548,290
B002,PRD0842,257
B009,PRD0269,75
B002,PRD0970,169
B005,PRD0745,112
B001,PRD0249,285
B006,PRD0357,163
B009,PRD0035,95
B007,PRD1000,121
B005,PRD0749,49
B001,PRD0732,162
B010,PRD0925,234
B007,PRD0563,259
B001,PRD0802,45
B005,PRD0291,46
B009,PRD1273,16
B006,PRD0578,266
B003,PRD0663,197
B002,PRD0729,25
B009,PRD0442,198
B007,PRD0883,203
B004,PRD1110,8
B001,PRD0240,299
B004,PRD1272,83
B007,PRD0783,250
B001,PRD0268,238
B006,PRD0229,280
B005,PRD1432,238
B004,PRD1493,37
B008,PRD0862,40
B010,PRD0984,172
B001,PRD0255,234
B002,PRD0764,235
B007,PRD0338,191
B003,PRD0877,210
B004,PRD0883,145
B008,PRD0168,194
B010,PRD0664,56
B002,PRD1013,173
B009,PRD0865,35
B008,PRD0055,85
B010,PRD1099,240
B003,PRD0116,3
B005,PRD0600,24
B010,PRD0704,189
B009,PRD1175,70
B005,PRD1250,56
B008,PRD0981,257
B005,PRD0506,287
B001,PRD0359,91
B007,PRD0606,108
B010,PRD0525,223
B007,PRD1036,1
B002,PRD1211,240
B006,PRD0056,131
B007,PRD0223,123
B008,PRD0733,60
B010,PRD0862,229
B005,PRD0232,183
B006,PRD0802,74
B003,PRD0612,94
B009,PRD0104,253
B005,PRD0044,199
B010,PRD1426,274
B009,PRD1021,177
B007,PRD0603,93
B006,PRD0690,117
B005,PRD1263,60
B005,PRD0920,113
B004,PRD0160,28
B001,PRD1345,72
B010,PRD1464,15
B004,PRD0252,187
B003,PRD0948,23
B010,PRD0963,282
B005,PRD1202,291
B003,PRD0585,71
B009,PRD0036,88
B008,PRD0312,69
B009,PRD0581,116
B010,PRD1349,244
B007,PRD0094,283
B001,PRD1231,116
B010,PRD0195,43
B010,PRD0171,54
B003,PRD0091,182
B005,PRD1316,264
B010,PRD1338,287
B009,PRD0527,89
B010,PRD0387,209
B009,PRD0846,71
B007,PRD1091,45
B001,PRD1267,100
B005,PRD0955,173
B005,PRD0387,250
B008,PRD1108,261
B008,PRD0582,173
B001,PRD0865,107
B010,PRD0402,30
B001,PRD0122,294
B003,PRD0854,146
B001,PRD1170,209
B009,PRD0040,163
B002,PRD0108,21
B006,PRD0207,293
B009,PRD1241,261
B001,PRD0290,94
B006,PRD0041,236
B001,PRD0258,133
B002,PRD1110,186
B006,PRD1257,297
B003,PRD0230,66
B008,PRD0264,83
B004,PRD1434,139
B009,PRD0754,194
B005,PRD0407,19
B004,PRD0394,266
B009,PRD0802,188
B007,PRD0317,155
B001,PRD1329,104
B001,PRD0432,256
B004,PRD0969,22
B002,PRD0707,57
B004,PRD0829,100
B006,PRD0271,21
B010,PRD1138,187
B009,PRD0485,51
B007,PRD0371,264
B003,PRD0456,296
B008,PRD0742,185
B010,PRD1348,244
B006,PRD0689,264
B003,PRD1082,110
B005,PRD0126,150
B001,PRD0996,126
B005,PRD0842,65
B003,PRD0458,250
B008,PRD1218,94
B006,PRD0323,199
B005,PRD0857,15
B006,PRD1168,120
B003,PRD0860,221
B004,PRD0345,240
B004,PRD1142,135
B001,PRD0822,82
B007,PRD0088,74
B006,PRD0361,17
B010,PRD0512,50
B010,PRD0638,153
B008,PRD0794,210
B009,PRD1455,173
B009,PRD0244,169
B009,PRD1457,102
B009,PRD1296,27
B004,PRD0126,147
B001,PRD0904,135
B002,PRD0894,91
B006,PRD0068,110
B005,PRD0707,212
B006,PRD0214,2
B002,PRD0500,16
B004,PRD0596,78
B003,PRD0932,169
B007,PRD0915,288
B003,PRD0461,163
B006,PRD1067,232
B010,PRD0756,200
B007,PRD0097,117
B008,PRD0913,123
B006,PRD1431,234
B008,PRD0323,295
B006,PRD0828,212
B009,PRD0063,71
B001,PRD0762,73
B001,PRD0526,263
B010,PRD0244,214
B010,PRD0898,299
B001,PRD0933,22
B003,PRD0479,99
B010,PRD0616,94
B010,PRD0486,263
B009,PRD1059,245
B003,PRD1001,120
B009,PRD0651,161
B005,PRD0224,227
B008,PRD1403,63
B005,PRD0662,113
B006,PRD1466,4
B003,PRD0574,207
B004,PRD0959,160
B002,PRD0389,45
B008,PRD1404,193
B001,PRD0627,198
B004,PRD1148,14
B006,PRD0696,226
B009,PRD0863,13
B009,PRD0270,237
B002,PRD1185,253
B010,PRD0074,246
B002,PRD0994,22
B002,PRD0081,283
B006,PRD1360,80
B001,PRD0351,74
B009,PRD1142,264
B002,PRD0038,80
B003,PRD1334,210
B007,PRD0465,47
B008,PRD1379,66
B006,PRD0425,160
B010,PRD0820,297
B005,PRD0209,204
B004,PRD0267,198
B004,PRD0402,226
B001,PRD0623,70
B009,PRD0356,156
B001,PRD0371,268
B010,PRD0289,281
B010,PRD0281,100
B005,PRD1117,183
B003,PRD0864,180
B009,PRD0598,163
B004,PRD0946,67
B007,PRD0632,212
B001,PRD0753,103
B010,PRD0236,27
B006,PRD0745,57
B010,PRD0446,18
B004,PRD0083,261
B007,PRD0591,288
B010,PRD0630,36
B002,PRD0110,254
B006,PRD0091,155
B003,PRD1442,199
B009,PRD0377,125
B005,PRD0761,13
B002,PRD0097,256
B006,PRD1178,112
B003,PRD1060,72
B010,PRD0757,297
B007,PRD0733,221
B002,PRD1500,32
B002,PRD0788,161
B007,PRD1048,137
B010,PRD0301,187
B004,PRD0639,59
B002,PRD0469,224
B009,PRD0988,179
B008,PRD0396,213
B002,PRD0458,51
B005,PRD0824,223
B010,PRD0706,282
B002,PRD0782,287
B003,PRD0058,149
B007,PRD1256,174
B005,PRD0321,86
B004,PRD0148,33
B001,PRD0664,278
B007,PRD0781,167
B004,PRD0609,67
B001,PRD0721,76
B008,PRD1329,185
B010,PRD1170,63
B006,PRD0488,33
B006,PRD0707,237
B006,PRD0110,73
B003,PRD0985,32
B008,PRD0575,181
B003,PRD0323,90
B004,PRD0903,10
B004,PRD1426,235
B003,PRD0745,56
B008,PRD0859,158
B006,PRD1460,19
B010,PRD0231,296
B003,PRD1215,128
B008,PRD1415,22
B002,PRD0620,86
B005,PRD0927,6
B004,PRD0621,210
B008,PRD0620,201
B006,PRD0209,275
B002,PRD0550,26
B008,PRD0586,10
B005,PRD0793,262
B002,PRD0071,257
B006,PRD0412,291
B001,PRD1489,78
B005,PRD0921,111
B005,PRD0632,244
B005,PRD1230,43
B005,PRD0462,286
B003,PRD1182,219
B009,PRD1128,83
B003,PRD1354,228
B004,PRD0334,100
B003,PRD0136,77
B007,PRD1477,293
B002,PRD0535,139
B008,PRD0015,179
B009,PRD0352,186
B008,PRD0116,121
B006,PRD0842,189
B001,PRD0447,116
B010,PRD0205,111
B005,PRD0255,185
B001,PRD0170,0
B007,PRD0493,200
B008,PRD1237,258
B003,PRD1251,82
B002,PRD0706,121
B007,PRD1318,220
B002,PRD0009,237
B005,PRD1072,11
B003,PRD0079,140
B007,PRD0081,171
B002,PRD0331,240
B002,PRD1449,286
B005,PRD0940,188
B004,PRD0965,103
B009,PRD1196,97
B009,PRD0186,200
B010,PRD0780,118
B003,PRD1135,238
B005,PRD1445,215
B005,PRD0515,245
B001,PRD0709,123
B004,PRD0294,204
B009,PRD1155,95
B002,PRD1316,150
B007,PRD1093,290
B003,PRD1103,147
B003,PRD0547,233
B001,PRD0534,137
B001,PRD0219,266
B005,PRD0686,142
B005,PRD0415,26
B008,PRD0083,76
B008,PRD0748,283
B002,PRD0449,210
B005,PRD0534,47
B002,PRD0064,103
B008,PRD1455,299
B009,PRD0961,255
B004,PRD0478,114
B002,PRD0456,239
B006,PRD0429,261
B003,PRD0144,266
B003,PRD0358,134
B004,PRD1139,288
B007,PRD0260,272
B004,PRD0042,274
B009,PRD0758,78
B008,PRD0538,10
B001,PRD0057,135
B001,PRD1227,265
B001,PRD1354,202
B005,PRD1141,296
B010,PRD0488,211
B006,PRD0293,10
B008,PRD1214,238
B009,PRD1097,219
B003,PRD1383,125
B004,PRD0135,92
B006,PRD1274,225
B006,PRD0443,124
B010,PRD0985,104
B007,PRD0342,300
B002,PRD0958,291
B003,PRD1125,34
B003,PRD0402,213
B002,PRD1254,241
B008,PRD0249,289
B003,PRD0599,293
B009,PRD0641,0
B003,PRD0038,260
B002,PRD0296,194
B001,PRD1490,194
B006,PRD1438,178
B004,PRD1164,152
B007,PRD0935,10
B002,PRD0551,193
B001,PRD0874,101
B010,PRD0478,103
B001,PRD0440,3
B003,PRD1289,27
B006,PRD0545,19
B005,PRD1443,216
B009,PRD0970,84
B006,PRD0788,88
B010,PRD0866,123
B001,PRD0769,61
B004,PRD0288,176
B006,PRD1417,3
B003,PRD0821,248
B003,PRD1348,200
B009,PRD0415,242
B010,PRD0296,59
B008,PRD0235,260
B003,PRD0528,49
B009,PRD1392,34
B007,PRD0558,163
B004,PRD1260,162
B007,PRD1431,7
B005,PRD0233,176
B006,PRD1412,242
B010,PRD1377,148
B007,PRD0739,118
B006,PRD1474,191
B005,PRD0774,170
B002,PRD0934,84
B001,PRD1214,21
B009,PRD1063,281
B007,PRD1216,77
B001,PRD0433,226
B006,PRD0092,212
B002,PRD1235,17
B006,PRD0167,63
B010,PRD0739,156
B010,PRD1455,0
B007,PRD0745,129
B004,PRD0771,163
B010,PRD0173,188
B005,PRD0977,230
B003,PRD0591,148
B009,PRD0475,59
B001,PRD0365,23
B010,PRD0144,296
B007,PRD0244,258
B004,PRD0356,171
B006,PRD0679,110
B009,PRD1361,83
B002,PRD0964,155
B003,PRD0536,293
B006,PRD0575,133
B001,PRD1102,216
B010,PRD0880,205
B010,PRD0411,217
B002,PRD0093,200
B002,PRD1456,48
B002,PRD1277,73
B007,PRD1287,103
B002,PRD1078,269
B010,PRD1370,76
B004,PRD0927,179
B006,PRD1136,192
B002,PRD0602,37
B004,PRD1016,65
B005,PRD0888,111
B009,PRD0371,211
B002,PRD0841,21
B005,PRD1419,292
B008,PRD1390,294
B007,PRD0633,212
B005,PRD0864,149
B003,PRD0771,227
B009,PRD0149,272
B004,PRD0486,155
B006,PRD1131,186
B009,PRD1110,233
B010,PRD1311,268
B009,PRD0114,172
B007,PRD0462,213
B002,PRD0937,39
B009,PRD0986,162
B005,PRD0924,22
B003,PRD1473,142
B010,PRD0597,135
B006,PRD0678,6
B003,PRD0632,279
B006,PRD0778,129
B008,PRD0207,83
B002,PRD0177,66
B004,PRD0259,231
B001,PRD0453,142
B010,PRD0715,6
B006,PRD0663,254
B008,PRD0112,70
B007,PRD1335,69
B010,PRD0578,297
B006,PRD0476,73
B007,PRD0481,68
B005,PRD1191,44
B010,PRD0381,274
B003,PRD0621,41
B006,PRD0913,130
B008,PRD0122,259
B009,PRD1003,136
B008,PRD0937,95
B006,PRD1442,28
B005,PRD1359,82
B006,PRD0905,86
B002,PRD1434,215
B002,PRD1376,107
B001,PRD0041,176
B010,PRD0966,181
B004,PRD1103,265
B008,PRD0925,123
B008,PRD0185,115
B004,PRD0525,136
B002,PRD0398,241
B001,PRD0273,196
B004,PRD0711,95
B010,PRD0987,0
B006,PRD1370,224
B006,PRD0784,295
B003,PRD0071,193
B010,PRD0093,126
B001,PRD0104,27
B007,PRD0304,293
B002,PRD0311,48
B005,PRD0459,96
B008,PRD0042,148
B007,PRD0114,79
B001,PRD1404,286
B007,PRD1494,98
B002,PRD1402,97
B002,PRD1108,44
B005,PRD0395,20
B008,PRD1422,136
B008,PRD0725,65
B010,PRD1263,36
B002,PRD1403,90
B005,PRD0910,97
B007,PRD0033,174
B005,PRD0106,193
B004,PRD1196,108
B002,PRD0936,196
B009,PRD0627,287
B001,PRD1364,31
B009,PRD1488,135
B006,PRD0437,33
B001,PRD0619,193
B001,PRD0309,200
B001,PRD0377,154
B005,PRD0896,78
B002,PRD1079,3
B001,PRD0731,56
B003,PRD0035,198
B009,PRD0811,135
B007,PRD0032,61
B008,PRD0595,96
B009,PRD1169,147
B001,PRD0659,155
B003,PRD0516,10
B002,PRD0113,51
B009,PRD0279,286
B005,PRD1275,215
B007,PRD0383,140
B003,PRD0999,154
B007,PRD0612,72
B008,PRD0482,180
B010,PRD1462,138
B003,PRD0761,224
B005,PRD0043,184
B006,PRD0722,184
B004,PRD0859,113
B006,PRD0750,132
B008,PRD0630,283
B010,PRD0284,27
B003,PRD0172,216
B002,PRD1142,138
B006,PRD1300,40
B005,PRD1311,279
B004,PRD0645,58
B007,PRD0927,168
B002,PRD0351,87
B009,PRD0916,111
B009,PRD0899,147
B003,PRD0808,40
B002,PRD0061,51
B006,PRD0310,80
B001,PRD1108,7
B010,PRD0314,257
B003,PRD0878,91
B008,PRD1479,231
B009,PRD1246,172
B007,PRD1277,171
B006,PRD0206,257
B004,PRD0411,191
B005,PRD1016,151
B005,PRD1007,39
B005,PRD1260,274
B003,PRD0726,284
B008,PRD1227,180
B001,PRD0849,251
B007,PRD0786,123
B006,PRD0970,216
B010,PRD0952,18
B006,PRD0871,144
B007,PRD0202,224
B003,PRD0138,153
B003,PRD0917,65
B009,PRD0486,30
B003,PRD0951,155
B007,PRD0638,229
B005,PRD0860,0
B004,PRD0040,67
B008,PRD0534,167
B004,PRD1131,77
B007,PRD1182,235
B001,PRD1027,286
B008,PRD1309,268
B010,PRD0292,93
B002,PRD0267,267
B004,PRD0276,108
B006,PRD0973,116
B004,PRD0048,283
B009,PRD1267,136
B001,PRD1054,74
B003,PRD0233,257
B009,PRD0011,151
B002,PRD0907,83
B007,PRD1460,25
B001,PRD0393,217
B001,PRD0455,155
B001,PRD0591,283
B008,PRD1316,45
B008,PRD0529,25
B010,PRD1461,213
B007,PRD0273,124
B001,PRD0661,291
B009,PRD0825,220
B008,PRD0513,190
B003,PRD0396,55
B004,PRD1383,199
B005,PRD1147,279
B002,PRD0323,44
B001,PRD0294,95
B004,PRD0171,30
B008,PRD0616,33
B009,PRD1011,41
B006,PRD1443,209
B010,PRD0011,183
B001,PRD1398,144
B005,PRD0802,0
B003,PRD0389,134
B002,PRD0594,257
B004,PRD0003,35
B005,PRD0359,6
B002,PRD0629,36
B004,PRD1288,74
B004,PRD0362,136
B004,PRD1061,126
B005,PRD0081,188
B006,PRD0655,144
B004,PRD1351,241
B003,PRD1277,222
B007,PRD1142,32
B007,PRD0276,300
B009,PRD0973,114
B004,PRD1211,176
B007,PRD1437,6
B002,PRD0979,163
B004,PRD0739,109
B002,PRD0014,195
B010,PRD0052,185
B001,PRD1091,216
B005,PRD1004,199
B004,PRD0399,133
B004,PRD0860,42
B004,PRD1286,25
B010,PRD1277,228
B003,PRD0152,63
B006,PRD1311,152
B008,PRD0805,225
B010,PRD0380,46
B006,PRD0417,202
B004,PRD1387,97
B004,PRD1324,214
B001,PRD0151,86
B007,PRD0679,31
B007,PRD1417,299
B004,PRD0821,7
B008,PRD0425,107
B007,PRD0440,238
B006,PRD0266,110
B001,PRD0712,48
B002,PRD0303,217
B005,PRD1292,93
B005,PRD0750,259
B010,PRD0979,0
B007,PRD0866,300
B002,PRD0078,156
B006,PRD1459,155
B003,PRD0691,151
B002,PRD1088,299
B010,PRD1101,241
B006,PRD0087,105
B007,PRD0024,289
B005,PRD0021,243
B003,PRD0746,173
B007,PRD0039,271
B009,PRD1069,113
B005,PRD1461,248
B003,PRD1361,177
B005,PRD0612,161
B006,PRD1256,31
B009,PRD0781,294
B003,PRD1164,128
B007,PRD0543,238
B004,PRD1421,210
B003,PRD0367,212
B004,PRD0847,85
B004,PRD0619,108
B009,PRD1475,34
B008,PRD0883,110
B003,PRD0845,120
B006,PRD1039,113
B010,PRD1287,290
B002,PRD0339,158
B009,PRD1070,204
B001,PRD0617,160
B001,PRD0588,37
B004,PRD0756,1
B010,PRD1234,83
B005,PRD0635,202
B008,PRD0157,229
B004,PRD0044,140
B006,PRD1292,171
B008,PRD0821,250
B004,PRD0805,32
B005,PRD1362,279
B008,PRD0022,258
B008,PRD0381,95
B001,PRD1266,274
B007,PRD0022,111
B002,PRD0059,254
B001,PRD0728,188
B004,PRD0981,199
B001,PRD0238,88
B007,PRD0994,32
B008,PRD0813,270
B001,PRD1040,48
B008,PRD0257,6
B004,PRD0500,118
B009,PRD0563,52
B003,PRD0075,10
B010,PRD1047,136
B005,PRD0928,138
B004,PRD0209,243
B002,PRD0621,15
B006,PRD1066,172
B007,PRD0234,206
B002,PRD0609,273
B004,PRD1128,161
B002,PRD1461,236
B006,PRD0938,56
B001,PRD0652,199
B007,PRD0999,241
B003,PRD1231,144
B010,PRD0383,262
B008,PRD0768,126
B008,PRD0390,202
B007,PRD0809,35
B009,PRD0234,68
B010,PRD0123,86
B001,PRD0829,28
B007,PRD0498,222
B010,PRD0802,181
B009,PRD1148,268
B001,PRD0102,126
B008,PRD0671,192
B001,PRD0920,132
B005,PRD0663,290
B003,PRD0221,200
B003,PRD0440,142
B007,PRD0454,292
B010,PRD0575,201
B008,PRD1257,268
B007,PRD1233,95
B006,PRD0289,265
B002,PRD0367,244
B009,PRD0617,45
B003,PRD0995,55
B004,PRD1145,290
B009,PRD0522,276
B008,PRD1159,215
B004,PRD0342,25
B003,PRD0043,96
B004,PRD1465,125
B003,PRD1358,190
B004,PRD1064,136
B009,PRD0057,283
B009,PRD0183,279
B009,PRD1005,258
B007,PRD1406,198
B001,PRD0539,158
B002,PRD0224,67
B010,PRD0976,193
B008,PRD0738,166
B006,PRD0609,251
B008,PRD1110,135
B008,PRD0587,149
B007,PRD0006,31
B002,PRD1190,167
B004,PRD0371,234
B003,PRD0679,279
B007,PRD1367,228
B004,PRD0346,42
B009,PRD0474,223
B004,PRD0794,205
B001,PRD0528,25
B010,PRD0450,221
B010,PRD0492,109
B003,PRD0554,86
B001,PRD1389,17
B007,PRD0960,234
B006,PRD0823,47
B008,PRD0980,179
B002,PRD1385,185
B007,PRD0303,60
B010,PRD1159,200
B008,PRD0358,129
B001,PRD0564,38
B003,PRD1417,265
B002,PRD0527,50
B007,PRD1082,300
B004,PRD0662,246
B002,PRD0975,233
B004,PRD0827,184
B001,PRD1176,158
B006,PRD1345,300
B002,PRD0381,271
B007,PRD0147,239
B008,PRD0986,161
B009,PRD1417,204
B007,PRD1116,57
B004,PRD0647,31
B006,PRD1382,64
B003,PRD0833,148
B009,PRD0911,167
B002,PRD1143,200
B006,PRD0753,292
B001,PRD0552,7
B005,PRD1367,221
B009,PRD0742,95
B001,PRD0766,29
B007,PRD0841,215
B002,PRD1215,120
B008,PRD0453,200
B008,PRD1170,199
B010,PRD0654,254
B007,PRD0256,227
B010,PRD0210,235
B004,PRD0036,252
B007,PRD1265,118
B003,PRD0690,242
B005,PRD0249,101
B008,PRD0701,31
B007,PRD1027,91
B004,PRD0443,161
B004,PRD0173,282
B006,PRD1261,70
B002,PRD0592,80
B005,PRD0372,282
B009,PRD0953,111
B002,PRD1172,261
B004,PRD0996,126
B004,PRD0759,161
B010,PRD0691,15
B006,PRD0058,120
B002,PRD0452,9
B004,PRD1276,299
B009,PRD0503,184
B006,PRD1009,295
B007,PRD1240,252
B003,PRD1258,197
B003,PRD0277,116
B007,PRD0837,213
B008,PRD0827,142
B001,PRD1217,44
B008,PRD0280,68
B009,PRD1093,186
B005,PRD1227,116
B007,PRD1007,120
B009,PRD0044,214
B007,PRD0235,221
B002,PRD0843,80
B007,PRD1235,151
B002,PRD1274,259
B005,PRD1368,241
B006,PRD0829,201
B006,PRD0090,256
B010,PRD0849,144
B003,PRD0324,224
B010,PRD1174,192
B007,PRD0772,223
B009,PRD0282,285
B006,PRD0025,22
B006,PRD1163,246
B007,PRD0135,97
B002,PRD0665,8
B005,PRD0318,168
B003,PRD0972,9
B008,PRD0609,121
B007,PRD0768,115
B003,PRD0896,36
B008,PRD0418,195
B007,PRD0939,32
B006,PRD0286,282
B006,PRD0250,204
B005,PRD0541,0
B007,PRD0391,165
B001,PRD0154,132
B004,PRD0586,33
B008,PRD0447,207
B002,PRD1101,75
B001,PRD0084,134
B008,PRD0936,97
B008,PRD0902,86
B009,PRD0942,270
B002,PRD0439,3
B008,PRD0530,134
B010,PRD0603,122
B009,PRD0551,249
B009,PRD0115,256
B010,PRD0165,230
B008,PRD0948,182
B009,PRD0680,159
B004,PRD1067,183
B005,PRD0904,93
B002,PRD0031,213
B003,PRD0502,245
B006,PRD0477,11
B010,PRD0067,269
B005,PRD0348,246
B009,PRD1348,299
B008,PRD1022,99
B001,PRD0600,109
B003,PRD0798,268
B004,PRD1335,225
B007,PRD0204,246
B007,PRD0884,266
B003,PRD0760,30
B007,PRD0288,4
B005,PRD0798,206
B004,PRD1069,270
B007,PRD0776,257
B007,PRD1212,299
B010,PRD1458,245
B008,PRD0230,53
B006,PRD1499,289
B010,PRD1237,251
B009,PRD0753,87
B002,PRD0952,169
B008,PRD1075,213
B007,PRD0530,50
B002,PRD0972,153
B009,PRD1028,40
B008,PRD0854,295
B006,PRD0413,168
B009,PRD0477,182
B009,PRD0304,29
B004,PRD0651,50
B010,PRD0134,63
B001,PRD1163,17
B006,PRD1414,76
B003,PRD1134,185
B008,PRD0373,49
B009,PRD0177,2
B002,PRD1413,48
B003,PRD0441,44
B010,PRD1199,103
B008,PRD0581,293
B002,PRD1482,154
B007,PRD1470,281
B006,PRD0701,240
B001,PRD1228,247
B003,PRD0178,116
B008,PRD1070,118
B002,PRD0487,277
B004,PRD1433,139
B004,PRD0272,26
B003,PRD1048,19
B002,PRD1132,218
B002,PRD0316,45
B005,PRD0590,25
B008,PRD1038,197
B010,PRD1034,170
B008,PRD0872,45
B008,PRD1398,195
B010,PRD0960,300
B010,PRD1308,92
B009,PRD0512,1
B007,PRD1177,240
B005,PRD0754,177
B002,PRD0310,179
B004,PRD0673,57
B001,PRD1317,33
B007,PRD0471,67
B005,PRD0764,214
B005,PRD1059,81
B004,PRD0240,87
B005,PRD0555,202
B008,PRD1382,210
B008,PRD1044,25
B006,PRD0163,12
B001,PRD1057,231
B001,PRD1142,170
B002,PRD0583,37
B006,PRD1200,202
B005,PRD0885,245
B008,PRD0605,57
B003,PRD0229,268
B007,PRD0913,291
B007,PRD1450,159
B008,PRD0751,249
B004,PRD0190,30
B001,PRD0988,93
B007,PRD1409,129
B004,PRD0004,207
B002,PRD0322,153
B004,PRD1402,87
B003,PRD0120,138
B007,PRD1473,1
B009,PRD0807,50
B003,PRD0337,294
B005,PRD0463,182
B005,PRD0444,42
B007,PRD1147,79
B004,PRD1152,23
B010,PRD0365,286
B010,PRD0522,256
B005,PRD0647,269
B005,PRD0142,190
B008,PRD0915,46
B006,PRD0822,225
B008,PRD0320,149
B009,PRD1026,219
B009,PRD0524,85
B003,PRD0418,260
B010,PRD0443,201
B001,PRD0435,22
B008,PRD0279,228
B007,PRD0976,210
B004,PRD1156,72
B001,PRD0328,153
B010,PRD0142,169
B008,PRD0192,299
B007,PRD1291,131
B006,PRD0191,178
B002,PRD0800,114
B001,PRD1139,55
B002,PRD0795,150
B004,PRD0295,124
B008,PRD0454,236
B004,PRD1399,3
B008,PRD1307,265
B004,PRD0548,39
B006,PRD0307,248
B009,PRD0358,10
B003,PRD1461,97
B005,PRD0826,294
B009,PRD0055,218
B005,PRD0871,223
B010,PRD0310,76
B002,PRD1312,242
B001,PRD1046,257
B007,PRD0496,86
B003,PRD1233,135
B008,PRD0808,152
B001,PRD0410,24
B005,PRD1429,20
B001,PRD0443,4
B008,PRD0809,256
B006,PRD0643,178
B008,PRD0812,11
B007,PRD0056,241
B008,PRD0810,236
B008,PRD1223,258
B006,PRD1083,197
B007,PRD0435,64
B009,PRD0212,111
B006,PRD0992,36
B001,PRD0545,153
B008,PRD0035,265
B006,PRD0865,228
B006,PRD0234,235
B001,PRD0275,185
B001,PRD1250,218
B010,PRD1088,248
B006,PRD0359,114
B004,PRD0592,230
B007,PRD0998,75
B001,PRD0668,294
B007,PRD0747,95
B001,PRD0778,272
B010,PRD0730,161
B010,PRD0482,47
B001,PRD0411,196
B005,PRD0911,239
B006,PRD1423,209
B002,PRD0903,133
B002,PRD1052,246
B007,PRD1487,181
B006,PRD0968,28
B005,PRD0082,121
B006,PRD1432,53
B001,PRD0689,224
B005,PRD0380,218
B010,PRD0632,3
B003,PRD0584,153
B001,PRD0269,213
B010,PRD0746,97
B002,PRD0101,230
B007,PRD1047,234
B004,PRD0007,42
B002,PRD1030,234
B002,PRD0914,223
B008,PRD1184,263
B002,PRD0280,77
B004,PRD0539,286
B004,PRD0092,55
B010,PRD0713,223
B005,PRD0533,15
B008,PRD1067,98
B005,PRD0856,138
B008,PRD0386,204
B001,PRD0480,129
B003,PRD1332,102
B003,PRD0027,263
B004,PRD0015,164
B007,PRD1302,120
B007,PRD1341,221
B003,PRD1114,104
B009,PRD0150,286
B010,PRD0403,272
B002,PRD0775,107
B003,PRD0827,112
B005,PRD1049,232
B004,PRD1301,46
B001,PRD0601,202
B008,PRD0430,57
B005,PRD0879,175
B002,PRD0829,283
B003,PRD0084,200
B005,PRD1289,29
B009,PRD0406,209
B003,PRD0242,259
B006,PRD1074,122
B007,PRD0761,22
B006,PRD0312,9
B009,PRD1374,205
B002,PRD0383,184
B004,PRD0869,132
B005,PRD0022,240
B010,PRD0827,249
B007,PRD0400,174
B005,PRD1087,152
B001,PRD0368,54
B010,PRD1193,281
B006,PRD0539,89
B001,PRD0203,50
B003,PRD0721,224
B005,PRD1442,211
B008,PRD0798,271
B002,PRD1219,166
B004,PRD1318,74
B002,PRD0247,159
B001,PRD0676,69
B009,PRD0363,36
B007,PRD1424,86
B009,PRD0689,32
B009,PRD0614,191
B008,PRD1334,26
B007,PRD1242,56
B007,PRD0882,212
B010,PRD0106,180
B005,PRD0784,89
B002,PRD0274,50
B008,PRD0268,287
B003,PRD0588,156
B007,PRD1103,235
B009,PRD0709,56
B006,PRD0573,197
B008,PRD0728,297
B006,PRD1160,101
B010,PRD0050,288
B006,PRD0724,128
B003,PRD0567,85
B009,PRD0847,169
B001,PRD0759,289
B005,PRD0039,92
B006,PRD0331,157
B010,PRD0619,30
B010,PRD0765,279
B010,PRD0566,174
B001,PRD0467,94
B006,PRD0625,22
B006,PRD0279,53
B008,PRD0761,165
B001,PRD0530,89
B009,PRD0860,152
B009,PRD0314,267
B003,PRD0754,52
B010,PRD0369,105
B002,PRD0765,172
B002,PRD0423,50
B008,PRD1094,260
B007,PRD0778,216
B007,PRD0628,134
B004,PRD0318,155
B004,PRD1416,295
B007,PRD1076,2
B008,PRD1149,76
B010,PRD0460,237
B005,PRD1245,252
B003,PRD0563,229
B004,PRD1430,15
B009,PRD0560,39
B007,PRD1249,153
B003,PRD0425,103
B004,PRD0244,66
B009,PRD0368,56
B003,PRD1021,278
B007,PRD0028,266
B005,PRD0564,191
B005,PRD0308,36
B007,PRD1304,161
B001,PRD0125,107
B007,PRD0928,248
B009,PRD0162,104
B001,PRD0349,50
B009,PRD0776,70
B005,PRD1352,200
B003,PRD1440,161
B010,PRD0382,120
B005,PRD1379,284
B006,PRD0930,165
B001,PRD1124,181
B005,PRD0283,5
B008,PRD0368,100
B005,PRD0765,41
B009,PRD1094,273
B008,PRD0025,283
B007,PRD0526,89
B002,PRD1451,140
B005,PRD1214,242
B010,PRD0869,23
B001,PRD0132,222
B010,PRD0909,259
B009,PRD0505,294
B004,PRD1038,177
B008,PRD0500,209
B003,PRD1448,194
B009,PRD1104,253
B004,PRD0449,289
B005,PRD0892,267
B007,PRD0407,84
B003,PRD0820,28
B006,PRD1286,32
B003,PRD0088,202
B004,PRD0772,169
B008,PRD0252,100
B005,PRD0040,189
B008,PRD0145,293
B004,PRD1191,138
B005,PRD1083,68
B002,PRD1268,280
B006,PRD1049,162
B010,PRD1096,148
B004,PRD1273,207
B004,PRD1389,287
B010,PRD0648,139
B007,PRD1418,189
B008,PRD1343,67
B002,PRD1029,197
B005,PRD1085,38
B010,PRD1362,296
B007,PRD0414,94
B010,PRD1022,140
B005,PRD0561,168
B001,PRD0024,31
B007,PRD1079,16
B004,PRD0216,9
B004,PRD1208,165
B003,PRD0510,27
B010,PRD0180,211
B001,PRD0216,264
B010,PRD1121,132
B007,PRD1016,188
B006,PRD0501,118
B008,PRD1127,32
B004,PRD0221,22
B007,PRD0406,1
B002,PRD0483,17
B002,PRD1266,12
B007,PRD0639,236
B001,PRD0200,148
B004,PRD0877,198
B003,PRD0806,67
B010,PRD0234,38
B001,PRD0370,106
B003,PRD0086,225
B009,PRD0779,214
B008,PRD0371,158
B008,PRD0971,292
B001,PRD0134,168
B002,PRD1474,175
B005,PRD1026,127
B004,PRD1385,216
B001,PRD1477,217
B002,PRD0478,261
B006,PRD1190,183
B010,PRD1398,268
B007,PRD0341,108
B010,PRD1488,236
B001,PRD0451,261
B004,PRD1158,151
B010,PRD0807,34
B009,PRD1153,97
B010,PRD0006,217
B001,PRD1261,100
B009,PRD0342,225
B006,PRD0932,61
B005,PRD1131,165
B006,PRD0220,204
B008,PRD0158,104
B003,PRD0309,93
B003,PRD0508,213
B003,PRD0946,170
B010,PRD0003,165
B009,PRD0124,131
B005,PRD0242,179
B001,PRD1313,111
B003,PRD1173,298
B001,PRD0602,203
B007,PRD1106,55
B010,PRD0600,165
B005,PRD0867,279
B003,PRD0057,137
B004,PRD0690,23
B009,PRD1019,294
B002,PRD0585,104
B006,PRD1277,114
B005,PRD1029,139
B005,PRD0012,73
B009,PRD1143,206
B008,PRD1113,277
B006,PRD0366,250
B006,PRD1419,0
B007,PRD0369,267
B005,PRD0859,265
B005,PRD1181,15
B007,PRD0934,18
B008,PRD0750,149
B006,PRD1450,24
B006,PRD0535,62
B001,PRD1016,74
B005,PRD0704,173
B008,PRD0724,54
B008,PRD1385,160
B010,PRD0974,66
B002,PRD0686,242
B002,PRD1409,14
B004,PRD1475,124
B007,PRD1430,114
B002,PRD1318,174
B008,PRD1427,125
B008,PRD0884,12
B007,PRD1392,230
B005,PRD0922,280
B003,PRD1043,247
B002,PRD1445,54
B004,PRD1380,69
B001,PRD0484,225
B001,PRD1080,213
B009,PRD1365,48
B006,PRD0116,103
B006,PRD0355,274
B004,PRD1271,71
B003,PRD0454,58
B004,PRD0315,204
B004,PRD1190,163
B005,PRD0432,225
B005,PRD0532,264
B001,PRD1382,244
B009,PRD0892,299
B008,PRD1069,250
B003,PRD0700,289
B003,PRD1344,53
B004,PRD1221,245
B008,PRD0765,146
B008,PRD0190,204
B007,PRD0389,24
B003,PRD0576,231
B008,PRD0154,152
B001,PRD1268,97
B003,PRD1226,75
B002,PRD0074,214
B008,PRD0233,207
B001,PRD0384,152
B009,PRD1100,114
B009,PRD0788,14
B009,PRD0396,240
B008,PRD1053,9
B008,PRD0146,98
B001,PRD1149,296
B002,PRD1399,216
B001,PRD1239,234
B010,PRD0681,208
B009,PRD0443,215
B006,PRD0343,53
B006,PRD0995,167
B006,PRD0240,152
B006,PRD1247,184
B003,PRD0881,96
B005,PRD0089,242
B010,PRD0764,65
B002,PRD1261,271
B007,PRD0015,97
B005,PRD1393,183
B006,PRD1167,129
B002,PRD1306,291
B003,PRD0025,146
B004,PRD0347,262
B004,PRD0665,282
B009,PRD0075,50
B008,PRD1171,49
B008,PRD0156,141
B004,PRD0879,200
B008,PRD1093,37
B008,PRD0707,253
B002,PRD0170,58
B009,PRD1393,12
B004,PRD0325,179
B004,PRD1032,246
B002,PRD1225,92
B005,PRD0483,35
B002,PRD1443,246
B010,PRD1495,255
B001,PRD0471,11
B006,PRD1092,100
B009,PRD0910,64
B006,PRD1326,121
B007,PRD0325,187
B010,PRD0340,236
B001,PRD0586,182
B003,PRD1299,237
B008,PRD0875,27
B002,PRD0692,109
B009,PRD0817,278
B005,PRD1374,212
B004,PRD0348,190
B003,PRD1087,61
B001,PRD1106,65
B005,PRD0903,153
B003,PRD0193,23
B006,PRD0435,143
B001,PRD0350,233
B008,PRD1002,213
B004,PRD0955,187
B003,PRD0164,279
B005,PRD0968,231
B002,PRD0459,103
B004,PRD1162,137
B003,PRD0046,110
B006,PRD0903,123
B002,PRD0968,106
B005,PRD1017,70
B001,PRD0629,130
B009,PRD1262,285
B010,PRD0185,192
B003,PRD0738,27
B003,PRD0161,275
B008,PRD0234,270
B007,PRD0213,200
B007,PRD0773,38
B010,PRD1116,233
B008,PRD0224,178
B004,PRD0886,40
B002,PRD1406,219
B004,PRD1285,229
B002,PRD0763,93
B001,PRD0346,67
B010,PRD1490,63
B007,PRD0805,157
B007,PRD1136,158
B008,PRD1248,74
B003,PRD0220,299
B004,PRD0742,170
B001,PRD1067,83
B001,PRD0064,271
B006,PRD0554,16
B007,PRD0594,172
B001,PRD1301,106
B007,PRD0784,269
B010,PRD0257,117
B008,PRD0634,28
B010,PRD1008,49
B007,PRD1378,97
B007,PRD1337,270
B004,PRD1198,262
B002,PRD0611,138
B009,PRD0634,201
B002,PRD1061,35
B007,PRD0456,19
B001,PRD0986,178
B004,PRD0194,37
B006,PRD1317,191
B002,PRD0801,196
B005,PRD0713,24
B001,PRD0353,220
B001,PRD0265,186
B002,PRD0774,130
B010,PRD0393,245
B009,PRD0014,256
B003,PRD0825,217
B007,PRD0788,121
B007,PRD0002,171
B003,PRD0416,216
B006,PRD0596,179
B008,PRD1367,238
B009,PRD0366,88
B005,PRD1252,200
B009,PRD0376,119
B002,PRD0279,276
B009,PRD0639,153
B009,PRD0427,118
B005,PRD0947,291
B001,PRD1204,79
B007,PRD0706,101
B009,PRD0175,167
B007,PRD1370,172
B008,PRD0346,185
B001,PRD0905,54
B006,PRD0147,134
B007,PRD1309,3
B005,PRD0054,37
B005,PRD1189,286
B010,PRD0135,201
B004,PRD0382,80
B001,PRD0608,193
B003,PRD0362,193
B004,PRD0360,79
B003,PRD0537,80
B002,PRD0420,170
B010,PRD0883,215
B005,PRD1038,167
B001,PRD0412,36
B010,PRD1446,42
B004,PRD0321,142
B002,PRD0824,55
B007,PRD0468,238
B002,PRD1317,95
B005,PRD0290,25
B009,PRD0355,262
B004,PRD0616,293
B007,PRD0940,189
B002,PRD0930,167
B008,PRD1141,43
B001,PRD1435,133
B006,PRD0156,275
B006,PRD1484,236
B008,PRD1173,70
B005,PRD0062,73
B007,PRD0248,269
B004,PRD0076,96
B002,PRD0254,122
B003,PRD1362,72
B005,PRD1009,63
B004,PRD0770,169
B006,PRD0523,292
B007,PRD1423,129
B010,PRD0913,7
B008,PRD0216,46
B002,PRD0548,63
B005,PRD1204,211
B009,PRD0373,20
B001,PRD1185,119
B005,PRD1488,216
B002,PRD1218,271
B006,PRD1188,187
B005,PRD0829,33
B006,PRD1112,94
B006,PRD0622,229
B001,PRD0252,2
B010,PRD0017,42
B006,PRD0410,64
B003,PRD1471,286
B001,PRD0396,84
B005,PRD0823,236
B007,PRD0455,266
B007,PRD0613,213
B010,PRD0170,255
B009,PRD0403,39
B001,PRD0919,96
B004,PRD1215,59
B003,PRD0340,238
B004,PRD1332,136
B004,PRD0407,296
B007,PRD0578,230
B003,PRD0592,269
B008,PRD1488,210
B002,PRD1371,127
B004,PRD0593,0
B006,PRD1310,225
B006,PRD0714,3
B002,PRD0673,82
B009,PRD0134,182
B003,PRD0341,90
B005,PRD1036,284
B008,PRD0772,148
B010,PRD0279,46
B009,PRD0538,154
B008,PRD0688,276
B007,PRD0208,123
B007,PRD0093,174
B001,PRD0036,105
B008,PRD0898,197
B008,PRD0857,35
B008,PRD0519,187
B004,PRD0509,110
B007,PRD0186,161
B010,PRD1109,73
B005,PRD0540,70
B007,PRD0683,62
B006,PRD1065,112
B006,PRD0339,228
B003,PRD0923,248
B003,PRD1485,6
B004,PRD1066,213
B002,PRD0048,144
B009,PRD0228,163
B006,PRD0593,119
B001,PRD1460,190
B008,PRD0603,185
B002,PRD0019,227
B010,PRD0125,297
B002,PRD1039,122
B010,PRD1072,21
B003,PRD1353,82
B003,PRD0805,127
B002,PRD0385,49
B002,PRD1171,289
B003,PRD1490,238
B009,PRD0769,23
B005,PRD1405,190
B003,PRD0655,222
B004,PRD1322,93
B006,PRD0044,212
B001,PRD1203,282
B002,PRD0149,152
B003,PRD0802,199
B008,PRD0402,232
B007,PRD0164,2
B002,PRD0917,110
B003,PRD1368,286
B006,PRD0179,243
B002,PRD1293,260
B006,PRD0725,211
B006,PRD1059,240
B002,PRD0211,100
B005,PRD0912,56
B007,PRD1139,89
B010,PRD0014,261
B005,PRD0960,156
B003,PRD1187,83
B008,PRD0777,295
B010,PRD0576,76
B005,PRD1242,131
B003,PRD1200,145
B009,PRD1411,144
B006,PRD0765,115
B010,PRD1037,85
B002,PRD0809,78
B002,PRD0461,193
B008,PRD0876,260
B008,PRD0203,209
B002,PRD0069,51
B009,PRD1318,96
B002,PRD1330,289
B003,PRD1196,270
B010,PRD0029,5
B008,PRD1156,84
B003,PRD0940,24
B005,PRD0076,169
B007,PRD0675,115
B003,PRD1122,188
B005,PRD0518,182
B004,PRD0349,183
B010,PRD1056,31
B001,PRD1252,290
B003,PRD0569,269
B009,PRD1425,264
B009,PRD0931,115
B010,PRD1453,125
B006,PRD0275,231
B009,PRD0668,162
B008,PRD0746,74
B005,PRD0702,112
B010,PRD0922,140
B006,PRD0189,36
B005,PRD1257,98
B007,PRD1311,24
B001,PRD1138,52
B001,PRD1026,148
B004,PRD0131,86
B001,PRD1429,89
B007,PRD0661,230
B002,PRD0022,132
B006,PRD0795,200
B006,PRD1125,234
B007,PRD0691,211
B010,PRD0002,216
B008,PRD1464,265
B006,PRD0563,200
B004,PRD1442,181
B006,PRD0353,145
B010,PRD0166,139
B005,PRD0350,276
B005,PRD0121,78
B001,PRD1332,121
B009,PRD0118,99
B004,PRD1302,141
B009,PRD0290,133
B006,PRD1013,82
B005,PRD0695,125
B004,PRD1486,43
B005,PRD1088,275
B001,PRD0421,82
B003,PRD0405,19
B010,PRD0878,121
B007,PRD0808,110
B008,PRD0050,34
B010,PRD1064,280
B002,PRD0313,169
B001,PRD1479,78
B007,PRD0861,26
B003,PRD0496,175
B003,PRD1065,300
B006,PRD1285,116
B009,PRD1383,3
B002,PRD0043,195
B010,PRD0679,156
B010,PRD0834,215
B003,PRD1482,47
B003,PRD0911,166
B008,PRD0152,7
B010,PRD0658,153
B005,PRD0168,268
B006,PRD1260,171
B003,PRD0836,68
B005,PRD0485,54
B005,PRD0868,207
B008,PRD0855,53
B010,PRD1189,80
B004,PRD0721,133
B007,PRD0216,283
B002,PRD0564,230
B009,PRD0493,57
B005,PRD1377,206
B003,PRD1386,216
B007,PRD0027,134
B008,PRD0680,168
B004,PRD0558,7
B005,PRD0851,31
B005,PRD0197,191
B005,PRD0523,251
B002,PRD0640,73
B003,PRD0776,106
B004,PRD1401,97
B002,PRD1396,28
B003,PRD0311,200
B001,PRD0611,210
B001,PRD1019,39
B010,PRD0405,201
B010,PRD0352,82
B001,PRD1050,157
B007,PRD0397,180
B006,PRD0808,199
B006,PRD0046,237
B005,PRD0996,88
B010,PRD1318,261
B005,PRD0679,59
B001,PRD0730,20
B008,PRD0360,232
B002,PRD1356,167
B007,PRD0963,19
B003,PRD0203,116
B004,PRD0760,22
B008,PRD0432,143
B007,PRD0268,151
B009,PRD0347,257
B005,PRD0231,230
B008,PRD0461,16
B009,PRD1038,180
B003,PRD0321,190
B001,PRD0049,44
B009,PRD0568,107
B006,PRD1172,288
B004,PRD0832,136
B008,PRD1391,17
B004,PRD1258,274
B009,PRD0024,59
B003,PRD1220,187
B008,PRD1498,223
B009,PRD1168,156
B010,PRD0083,41
B008,PRD0343,0
B001,PRD0395,112
B006,PRD0032,81
B008,PRD1321,109
B008,PRD0304,65
B002,PRD0608,116
B006,PRD0143,33
B008,PRD0133,62
B003,PRD1162,144
B002,PRD0635,151
B009,PRD1113,172
B004,PRD1259,295
B004,PRD0293,161
B006,PRD0880,234
B006,PRD0452,81
B001,PRD0417,107
B005,PRD0666,188
B002,PRD0145,118
B003,PRD0809,28
B001,PRD0364,174
B009,PRD1325,24
B006,PRD0454,198
B004,PRD0565,195
B006,PRD0997,246
B003,PRD1032,90
B006,PRD0888,56
B006,PRD0104,24
B007,PRD0241,214
B010,PRD0770,24
B006,PRD0933,289
B001,PRD1458,217
B009,PRD1432,245
B001,PRD0360,143
B007,PRD0279,202
B004,PRD0909,297
B005,PRD1287,270
B010,PRD1379,90
B009,PRD0007,38
B003,PRD0053,31
B008,PRD0664,256
B005,PRD0433,127
B010,PRD0410,171
B003,PRD0422,136
B010,PRD1303,56
B008,PRD0890,122
B003,PRD1411,274
B005,PRD0992,130
B001,PRD1230,66
B003,PRD0546,37
B005,PRD0443,53
B001,PRD0332,27
B001,PRD0310,252
B007,PRD0564,201
B002,PRD0696,91
B007,PRD0490,12
B009,PRD0397,254
B010,PRD1140,288
B009,PRD1218,68
B003,PRD1219,81
B009,PRD0785,186
B007,PRD0355,15
B003,PRD0804,194
B002,PRD0241,24
B010,PRD0226,179
B010,PRD1040,9
B009,PRD0448,184
B004,PRD0975,169
B002,PRD0489,240
B008,PRD0684,141
B006,PRD1141,238
B002,PRD0963,178
B006,PRD0133,242
B008,PRD1134,159
B005,PRD1155,133
B005,PRD0808,123
B002,PRD1146,176
B003,PRD1487,172
B007,PRD1351,153
B003,PRD1467,286
B010,PRD1149,55
B009,PRD0429,282
B006,PRD0433,167
B001,PRD1147,134
B006,PRD1159,21
B010,PRD0942,85
B008,PRD0865,180
B004,PRD1330,88
B006,PRD0831,230
B010,PRD1160,251
B005,PRD1097,84
B006,PRD0549,78
B004,PRD1349,147
B007,PRD0014,165
B003,PRD0259,290
B009,PRD0003,270
B007,PRD1072,107
B009,PRD1085,84
B008,PRD1489,44
B010,PRD0847,189
B005,PRD0304,184
B002,PRD1050,137
B008,PRD1275,24
B003,PRD1470,121
B002,PRD1057,270
B003,PRD1347,85
B005,PRD0253,269
B006,PRD0601,109
B009,PRD0470,19
B007,PRD0284,264
B004,PRD0577,223
B009,PRD0178,83
B010,PRD1402,191
B002,PRD0435,77
B007,PRD1098,293
B004,PRD1275,222
B001,PRD1020,181
B002,PRD0565,118
B002,PRD0159,103
B004,PRD0363,186
B002,PRD1334,297
B002,PRD1193,264
B005,PRD0478,193
B007,PRD0790,131
B003,PRD0848,281
B007,PRD0048,40
B010,PRD0908,28
B010,PRD1166,157
B003,PRD0684,176
B005,PRD0176,255
B010,PRD0721,125
B002,PRD0762,194
B002,PRD1267,25
B002,PRD0157,35
B003,PRD0594,32
B001,PRD1258,74
B004,PRD0338,140
B004,PRD0248,78
B001,PRD0540,265
B006,PRD0895,81
B009,PRD1147,73
B003,PRD0225,129
B009,PRD1275,10
B001,PRD0673,15
B006,PRD0580,18
B009,PRD0305,46
B010,PRD0023,5
B004,PRD0648,275
B005,PRD0256,207
B006,PRD0556,186
B006,PRD0178,216
B006,PRD1378,276
B008,PRD0411,268
B009,PRD1378,125
B003,PRD1050,120
B002,PRD0409,231
B002,PRD0042,111
B003,PRD0535,68
B005,PRD0390,185
B005,PRD1403,35
B003,PRD0731,111
B004,PRD1233,139
B010,PRD1494,267
B005,PRD0705,279
B005,PRD1046,31
B010,PRD0615,84
B005,PRD0719,182
B007,PRD0692,287
B009,PRD0008,42
B003,PRD0127,49
B001,PRD1465,101
B007,PRD1474,127
B005,PRD0199,169
B002,PRD0568,180
B008,PRD0119,216
B006,PRD1418,252
B002,PRD0896,167
B009,PRD0665,108
B006,PRD0194,275
B009,PRD0561,104
B002,PRD0455,66
B003,PRD1475,247
B005,PRD1321,106
B006,PRD0239,282
B008,PRD0413,157
B006,PRD0458,238
B007,PRD1467,241
B006,PRD1128,55
B007,PRD0359,199
B009,PRD1052,95
B005,PRD0681,125
B001,PRD1367,63
B006,PRD0153,242
B007,PRD0667,195
B002,PRD0857,0
B005,PRD0052,121
B003,PRD0336,278
B007,PRD0254,288
B009,PRD1329,281
B006,PRD0126,270
B006,PRD1387,33
B004,PRD0791,280
B005,PRD0238,138
B004,PRD0840,43
B009,PRD0253,91
B007,PRD0167,75
B009,PRD0367,109
B009,PRD1014,197
B001,PRD0538,243
B002,PRD0717,85
B001,PRD0536,291
B001,PRD0914,22
B002,PRD0291,94
B006,PRD0398,72
B004,PRD0835,94
B007,PRD1456,233
B009,PRD0707,282
B001,PRD0610,39
B010,PRD0901,18
B005,PRD1112,269
B005,PRD0057,74
B006,PRD1253,156
B008,PRD0647,16
B007,PRD0411,286
B003,PRD0644,59
B002,PRD1329,150
B007,PRD1131,4
B005,PRD0952,173
B004,PRD0012,70
B002,PRD0524,159
B001,PRD0445,45
B001,PRD1500,255
B009,PRD1236,35
B009,PRD0869,57
B001,PRD1292,94
B008,PRD0419,191
B002,PRD0523,173
B009,PRD1358,35
B009,PRD0994,40
B006,PRD1070,223
B007,PRD0601,42
B010,PRD0436,136
B008,PRD1456,260
B002,PRD0816,234
B009,PRD1444,60
B005,PRD0530,124
B005,PRD0404,194
B001,PRD1030,92
B003,PRD1039,53
B006,PRD1118,43
B008,PRD1118,228
B007,PRD0205,143
B002,PRD0836,25
B010,PRD0333,130
B003,PRD0412,233
B008,PRD1311,248
B005,PRD0271,247
B010,PRD0272,299
B002,PRD1018,6
B001,PRD0336,297
B003,PRD0538,283
B005,PRD0315,284
B007,PRD1035,213
B004,PRD0319,230
B005,PRD1286,224
B002,PRD0372,294
B003,PRD0184,126
B009,PRD0605,140
B009,PRD1499,73
B006,PRD0204,18
B007,PRD0212,275
B003,PRD0135,15
B010,PRD1381,34
B008,PRD1158,61
B004,PRD0938,287
B003,PRD0170,66
B010,PRD1468,22
B006,PRD0855,195
B002,PRD0826,82
B002,PRD0512,192
B010,PRD1181,43
B009,PRD0936,62
B009,PRD0031,256
B007,PRD0947,11
B001,PRD0568,48
B010,PRD0876,27
B007,PRD0450,68
B009,PRD0420,164
B006,PRD0629,87
B009,PRD1281,19
B010,PRD0359,41
B007,PRD0103,266
B004,PRD0758,211
B007,PRD1088,112
B008,PRD0306,244
B008,PRD0928,101
B004,PRD0110,110
B008,PRD0127,110
B004,PRD1328,96
B001,PRD0815,244
B009,PRD0549,122
B010,PRD0815,189
B002,PRD1137,222
B007,PRD1081,207
B006,PRD0292,296
B007,PRD0057,115
B010,PRD0759,67
B009,PRD1122,211
B004,PRD1369,214
B005,PRD1381,172
B009,PRD0554,287
B003,PRD1083,3
B009,PRD0867,61
B002,PRD0016,275
B008,PRD0968,125
B008,PRD0537,292
B001,PRD1156,73
B007,PRD1092,221
B003,PRD0652,232
B005,PRD1237,160
B006,PRD0351,272
B010,PRD1241,241
B009,PRD0245,281
B003,PRD0312,81
B008,PRD0774,257
B009,PRD0904,13
B006,PRD0595,288
B007,PRD1400,122
B006,PRD0983,295
B006,PRD0985,84
B003,PRD0795,278
B003,PRD0040,112
B010,PRD1030,209
B006,PRD1044,139
B004,PRD1291,191
B002,PRD0835,241
B006,PRD1183,77
B004,PRD0398,127
B004,PRD0261,157
B005,PRD0476,0
B009,PRD0774,208
B005,PRD0850,2
B001,PRD0932,251
B010,PRD1240,30
B006,PRD0190,46
B005,PRD0496,119
B009,PRD0333,7
B006,PRD0251,51
B007,PRD0136,103
B001,PRD0942,14
B001,PRD0287,163
B005,PRD1407,227
B006,PRD0447,252
B002,PRD0902,286
B009,PRD1448,153
B004,PRD1466,87
B007,PRD1364,209
B008,PRD1183,229
B009,PRD0933,84
B007,PRD0236,10
B005,PRD0752,84
B007,PRD0123,228
B005,PRD0736,106
B008,PRD1294,203
B001,PRD0890,122
B004,PRD0011,2
B008,PRD0066,92
B001,PRD0048,122
B001,PRD0543,60
B007,PRD0473,264
B001,PRD0308,31
B008,PRD1290,99
B004,PRD0450,168
B002,PRD1346,134
B009,PRD0511,222
B009,PRD0337,32
B004,PRD0317,114
B005,PRD1148,290
B003,PRD1389,75
B006,PRD0052,140
B006,PRD1087,111
B009,PRD0498,129
B005,PRD0032,88
B008,PRD0286,211
B010,PRD0160,259
B010,PRD0718,133
B003,PRD0296,176
B005,PRD1159,276
B006,PRD1278,209
B006,PRD0284,14
B004,PRD0704,272
B004,PRD0314,151
B007,PRD0850,256
B009,PRD0084,21
B008,PRD1103,68
B007,PRD1211,214
B008,PRD1123,200
B009,PRD0638,60
B002,PRD0749,277
B004,PRD0736,201
B009,PRD0107,296
B004,PRD1499,249
B010,PRD0833,158
B001,PRD0671,234
B006,PRD0117,17
B005,PRD0472,246
B006,PRD0411,145
B007,PRD0653,197
B002,PRD0021,196
B001,PRD0578,92
B010,PRD0086,43
B005,PRD1266,223
B008,PRD0670,1
B006,PRD0230,59
B002,PRD1165,93
B006,PRD0111,258
B007,PRD0979,245
B007,PRD0487,206
B007,PRD0549,61
B004,PRD1180,70
B003,PRD0723,28
B008,PRD0437,87
B007,PRD1478,229
B008,PRD0933,224
B010,PRD0886,172
B009,PRD0586,3
B009,PRD0746,161
B001,PRD1418,235
B003,PRD0366,270
B007,PRD1284,200
B008,PRD0999,229
B007,PRD0774,76
B008,PRD1116,52
B010,PRD0260,280
B006,PRD0416,118
B008,PRD0068,163
B009,PRD0716,155
B007,PRD0857,166
B010,PRD1438,203
B009,PRD1247,274
B007,PRD1313,268
B003,PRD0541,43
B006,PRD0934,182
B008,PRD0324,209
B006,PRD0100,204
B008,PRD0832,213
B004,PRD0046,112
B004,PRD0452,50
B003,PRD0232,287
B009,PRD1188,251
B004,PRD0541,259
B003,PRD0145,282
B010,PRD0370,96
B004,PRD1090,8
B010,PRD1319,28
B001,PRD0187,157
B009,PRD0399,244
B007,PRD0716,177
B003,PRD1321,222
B005,PRD0011,248
B010,PRD0322,61
B008,PRD1376,300
B006,PRD0144,228
B007,PRD0175,252
B007,PRD1438,182
B007,PRD0049,11
B007,PRD0018,202
B005,PRD1254,17
B002,PRD0105,74
B004,PRD0197,159
B004,PRD0262,63
B002,PRD1319,93
B006,PRD0389,298
B002,PRD1081,87
B001,PRD1475,124
B001,PRD0161,117
B002,PRD0610,88
B005,PRD0787,30
B007,PRD0336,225
B002,PRD0655,4
B010,PRD0114,60
B009,PRD0922,297
B003,PRD1317,196
B006,PRD0878,253
B010,PRD1273,103
B001,PRD0772,111
B007,PRD0896,198
B009,PRD0959,72
B009,PRD1033,168
B006,PRD1272,261
B005,PRD1042,281
B008,PRD0009,285
B008,PRD1062,107
B009,PRD0236,78
B002,PRD0098,292
B001,PRD0633,289
B001,PRD0594,243
B002,PRD0135,232
B008,PRD0763,237
B002,PRD0434,93
B003,PRD1073,17
B003,PRD1449,98
B009,PRD0572,57
B008,PRD1261,260
B001,PRD0672,113
B002,PRD0646,122
B003,PRD0087,221
B009,PRD0646,221
B007,PRD1389,34
B006,PRD0134,117
B005,PRD1270,268
B009,PRD1150,178
B002,PRD0588,260
B004,PRD1169,133
B006,PRD1142,45
B007,PRD0936,213
B004,PRD1329,251
B001,PRD1157,216
B005,PRD1353,107
B002,PRD1386,32
B003,PRD0463,40
B010,PRD0953,209
B004,PRD0071,82
B009,PRD0165,9
B002,PRD1027,57
B003,PRD0842,103
B006,PRD0952,139
B004,PRD0741,272
B010,PRD0692,51
B005,PRD0832,194
B008,PRD0558,42
B010,PRD0418,207
B005,PRD1363,86
B001,PRD1355,215
B003,PRD0504,224
B002,PRD0491,215
B002,PRD1484,64
B005,PRD1168,209
B004,PRD1099,68
B002,PRD0200,56
B008,PRD1246,50
B001,PRD0514,71
B004,PRD0556,179
B004,PRD1154,72
B008,PRD0283,46
B006,PRD1191,79
B006,PRD0242,43
B008,PRD0214,277
B009,PRD0764,50
B007,PRD0209,143
B003,PRD1157,20
B002,PRD0340,0
B004,PRD1420,132
B003,PRD1014,81
B005,PRD0644,86
B004,PRD0195,65
B010,PRD1244,189
B010,PRD0565,32
B002,PRD1021,58
B002,PRD0464,220
B003,PRD1017,196
B003,PRD0977,261
B004,PRD0523,218
B008,PRD1201,276
B002,PRD0556,33
B003,PRD1373,52
B006,PRD1213,261
B004,PRD0388,52
B006,PRD0066,42
B007,PRD1382,114
B010,PRD0300,287
B002,PRD0771,139
B005,PRD1203,73
B003,PRD1496,299
B008,PRD0839,288
B006,PRD1323,18
B006,PRD0838,136
B006,PRD0513,69
B008,PRD0668,242
B006,PRD1254,94
B007,PRD0997,38
B002,PRD1168,165
B006,PRD0373,79
B006,PRD0993,95
B005,PRD0454,103
B006,PRD0347,1
B002,PRD1212,122
B001,PRD0088,136
B004,PRD0837,218
B003,PRD0287,216
B006,PRD0368,171
B009,PRD1481,238
B004,PRD1004,163
B006,PRD0726,246
B007,PRD0124,288
B004,PRD1268,227
B006,PRD0999,49
B009,PRD0170,245
B002,PRD0521,62
B003,PRD1283,121
B007,PRD1429,115
B004,PRD0935,230
B002,PRD1362,293
B001,PRD1437,92
B010,PRD1066,195
B007,PRD1140,162
B001,PRD1494,260
B009,PRD1341,174
B003,PRD1165,163
B010,PRD1010,219
B004,PRD0184,287
B009,PRD1103,50
B008,PRD0003,299
B005,PRD0001,276
B005,PRD1056,153
B006,PRD1289,78
B002,PRD0317,95
B005,PRD0104,76
B004,PRD0516,202
B007,PRD1260,297
B007,PRD0344,105
B005,PRD0740,244
B001,PRD0566,232
B007,PRD0315,210
B005,PRD0693,116
B005,PRD0417,159
B009,PRD0203,56
B004,PRD0917,194
B006,PRD1064,92
B005,PRD0997,151
B002,PRD0442,237
B002,PRD1291,131
B005,PRD0097,298
B010,PRD1083,187
B006,PRD0624,87
B003,PRD1166,188
B009,PRD0509,179
B005,PRD1454,57
B008,PRD0215,91
B007,PRD1319,294
B006,PRD0014,221
B008,PRD1138,174
B008,PRD1249,145
B001,PRD0263,280
B006,PRD0892,16
B010,PRD0589,261
B006,PRD1029,62
B004,PRD0374,228
B004,PRD0594,182
B004,PRD0019,280
B003,PRD1228,58
B001,PRD1150,226
B003,PRD1109,176
B002,PRD1075,154
B006,PRD0805,45
B001,PRD0625,190
B004,PRD0763,144
B005,PRD1034,67
B003,PRD1415,176
B003,PRD0531,189
B009,PRD0280,143
B005,PRD0302,35
B006,PRD1458,178
B006,PRD0719,62
B010,PRD1220,134
B002,PRD0563,40
B008,PRD0048,119
B001,PRD1420,162
B007,PRD0365,285
B004,PRD1216,20
B004,PRD0590,215
B005,PRD1024,102
B002,PRD0955,36
B006,PRD0785,259
B005,PRD0827,234
B010,PRD0601,162
B004,PRD0768,117
B009,PRD0207,122
B001,PRD0824,213
B002,PRD0983,26
B007,PRD0890,198
B007,PRD0712,49
B001,PRD0234,6
B008,PRD1107,131
B007,PRD1261,232
B003,PRD0208,125
B005,PRD0475,184
B001,PRD0061,152
B005,PRD0452,95
B009,PRD0241,188
B003,PRD0297,19
B007,PRD1263,41
B002,PRD0024,1
B008,PRD1169,261
B002,PRD0831,68
B003,PRD0401,139
B008,PRD1497,176
B002,PRD0359,176
B007,PRD1427,207
B002,PRD0172,110
B001,PRD0496,227
B002,PRD0148,184
B006,PRD0826,92
B006,PRD1205,191
B005,PRD0917,146
B003,PRD0319,2
B005,PRD1450,293
B007,PRD1014,297
B002,PRD1120,160
B008,PRD1225,31
B002,PRD0233,94
B002,PRD0030,118
B002,PRD0155,43
B005,PRD0969,279
B008,PRD1219,7
B006,PRD1043,130
B005,PRD0018,10
B010,PRD0972,227
B005,PRD1262,202
B001,PRD0854,207
B004,PRD0914,175
B008,PRD0362,204
B007,PRD0865,89
B001,PRD0937,226
B009,PRD0504,238
B010,PRD1363,80
B001,PRD0391,111
B004,PRD1279,176
B001,PRD0321,55
B002,PRD0560,3
B009,PRD0663,128
B004,PRD0378,178
B007,PRD0501,138
B010,PRD1497,66
B005,PRD0988,93
B001,PRD1012,170
B006,PRD1240,98
B001,PRD1037,192
B007,PRD0337,208
B008,PRD0504,82
B001,PRD0256,1
B008,PRD1448,157
B004,PRD0421,51
B004,PRD0979,232
B009,PRD0664,89
B003,PRD0577,9
B008,PRD1466,178
B005,PRD0208,109
B006,PRD0856,263
B010,PRD0873,109
B010,PRD1206,212
B001,PRD0929,40
B005,PRD0671,172
B006,PRD0061,42
B006,PRD0936,288
B001,PRD0149,72
B002,PRD0032,89
B001,PRD0437,47
B001,PRD1034,214
B003,PRD0686,134
B010,PRD0680,77
B007,PRD0626,242
B008,PRD0907,283
B008,PRD0070,86
B005,PRD0469,126
B002,PRD0023,124
B010,PRD1163,3
B003,PRD0274,119
B005,PRD0267,181
B001,PRD0744,28
B004,PRD1160,29
B002,PRD0376,95
B008,PRD0476,282
B010,PRD1025,7
B008,PRD1336,68
B010,PRD0775,54
B003,PRD1486,32
B003,PRD0166,276
B005,PRD0017,214
B002,PRD1458,216
B009,PRD1450,169
B006,PRD0562,52
B005,PRD0280,103
B009,PRD1428,55
B003,PRD1243,283
B002,PRD1156,122
B006,PRD1229,105
B002,PRD0368,194
B009,PRD1362,188
B009,PRD0370,30
B008,PRD1073,246
B003,PRD0349,253
B010,PRD0293,122
B003,PRD0421,260
B002,PRD0839,184
B008,PRD0220,212
B008,PRD0834,199
B001,PRD0323,62
B004,PRD0884,32
B007,PRD0086,66
B007,PRD1375,279
B007,PRD0688,88
B005,PRD0400,116
B010,PRD0012,277
B007,PRD0207,47
B007,PRD0467,211
B005,PRD0676,94
B006,PRD1279,113
B005,PRD0050,162
B007,PRD0089,241
B009,PRD0770,270
B002,PRD0636,113
B004,PRD0199,6
B008,PRD0580,19
B001,PRD1449,115
B001,PRD1307,243
B010,PRD1177,122
B001,PRD0714,108
B002,PRD0018,132
B008,PRD0334,238
B004,PRD0247,60
B002,PRD1441,151
B008,PRD0494,61
B007,PRD1253,138
B010,PRD0391,258
B006,PRD1149,299
B007,PRD0297,122
B003,PRD0372,102
B001,PRD0158,155
B001,PRD0144,77
B006,PRD1046,55
B003,PRD0650,143
B008,PRD0536,191
B007,PRD0025,288
B008,PRD0412,248
B004,PRD1030,69
B010,PRD0653,242
B006,PRD0180,126
B006,PRD1006,170
B005,PRD0352,195
B006,PRD1395,145
B008,PRD0992,282
B007,PRD0305,39
B004,PRD0154,279
B005,PRD0581,1
B005,PRD0846,168
B009,PRD0715,43
B001,PRD0779,101
B001,PRD0551,28
B008,PRD0509,208
B008,PRD0492,142
B001,PRD0748,285
B008,PRD1111,195
B005,PRD0961,31
B006,PRD1434,58
B004,PRD0444,183
B001,PRD1196,126
B004,PRD0873,158
B003,PRD1446,197
B008,PRD0611,76
B009,PRD1344,167
B008,PRD0708,261
B009,PRD1108,105
B003,PRD1003,207
B002,PRD0183,219
B004,PRD1481,128
B005,PRD0383,266
B005,PRD0219,195
B001,PRD0250,133
B009,PRD1119,246
B003,PRD1495,127
B010,PRD1321,269
B006,PRD1319,267
B002,PRD0128,80
B004,PRD0174,269
B003,PRD0953,147
B006,PRD0666,233
B010,PRD0035,166
B001,PRD1371,184
B003,PRD1018,107
B003,PRD0527,220
B008,PRD1148,214
B002,PRD0335,287
B004,PRD0836,29
B005,PRD0516,99
B010,PRD0010,191
B005,PRD0164,77
B004,PRD1393,280
B004,PRD0273,269
B007,PRD0376,20
B002,PRD0889,158
B003,PRD0986,67
B003,PRD0608,248
B003,PRD0625,201
B010,PRD0157,2
B007,PRD0224,96
B005,PRD0356,66
B008,PRD1445,84
B010,PRD0061,255
B006,PRD0308,283
B002,PRD1488,285
B002,PRD0701,249
B008,PRD0366,262
B008,PRD0162,246
B005,PRD0307,60
B007,PRD0275,40
B009,PRD0402,124
B004,PRD1255,162
B004,PRD0381,289
B009,PRD0962,75
B010,PRD0429,292
B004,PRD1314,192
B003,PRD0907,64
B008,PRD0663,269
B001,PRD1492,36
B003,PRD1500,213
B009,PRD0592,165
B010,PRD0227,222
B002,PRD1111,40
B005,PRD0575,100
B003,PRD0162,186
B005,PRD1092,233
B003,PRD1404,252
B003,PRD1302,20
B005,PRD0786,201
B008,PRD0250,202
B010,PRD0357,257
B001,PRD1445,119
B008,PRD0964,161
B007,PRD0030,229
B008,PRD1212,268
B002,PRD0134,147
B008,PRD0188,51
B003,PRD0658,223
B004,PRD1363,223
B003,PRD1147,196
B010,PRD1298,215
B010,PRD1089,58
B002,PRD0405,46
B010,PRD0154,49
B001,PRD1361,179
B004,PRD0761,225
B010,PRD1192,55
B003,PRD1097,198
B004,PRD1188,72
B009,PRD0875,19
B001,PRD1271,8
B010,PRD0137,281
B008,PRD0094,285
B001,PRD0613,78
B001,PRD0867,103
B009,PRD0500,19
B007,PRD0218,56
B002,PRD0215,78
B010,PRD1418,275
B007,PRD1162,79
B002,PRD0276,114
B008,PRD0539,239
B005,PRD0975,105
B009,PRD0887,283
B009,PRD0445,261
B008,PRD1210,11
B007,PRD1355,192
B006,PRD0854,228
B007,PRD1407,237
B007,PRD1124,74
B009,PRD1254,34
B005,PRD1190,231
B010,PRD1169,46
B002,PRD0597,157
B003,PRD0245,111
B003,PRD0666,166
B004,PRD0440,282
B001,PRD1188,276
B010,PRD0949,101
B005,PRD1283,191
B007,PRD0076,44
B005,PRD1259,199
B002,PRD0338,10
B009,PRD0268,166
B010,PRD0064,36
B004,PRD0093,138
B003,PRD0134,250
B006,PRD0571,241
B006,PRD0509,200
B004,PRD0365,292
B007,PRD0378,200
B009,PRD0483,158
B002,PRD0739,85
B003,PRD0737,261
B004,PRD0203,1
B008,PRD0054,20
B007,PRD0004,106
B006,PRD0170,76
B002,PRD0705,258
B009,PRD0888,65
B005,PRD0340,187
B009,PRD1118,249
B010,PRD0246,223
B009,PRD0565,84
B010,PRD0158,299
B010,PRD0121,78
B008,PRD0347,39
B008,PRD0889,222
B008,PRD1468,273
B001,PRD0887,80
B001,PRD0925,66
B007,PRD1214,14
B001,PRD0279,130
B005,PRD1482,75
B006,PRD1198,191
B003,PRD0141,44
B004,PRD1313,84
B003,PRD0303,23
B009,PRD0900,279
B005,PRD1084,17
B006,PRD0278,73
B006,PRD0486,237
B002,PRD1294,8
B003,PRD1176,70
B009,PRD1136,233
B009,PRD0514,223
B006,PRD0529,31
B003,PRD1177,251
B010,PRD0087,231
B001,PRD0135,74
B009,PRD0184,146
B010,PRD1393,216
B004,PRD0622,146
B001,PRD0188,49
B004,PRD0798,33
B007,PRD1315,228
B002,PRD0799,148
B010,PRD0518,78
B003,PRD0593,98
B010,PRD0946,50
B004,PRD0185,222
B004,PRD1303,23
B001,PRD0827,249
B002,PRD0388,215
B002,PRD0243,217
B008,PRD0369,69
B003,PRD0787,161
B001,PRD1386,115
B002,PRD0152,82
B005,PRD1282,250
B006,PRD1036,133
B004,PRD0921,86
B001,PRD0845,107
B003,PRD0470,137
B009,PRD1029,85
B007,PRD0231,6
B002,PRD0672,162
B010,PRD1135,122
B001,PRD0261,29
B001,PRD0399,243
B002,PRD0718,172
B004,PRD0257,142
B003,PRD0480,75
B007,PRD1183,64
B005,PRD0060,152
B006,PRD1478,97
B007,PRD1156,50
B006,PRD0635,53
B008,PRD0998,275
B001,PRD0808,210
B007,PRD1179,130
B010,PRD0911,30
B008,PRD0392,6
B009,PRD1420,27
B006,PRD1429,263
B002,PRD1337,161
B003,PRD0353,250
B010,PRD0098,185
B006,PRD1242,145
B001,PRD1089,25
B006,PRD0534,152
B010,PRD0742,238
B009,PRD1004,14
B008,PRD0779,226
B005,PRD1209,71
B002,PRD0026,278
B005,PRD0591,80
B010,PRD0549,283
B007,PRD0329,198
B007,PRD0590,50
B006,PRD1174,216
B003,PRD0243,238
B010,PRD0414,163
B002,PRD0766,263
B002,PRD1097,267
B002,PRD1279,4
B009,PRD0388,64
B006,PRD0771,143
B005,PRD0431,289
B007,PRD0886,169
B008,PRD0662,208
B008,PRD0683,2
B006,PRD0926,23
B001,PRD0873,30
B010,PRD1443,113
B001,PRD1053,249
B005,PRD0419,205
B009,PRD0223,76
B002,PRD0987,176
B009,PRD0288,239
B008,PRD0723,62
B003,PRD0146,177
B003,PRD1342,116
B008,PRD0490,145
B003,PRD0908,81
B001,PRD0027,144
B008,PRD0169,16
B010,PRD0694,248
B001,PRD0814,154
B007,PRD1379,178
B007,PRD0314,69
B005,PRD1035,128
B005,PRD1111,71
B009,PRD0995,188
B009,PRD0684,111
B005,PRD1171,59
B009,PRD0330,232
B008,PRD0802,83
B004,PRD0625,293
B007,PRD1366,56
B008,PRD1260,299
B007,PRD0452,233
B008,PRD1296,53
B006,PRD0832,175
B001,PRD1021,210
B008,PRD0372,237
B008,PRD1191,198
B004,PRD1376,19
B006,PRD1304,12
B003,PRD0846,228
B009,PRD0996,64
B005,PRD0861,299
B003,PRD1056,261
B009,PRD0462,268
B004,PRD0610,280
B006,PRD1422,3
B006,PRD0192,57
B005,PRD0175,242
B004,PRD1172,282
B001,PRD0345,97
B002,PRD0802,92
B001,PRD1282,110
B006,PRD1290,69
B004,PRD1251,172
B004,PRD0179,0
B007,PRD0350,207
B008,PRD1405,292
B004,PRD0899,297
B003,PRD0791,227
B006,PRD1430,200
B004,PRD0630,284
B001,PRD0390,87
B007,PRD0852,173
B009,PRD0597,140
B007,PRD1500,1
B008,PRD1278,186
B008,PRD0942,156
B002,PRD0457,219
B003,PRD0384,267
B010,PRD0750,21
B004,PRD1127,187
B003,PRD1451,150
B009,PRD0379,99
B009,PRD0667,153
B009,PRD1316,80
B001,PRD0527,164
B010,PRD1143,238
B007,PRD1488,198
B003,PRD0481,78
B003,PRD0742,185
B006,PRD1062,1
B007,PRD0828,108
B006,PRD0764,70
B008,PRD0074,16
B006,PRD0896,139
B004,PRD1243,28
B008,PRD1130,98
B008,PRD1200,171
B009,PRD1133,208
B010,PRD1354,185
B008,PRD1233,297
B009,PRD0068,238
B005,PRD0696,30
B004,PRD0986,176
B001,PRD0415,151
B008,PRD0326,71
B002,PRD0046,91
B006,PRD0712,167
B002,PRD1103,123
B009,PRD1179,192
B009,PRD1282,116
B003,PRD0048,291
B004,PRD0233,137
B006,PRD0628,139
B007,PRD0228,3
B002,PRD1313,164
B003,PRD0514,152
B001,PRD0981,188
B002,PRD0814,140
B010,PRD0261,7
B002,PRD0474,79
B007,PRD0705,255
B010,PRD0283,141
B004,PRD0674,127
B005,PRD0520,175
B001,PRD1168,168
B001,PRD0895,19
B001,PRD0688,204
B005,PRD1246,111
B002,PRD1109,220
B008,PRD0598,176
B001,PRD0557,167
B008,PRD0709,279
B006,PRD1054,295
B001,PRD0257,283
B004,PRD0090,161
B005,PRD1472,75
B004,PRD1415,2
B002,PRD0863,140
B008,PRD1450,207
B007,PRD1037,87
B005,PRD0134,162
B004,PRD1024,119
B009,PRD0441,42
B008,PRD0615,63
B006,PRD0553,177
B006,PRD0203,4
B006,PRD1490,95
B009,PRD0901,255
B006,PRD0390,114
B001,PRD0789,93
B003,PRD0967,133
B008,PRD0426,3
B009,PRD0284,170
B007,PRD0382,123
B008,PRD0151,76
B008,PRD0559,275
B010,PRD0462,87
B007,PRD1269,247
B007,PRD0428,253
B005,PRD0335,117
B009,PRD1138,195
B005,PRD1388,97
B007,PRD1029,8
B002,PRD0758,0
B003,PRD0320,268
B010,PRD0825,258
B002,PRD1256,167
B007,PRD1117,88
B003,PRD0958,285
B008,PRD0297,291
B002,PRD1273,102
B002,PRD0260,184
B010,PRD0412,189
B009,PRD1388,100
B007,PRD1209,112
B001,PRD1189,118
B005,PRD0145,82
B010,PRD0509,161
B007,PRD1119,206
B001,PRD1324,23
B004,PRD1366,300
B003,PRD0619,273
B007,PRD0709,14
B002,PRD1416,54
B009,PRD1352,83
B008,PRD0754,18
B009,PRD0418,99
B003,PRD0874,245
B008,PRD0393,242
B001,PRD0400,26
B003,PRD0770,142
B004,PRD0496,162
B010,PRD1480,86
B008,PRD0741,36
B010,PRD0441,30
B005,PRD0980,192
B010,PRD0669,125
B006,PRD1369,227
B007,PRD0833,240
B010,PRD0162,153
B009,PRD0850,281
B001,PRD1447,55
B001,PRD0402,285
B004,PRD1141,261
B005,PRD0611,111
B004,PRD0779,251
B009,PRD0749,267
B009,PRD1248,290
B010,PRD0809,284
B010,PRD0543,201
B001,PRD1218,149
B004,PRD0638,207
B004,PRD1248,66
B007,PRD0834,113
B004,PRD0384,292
B007,PRD0431,154
B004,PRD1283,149
B002,PRD1234,23
B002,PRD0525,123
B004,PRD0229,153
B008,PRD0403,72
B009,PRD0414,49
B007,PRD0552,278
B009,PRD0633,99
B008,PRD0735,188
B006,PRD0615,72
B005,PRD0882,200
B007,PRD1105,82
B001,PRD0179,207
B001,PRD0325,161
B005,PRD0573,187
B002,PRD0191,198
B006,PRD1076,25
B004,PRD0735,263
B003,PRD0047,226
B004,PRD0557,265
B002,PRD1487,223
B007,PRD1149,118
B001,PRD0663,2
B010,PRD0238,87
B010,PRD0494,263
B006,PRD0781,252
B004,PRD0416,140
B006,PRD0547,14
B007,PRD0423,232
B006,PRD0963,197
B009,PRD0889,39
B004,PRD1472,91
B010,PRD0937,254
B010,PRD0885,78
B004,PRD0855,93
B006,PRD0845,64
B009,PRD0141,104
B010,PRD0915,188
B005,PRD1314,161
B007,PRD0390,137
B006,PRD0002,79
B008,PRD1195,168
B003,PRD0926,141
B002,PRD0974,279
B005,PRD0023,192
B005,PRD0877,257
B009,PRD1139,45
B002,PRD1214,7
B003,PRD0870,244
B006,PRD1219,8
B002,PRD1335,263
B006,PRD1187,12
B009,PRD1199,108
B010,PRD0762,244
B008,PRD0298,102
B009,PRD0610,141
B001,PRD1438,242
B005,PRD1091,67
B004,PRD0598,150
B006,PRD0269,196
B007,PRD0375,234
B005,PRD1192,36
B008,PRD1325,234
B008,PRD0548,170
B009,PRD1242,249
B001,PRD1245,209
B006,PRD1353,255
B006,PRD1377,95
B006,PRD0496,123
B005,PRD0364,122
B009,PRD0771,222
B003,PRD1052,237
B010,PRD0986,210
B002,PRD0566,183
B002,PRD0300,291
B009,PRD0348,18
B001,PRD1088,173
B010,PRD0978,291
B008,PRD0912,11
B001,PRD0943,122
B003,PRD0578,83
B004,PRD1052,91
B002,PRD1048,143
B003,PRD0488,117
B009,PRD1367,52
B010,PRD0078,138
B010,PRD0311,177
B004,PRD1239,7
B004,PRD0614,147
B005,PRD1210,157
B010,PRD1437,238
B002,PRD0225,41
B001,PRD1310,73
B008,PRD1101,106
B005,PRD1033,190
B001,PRD1010,175
B001,PRD0658,60
B005,PRD1421,91
B005,PRD1039,145
B004,PRD0183,88
B005,PRD1430,299
B008,PRD1135,240
B006,PRD1416,280
B007,PRD0582,212
B010,PRD1388,256
B004,PRD0385,123
B002,PRD0834,51
B008,PRD0944,268
B004,PRD0823,206
B007,PRD0874,127
B009,PRD0478,130
B004,PRD0765,295
B005,PRD0587,287
B010,PRD0557,15
B006,PRD0746,165
B010,PRD0188,298
B008,PRD1347,258
B010,PRD1227,74
B009,PRD0683,56
B010,PRD0275,11
B003,PRD0915,178
B009,PRD1483,224
B007,PRD1175,214
B009,PRD0112,12
B006,PRD1420,43
B002,PRD0832,63
B004,PRD0140,157
B010,PRD1254,32
B009,PRD0915,158
B004,PRD1437,94
B009,PRD0206,249
B008,PRD0727,131
B009,PRD0927,241
B001,PRD0754,208
B004,PRD0531,110
B010,PRD0263,147
B008,PRD1452,245
B006,PRD0283,21
B004,PRD0309,298
B009,PRD0710,121
B007,PRD1257,31
B005,PRD1120,250
B007,PRD1484,29
B001,PRD0030,205
B003,PRD1365,222
B003,PRD0250,192
B008,PRD0099,4
B006,PRD0431,212
B003,PRD0822,185
B006,PRD0762,265
B004,PRD1184,243
B010,PRD1004,284
B006,PRD0247,299
B007,PRD0698,174
B007,PRD0836,222
B008,PRD1339,103
B006,PRD1088,27
B004,PRD1309,264
B005,PRD0295,59
B003,PRD0411,152
B004,PRD0559,16
B008,PRD1438,174
B007,PRD0762,295
B003,PRD0217,127
B010,PRD1397,221
B001,PRD0938,115
B007,PRD0574,294
B006,PRD1486,127
B007,PRD0009,8
B006,PRD0049,259
B006,PRD0517,160
B008,PRD0229,192
B007,PRD1463,129
B007,PRD0149,213
B003,PRD1004,12
B002,PRD0485,130
B002,PRD0020,33
B002,PRD1043,70
B005,PRD1351,69
B007,PRD0944,179
B009,PRD1350,13
B003,PRD1185,150
B001,PRD1265,44
B004,PRD1403,134
B008,PRD0001,50
B005,PRD1400,248
B006,PRD0957,115
B006,PRD0843,22
B007,PRD1275,287
B009,PRD0025,300
B002,PRD0830,285
B005,PRD0605,101
B003,PRD1046,24
B010,PRD0194,220
B009,PRD1456,23
B009,PRD1473,143
B007,PRD1316,73
B003,PRD0610,41
B006,PRD0946,217
B010,PRD0474,236
B005,PRD0817,127
B001,PRD1453,34
B005,PRD1188,117
B010,PRD1136,1
B010,PRD0771,162
B007,PRD0529,244
B006,PRD0074,74
B007,PRD0269,167
B002,PRD0281,23
B008,PRD0350,136
B010,PRD0540,16
B010,PRD1341,125
B006,PRD1093,252
B009,PRD0144,138
B002,PRD0068,263
B001,PRD0228,138
B002,PRD1024,205
B005,PRD1163,136
B005,PRD0125,164
B007,PRD1165,236
B002,PRD0273,252
B010,PRD0558,252
B006,PRD0713,200
B004,PRD0141,297
B009,PRD1221,92
B004,PRD0717,135
B004,PRD0068,134
B006,PRD1396,145
B002,PRD1469,47
B003,PRD0993,290
B008,PRD1120,202
B010,PRD0101,31
B008,PRD0232,116
B009,PRD1058,133
B001,PRD1469,221
B007,PRD1461,104
B006,PRD0921,107
B002,PRD1323,77
B003,PRD0432,167
B004,PRD0217,154
B001,PRD0005,143
B005,PRD0187,66
B004,PRD0599,116
B007,PRD0038,163
B010,PRD1171,135
B007,PRD0734,210
B010,PRD0932,187
B002,PRD0120,219
B007,PRD0995,143
B010,PRD1309,112
B008,PRD1151,174
B004,PRD0895,89
B009,PRD1346,154
B008,PRD1033,284
B008,PRD0596,257
B002,PRD0637,161
B010,PRD0439,247
B001,PRD0649,49
B009,PRD0189,255
B004,PRD0018,84
B006,PRD1100,100
B005,PRD0353,22
B002,PRD0514,16
B009,PRD0090,296
B009,PRD0743,40
B003,PRD0682,274
B001,PRD0159,291
B002,PRD1428,95
B006,PRD0944,191
B006,PRD0350,280
B010,PRD0582,106
B007,PRD0681,201
B003,PRD0390,284
B008,PRD0318,178
B008,PRD0338,276
B008,PRD0375,21
B009,PRD0038,60
B003,PRD0975,234
B003,PRD0012,24
B003,PRD0906,6
B006,PRD0157,219
B006,PRD0780,269
B007,PRD0585,134
B007,PRD0573,280
B006,PRD0123,147
B009,PRD0583,77
B003,PRD0078,118
B002,PRD0203,57
B003,PRD0978,266
B001,PRD0993,49
B010,PRD0319,187
B004,PRD1355,30
B002,PRD1232,89
B004,PRD1352,291
B003,PRD1086,89
B007,PRD0187,13
B006,PRD0274,2
B003,PRD0180,237
B007,PRD1246,231
B001,PRD0764,44
B009,PRD1117,261
B008,PRD0639,236
B006,PRD0400,167
B006,PRD1497,282
B002,PRD0555,63
B002,PRD0232,201
B007,PRD0587,182
B001,PRD0743,288
B010,PRD0724,295
B010,PRD1203,44
B007,PRD0635,209
B009,PRD0909,90
B010,PRD1304,60
B007,PRD0742,99
B004,PRD0858,26
B009,PRD0472,214
B003,PRD0061,118
B009,PRD1479,40
B006,PRD0691,287
B008,PRD0714,41
B003,PRD0261,219
B003,PRD0238,180
B004,PRD0796,294
B008,PRD0877,160
B002,PRD0421,299
B009,PRD0499,109
B002,PRD0214,176
B003,PRD0254,168
B003,PRD0891,267
B005,PRD0837,144
B008,PRD1006,107
B010,PRD0168,184
B004,PRD0414,147
B008,PRD1089,81
B007,PRD0701,83
B003,PRD0532,118
B010,PRD0533,186
B005,PRD0221,2
B002,PRD1301,29
B006,PRD0837,222
B002,PRD0366,201
B006,PRD1145,75
B004,PRD0105,187
B004,PRD0856,105
B006,PRD0703,44
B003,PRD0376,120
B004,PRD1267,221
B004,PRD0379,154
B007,PRD0770,174
B002,PRD0643,276
B009,PRD1408,97
B009,PRD0584,206
B002,PRD0999,281
B008,PRD0383,249
B004,PRD0307,10
B006,PRD1295,281
B009,PRD0827,147
B001,PRD0067,204
B010,PRD0613,120
B009,PRD1230,42
B003,PRD1203,66
B002,PRD0036,72
B008,PRD0208,275
B004,PRD0511,116
B009,PRD1214,220
B005,PRD1274,241
B001,PRD0494,29
B003,PRD0348,59
B010,PRD0617,98
B005,PRD0538,227
B006,PRD0738,32
B001,PRD0599,239
B007,PRD1150,263
B003,PRD1421,89
B008,PRD0837,240
B006,PRD0213,135
B008,PRD0189,186
B001,PRD0441,253
B006,PRD0211,54
B004,PRD1395,251
B003,PRD0981,89
B009,PRD0195,198
B004,PRD0370,195
B004,PRD1445,0
B009,PRD1478,249
B009,PRD1081,283
B006,PRD0566,79
B010,PRD1207,113
B009,PRD0325,113
B007,PRD0412,152
B010,PRD0105,62
B001,PRD1039,19
B003,PRD1265,46
B003,PRD0129,250
B009,PRD0466,240
B003,PRD1151,193
B006,PRD1171,43
B009,PRD0360,181
B007,PRD0569,74
B009,PRD0494,190
B010,PRD1331,80
B006,PRD0024,178
B003,PRD0280,99
B004,PRD0660,281
B004,PRD1321,283
B006,PRD0858,186
B005,PRD0688,69
B007,PRD0261,41
B005,PRD0902,282
B006,PRD1001,95
B001,PRD0362,216
B009,PRD0840,169
B010,PRD1314,97
B003,PRD0462,161
B009,PRD0799,85
B003,PRD0811,127
B007,PRD0945,230
B009,PRD0891,56
B003,PRD0474,248
B006,PRD1022,207
B003,PRD0023,291
B006,PRD0506,92
B007,PRD0139,153
B003,PRD0817,147
B002,PRD1339,228
B009,PRD0002,97
B005,PRD1150,61
B010,PRD0497,35
B004,PRD0605,85
B009,PRD1268,187
B010,PRD0417,272
B001,PRD1466,35
B004,PRD1491,66
B004,PRD0260,293
B010,PRD0941,278
B010,PRD1389,292
B010,PRD0967,70
B010,PRD0826,182
B006,PRD0022,94
B008,PRD1421,56
B008,PRD0464,240
B009,PRD0570,278
B010,PRD0420,288
B001,PRD0785,130
B009,PRD0732,188
B001,PRD0587,11
B010,PRD0389,22
B009,PRD1376,234
B010,PRD1098,37
B007,PRD0373,195
B009,PRD0387,23
B010,PRD1425,29
B009,PRD0569,297
B003,PRD1367,213
B009,PRD1486,242
B010,PRD1033,41
B005,PRD1436,271
B005,PRD0028,162
B010,PRD1018,129
B002,PRD1160,103
B006,PRD1469,25
B009,PRD0521,152
B009,PRD1079,96
B009,PRD0795,84
B008,PRD0631,141
B004,PRD0861,166
B006,PRD0136,54
B008,PRD1446,123
B003,PRD1095,74
B005,PRD1398,72
B001,PRD1068,190
B007,PRD0855,250
B006,PRD0105,75
B005,PRD1125,171
B005,PRD0715,119
B008,PRD1315,42
B006,PRD0095,154
B003,PRD0003,162
B006,PRD1193,50
B001,PRD1198,278
B008,PRD0987,42
B010,PRD0725,123
B006,PRD0747,229
B010,PRD0495,180
B004,PRD1319,168
B001,PRD0792,112
B009,PRD0218,232
B006,PRD0606,30
B007,PRD0729,288
B009,PRD1125,102
B010,PRD1390,205
B010,PRD0016,144
B001,PRD1309,57
B004,PRD0684,5
B001,PRD1024,213
B009,PRD0681,181
B006,PRD0386,229
B004,PRD0397,94
B009,PRD0375,2
B005,PRD0788,206
B001,PRD0502,261
B001,PRD0556,29
B008,PRD0550,155
B007,PRD0188,128
B006,PRD0550,172
B008,PRD0149,201
B002,PRD1068,238
B009,PRD1123,139
B010,PRD0684,116
B008,PRD0205,184
B010,PRD0514,183
B005,PRD1073,221
B003,PRD0076,258
B010,PRD1118,32
B007,PRD1229,255
B010,PRD0569,44
B001,PRD0575,260
B004,PRD0290,63
B002,PRD0033,95
B006,PRD1283,227
B009,PRD0108,132
B009,PRD1002,108
B001,PRD1305,295
B008,PRD0943,94
B010,PRD0223,116
B003,PRD0840,222
B004,PRD0306,182
B006,PRD0076,159
B003,PRD0365,219
B001,PRD1197,126
B003,PRD0648,57
B001,PRD1065,156
B006,PRD0853,290
B009,PRD1464,109
B008,PRD1400,276
B009,PRD0210,47
B008,PRD0879,32
B004,PRD0575,131
B009,PRD0777,1
B008,PRD0397,12
B009,PRD0501,202
B004,PRD0878,189
B005,PRD0025,184
B004,PRD1411,267
B002,PRD0004,37
B002,PRD0330,46
B001,PRD1177,106
B004,PRD0481,165
B003,PRD0964,281
B010,PRD0005,65
B005,PRD1156,187
B003,PRD0524,10
B007,PRD1321,204
B003,PRD0651,253
B001,PRD0038,34
B002,PRD0933,179
B001,PRD1352,24
B002,PRD0178,266
B004,PRD1195,24
B004,PRD0549,39
B005,PRD0950,191
B004,PRD0624,251
B004,PRD0336,77
B005,PRD0369,51
B007,PRD0488,184
B001,PRD0330,132
B002,PRD1032,195
B001,PRD0711,105
B003,PRD0204,165
B010,PRD0789,120
B003,PRD0283,26
B004,PRD0774,52
B004,PRD1326,166
B002,PRD0622,183
B001,PRD1201,299
B009,PRD1340,89
B007,PRD0767,34
B002,PRD0102,115
B010,PRD1345,152
B001,PRD1402,255
B009,PRD0515,290
B005,PRD1330,167
B003,PRD1488,274
B003,PRD0916,222
B007,PRD1097,193
B009,PRD1400,249
B004,PRD1165,282
B006,PRD0124,105
B002,PRD1412,26
B009,PRD0194,279
B003,PRD0251,260
B008,PRD0137,272
B006,PRD0757,24
B010,PRD1264,12
B010,PRD0499,110
B007,PRD1114,102
B002,PRD0342,138
B010,PRD0009,278
B001,PRD0708,88
B004,PRD0375,255
B005,PRD0983,121
B009,PRD0032,32
B003,PRD1377,153
B005,PRD0317,138
B003,PRD0898,263
B009,PRD0401,50
B006,PRD1400,129
B004,PRD0480,90
B010,PRD0895,211
B007,PRD1223,26
B001,PRD1236,237
B008,PRD0947,67
B009,PRD0019,12
B008,PRD0384,285
B008,PRD1482,49
B001,PRD1028,69
B001,PRD1314,139
B006,PRD0070,67
B003,PRD0186,164
B009,PRD1295,235
B004,PRD0830,272
B010,PRD1429,4
B003,PRD0903,230
B003,PRD0810,56
B010,PRD0288,191
B004,PRD1338,68
B006,PRD0976,243
B004,PRD0687,46
B001,PRD0859,186
B007,PRD1472,116
B001,PRD0112,89
B010,PRD0891,182
B005,PRD0254,221
B004,PRD1161,283
B004,PRD0842,283
B005,PRD1446,232
B004,PRD0455,252
B003,PRD0256,74
B005,PRD0085,251
B004,PRD1146,255
B005,PRD0248,225
B008,PRD1243,290
B002,PRD0181,72
B007,PRD1465,111
B001,PRD0909,293
B008,PRD1140,259
B004,PRD0396,227
B004,PRD0941,237
B008,PRD0635,294
B006,PRD1199,4
B006,PRD0721,31
B010,PRD0406,239
B003,PRD1267,261
B001,PRD1052,248
B002,PRD0189,260
B003,PRD0330,261
B004,PRD1270,245
B001,PRD0449,85
B002,PRD1281,173
B005,PRD0099,146
B010,PRD0189,119
B006,PRD0241,170
B008,PRD0491,202
B001,PRD0398,136
B003,PRD0024,205
B006,PRD1235,219
B002,PRD1351,265
B002,PRD0008,140
B005,PRD1441,158
B004,PRD0824,159
B007,PRD0978,42
B004,PRD0769,262
B008,PRD1189,199
B007,PRD1008,174
B006,PRD0730,96
B003,PRD0553,21
B006,PRD1023,294
B001,PRD1066,82
B004,PRD0327,34
B001,PRD0832,141
B001,PRD1111,282
B007,PRD0968,104
B004,PRD1405,17
B010,PRD0918,297
B010,PRD0945,45
B003,PRD1055,223
B009,PRD0685,84
B009,PRD1441,88
B002,PRD0343,188
B007,PRD0352,95
B004,PRD0924,80
B007,PRD0892,190
B010,PRD0425,166
B008,PRD0441,107
B006,PRD1202,15
B008,PRD0223,245
B001,PRD0488,54
B003,PRD0304,282
B010,PRD1431,124
B008,PRD1411,300
B006,PRD1239,184
B004,PRD0930,286
B004,PRD1480,262
B001,PRD1417,12
B004,PRD0680,3
B003,PRD0705,256
B001,PRD0155,112
B004,PRD0350,112
B010,PRD1346,85
B006,PRD0966,9
B006,PRD0972,143
B006,PRD1331,171
B007,PRD0162,249
B008,PRD0908,151
B003,PRD1409,204
B001,PRD0209,99
B008,PRD1440,287
B002,PRD0119,146
B007,PRD0542,170
B010,PRD0187,32
B003,PRD1199,62
B003,PRD0406,288
B001,PRD0597,147
B008,PRD1042,52
B005,PRD1475,271
B006,PRD1002,179
B001,PRD1208,133
B008,PRD1310,171
B008,PRD0428,39
B009,PRD0978,117
B006,PRD0763,162
B006,PRD0478,183
B003,PRD1269,11
B001,PRD1374,95
B007,PRD0259,91
B005,PRD0293,238
B007,PRD0194,139
B005,PRD0037,11
B002,PRD0090,280
B006,PRD1297,203
B004,PRD0920,271
B003,PRD0992,18
B002,PRD0698,187
B005,PRD0510,106
B009,PRD0729,170
B001,PRD1158,179
B003,PRD0334,217
B008,PRD0103,120
B001,PRD0806,97
B006,PRD0603,229
B007,PRD1071,75
B005,PRD1312,208
B003,PRD1355,251
B010,PRD1156,134
B008,PRD0703,150
B003,PRD1480,45
B009,PRD1496,18
B005,PRD0844,140
B001,PRD0866,8
B003,PRD0124,290
B004,PRD1278,134
B001,PRD0430,108
B004,PRD1013,77
B004,PRD0323,263
B004,PRD0069,207
B008,PRD1395,259
B010,PRD0754,102
B010,PRD0568,248
B006,PRD0657,261
B009,PRD1074,107
B009,PRD1433,211
B010,PRD1291,157
B003,PRD0192,296
B007,PRD0385,262
B003,PRD0188,34
B008,PRD1008,55
B006,PRD1098,289
B007,PRD0119,277
B008,PRD0194,129
B003,PRD1292,300
B006,PRD1465,146
B010,PRD0622,34
B009,PRD0408,221
B001,PRD1140,130
B006,PRD1003,115
B010,PRD0153,264
B007,PRD1445,67
B003,PRD1416,201
B006,PRD1007,100
B007,PRD0873,214
B003,PRD1405,144
B004,PRD0202,2
B008,PRD0524,185
B009,PRD0917,18
B004,PRD0617,62
B006,PRD0326,290
B003,PRD1020,134
B007,PRD0708,227
B005,PRD0629,164
B002,PRD0321,210
B001,PRD0270,125
B007,PRD0625,241
B008,PRD1224,247
B007,PRD1402,223
B003,PRD0614,198
B008,PRD0720,85
B002,PRD0196,38
B007,PRD1157,238
B004,PRD1043,188
B008,PRD0956,126
B004,PRD0812,161
B008,PRD0479,93
B002,PRD0086,290
B009,PRD0699,253
B002,PRD1186,46
B010,PRD1202,157
B010,PRD0560,103
B006,PRD1097,68
B008,PRD0388,152
B009,PRD0312,235
B002,PRD0289,122
B010,PRD0640,160
B009,PRD0221,117
B001,PRD1076,287
B003,PRD0378,49
B010,PRD0069,286
B009,PRD0943,3
B001,PRD1130,240
B003,PRD0344,7
B001,PRD1238,206
B001,PRD0810,300
B007,PRD0977,124
B002,PRD1405,32
B004,PRD0629,252
B005,PRD1121,44
B002,PRD0327,137
B009,PRD0089,6
B004,PRD0670,291
B009,PRD0451,112
B006,PRD0790,212
B006,PRD1394,146
B004,PRD1469,29
B008,PRD1095,142
B002,PRD0682,199
B006,PRD0064,290
B004,PRD0530,227
B001,PRD0378,196
B003,PRD1105,60
B006,PRD0003,46
B006,PRD0981,140
B007,PRD0534,78
B004,PRD1006,99
B006,PRD0418,259
B004,PRD1348,208
B008,PRD0910,165
B003,PRD0780,70
B009,PRD0760,267
B006,PRD0298,111
B007,PRD0069,9
B008,PRD0342,138
B005,PRD0682,28
B007,PRD1138,24
B003,PRD1403,290
B009,PRD1215,178
B004,PRD0432,56
B005,PRD1277,99
B007,PRD1206,250
B008,PRD0355,234
B009,PRD0809,187
B007,PRD1435,133
B005,PRD1018,164
B008,PRD1166,170
B004,PRD0700,204
B009,PRD1500,268
B005,PRD1409,119
B002,PRD1200,93
B006,PRD0253,42
B006,PRD1117,201
B004,PRD0390,61
B008,PRD0246,206
B001,PRD0520,35
B004,PRD0722,299
B002,PRD0875,143
B006,PRD1056,41
B005,PRD0836,190
B009,PRD1158,119
B007,PRD1005,91
B008,PRD1081,293
B004,PRD0637,11
B008,PRD1020,115
B003,PRD0899,18
B004,PRD1441,261
B002,PRD0230,92
B003,PRD1338,291
B003,PRD0936,171
B009,PRD0622,226
B007,PRD0442,217
B009,PRD0690,208
B008,PRD0309,293
B008,PRD1131,1
B001,PRD0606,212
B005,PRD1265,175
B003,PRD0094,118
B002,PRD0130,131
B002,PRD0571,191
B008,PRD0210,266
B004,PRD0303,272
B010,PRD0586,241
B006,PRD1176,38
B006,PRD0621,165
B005,PRD0006,203
B009,PRD0392,283
B010,PRD1441,294
B010,PRD0066,1
B006,PRD0311,257
B005,PRD0900,8
B004,PRD0778,222
B005,PRD0152,83
B003,PRD1479,58
B008,PRD1059,28
B005,PRD0492,12
B001,PRD0850,263
B010,PRD1215,251
B006,PRD0261,97
B005,PRD0722,288
B005,PRD0891,39
B007,PRD0374,225
B008,PRD0155,194
B005,PRD1458,119
B001,PRD0201,270
B007,PRD1496,159
B003,PRD1424,54
B001,PRD1316,290
B006,PRD1020,237
B007,PRD0581,156
B009,PRD0425,104
B010,PRD0868,141
B003,PRD0147,106
B003,PRD0801,246
B007,PRD1459,259
B008,PRD0093,227
B001,PRD0560,103
B007,PRD0520,214
B009,PRD1191,194
B006,PRD0372,259
B006,PRD1124,96
B007,PRD0929,96
B010,PRD0501,150
B002,PRD0542,271
B007,PRD0843,201
B007,PRD1127,221
B001,PRD0227,17
B006,PRD1151,99
B005,PRD1376,13
B005,PRD0281,210
B008,PRD1157,162
B005,PRD0289,94
B010,PRD0070,62
B008,PRD0831,10
B007,PRD1245,133
B003,PRD0478,27
B006,PRD0469,122
B006,PRD0644,31
B003,PRD0921,98
B009,PRD0001,95
B007,PRD0377,9
B007,PRD0457,187
B006,PRD0636,189
B008,PRD1079,13
B008,PRD0822,54
B009,PRD0010,132
B004,PRD1281,269
B001,PRD1199,284
B005,PRD0384,289
B006,PRD0705,211
B005,PRD0357,300
B004,PRD0266,26
B006,PRD1095,162
B005,PRD1431,138
B005,PRD1224,146
B007,PRD0728,254
B006,PRD0080,136
B004,PRD0853,277
B002,PRD0362,118
B005,PRD0566,162
B005,PRD0718,134
B003,PRD1053,291
B001,PRD1496,13
B007,PRD1454,197
B007,PRD1278,28
B004,PRD0668,175
B002,PRD1400,51
B004,PRD0581,253
B001,PRD0129,149
B010,PRD0461,117
B006,PRD0426,259
B010,PRD0782,123
B004,PRD0103,56
B006,PRD0375,159
B005,PRD1095,36
B009,PRD0940,248
B003,PRD1364,294
B001,PRD1128,274
B001,PRD1288,120
B009,PRD1413,52
B009,PRD1251,206
B003,PRD0905,246
B001,PRD1480,223
B010,PRD0046,20
B005,PRD0325,58
B007,PRD0793,50
B005,PRD0872,30
B004,PRD0423,254
B005,PRD0392,81
B002,PRD1126,120
B004,PRD0403,262
B008,PRD0644,283
B004,PRD1388,275
B009,PRD0977,47
B001,PRD0423,24
B002,PRD1483,40
B004,PRD0152,253
B005,PRD0989,223
B002,PRD0013,181
B004,PRD1203,263
B004,PRD0047,249
B003,PRD0572,262
B001,PRD1394,115
B010,PRD0445,255
B005,PRD0027,209
B006,PRD0806,134
B001,PRD0230,297
B001,PRD0839,191
B005,PRD0806,221
B009,PRD1396,179
B006,PRD0766,152
B004,PRD1482,124
B004,PRD1081,140
B001,PRD0722,171
B005,PRD0873,12
B010,PRD0248,276
B006,PRD1075,52
B003,PRD1112,236
B002,PRD1375,5
B006,PRD1306,50
B006,PRD0348,112
B005,PRD0865,262
B009,PRD1272,129
B003,PRD0815,121
B007,PRD0333,237
B003,PRD0495,130
B005,PRD1444,6
B006,PRD0381,285
B007,PRD0523,258
B002,PRD1467,206
B006,PRD0677,32
B003,PRD0131,176
B005,PRD0720,127
B003,PRD0628,232
B009,PRD1266,163
B003,PRD0118,207
B004,PRD1186,261
B001,PRD0763,101
B003,PRD1278,268
B004,PRD0459,229
B007,PRD1353,110
B010,PRD0611,8
B004,PRD1256,16
B005,PRD0643,42
B005,PRD0116,1
B006,PRD0374,251
B007,PRD0036,126
B006,PRD1433,10
B002,PRD0205,282
B007,PRD0751,140
B007,PRD1333,173
B010,PRD0094,86
B001,PRD0523,154
B006,PRD0818,195
B007,PRD0763,195
B003,PRD1127,230
B001,PRD0055,18
B008,PRD0183,104
B006,PRD0034,277
B004,PRD0576,184
B003,PRD0843,44
B002,PRD1305,260
B008,PRD1369,188
B008,PRD0858,176
B004,PRD0343,10
B001,PRD0691,247
B003,PRD0317,0
B010,PRD1251,78
B001,PRD1059,297
B008,PRD0067,27
B005,PRD0654,105
B008,PRD0029,90
B003,PRD0438,116
B002,PRD0341,14
B010,PRD1258,295
B007,PRD0092,185
B001,PRD1244,52
B010,PRD0797,40
B001,PRD0758,183
B008,PRD0061,59
B006,PRD0245,81
B005,PRD0852,198
B010,PRD0933,189
B002,PRD0549,148
B005,PRD1187,169
B001,PRD0592,252
B002,PRD0694,251
B006,PRD0491,21
B003,PRD0500,24
B008,PRD0984,111
B005,PRD0486,91
B004,PRD0876,102
B010,PRD0928,161
B001,PRD0595,82
B005,PRD0897,202
B002,PRD1170,162
B003,PRD0357,56
B008,PRD1252,217
B001,PRD1375,249
B002,PRD1480,195
B003,PRD0410,103
B004,PRD0441,275
B005,PRD0203,222
B002,PRD1011,240
B008,PRD1196,159
B006,PRD0016,116
B002,PRD1327,26
B010,PRD1057,60
B009,PRD1116,97
B004,PRD1041,137
B009,PRD0772,188
B001,PRD0004,7
B009,PRD0246,57
B010,PRD0904,13
B007,PRD1181,233
B008,PRD0296,190
B007,PRD0489,286
B002,PRD0411,49
B005,PRD0490,281
B006,PRD0503,120
B009,PRD0650,76
B009,PRD1024,201
B005,PRD1010,131
B010,PRD1280,80
B006,PRD0810,173
B010,PRD1465,104
B009,PRD0188,174
B005,PRD0270,91
B009,PRD1092,4
B001,PRD1264,105
B002,PRD1336,220
B008,PRD0052,168
B004,PRD1473,148
B007,PRD0621,73
B002,PRD0693,62
B002,PRD0127,21
B003,PRD1400,25
B010,PRD1474,60
B001,PRD0075,158
B010,PRD1279,246
B002,PRD1481,137
B009,PRD0794,73
B002,PRD0674,85
B008,PRD0325,130
B001,PRD0631,279
B002,PRD0683,64
B006,PRD0728,183
B005,PRD0995,216
B003,PRD1136,262
B007,PRD0067,34
B008,PRD0516,85
B005,PRD0207,67
B005,PRD1238,38
B008,PRD0086,294
B002,PRD1071,21
B007,PRD1374,257
B010,PRD0186,130
B004,PRD0600,211
B002,PRD0543,20
B004,PRD0960,211
B010,PRD0806,77
B002,PRD0939,113
B005,PRD0078,190
B007,PRD1443,292
B010,PRD1414,74
B006,PRD0787,241
B005,PRD0929,117
B008,PRD0904,55
B006,PRD0406,190
B007,PRD0519,11
B010,PRD0484,290
B002,PRD0536,34
B010,PRD0665,130
B004,PRD0538,69
B006,PRD0268,20
B001,PRD0593,41
B001,PRD1005,255
B009,PRD1187,276
B002,PRD0852,102
B004,PRD0582,5
B010,PRD1048,108
B001,PRD0450,116
B007,PRD0544,58
B006,PRD0508,38
B005,PRD0670,187
B009,PRD0364,135
B007,PRD1452,241
B001,PRD0051,68
B010,PRD0995,7
B006,PRD0552,1
B010,PRD0143,105
B006,PRD1388,188
B009,PRD0541,197
B008,PRD0409,20
B001,PRD0439,140
B002,PRD0499,200
B004,PRD0518,116
B009,PRD0658,113
B010,PRD0636,231
B009,PRD0041,239
B004,PRD0818,88
B005,PRD0471,78
B001,PRD0783,39
B002,PRD0605,128
B005,PRD0063,6
B002,PRD1333,43
B001,PRD1220,268
B005,PRD1477,153
B002,PRD0691,246
B009,PRD0116,31
B004,PRD0572,22
B003,PRD0407,267
B006,PRD0237,42
B002,PRD1046,131
B008,PRD0084,34
B005,PRD0084,226
B008,PRD1416,150
B001,PRD0579,146
B010,PRD0562,264
B004,PRD0694,45
B010,PRD0983,151
B006,PRD0651,252
B006,PRD0692,207
B004,PRD1427,55
B005,PRD1211,118
B003,PRD1376,83
B008,PRD1436,255
B002,PRD1363,97
B009,PRD0945,45
B010,PRD1467,165
B009,PRD0091,165
B001,PRD1396,243
B010,PRD0399,93
B001,PRD0643,140
B008,PRD0795,179
B009,PRD0407,217
B007,PRD0860,140
B001,PRD1422,150
B007,PRD0240,268
B007,PRD0404,5
B002,PRD0808,216
B001,PRD0985,198
B003,PRD1026,107
B003,PRD0459,144
B006,PRD0646,181
B002,PRD0806,124
B007,PRD0517,212
B008,PRD1232,224
B006,PRD1114,292
B005,PRD1335,253
B006,PRD1221,247
B002,PRD1496,32
B006,PRD0942,268
B006,PRD0349,234
B001,PRD0080,184
B008,PRD0626,273
B007,PRD0946,260
B009,PRD0871,298
B008,PRD1084,147
B008,PRD1017,33
B006,PRD0792,164
B002,PRD0168,166
B003,PRD1327,272
B007,PRD0765,273
B005,PRD0113,148
B004,PRD0109,95
B005,PRD0731,174
B007,PRD0294,281
B002,PRD0744,157
B004,PRD0405,15
B008,PRD0679,95
B003,PRD0785,20
B009,PRD0300,32
B002,PRD0938,160
B008,PRD0544,155
B003,PRD1469,280
B001,PRD0419,44
B003,PRD0210,280
B006,PRD0285,136
B008,PRD1362,179
B005,PRD0773,29
B001,PRD0192,241
B009,PRD0958,279
B009,PRD1146,56
B010,PRD0454,124
B007,PRD1469,200
B003,PRD0984,130
B004,PRD0376,70
B004,PRD1113,66
B010,PRD1486,97
B004,PRD1094,44
B002,PRD1426,24
B001,PRD0195,215
B007,PRD0153,141
B008,PRD1408,110
B006,PRD0502,281
B010,PRD0277,100
B006,PRD0382,137
B008,PRD0560,217
B005,PRD0016,220
B002,PRD0757,187
B006,PRD0188,196
B010,PRD1197,26
B002,PRD1373,40
B010,PRD0221,198
B004,PRD0055,29
B010,PRD1228,78
B008,PRD0567,151
B007,PRD0357,23
B004,PRD1136,164
B010,PRD1219,131
B001,PRD1399,125
B005,PRD0738,152
B001,PRD0529,237
B007,PRD1227,100
B002,PRD1468,40
B010,PRD0117,128
B005,PRD0785,255
B001,PRD0458,203
B005,PRD0072,86
B002,PRD1287,208
B005,PRD0241,170
B007,PRD1314,239
B004,PRD0833,240
B010,PRD1073,127
B006,PRD0036,161
B003,PRD0307,178
B005,PRD1069,137
B008,PRD0345,285
B007,PRD0966,298
B001,PRD0382,22
B001,PRD0638,271
B003,PRD0544,263
B003,PRD0873,256
B002,PRD1328,12
B010,PRD0193,75
B008,PRD0891,21
B003,PRD0945,59
B003,PRD0790,133
B002,PRD0719,221
B001,PRD1372,151
B004,PRD0811,98
B001,PRD0182,283
B001,PRD0185,170
B005,PRD0042,118
B002,PRD0408,158
B007,PRD0044,141
B005,PRD1160,89
B001,PRD0853,219
B003,PRD0580,21
B002,PRD0695,296
B005,PRD0386,167
B005,PRD1258,97
B004,PRD1353,232
B001,PRD0288,168
B003,PRD1286,243
B009,PRD0858,169
B003,PRD0741,282
B002,PRD0393,265
B009,PRD1197,102
B004,PRD0634,13
B009,PRD1167,161
B010,PRD0065,255
B006,PRD1196,281
B006,PRD1106,282
B010,PRD1236,178
B005,PRD0313,89
B010,PRD1107,144
B010,PRD1111,154
B003,PRD0397,227
B005,PRD0815,92
B006,PRD1078,155
B001,PRD0999,96
B008,PRD1147,241
B006,PRD0082,134
B004,PRD0212,123
B002,PRD0005,93
B003,PRD1262,152
B004,PRD0749,100
B005,PRD0180,198
B002,PRD0645,247
B005,PRD0079,167
B010,PRD0682,134
B010,PRD1470,164
B008,PRD1285,199
B004,PRD1456,12
B006,PRD0736,256
B001,PRD0651,223
B005,PRD0692,235
B008,PRD1124,278
B009,PRD0237,230
B004,PRD0795,267
B007,PRD0583,59
B003,PRD0947,89
B008,PRD1295,186
B001,PRD0217,105
B008,PRD0107,268
B001,PRD0569,9
B010,PRD0192,224
B003,PRD0636,191
B007,PRD0221,166
B006,PRD1073,75
B010,PRD0351,115
B004,PRD1120,219
B008,PRD1402,148
B003,PRD1208,31
B003,PRD1195,148
B007,PRD0111,209
B006,PRD0494,284
B007,PRD1328,114
B004,PRD0727,77
B006,PRD0557,254
B007,PRD0525,216
B007,PRD0500,66
B004,PRD1204,92
B007,PRD0815,10
B004,PRD0588,133
B009,PRD0191,201
B007,PRD0319,282
B002,PRD1175,55
B008,PRD0914,209
B006,PRD0906,61
B002,PRD1038,130
B005,PRD0833,63
B001,PRD0947,272
B003,PRD0733,242
B010,PRD0884,142
B010,PRD1343,113
B003,PRD0489,16
B003,PRD1172,221
B004,PRD1019,171
B005,PRD0801,105
B002,PRD1149,110
B002,PRD1056,211
B005,PRD1240,73
B004,PRD1112,215
B010,PRD1044,38
B006,PRD0295,52
B004,PRD1496,148
B004,PRD0254,189
B008,PRD0535,107
B005,PRD1500,0
B002,PRD1005,197
B010,PRD0258,150
B005,PRD0951,8
B010,PRD0659,218
B001,PRD1280,266
B006,PRD0682,203
B003,PRD0009,213
B006,PRD0023,1
B005,PRD0305,138
B005,PRD1350,296
B005,PRD1437,177
B009,PRD1032,245
B006,PRD0149,53
B008,PRD0828,184
B005,PRD1169,299
B008,PRD0449,118
B008,PRD0420,123
B005,PRD1336,172
B006,PRD1008,86
B001,PRD1187,90
B006,PRD0029,0
B003,PRD0356,61
B009,PRD1217,275
B006,PRD1492,170
B001,PRD0936,238
B005,PRD0260,24
B009,PRD0029,250
B001,PRD1132,232
B002,PRD0132,66
B002,PRD1472,255
B009,PRD0380,273
B001,PRD1172,43
B004,PRD0111,43
B008,PRD1051,1
B002,PRD0350,139
B009,PRD0444,200
B008,PRD1366,199
B007,PRD0760,187
B003,PRD0017,196
B004,PRD0528,261
B010,PRD0053,218
B003,PRD0828,32
B009,PRD0238,79
B002,PRD1246,199
B008,PRD1342,124
B008,PRD0788,10
B009,PRD0982,52
B006,PRD0813,76
B006,PRD0768,98
B004,PRD1212,191
B002,PRD1076,234
B006,PRD1126,90
B004,PRD0451,256
B009,PRD1484,80
B007,PRD1421,253
B003,PRD1309,112
B009,PRD0078,128
B010,PRD1482,195
B002,PRD0735,48
B002,PRD0990,143
B006,PRD0702,37
B008,PRD0632,249
B002,PRD1222,283
B010,PRD1069,261
B001,PRD0479,33
B005,PRD0379,90
B004,PRD1418,154
B009,PRD1034,60
B005,PRD0816,122
B007,PRD0176,32
B002,PRD0058,144
B007,PRD0225,196
B003,PRD1305,171
B001,PRD0482,298
B007,PRD1163,171
B009,PRD1223,54
B006,PRD1180,209
B007,PRD0502,270
B007,PRD0669,228
B008,PRD0236,115
B001,PRD1481,253
B005,PRD1032,217
B004,PRD0553,151
B003,PRD0177,192
B004,PRD0701,205
B006,PRD0881,40
B007,PRD0854,20
B006,PRD0693,16
B006,PRD0616,194
B004,PRD1296,58
B008,PRD1499,40
B009,PRD0438,172
B004,PRD0520,201
B006,PRD0565,142
B008,PRD0699,227
B004,PRD0107,160
B005,PRD0421,59
B008,PRD0589,174
B007,PRD0424,39
B002,PRD1435,217
B003,PRD0867,216
B007,PRD1381,221
B004,PRD0954,126
B002,PRD1345,275
B006,PRD1389,137
B001,PRD0319,176
B009,PRD0756,99
B003,PRD0710,25
B010,PRD1463,8
B009,PRD0135,20
B010,PRD1184,0
B004,PRD0461,217
B009,PRD0906,274
B010,PRD0623,293
B006,PRD0793,189
B006,PRD0887,80
B001,PRD1425,280
B009,PRD0423,73
B007,PRD0381,80
B009,PRD0635,46
B007,PRD0379,191
B007,PRD0480,256
B009,PRD0881,118
B006,PRD0217,243
B002,PRD1151,15
B007,PRD0567,295
B010,PRD0570,274
B005,PRD0769,157
B004,PRD0408,88
B007,PRD0461,291
B010,PRD1019,290
B009,PRD0422,142
B007,PRD1350,226
B002,PRD0115,125
B004,PRD0489,175
B010,PRD0935,71
B006,PRD1448,218
B008,PRD1179,60
B001,PRD0094,198
B003,PRD1007,175
B010,PRD0233,131
B008,PRD0649,261
B007,PRD1200,181
B008,PRD0847,92
B002,PRD0798,50
B001,PRD1383,4
B005,PRD1261,276
B003,PRD1248,167
B007,PRD0432,94
B006,PRD0857,77
B010,PRD1148,188
B008,PRD0032,248
B003,PRD0540,70
B003,PRD0417,223
B003,PRD0692,170
B002,PRD0971,81
B010,PRD0294,126
B009,PRD0543,191
B003,PRD0111,45
B008,PRD0895,63
B004,PRD1185,267
B007,PRD0179,191
B004,PRD1009,66
B001,PRD1014,0
B003,PRD0744,154
B004,PRD0751,203
B008,PRD0135,81
B005,PRD0678,262
B008,PRD1186,141
B005,PRD0631,225
B008,PRD1125,65
B003,PRD0520,282
B001,PRD1134,285
B007,PRD1018,250
B007,PRD0495,134
B006,PRD0558,73
B010,PRD0338,99
B006,PRD1270,54
B001,PRD0576,221
B006,PRD1236,232
B010,PRD0541,9
B005,PRD0140,140
B007,PRD0951,54
B001,PRD1296,208
B009,PRD1477,234
B008,PRD0212,112
B002,PRD0822,268
B006,PRD0252,27
B003,PRD0831,213
B010,PRD1123,157
B003,PRD0423,243
B005,PRD0329,238
B001,PRD0002,31
B003,PRD0097,279
B008,PRD0023,279
B002,PRD0976,197
B002,PRD0195,222
B005,PRD1158,204
B007,PRD1481,298
B001,PRD0341,162
B009,PRD1126,6
B004,PRD0251,185
B008,PRD0172,70
B007,PRD0565,151
B001,PRD1341,289
B006,PRD0988,279
B010,PRD0697,154
B006,PRD0777,68
B009,PRD0886,188
B005,PRD0890,68
B009,PRD0679,205
B007,PRD0677,234
B003,PRD0519,119
B006,PRD0590,104
B003,PRD0173,250
B003,PRD0689,123
B003,PRD1343,1
B001,PRD0081,108
B007,PRD0110,253
B006,PRD1210,108
B006,PRD0834,227
B010,PRD1229,111
B008,PRD1288,136
B005,PRD0059,37
B010,PRD1023,188
B009,PRD0571,226
B007,PRD0166,43
B003,PRD0130,6
B003,PRD0360,177
B010,PRD0813,122
B002,PRD1338,54
B005,PRD0336,272
B008,PRD0305,292
B003,PRD1477,297
B003,PRD0866,28
B004,PRD0780,278
B009,PRD1345,113
B006,PRD0318,184
B005,PRD1334,229
B004,PRD0418,134
B001,PRD0356,197
B005,PRD0639,143
B005,PRD0604,275
B002,PRD1060,231
B010,PRD0390,215
B004,PRD1025,2
B001,PRD1340,300
B005,PRD0114,108
B010,PRD0491,30
B002,PRD1493,203
B009,PRD1209,214
B002,PRD0199,33
B002,PRD0519,291
B003,PRD0359,176
B009,PRD0492,150
B007,PRD0129,178
B008,PRD0610,45
B002,PRD0475,186
B003,PRD0168,73
B003,PRD0724,11
B010,PRD0852,140
B007,PRD0867,200
B006,PRD1309,22
B007,PRD1397,29
B007,PRD1006,226
B010,PRD0040,98
B008,PRD1090,178
B008,PRD0076,50
B007,PRD0250,48
B002,PRD1308,40
B007,PRD0919,114
B001,PRD0786,190
B007,PRD0535,81
B005,PRD0474,286
B005,PRD1251,290
B002,PRD1286,228
B008,PRD1236,244
B007,PRD0246,146
B003,PRD1308,63
B004,PRD1396,161
B002,PRD1121,52
B003,PRD1044,78
B003,PRD1493,297
B002,PRD1471,189
B005,PRD0507,97
B003,PRD1466,244
B002,PRD0494,173
B005,PRD0055,294
B008,PRD0894,116
B004,PRD1137,87
B010,PRD0268,16
B002,PRD0319,120
B002,PRD0142,137
B002,PRD1497,270
B008,PRD0756,139
B006,PRD0165,156
B003,PRD0664,50
B010,PRD0235,69
B005,PRD0327,200
B006,PRD1449,230
B002,PRD0654,299
B010,PRD0523,26
B006,PRD1166,150
B003,PRD0552,229
B005,PRD0768,50
B006,PRD1099,98
B010,PRD0758,175
B010,PRD1252,273
B008,PRD0657,142
B004,PRD0296,189
B005,PRD0437,128
B002,PRD0728,242
B005,PRD0122,3
B004,PRD0021,67
B002,PRD1290,228
B001,PRD0833,72
B001,PRD1002,297
B007,PRD0598,260
B007,PRD1043,204
B009,PRD0918,62
B001,PRD1251,197
B005,PRD0522,114
B007,PRD0005,104
B008,PRD0864,108
B001,PRD0612,232
B009,PRD0266,267
B007,PRD1160,141
B005,PRD1041,219
B007,PRD1363,245
B001,PRD0039,182
B003,PRD0285,241
B004,PRD0366,23
B006,PRD0640,76
B003,PRD1492,118
B007,PRD0572,68
B003,PRD0339,170
B009,PRD1412,263
B001,PRD1094,61
B001,PRD0694,120
B009,PRD0113,267
B010,PRD0091,300
B006,PRD0684,50
B003,PRD1022,171
B007,PRD0735,116
B010,PRD0043,5
B010,PRD0587,264
B006,PRD1401,244
B010,PRD1391,180
B001,PRD0130,117
B007,PRD0356,262
B009,PRD0272,17
B009,PRD1324,300
B010,PRD0174,241
B007,PRD0154,290
B007,PRD0953,98
B006,PRD0181,168
B006,PRD1227,144
B002,PRD1439,23
B008,PRD0069,219
B010,PRD0863,71
B005,PRD0949,14
B008,PRD0712,67
B003,PRD0890,4
B010,PRD1052,139
B003,PRD0101,146
B010,PRD1175,130
B002,PRD1067,76
B004,PRD0417,224
B003,PRD0083,204
B007,PRD1028,165
B010,PRD0394,274
B009,PRD1129,133
B007,PRD0557,113
B001,PRD0018,237
B003,PRD1117,191
B007,PRD0849,107
B009,PRD1233,100
B001,PRD1255,225
B007,PRD0703,267
B010,PRD0498,218
B010,PRD1471,109
B007,PRD0265,104
B004,PRD0078,5
B005,PRD0190,292
B005,PRD1356,246
B004,PRD1293,86
B003,PRD0512,95
B009,PRD0262,69
B002,PRD0292,74
B007,PRD0349,58
B002,PRD0320,297
B010,PRD0828,226
B005,PRD1037,245
B008,PRD0989,295
B004,PRD0503,247
B010,PRD1352,11
B003,PRD0062,121
B005,PRD0065,206
B006,PRD0959,195
B005,PRD0641,190
B005,PRD1401,222
B006,PRD1495,160
B006,PRD1165,106
B004,PRD0424,285
B005,PRD0361,36
B003,PRD1458,132
B002,PRD0498,43
B005,PRD0562,102
B010,PRD1070,79
B002,PRD0151,82
B004,PRD1101,162
B010,PRD0253,265
B004,PRD0354,230
B009,PRD0796,179
B006,PRD0223,80
B010,PRD1489,79
B003,PRD0431,117
B009,PRD0971,217
B007,PRD0290,130
B006,PRD0397,166
B007,PRD0353,125
B010,PRD0785,101
B006,PRD0127,197
B005,PRD1306,63
B007,PRD0073,96
B001,PRD0107,178
B006,PRD0665,135
B006,PRD1408,105
B003,PRD1242,297
B009,PRD1401,18
B005,PRD1031,34
B009,PRD0086,266
B007,PRD0512,179
B003,PRD0678,6
B002,PRD0756,11
B008,PRD1355,286
B004,PRD0030,249
B001,PRD1353,64
B009,PRD0166,253
B004,PRD0672,14
B004,PRD0137,178
B010,PRD0131,43
B006,PRD0483,90
B008,PRD0576,286
B004,PRD1153,160
B004,PRD0925,258
B005,PRD0638,104
B001,PRD0485,108
B005,PRD1499,293
B005,PRD0580,297
B005,PRD0466,60
B009,PRD0109,189
B001,PRD0604,171
B001,PRD0885,114
B008,PRD0740,245
B009,PRD0602,119
B003,PRD0722,116
B001,PRD0879,74
B007,PRD1122,233
B009,PRD0142,121
B008,PRD0177,21
B001,PRD1448,174
B009,PRD0286,146
B003,PRD0914,97
B003,PRD0517,257
B001,PRD1151,181
B006,PRD0109,93
B002,PRD0721,143
B008,PRD0079,47
B001,PRD0424,64
B004,PRD0543,285
B003,PRD0513,2
B003,PRD0681,99
B005,PRD1127,138
B002,PRD1326,41
B008,PRD1372,283
B006,PRD0672,127
B007,PRD1490,130
B010,PRD0784,89
B004,PRD0906,246
B004,PRD0129,59
B005,PRD0656,227
B010,PRD1333,161
B003,PRD0472,205
B009,PRD1022,172
B001,PRD0312,240
B004,PRD1026,266
B001,PRD1249,17
B005,PRD0482,74
B010,PRD1372,163
B008,PRD0923,125
B005,PRD1406,244
B001,PRD0334,93
B003,PRD0475,130
B005,PRD0624,290
B008,PRD1383,290
B002,PRD1324,110
B008,PRD0039,14
B008,PRD0991,26
B008,PRD0405,157
B001,PRD0521,99
B002,PRD0414,55
B010,PRD0485,107
B007,PRD1398,232
B003,PRD0163,216
B009,PRD0153,14
B003,PRD0247,232
B006,PRD0419,55
B003,PRD0783,81
B006,PRD0761,92
B004,PRD0819,202
B007,PRD0415,155
B004,PRD0072,147
B002,PRD0229,85
B005,PRD0119,278
B006,PRD0847,296
B008,PRD0281,192
B008,PRD0526,217
B004,PRD0536,203
B004,PRD0951,292
B001,PRD0340,110
B006,PRD1031,122
B002,PRD1499,274
B004,PRD0080,176
B004,PRD0632,233
B010,PRD0262,137
B006,PRD0106,93
B006,PRD1144,17
B002,PRD1436,109
B005,PRD0159,166
B009,PRD0301,268
B001,PRD0300,84
B010,PRD0819,235
B010,PRD0991,121
B009,PRD0163,64
B004,PRD0333,211
B009,PRD0383,233
B007,PRD0109,46
B006,PRD0941,248
B006,PRD0265,45
B009,PRD0042,201
B001,PRD0043,285
B003,PRD1444,117
B003,PRD0659,174
B010,PRD0858,259
B002,PRD1275,213
B001,PRD0553,19
B008,PRD0484,111
B009,PRD0480,127
B009,PRD0671,44
B004,PRD0001,221
B009,PRD1137,179
B004,PRD0181,227
B004,PRD0746,288
B001,PRD0065,220
B003,PRD0765,19
B009,PRD0814,40
B010,PRD0222,299
B010,PRD0804,121
B004,PRD0204,87
B005,PRD0108,229
B009,PRD0430,181
B009,PRD0536,238
B010,PRD1432,297
B004,PRD0138,10
B004,PRD1247,65
B010,PRD0559,84
B007,PRD0459,230
B005,PRD1196,31
B001,PRD0790,10
B007,PRD0899,186
B002,PRD0272,47
B003,PRD0089,168
B004,PRD0872,197
B007,PRD0370,159
B005,PRD0398,137
B007,PRD0229,19
B001,PRD0215,224
B003,PRD0637,233
B007,PRD0993,216
B010,PRD0874,281
B005,PRD1152,144
B002,PRD0270,8
B005,PRD0698,108
B001,PRD1254,80
B007,PRD1349,286
B010,PRD0264,156
B010,PRD0674,103
B009,PRD0552,16
B006,PRD0516,235
B008,PRD0830,94
B010,PRD1185,174
B009,PRD1224,48
B009,PRD1307,151
B003,PRD0505,299
B009,PRD1201,164
B008,PRD1361,275
B003,PRD1382,80
B008,PRD1476,256
B003,PRD0073,178
B003,PRD1304,77
B004,PRD0902,211
B006,PRD0277,29
B002,PRD0447,10
B001,PRD0635,291
B008,PRD0624,230
B002,PRD1226,17
B004,PRD0943,101
B001,PRD0322,82
B006,PRD0423,218
B004,PRD0458,119
B007,PRD1303,127
B001,PRD0063,93
B008,PRD1068,161
B005,PRD0378,246
B001,PRD0678,197
B001,PRD0207,113
B005,PRD0370,21
B006,PRD1349,239
B001,PRD0846,171
B009,PRD1299,241
B009,PRD0640,131
B005,PRD1027,162
B007,PRD1387,133
B008,PRD0977,201
B003,PRD0385,195
B007,PRD0150,60
B009,PRD0327,72
B004,PRD1245,102
B006,PRD0461,200
B008,PRD0900,152
B010,PRD1324,218
B002,PRD0870,59
B007,PRD0267,68
B009,PRD1276,81
B002,PRD1162,132
B007,PRD0704,29
B002,PRD1429,162
B002,PRD1421,88
B002,PRD0915,292
B002,PRD0445,78
B010,PRD0840,267
B003,PRD0753,187
B010,PRD1103,81
B008,PRD1241,269
B008,PRD0693,223
B006,PRD0789,278
B008,PRD0018,71
B010,PRD0515,143
B003,PRD0701,290
B006,PRD1320,269
B003,PRD0133,193
B003,PRD0158,76
B006,PRD0602,218
B007,PRD0656,92
B004,PRD1439,80
B007,PRD1089,233
B002,PRD0713,155
B008,PRD0600,254
B006,PRD0686,21
B008,PRD0814,231
B004,PRD1089,97
B006,PRD1037,31
B002,PRD0217,148
B006,PRD1350,134
B009,PRD0761,55
B002,PRD0601,215
B008,PRD1065,22
B010,PRD1235,6
B002,PRD0913,13
B005,PRD1047,100
B008,PRD1297,212
B005,PRD0863,297
B007,PRD0177,19
B001,PRD1491,185
B007,PRD1342,212
B007,PRD0427,142
B009,PRD1115,284
B001,PRD0115,67
B006,PRD0258,224
B001,PRD0803,18
B003,PRD0392,226
B007,PRD1108,52
B003,PRD0074,182
B003,PRD0066,206
B010,PRD1016,78
B006,PRD0047,166
B001,PRD1293,204
B008,PRD1377,44
B010,PRD0155,157
B003,PRD1264,175
B006,PRD0481,150
B008,PRD1206,76
B004,PRD1173,240
B008,PRD0181,124
B004,PRD0606,225
B005,PRD0589,21
B003,PRD0104,296
B009,PRD0026,288
B001,PRD0726,96
B004,PRD0533,167
B003,PRD1436,226
B004,PRD1021,165
B007,PRD1135,24
B003,PRD0758,148
B006,PRD1313,218
B003,PRD0107,203
B004,PRD1452,88
B006,PRD0495,66
B010,PRD0875,115
B004,PRD0731,42
B002,PRD1131,188
B007,PRD1017,287
B006,PRD0515,162
B004,PRD1087,143
B002,PRD0080,80
B009,PRD1394,235
B009,PRD1370,52
B006,PRD1134,57
B001,PRD0968,95
B004,PRD1048,46
B009,PRD0545,166
B004,PRD1343,120
B008,PRD0521,33
B002,PRD1350,212
B002,PRD0257,13
B003,PRD0201,87
B006,PRD0543,250
B005,PRD0843,203
B002,PRD1177,87
B001,PRD0210,137
B006,PRD0555,214
B001,PRD1242,128
B004,PRD1122,97
B001,PRD0614,148
B002,PRD1387,249
B002,PRD1320,245
B008,PRD0869,186
B007,PRD1064,288
B009,PRD0359,289
B009,PRD0755,18
B010,PRD0348,24
B007,PRD0764,180
B008,PRD0697,297
B007,PRD0722,240
B008,PRD1007,88
B010,PRD1326,183
B010,PRD1079,136
B010,PRD1293,227
B002,PRD0559,126
B008,PRD0147,98
B005,PRD0680,23
B004,PRD0587,286
B003,PRD1491,46
B005,PRD1457,284
B005,PRD1329,4
B001,PRD1456,89
B002,PRD0747,92
B007,PRD0396,192
B002,PRD1044,117
B006,PRD0424,38
B005,PRD0470,49
B002,PRD0792,50
B006,PRD1339,216
B010,PRD1305,149
B010,PRD0107,245
B009,PRD0675,177
B006,PRD1371,250
B003,PRD1331,127
B010,PRD1350,215
B005,PRD0481,69
B002,PRD0417,256
B001,PRD0098,202
B001,PRD0009,94
B005,PRD0552,242
B008,PRD0564,242
B007,PRD0096,63
B008,PRD0171,257
B007,PRD0334,169
B006,PRD0233,103
B004,PRD0108,58
B009,PRD1037,140
B002,PRD1236,268
B010,PRD0013,99
B009,PRD0296,9
B004,PRD0198,288
B006,PRD1177,248
B005,PRD0109,74
B008,PRD0938,219
B004,PRD0995,106
B009,PRD1256,80
B002,PRD1491,76
B006,PRD1111,96
B007,PRD0570,56
B003,PRD0796,258
B001,PRD1033,232
B004,PRD0192,232
B008,PRD1083,23
B002,PRD0768,220
B010,PRD0980,54
B005,PRD0143,225
B001,PRD0128,207
B004,PRD0143,112
B009,PRD0320,262
B003,PRD0445,129
B009,PRD0069,109
B009,PRD0292,121
B010,PRD1478,270
B007,PRD0042,213
B002,PRD0265,249
B010,PRD0302,201
B001,PRD0906,160
B001,PRD0615,297
B005,PRD0907,82
B004,PRD1106,136
B005,PRD0847,93
B002,PRD1020,159
B004,PRD0211,37
B006,PRD0711,151
B004,PRD1331,37
B004,PRD0834,5
B009,PRD1089,54
B006,PRD0645,163
B008,PRD0438,226
B005,PRD0822,175
B009,PRD1208,135
B010,PRD1339,117
B003,PRD0830,53
B001,PRD1487,221
B008,PRD0542,72
B007,PRD0156,273
B008,PRD0643,173
B004,PRD0864,170
B010,PRD1296,135
B005,PRD0658,252
B008,PRD1061,88
B010,PRD1261,229
B005,PRD0881,1
B010,PRD1063,160
B005,PRD1276,51
B006,PRD1354,207
B005,PRD0245,51
B007,PRD0214,253
B007,PRD0880,272
B010,PRD0685,111
B002,PRD0789,120
B007,PRD1080,167
B009,PRD0283,246
B006,PRD1129,276
B003,PRD1293,225
B006,PRD1275,67
B007,PRD0575,3
B005,PRD0840,246
B003,PRD0887,93
B008,PRD0665,47
B004,PRD0369,29
B009,PRD0832,16
B009,PRD0797,200
B008,PRD1203,244
B003,PRD1450,45
B006,PRD1269,91
B007,PRD0283,290
B010,PRD0115,201
B010,PRD0527,260
B010,PRD1368,68
B001,PRD0973,198
B007,PRD1154,207
B002,PRD1485,135
B006,PRD1393,55
B006,PRD0457,184
B001,PRD1278,109
B001,PRD1152,128
B010,PRD1415,70
B009,PRD1435,125
B008,PRD1443,246
B009,PRD0588,246
B008,PRD1204,34
B009,PRD0072,98
B008,PRD0873,94
B005,PRD1389,235
B005,PRD0277,48
B001,PRD0034,127
B006,PRD0379,200
B001,PRD1380,57
B005,PRD1253,197
B001,PRD1232,260
B008,PRD0321,112
B008,PRD0435,121
B001,PRD0109,61
B008,PRD0619,47
B006,PRD0767,55
B004,PRD1476,253
B004,PRD0016,115
B002,PRD1417,105
B008,PRD0931,132
B010,PRD0060,54
B010,PRD0208,213
B009,PRD0833,195
B010,PRD1385,138
B008,PRD0115,110
B008,PRD1437,128
B009,PRD1250,103
B001,PRD0745,270
B001,PRD0302,36
B001,PRD0343,273
B002,PRD0041,154
B002,PRD1494,87
B003,PRD0059,153
B001,PRD1346,108
B008,PRD1230,277
B008,PRD0082,263
B009,PRD1204,251
B004,PRD0228,245
B005,PRD1435,45
B002,PRD0529,284
B002,PRD1134,159
B001,PRD0167,107
B009,PRD1399,223
B002,PRD0193,195
B003,PRD1401,296
B001,PRD0886,181
B009,PRD0691,230
B003,PRD0749,123
B008,PRD0636,70
B001,PRD0583,227
B005,PRD0706,296
B010,PRD0592,299
B008,PRD0921,205
B002,PRD0847,65
B008,PRD0692,263
B009,PRD0120,111
B003,PRD0832,214
B008,PRD0140,57
B006,PRD0388,157
B005,PRD0972,77
B006,PRD0911,31
B007,PRD0532,183
B009,PRD0856,113
B007,PRD0172,56
B008,PRD0436,99
B004,PRD0299,176
B004,PRD1455,27
B006,PRD0341,119
B002,PRD0893,20
B004,PRD0256,168
B009,PRD0436,3
B009,PRD0576,211
B002,PRD1438,81
B004,PRD0372,183
B005,PRD0129,253
B007,PRD1230,142
B003,PRD0620,6
B003,PRD0030,293
B008,PRD0515,51
B005,PRD0862,198
B008,PRD0744,168
B009,PRD1222,116
B007,PRD0620,205
B007,PRD0170,213
B006,PRD0254,196
B005,PRD0848,169
B008,PRD0096,9
B005,PRD1216,256
B006,PRD1291,15
B006,PRD0026,31
B001,PRD0645,6
B007,PRD1414,21
B010,PRD0442,21
B007,PRD1192,9
B008,PRD0789,16
B004,PRD1092,285
B001,PRD1334,171
B006,PRD0020,235
B009,PRD0744,286
B004,PRD0718,132
B007,PRD0609,279
B003,PRD1218,110
B004,PRD0566,211
B009,PRD0496,72
B005,PRD0489,46
B008,PRD1308,136
B004,PRD1194,263
B006,PRD0886,13
B006,PRD1010,229
B009,PRD0274,41
B004,PRD0580,147
B002,PRD0307,121
B005,PRD0409,77
B002,PRD0680,215
B010,PRD0287,103
B008,PRD1279,30
B005,PRD1142,132
B007,PRD0766,222
B009,PRD1062,297
B010,PRD0907,117
B009,PRD0456,99
B008,PRD0796,182
B006,PRD0627,68
B007,PRD0685,29
B002,PRD1424,196
B002,PRD0158,178
B004,PRD0035,212
B001,PRD0196,234
B003,PRD0834,31
B010,PRD1112,36
B007,PRD1331,61
B007,PRD0053,120
B002,PRD1054,115
B002,PRD0394,63
B004,PRD1373,251
B010,PRD0645,255
B005,PRD0158,237
B010,PRD1395,179
B006,PRD0814,53
B006,PRD0264,27
B006,PRD0521,55
B002,PRD0054,58
B002,PRD1196,166
B003,PRD1085,282
B007,PRD0035,46
B010,PRD1445,287
B001,PRD1263,253
B008,PRD0478,97
B010,PRD0096,214
B003,PRD0942,56
B004,PRD0532,27
B006,PRD1352,140
B010,PRD0437,54
B004,PRD0505,73
B007,PRD0206,9
B004,PRD0801,116
B009,PRD0225,272
B006,PRD0568,2
B006,PRD0850,27
B002,PRD0490,246
B009,PRD1210,231
B003,PRD1350,270
B008,PRD0071,53
B002,PRD0950,125
B005,PRD0183,138
B010,PRD0384,81
B010,PRD1001,253
B005,PRD1215,135
B002,PRD0482,277
B004,PRD1457,293
B001,PRD1081,33
B004,PRD1440,174
B001,PRD0871,168
B008,PRD0109,159
B003,PRD1029,100
B008,PRD1132,218
B009,PRD0065,271
B001,PRD1048,113
B002,PRD0082,138
B008,PRD1364,289
B006,PRD1024,102
B009,PRD0612,62
B001,PRD1342,89
B003,PRD0998,177
B004,PRD0603,280
B008,PRD1076,282
B005,PRD1340,10
B009,PRD0648,57
B006,PRD0709,122
B002,PRD0773,233
B008,PRD1160,162
B004,PRD1056,72
B006,PRD0799,133
B002,PRD1114,12
B003,PRD1312,211
B003,PRD0477,298
B001,PRD0251,37
B010,PRD0853,122
B002,PRD1058,28
B002,PRD0767,75
B007,PRD0318,289
B001,PRD0199,20
B001,PRD0970,205
B006,PRD0661,2
B003,PRD1369,247
B001,PRD0211,67
B008,PRD0613,57
B003,PRD0082,125
B008,PRD1384,273
B002,PRD0901,111
B008,PRD0139,101
B004,PRD0854,241
B005,PRD0568,128
B005,PRD0066,52
B007,PRD1270,48
B009,PRD0878,33
B009,PRD0219,285
B008,PRD0547,70
B004,PRD0117,212
B007,PRD0245,3
B010,PRD1487,150
B003,PRD0240,35
B006,PRD0077,187
B005,PRD1354,96
B005,PRD0755,132
B005,PRD0239,272
B010,PRD0796,106
B002,PRD1283,134
B010,PRD0910,161
B006,PRD0482,253
B004,PRD1199,211
B010,PRD1460,285
B004,PRD0738,95
B003,PRD0149,82
B001,PRD0014,222
B008,PRD0614,230
B004,PRD0733,118
B008,PRD1178,202
B006,PRD0912,105
B007,PRD1045,205
B009,PRD0047,293
B009,PRD0398,83
B002,PRD1430,204
B005,PRD0586,223
B002,PRD1217,174
B009,PRD0060,282
B010,PRD0912,282
B005,PRD0944,255
B003,PRD0711,99
B003,PRD0913,274
B007,PRD0126,20
B003,PRD1239,148
B005,PRD0347,232
B002,PRD0733,29
B007,PRD0448,94
B010,PRD0308,297
B006,PRD1245,79
B002,PRD1393,297
B007,PRD0924,55
B010,PRD1097,175
B010,PRD1439,162
B007,PRD1054,117
B008,PRD0363,1
B004,PRD0081,267
B007,PRD0438,75
B009,PRD0273,196
B001,PRD0718,2
B002,PRD1389,43
B009,PRD1174,224
B003,PRD0729,79
B003,PRD0206,269
B010,PRD0620,142
B008,PRD1024,28
B006,PRD0975,107
B003,PRD1335,63
B005,PRD0887,233
B005,PRD0547,168
B005,PRD0296,269
B004,PRD0551,97
B009,PRD1363,108
B005,PRD0978,94
B009,PRD0606,20
B004,PRD1382,278
B002,PRD0625,40
B009,PRD0661,57
B010,PRD0303,216
B005,PRD0206,3
B004,PRD0724,87
B006,PRD0884,196
B001,PRD1171,169
B008,PRD0499,203
B005,PRD1428,109
B004,PRD0014,254
B010,PRD1248,21
B007,PRD1464,267
B003,PRD1158,143
B006,PRD0779,76
B005,PRD0188,45
B001,PRD1259,3
B006,PRD0378,233
B010,PRD0542,192
B009,PRD0619,224
B007,PRD0125,122
B006,PRD0951,205
B010,PRD0517,37
B004,PRD1323,284
B006,PRD0086,168
B004,PRD0341,16
B003,PRD0606,66
B007,PRD0671,265
B001,PRD0965,215
B005,PRD0709,196
B003,PRD1282,279
B010,PRD1466,232
B010,PRD0929,209
B009,PRD0247,86
B004,PRD1176,88
B003,PRD0483,27
B001,PRD1062,252
B006,PRD0561,46
B003,PRD0266,278
B008,PRD0767,197
B003,PRD1033,214
B010,PRD0738,80
B009,PRD1020,83
B003,PRD1170,107
B005,PRD0262,9
B002,PRD0779,229
B005,PRD1422,284
B010,PRD1448,150
B002,PRD0943,217
B010,PRD0644,89
B001,PRD1074,0
B009,PRD0594,165
B001,PRD1333,247
B008,PRD0202,256
B002,PRD1447,114
B007,PRD0652,82
B007,PRD1285,113
B003,PRD1340,227
B005,PRD0068,210
B004,PRD0961,58
B005,PRD1221,296
B002,PRD0598,242
B005,PRD0215,52
B004,PRD0757,205
B005,PRD1229,32
B003,PRD1054,79
B009,PRD1078,81
B009,PRD0127,145
B005,PRD0646,79
B006,PRD1218,128
B004,PRD0241,223
B006,PRD1366,290
B007,PRD0307,223
B005,PRD1020,41
B001,PRD0016,128
B002,PRD1264,111
B009,PRD0033,7
B001,PRD0040,170
B006,PRD1426,158
B004,PRD0169,40
B010,PRD1100,34
B005,PRD1284,93
B002,PRD0121,41
B008,PRD1431,157
B004,PRD0676,89
B010,PRD0551,180
B009,PRD1482,247
B004,PRD1448,18
B004,PRD1240,278
B004,PRD0268,39
B006,PRD0642,13
B007,PRD0961,38
B007,PRD1075,20
B008,PRD0673,53
B004,PRD0121,248
B009,PRD1472,18
B002,PRD1033,122
B009,PRD0004,112
B006,PRD0588,90
B004,PRD0075,38
B007,PRD1067,221
B008,PRD1371,72
B004,PRD0142,38
B008,PRD0209,213
B007,PRD0127,23
B010,PRD0330,145
B010,PRD0212,18
B007,PRD0912,68
B008,PRD1112,286
B008,PRD0456,200
B008,PRD1025,74
B001,PRD0133,162
B003,PRD0299,141
B003,PRD1318,164
B002,PRD0481,246
B003,PRD1323,193
B003,PRD0702,7
B009,PRD0465,1
B010,PRD0182,157
B007,PRD1213,167
B008,PRD0523,43
B007,PRD1244,141
B008,PRD1019,76
B001,PRD0062,107
B002,PRD0572,113
B005,PRD1378,211
B004,PRD0799,275
B008,PRD0128,2
B005,PRD0841,165
B001,PRD1215,47
B009,PRD0838,197
B004,PRD0850,33
B009,PRD0712,43
B001,PRD1403,235
B010,PRD1450,84
B001,PRD0799,93
B010,PRD0042,101
B004,PRD0155,25
B009,PRD1007,135
B009,PRD1405,222
B010,PRD1320,98
B008,PRD1032,163
B004,PRD0120,125
B008,PRD0200,252
B008,PRD1264,246
B006,PRD0313,180
B006,PRD0864,256
B001,PRD1253,124
B002,PRD1311,239
B009,PRD1337,247
B008,PRD0064,108
B008,PRD1312,227
B003,PRD0414,270
B002,PRD0815,44
B005,PRD1139,163
B008,PRD0344,240
B009,PRD0580,175
B009,PRD0461,154
B005,PRD1417,153
B004,PRD0725,119
B002,PRD0575,280
B008,PRD1430,233
B003,PRD0018,125
B009,PRD1041,269
B009,PRD1141,221
B006,PRD0043,164
B009,PRD0027,126
B004,PRD0857,161
B006,PRD1015,234
B001,PRD0183,50
B005,PRD1466,284
B004,PRD1023,298
B009,PRD0526,267
B007,PRD0727,202
B004,PRD0972,72
B006,PRD0582,66
B004,PRD0656,165
B003,PRD1457,156
B008,PRD0239,226
B005,PRD0493,194
B003,PRD0720,146
B006,PRD0654,299
B003,PRD0707,62
B001,PRD0189,247
B009,PRD0947,53
B004,PRD0971,75
B003,PRD1378,81
B006,PRD0466,170
B008,PRD0322,237
B002,PRD0245,30
B002,PRD0039,28
B006,PRD0224,184
B006,PRD0989,103
B006,PRD0332,32
B003,PRD0665,134
B007,PRD0988,128
B005,PRD0569,12
B007,PRD1401,115
B010,PRD0124,137
B009,PRD0394,275
B006,PRD0171,103
B003,PRD0838,284
B003,PRD1222,263
B004,PRD1046,165
B002,PRD0660,242
B010,PRD0894,170
B009,PRD1040,280
B009,PRD0169,80
B006,PRD0739,236
B003,PRD1212,3
B009,PRD0798,214
B003,PRD0332,250
B002,PRD1332,47
B009,PRD0464,280
B001,PRD0153,85
B008,PRD0294,198
B009,PRD1314,42
B003,PRD1133,227
B006,PRD0835,26
B004,PRD0445,36
B008,PRD0452,211
B001,PRD0757,213
B009,PRD1237,129
B002,PRD1022,118
B008,PRD0100,10
B009,PRD0176,228
B007,PRD0645,133
B007,PRD0697,124
B008,PRD0087,232
B003,PRD0063,128
B010,PRD0647,52
B004,PRD1028,149
B007,PRD0991,264
B001,PRD0409,188
B005,PRD0118,25
B003,PRD0169,160
B006,PRD0140,142
B005,PRD1324,275
B004,PRD0308,52
B001,PRD1127,76
B004,PRD0223,103
B005,PRD0148,248
B009,PRD0217,67
B009,PRD0208,110
B002,PRD1090,164
B002,PRD1004,221
B010,PRD1271,144
B008,PRD1287,155
B009,PRD1229,26
B002,PRD0337,28
B010,PRD0469,15
B006,PRD0328,176
B002,PRD0953,194
B009,PRD1334,21
B001,PRD0235,61
B002,PRD0657,273
B007,PRD1247,24
B001,PRD1323,2
B006,PRD1123,115
B001,PRD1122,159
B005,PRD0563,102
B010,PRD0861,79
B001,PRD1007,278
B003,PRD0064,174
B008,PRD1453,199
B004,PRD0691,200
B010,PRD1373,138
B002,PRD0431,253
B010,PRD0899,149
B004,PRD0146,192
B003,PRD1379,118
B010,PRD1288,280
B008,PRD0361,58
B007,PRD0184,44
B001,PRD0438,83
B006,PRD0548,235
B002,PRD0239,286
B005,PRD0936,25
B009,PRD1440,235
B006,PRD0900,54
B001,PRD0126,53
B007,PRD0803,123
B006,PRD0489,221
B001,PRD0898,256
B001,PRD0491,273
B005,PRD0218,142
B008,PRD1082,291
B004,PRD0988,287
B006,PRD1336,266
B008,PRD0290,2
B009,PRD1183,272
B009,PRD1035,171
B001,PRD1095,174
B003,PRD0209,131
B006,PRD1385,236
B006,PRD0560,123
B008,PRD0459,8
B005,PRD0165,179
B004,PRD1039,46
B002,PRD0944,84
B009,PRD1336,37
B004,PRD1412,208
B009,PRD0773,278
B009,PRD0656,4
B005,PRD1347,94
B010,PRD0033,295
B003,PRD0736,2
B002,PRD1325,107
B009,PRD0213,22
B003,PRD1497,133
B005,PRD1341,79
B002,PRD0840,292
B007,PRD0894,47
B002,PRD0736,286
B001,PRD0326,204
B001,PRD0333,205
B004,PRD0901,40
B005,PRD0185,70
B001,PRD0171,95
B003,PRD0109,76
B007,PRD1012,282
B002,PRD0182,214
B001,PRD1379,39
B009,PRD1071,99
B009,PRD0087,283
B009,PRD0450,53
B010,PRD0197,103
B002,PRD1459,276
B003,PRD0954,286
B009,PRD0672,59
B010,PRD1090,70
B004,PRD0196,173
B008,PRD1293,256
B006,PRD0769,124
B007,PRD0825,210
B003,PRD0346,124
B002,PRD0312,274
B008,PRD0483,177
B004,PRD1088,181
B009,PRD0256,94
B001,PRD0717,37
B002,PRD1047,267
B005,PRD0981,292
B001,PRD0770,3
B004,PRD0571,223
B003,PRD1214,29
B001,PRD0247,199
B003,PRD1132,32
B004,PRD1249,123
B005,PRD1006,187
B010,PRD0520,148
B010,PRD1302,270
B009,PRD1107,177
B008,PRD0091,15
B003,PRD0095,69
B006,PRD0072,93
B010,PRD1172,281
B008,PRD0037,228
B009,PRD1239,209
B009,PRD0894,207
B008,PRD0906,32
B010,PRD1055,278
B010,PRD0240,174
B010,PRD0392,213
B007,PRD1126,39
B010,PRD0119,159
B010,PRD0343,274
B004,PRD0966,289
B010,PRD1200,64
B002,PRD1133,71
B001,PRD1415,29
B002,PRD0124,6
B001,PRD0603,252
B005,PRD1153,4
B009,PRD0167,215
B005,PRD0689,136
B001,PRD0647,164
B001,PRD0561,260
B004,PRD0034,14
B007,PRD1123,250
B002,PRD0446,165
B009,PRD0459,6
B010,PRD1117,235
B004,PRD1116,39
B005,PRD0570,177
B008,PRD0241,138
B007,PRD0522,246
B008,PRD0051,96
B003,PRD0379,274
B004,PRD1197,22
B001,PRD0339,251
B009,PRD0782,248
B009,PRD0654,124
B007,PRD1332,84
B008,PRD1229,218
B009,PRD0999,61
B006,PRD0333,21
B003,PRD0335,170
B003,PRD0623,1
B001,PRD1042,109
B007,PRD1410,29
B005,PRD0226,239
B003,PRD0085,216
B005,PRD0225,141
B007,PRD1207,13
B005,PRD1293,16
B008,PRD0206,200
B006,PRD1315,295
B003,PRD0068,280
B008,PRD0471,206
B007,PRD0368,205
B002,PRD0424,70
B001,PRD0233,250
B001,PRD0706,256
B010,PRD1176,36
B010,PRD1198,96
B001,PRD1276,17
B002,PRD0263,286
B009,PRD0737,162
B001,PRD1441,100
B002,PRD0650,109
B001,PRD1087,175
B008,PRD1114,119
B002,PRD1094,16
B010,PRD1337,145
B004,PRD0992,209
B002,PRD0221,12
B001,PRD0157,104
B004,PRD1051,273
B009,PRD1356,217
B010,PRD0970,195
B010,PRD1484,14
B001,PRD0448,79
B003,PRD1025,21
B007,PRD1232,151
B008,PRD1072,262
B006,PRD0101,160
B007,PRD0650,26
B007,PRD0795,6
B006,PRD0974,170
B001,PRD0961,229
B010,PRD1442,91
B001,PRD0184,133
B005,PRD1385,163
B005,PRD1370,9
B002,PRD1276,179
B007,PRD1118,286
B001,PRD1113,30
B004,PRD1114,106
B010,PRD0672,72
B003,PRD0373,227
B006,PRD1467,79
B005,PRD0345,182
B007,PRD1422,116
B005,PRD1182,111
B008,PRD1291,21
B001,PRD1097,171
B001,PRD0056,170
B009,PRD1327,107
B001,PRD0499,37
B003,PRD1306,175
B003,PRD1392,52
B001,PRD0990,21
B010,PRD0511,237
B009,PRD1415,95
B001,PRD1190,82
B002,PRD0336,38
B004,PRD0882,255
B003,PRD1037,184
B010,PRD1223,65
B007,PRD0644,34
B004,PRD0431,189
B001,PRD1178,227
B002,PRD1205,44
B004,PRD1360,121
B003,PRD1437,23
B008,PRD0704,126
B005,PRD0831,13
B010,PRD0297,130
B006,PRD0527,160
B001,PRD0119,280
B001,PRD0492,3
B009,PRD0531,180
B006,PRD1470,115
B007,PRD0714,206
B001,PRD1393,163
B001,PRD0980,295
B002,PRD0348,241
B001,PRD0431,29
B005,PRD0201,24
B005,PRD0578,299
B003,PRD0275,192
B003,PRD1297,21
B006,PRD0821,152
B001,PRD0934,291
B006,PRD0244,61
B002,PRD0876,106
B004,PRD1008,271
B007,PRD0986,206
B007,PRD1276,42
B005,PRD0998,209
B009,PRD0020,114
B004,PRD1044,98
B003,PRD1008,48
B010,PRD0535,211
B005,PRD0182,87
B003,PRD1224,156
B004,PRD0039,162
B010,PRD0526,26
B007,PRD0007,12
B001,PRD1495,259
B006,PRD1028,278
B003,PRD0647,287
B008,PRD1198,173
B004,PRD1488,88
B002,PRD1476,70
B009,PRD1302,31
B001,PRD0820,32
B009,PRD0338,65
B007,PRD1046,268
B006,PRD0614,86
B009,PRD0322,248
B005,PRD0324,183
B006,PRD0187,235
B004,PRD0748,196
B002,PRD0384,110
B008,PRD1365,163
B009,PRD0921,205
B009,PRD0460,138
B001,PRD1063,244
B010,PRD0822,79
B008,PRD0591,196
B007,PRD0636,244
B004,PRD1138,286
B003,PRD1041,292
B001,PRD0186,98
B008,PRD0245,173
B010,PRD1427,133
B006,PRD0062,56
B001,PRD0289,60
B001,PRD0830,268
B002,PRD0704,17
B009,PRD1424,180
B009,PRD0179,6
B006,PRD0202,7
B009,PRD0952,38
B006,PRD0980,107
B005,PRD0424,36
B010,PRD0075,153
B002,PRD0428,28
B005,PRD0480,7
B005,PRD0071,196
B002,PRD1352,272
B009,PRD0351,221
B003,PRD0290,144
B003,PRD0382,143
B008,PRD0651,25
B005,PRD0870,175
B007,PRD0607,270
B004,PRD1166,212
B001,PRD0701,205
B008,PRD1394,157
B007,PRD1204,98
B003,PRD1285,22
B006,PRD0733,252
B004,PRD0386,51
B003,PRD1148,94
B002,PRD0790,121
B002,PRD0144,96
B004,PRD1227,193
B001,PRD1135,150
B001,PRD0503,153
B006,PRD0297,169
B010,PRD0689,65
B009,PRD0559,216
B010,PRD1086,218
B007,PRD0521,224
B003,PRD1255,179
B005,PRD1412,74
B008,PRD0265,276
B009,PRD0216,6
B007,PRD0447,226
B002,PRD0812,241
B007,PRD1292,217
B010,PRD0872,4
B001,PRD0053,257
B006,PRD0770,33
B005,PRD0216,112
B002,PRD0412,233
B003,PRD0437,152
B003,PRD0368,166
B006,PRD0063,138
B001,PRD0246,139
B003,PRD0739,295
B006,PRD0304,130
B009,PRD1157,233
B003,PRD0824,83
B005,PRD0038,205
B003,PRD0026,282
B001,PRD0877,142
B007,PRD0062,55
B003,PRD0154,248
B010,PRD0108,109
B005,PRD0019,62
B002,PRD0670,228
B010,PRD0132,10
B009,PRD0435,31
B006,PRD0647,3
B009,PRD0139,298
B008,PRD1286,241
B001,PRD0949,212
B003,PRD0768,196
B002,PRD1089,201
B006,PRD1476,213
B004,PRD1290,0
B001,PRD0131,116
B007,PRD0112,222
B009,PRD0528,5
B001,PRD0843,226
B001,PRD1397,159
B005,PRD0558,79
B003,PRD1266,215
B003,PRD0786,98
B007,PRD0252,145
B008,PRD0175,297
B004,PRD1229,130
B003,PRD0449,118
B007,PRD0196,226
B009,PRD1202,97
B002,PRD0012,131
B008,PRD0056,85
B006,PRD0314,68
B005,PRD1485,182
B007,PRD0197,214
B009,PRD0147,111
B007,PRD0599,109
B008,PRD0153,136
B005,PRD1193,285
B010,PRD0969,3
B010,PRD1144,194
B004,PRD0274,271
B007,PRD0559,112
B004,PRD0435,180
B004,PRD0091,145
B004,PRD1484,36
B009,PRD0969,287
B009,PRD0864,2
B007,PRD0332,72
B008,PRD0508,122
B006,PRD0538,122
B008,PRD0285,38
B003,PRD0122,76
B001,PRD1470,176
B010,PRD0273,268
B001,PRD0169,185
B002,PRD0468,278
B004,PRD0982,43
B005,PRD0634,150
B002,PRD0067,252
B004,PRD1250,201
B007,PRD1218,285
B009,PRD1114,198
B006,PRD1265,12
B009,PRD0224,68
B005,PRD0756,144
B003,PRD1433,171
B004,PRD1375,190
B006,PRD0641,118
B005,PRD0959,84
B005,PRD0876,241
B004,PRD0237,41
B008,PRD1193,237
B003,PRD0812,47
B001,PRD1414,200
B009,PRD0287,203
B007,PRD1344,103
B009,PRD0885,139
B010,PRD0022,142
B004,PRD0074,219
B010,PRD1433,111
B004,PRD1157,128
B001,PRD0486,93
B002,PRD0868,262
B003,PRD0551,35
B001,PRD0918,175
B006,PRD0231,124
B001,PRD0628,113
B009,PRD0533,109
B007,PRD0058,203
B001,PRD0011,47
B005,PRD0014,68
B005,PRD0762,116
B004,PRD0659,273
B006,PRD0017,177
B005,PRD0601,209
B001,PRD0444,118
B008,PRD0554,27
B004,PRD0412,233
B010,PRD0085,172
B001,PRD1126,192
B004,PRD1438,34
B002,PRD0136,218
B004,PRD0253,84
B002,PRD1257,259
B005,PRD1396,222
B008,PRD0254,239
B007,PRD0678,293
B007,PRD1121,152
B007,PRD1202,223
B006,PRD1021,126
B007,PRD0888,264
B001,PRD0700,35
B007,PRD0271,277
B005,PRD0323,38
B003,PRD0195,83
B003,PRD0529,199
B001,PRD0788,99
B003,PRD0467,77
B002,PRD0898,50
B009,PRD1447,68
B002,PRD1197,156
B005,PRD1438,82
B004,PRD1181,276
B002,PRD1176,154
B003,PRD1370,157
B005,PRD0178,87
B001,PRD0304,11
B005,PRD0519,76
B006,PRD0754,204
B008,PRD0057,21
B008,PRD1301,205
B008,PRD0078,140
B005,PRD0170,93
B008,PRD0731,95
B003,PRD1303,82
B008,PRD0993,221
B007,PRD0101,190
B002,PRD0425,222
B008,PRD0801,265
B004,PRD0060,260
B006,PRD0940,100
B006,PRD0305,0
B010,PRD0073,165
B006,PRD0743,95
B007,PRD0938,106
B001,PRD0650,39
B005,PRD0465,236
B009,PRD0497,200
B009,PRD1186,181
B009,PRD0637,38
B004,PRD1015,137
B004,PRD0232,109
B006,PRD0436,192
B003,PRD1198,170
B002,PRD1477,264
B004,PRD0940,204
B009,PRD1283,18
B009,PRD1046,22
B005,PRD0098,122
B006,PRD0093,87
B010,PRD1364,100
B009,PRD0339,98
B003,PRD1120,247
B003,PRD1092,59
B008,PRD0867,39
B003,PRD0355,151
B002,PRD0430,137
B002,PRD0287,43
B007,PRD0090,271
B010,PRD0379,255
B003,PRD0892,275
B010,PRD0555,138
B004,PRD1390,119
B009,PRD1312,300
B007,PRD0910,257
B008,PRD1115,277
B004,PRD1325,211
B007,PRD0106,271
B004,PRD0200,136
B010,PRD1369,251
B004,PRD0280,163
B003,PRD0453,191
B005,PRD0495,116
B010,PRD0772,207
B001,PRD0401,60
B010,PRD0887,143
B009,PRD1018,144
B005,PRD0004,205
B005,PRD0574,223
B010,PRD0814,128
B010,PRD0671,146
B009,PRD0768,286
B002,PRD1001,137
B006,PRD1413,53
B010,PRD0413,85
B005,PRD0743,125
B008,PRD0259,167
B008,PRD1231,70
B008,PRD1215,113
B006,PRD1050,114
B006,PRD1146,212
B010,PRD1085,280
B007,PRD0931,173
B005,PRD1061,207
B004,PRD1305,131
B006,PRD0212,136
B005,PRD0697,231
B003,PRD1101,59
B005,PRD0049,4
B001,PRD0809,150
B007,PRD0690,207
B010,PRD0217,157
B010,PRD1102,114
B008,PRD1313,2
B009,PRD1290,115
B006,PRD0467,229
B002,PRD1354,169
B009,PRD0437,159
B006,PRD1258,141
B010,PRD1256,43
B007,PRD0419,50
B004,PRD0340,80
B010,PRD0228,135
B009,PRD0975,149
B007,PRD1133,145
B010,PRD0128,147
B001,PRD1344,55
B010,PRD1335,41
B010,PRD0842,257
B002,PRD0163,101
B009,PRD1305,73
B001,PRD1421,59
B007,PRD0408,273
B010,PRD1094,256
B005,PRD0668,202
B002,PRD0185,211
B001,PRD0425,92
B005,PRD0328,276
B009,PRD0810,226
B004,PRD0747,220
B002,PRD0477,280
B006,PRD1079,69
B008,PRD0258,126
B003,PRD0672,245
B007,PRD1198,98
B003,PRD1472,270
B004,PRD0400,292
B009,PRD0133,85
B004,PRD0051,260
B004,PRD0806,248
B007,PRD0416,80
B008,PRD1461,73
B008,PRD0870,54
B004,PRD0851,37
B004,PRD1192,5
B008,PRD0238,254
B009,PRD0354,234
B010,PRD0534,174
B007,PRD0152,214
B002,PRD0010,101
B008,PRD0886,22
B006,PRD0129,26
B009,PRD0930,168
B004,PRD1100,47
B005,PRD1299,180
B005,PRD0724,205
B003,PRD1268,171
B009,PRD0590,257
B003,PRD0920,294
B006,PRD0546,251
B008,PRD1345,75
B010,PRD0703,273
B008,PRD1373,54
B010,PRD0241,174
B003,PRD0869,1
B006,PRD0928,113
B003,PRD0435,44
B003,PRD0687,117
B009,PRD1437,158
B004,PRD1102,247
B003,PRD0093,189
B008,PRD1057,33
B006,PRD0006,161
B009,PRD0747,299
B001,PRD1303,91
B007,PRD1009,132
B001,PRD0563,260
B008,PRD0059,268
B006,PRD1381,143
B002,PRD1410,128
B003,PRD0008,14
B008,PRD1332,232
B008,PRD0507,252
B001,PRD0198,298
B006,PRD0370,47
B002,PRD0699,63
B005,PRD0967,259
B003,PRD1066,261
B004,PRD1018,41
B006,PRD0290,88
B006,PRD1096,180
B010,PRD0309,240
B010,PRD1289,159
B007,PRD0117,66
B006,PRD0174,121
B010,PRD0779,236
B002,PRD0604,103
B003,PRD1121,24
B003,PRD1047,83
B005,PRD0389,165
B007,PRD0817,37
B001,PRD0844,17
B001,PRD0811,159
B010,PRD0118,297
B001,PRD0817,259
B007,PRD1171,41
B005,PRD0524,72
B009,PRD1338,186
B003,PRD0049,116
B006,PRD0638,219
B002,PRD0293,52
B009,PRD0692,14
B008,PRD1262,98
B009,PRD1368,124
B010,PRD0860,103
B008,PRD0262,289
B001,PRD0271,98
B005,PRD0942,113
B003,PRD0708,95
B003,PRD0602,255
B005,PRD1066,285
B009,PRD0074,228
B006,PRD0978,119
B005,PRD0045,290
B003,PRD0399,0
B005,PRD0554,77
B007,PRD0326,17
B003,PRD0234,164
B002,PRD1166,60
B005,PRD1180,37
B007,PRD1050,39
B008,PRD1105,5
B001,PRD0892,113
B006,PRD1152,103
B007,PRD0903,179
B008,PRD1396,166
B007,PRD1390,9
B002,PRD1310,187
B003,PRD1124,254
B010,PRD0466,240
B004,PRD1450,28
B001,PRD0882,293
B006,PRD1052,293
B005,PRD0491,34
B002,PRD1307,29
B006,PRD0542,230
B003,PRD1145,155
B008,PRD0201,220
B002,PRD0003,20
B003,PRD1301,207
B004,PRD0353,53
B007,PRD0128,149
B006,PRD0706,247
B006,PRD0846,256
B005,PRD0408,265
B003,PRD0615,71
B005,PRD1002,171
B001,PRD0456,203
B002,PRD0253,42
B009,PRD1494,98
B008,PRD1048,18
B003,PRD0857,220
B005,PRD1489,47
B010,PRD0271,91
B008,PRD0878,170
B007,PRD0584,9
B003,PRD1250,71
B008,PRD1434,53
B010,PRD0323,85
B002,PRD1141,57
B004,PRD0562,187
B001,PRD0389,141
B005,PRD1195,18
B002,PRD0596,26
B003,PRD0295,246
B008,PRD0749,129
B009,PRD0015,57
B009,PRD0495,4
B003,PRD0278,73
B005,PRD1487,66
B003,PRD1192,237
B001,PRD0641,219
B010,PRD0752,36
B005,PRD1197,92
B005,PRD1420,15
B001,PRD0118,60
B006,PRD0336,125
B005,PRD0525,158
B004,PRD1151,250
B008,PRD0570,217
B002,PRD1173,45
B001,PRD1115,264
B006,PRD0385,134
B006,PRD0364,24
B005,PRD1326,279
B009,PRD0080,49
B008,PRD0949,50
B007,PRD0364,93
B008,PRD0222,123
B001,PRD0226,100
B004,PRD1333,299
B004,PRD0720,267
B007,PRD1248,124
B001,PRD1209,128
B004,PRD1200,103
B005,PRD0712,165
B008,PRD0970,269
B005,PRD0953,253
B006,PRD1363,287
B002,PRD0925,262
B002,PRD1391,274
B010,PRD0943,191
B009,PRD0836,32
B003,PRD1483,178
B010,PRD0326,159
B010,PRD0008,101
B002,PRD0156,239
B004,PRD0084,175
B003,PRD1341,74
B008,PRD1197,183
B002,PRD0761,299
B008,PRD0917,103
B007,PRD1199,293
B002,PRD1087,196
B005,PRD1453,224
B005,PRD1455,91
B001,PRD1304,120
B007,PRD0898,12
B010,PRD1082,104
B010,PRD0204,143
B009,PRD0431,163
B002,PRD1245,75
B003,PRD0814,216
B009,PRD0525,32
B009,PRD0752,38
B007,PRD0099,84
B010,PRD0625,99
B010,PRD0471,189
B007,PRD0870,54
B008,PRD1010,271
B010,PRD1164,81
B006,PRD0820,42
B002,PRD1300,265
B010,PRD0146,221
B002,PRD0743,59
B007,PRD0753,11
B010,PRD0458,290
B008,PRD0592,229
B009,PRD1255,25
B003,PRD0226,98
B003,PRD0205,50
B003,PRD0959,126
B003,PRD0693,250
B002,PRD1118,177
B004,PRD0957,182
B004,PRD0201,69
B001,PRD1302,48
B001,PRD1212,290
B004,PRD1201,7
B004,PRD0671,227
B009,PRD0393,142
B008,PRD1348,184
B001,PRD0963,267
B009,PRD1173,247
B009,PRD0852,117
B009,PRD0839,153
B010,PRD0729,105
B010,PRD1007,256
B006,PRD0404,144
B005,PRD1411,13
B005,PRD1015,159
B005,PRD1291,159
B005,PRD0528,260
B010,PRD0361,190
B002,PRD0681,13
B005,PRD0875,243
B007,PRD1436,97
B008,PRD0695,217
B004,PRD1428,163
B004,PRD0191,40
B008,PRD0730,81
B002,PRD0015,76
B005,PRD0592,255
B008,PRD0736,269
B002,PRD1411,120
B006,PRD0710,225
B007,PRD0262,74
B001,PRD1436,122
B008,PRD0120,272
B009,PRD1292,180
B001,PRD0457,250
B004,PRD0162,162
B010,PRD1384,293
B008,PRD1209,243
B010,PRD0325,154
B006,PRD1321,93
B003,PRD0901,230
B001,PRD1360,41
B008,PRD0124,19
B007,PRD0769,206
B007,PRD1068,219
B002,PRD0104,213
B010,PRD1411,184
B010,PRD0831,246
B008,PRD0969,19
B003,PRD0466,137
B007,PRD1236,97
B009,PRD1389,166
B002,PRD1388,151
B004,PRD0045,37
B004,PRD0230,15
B003,PRD0264,7
B008,PRD0698,265
B003,PRD1431,75
B002,PRD0991,46
B005,PRD0849,254
B003,PRD1425,112
B008,PRD0176,276
B003,PRD1040,130
B010,PRD0397,289
B002,PRD0751,248
B006,PRD0497,12
B005,PRD0194,65
B008,PRD0887,207
B001,PRD0413,145
B009,PRD1072,178
B002,PRD0028,18
B009,PRD0923,291
B001,PRD0533,16
B003,PRD0363,263
B009,PRD0831,275
B010,PRD0588,51
B010,PRD1491,96
B001,PRD1451,206
B006,PRD0731,225
B008,PRD0289,216
B007,PRD0347,293
B003,PRD0858,29
B003,PRD1063,69
B009,PRD0302,284
B006,PRD0168,123
B006,PRD0246,92
B008,PRD1269,293
B010,PRD0199,268
B005,PRD1022,172
B002,PRD0379,108
B002,PRD0235,103
B008,PRD1352,256
B008,PRD1447,23
B002,PRD1221,226
B001,PRD1223,212
B005,PRD0300,42
B002,PRD0094,147
B001,PRD1337,60
B010,PRD0448,115
B009,PRD0844,79
B005,PRD0309,85
B005,PRD0583,63
B004,PRD1167,238
B009,PRD1111,157
B002,PRD0818,41
B008,PRD0098,129
B010,PRD0579,118
B005,PRD0858,260
B009,PRD1189,199
B008,PRD1117,208
B008,PRD0786,94
B001,PRD0344,285
B001,PRD0105,272
B003,PRD1232,291
B002,PRD1164,222
B005,PRD0179,285
B002,PRD0252,24
B010,PRD0649,166
B006,PRD1314,191
B002,PRD0745,264
B001,PRD0884,163
B004,PRD1078,55
B008,PRD0376,107
B010,PRD0324,186
B003,PRD1290,42
B006,PRD0592,294
B005,PRD1165,246
B009,PRD0434,147
B005,PRD0074,271
B003,PRD1333,255
B008,PRD0760,14
B007,PRD0514,119
B008,PRD0088,87
B008,PRD0932,129
B005,PRD1023,170
B009,PRD0517,70
B007,PRD0820,0
B002,PRD1049,226
B009,PRD0051,88
B008,PRD0104,265
B006,PRD0407,32
B002,PRD0025,11
B006,PRD0205,26
B001,PRD1247,153
B006,PRD1116,97
B009,PRD1382,13
B010,PRD1382,274
B007,PRD0087,194
B007,PRD1158,189
B004,PRD0127,182
B002,PRD1070,139
B002,PRD1144,257
B007,PRD1062,42
B001,PRD0741,64
B006,PRD0004,130
B008,PRD0391,144
B010,PRD0618,151
B007,PRD1293,223
B002,PRD1055,99
B003,PRD1412,97
B007,PRD0016,250
B003,PRD0294,299
B007,PRD0331,152
B010,PRD1154,249
B002,PRD0895,37
B010,PRD0334,274
B005,PRD1469,275
B007,PRD1152,240
B002,PRD0922,157
B008,PRD1491,192
B006,PRD1127,230
B005,PRD0622,202
B009,PRD0979,57
B007,PRD0782,71
B007,PRD0043,207
B006,PRD0434,238
B004,PRD0678,272
B008,PRD0463,271
B007,PRD0345,76
B005,PRD0026,203
B001,PRD0616,123
B001,PRD0214,228
B001,PRD0931,245
B008,PRD1333,3
B008,PRD0951,72
B002,PRD0884,295
B010,PRD0572,275
B001,PRD0897,110
B010,PRD0315,166
B005,PRD1128,70
B006,PRD0137,245
B005,PRD1198,274
B006,PRD0084,135
B001,PRD1408,101
B009,PRD0043,231
B009,PRD0963,190
B001,PRD0506,121
B010,PRD0386,60
B005,PRD0607,244
B009,PRD0872,147
B007,PRD1237,102
B003,PRD0037,193
B003,PRD0779,203
B010,PRD1151,45
B005,PRD0033,147
B003,PRD0434,237
B007,PRD1239,206
B006,PRD0081,179
B003,PRD0343,281
B002,PRD0960,250
B003,PRD0950,165
B004,PRD1500,78
B010,PRD0717,230
B005,PRD0874,89
B002,PRD0282,164
B002,PRD0502,4
B005,PRD0236,218
B010,PRD0183,182
B006,PRD1312,221
B005,PRD0430,277
B009,PRD0562,244
B010,PRD1209,235
B005,PRD0503,205
B008,PRD0745,34
B010,PRD0818,226
B005,PRD0985,273
B003,PRD0523,30
B005,PRD0397,29
B010,PRD1492,275
B009,PRD0202,44
B007,PRD1334,86
B005,PRD0301,204
B009,PRD0106,114
B006,PRD1192,300
B010,PRD1406,35
B010,PRD1336,40
B009,PRD1095,172
B005,PRD1310,200
B005,PRD1267,62
B002,PRD0370,6
B003,PRD1336,231
B005,PRD0184,253
B002,PRD0617,84
B004,PRD0114,164
B003,PRD0191,43
B001,PRD0483,117
B009,PRD0530,147
B007,PRD0577,159
B007,PRD1159,133
B008,PRD0568,198
B005,PRD0316,37
B009,PRD1212,107
B006,PRD0303,235
B007,PRD0020,206
B001,PRD0366,47
B005,PRD0726,126
B010,PRD1211,246
B005,PRD1424,258
B007,PRD1180,183
B008,PRD1235,85
B010,PRD0062,164
B002,PRD1037,10
B006,PRD0148,222
B004,PRD0569,285
B001,PRD0136,93
B010,PRD0500,163
B010,PRD1060,121
B001,PRD0940,99
B005,PRD0131,55
B005,PRD1164,45
B002,PRD0473,131
B002,PRD0244,176
B004,PRD1282,284
B008,PRD1028,49
B001,PRD1260,9
B004,PRD1193,238
B004,PRD0112,164
B006,PRD0075,107
B010,PRD1153,245
B005,PRD1348,110
B001,PRD0497,50
B006,PRD1482,15
B003,PRD0022,82
B005,PRD1162,300
B005,PRD0312,157
B005,PRD1179,22
B008,PRD1280,94
B010,PRD0602,218
B007,PRD0219,79
B006,PRD1035,154
B008,PRD1074,284
B004,PRD0650,169
B005,PRD0770,268
B003,PRD1059,160
B007,PRD1001,79
B002,PRD0570,7
B005,PRD1397,262
B006,PRD1441,63
B008,PRD0028,174
B005,PRD1207,186
B009,PRD0457,264
B007,PRD0299,172
B003,PRD0345,188
B003,PRD1238,3
B003,PRD0156,100
B005,PRD0261,156
B003,PRD0566,201
B003,PRD0468,5
B010,PRD0968,134
B008,PRD1442,54
B006,PRD0716,98
B005,PRD1146,60
B003,PRD0782,282
B008,PRD1031,276
B002,PRD0567,185
B010,PRD1297,287
B005,PRD1364,231
B002,PRD1423,108
B008,PRD1324,139
B008,PRD0806,114
B006,PRD0321,295
B001,PRD0696,262
B005,PRD0979,187
B010,PRD0001,286
B006,PRD0803,150
B002,PRD0002,94
B010,PRD1454,140
B005,PRD0435,157
B001,PRD1234,61
B001,PRD0315,203
B007,PRD0689,27
B007,PRD1094,222
B003,PRD0157,234
B008,PRD0780,207
B006,PRD0377,182
B002,PRD0827,40
B008,PRD1341,140
B001,PRD0276,18
B001,PRD1473,122
B004,PRD0094,73
B005,PRD0163,136
B007,PRD1329,239
B009,PRD0154,160
B005,PRD0160,247
B008,PRD0532,271
B005,PRD0192,151
B009,PRD0700,134
B007,PRD1298,29
B003,PRD1330,275
B002,PRD0986,14
B003,PRD0979,217
B004,PRD1237,217
B001,PRD1123,113
B007,PRD1194,98
B003,PRD0927,111
B009,PRD0687,114
B010,PRD0071,291
B006,PRD1061,13
B007,PRD0949,58
B009,PRD0209,268
B004,PRD1365,202
B009,PRD1321,92
B007,PRD1203,50
B002,PRD0476,98
B010,PRD0068,252
B009,PRD0790,187
B008,PRD0972,59
B008,PRD1054,141
B005,PRD1043,156
B006,PRD0450,13
B002,PRD1191,187
B009,PRD1460,45
B004,PRD1464,299
B006,PRD0083,87
B002,PRD0667,299
B003,PRD0181,48
B005,PRD1465,162
B010,PRD0838,114
B007,PRD0682,32
B010,PRD1451,267
B004,PRD0689,32
B006,PRD0391,2
B007,PRD1188,254
B010,PRD1404,33
B004,PRD0395,215
B005,PRD1380,157
B009,PRD0880,79
B009,PRD0884,234
B002,PRD0109,185
B008,PRD0387,1
B004,PRD0750,96
B003,PRD0255,281
B009,PRD1042,9
B002,PRD0506,169
B002,PRD0165,145
B005,PRD0941,291
B010,PRD0426,6
B002,PRD0382,142
B002,PRD0406,288
B009,PRD0276,200
B003,PRD0497,45
B006,PRD1101,145
B007,PRD0629,215
B003,PRD1300,117
B008,PRD1251,59
B004,PRD1073,107
B009,PRD0662,207
B004,PRD0006,189
B007,PRD1137,172
B001,PRD0767,79
B003,PRD0622,189
B003,PRD1181,87
B002,PRD1433,95
B006,PRD0902,269
B010,PRD0416,67
B010,PRD0955,134
B005,PRD0919,235
B008,PRD0803,93
B001,PRD1351,4
B001,PRD0935,202
B009,PRD1485,203
B007,PRD0657,63
B002,PRD0649,202
B008,PRD0443,34
B005,PRD1447,205
B005,PRD0914,262
B008,PRD0543,48
B002,PRD0860,127
B007,PRD1059,139
B005,PRD0551,269
B008,PRD0399,196
B003,PRD0482,280
B003,PRD1107,260
B010,PRD1342,256
B002,PRD0722,148
B003,PRD0884,195
B010,PRD1300,157
B007,PRD1446,197
B010,PRD0032,75
B010,PRD0751,198
B005,PRD0069,134
B007,PRD1174,33
B004,PRD0460,211
B006,PRD0420,235
B002,PRD0079,280
B009,PRD1339,2
B001,PRD1077,11
B008,PRD1459,130
B010,PRD0641,201
B007,PRD1348,117
B001,PRD1161,64
B004,PRD0843,186
B007,PRD0071,196
B004,PRD1111,231
B001,PRD1070,174
B003,PRD1099,36
B004,PRD0009,236
B008,PRD0850,214
B001,PRD0537,196
B002,PRD0666,45
B002,PRD0724,65
B006,PRD1018,297
B004,PRD0118,32
B008,PRD0868,14
B006,PRD0448,37
B006,PRD0688,3
B007,PRD0121,174
B010,PRD1178,76
B001,PRD0348,161
B004,PRD0491,185
B007,PRD0120,95
B009,PRD0361,126
B005,PRD0855,229
B006,PRD1121,31
B007,PRD1087,257
B003,PRD1058,273
B001,PRD0386,131
B009,PRD1319,174
B009,PRD1049,146
B001,PRD0541,252
B003,PRD0988,239
B008,PRD1485,177
B010,PRD0608,148
B009,PRD1220,196
B001,PRD1072,116
B010,PRD0733,187
B001,PRD1318,213
B006,PRD0759,147
B002,PRD0804,264
B009,PRD1228,238
B009,PRD0215,94
B008,PRD0952,220
B007,PRD0771,64
B005,PRD0365,68
B010,PRD0677,67
B006,PRD0891,95
B005,PRD1426,71
B002,PRD1365,185
B006,PRD1480,201
B003,PRD1371,266
B001,PRD0838,290
B010,PRD0709,12
B009,PRD1438,146
B009,PRD0636,283
B008,PRD0757,2
B005,PRD0448,230
B007,PRD0673,16
B001,PRD0408,129
B006,PRD0909,93
B001,PRD1290,92
B009,PRD0211,273
B005,PRD0403,276
B001,PRD0620,10
B008,PRD0439,119
B008,PRD0385,252
B009,PRD0866,285
B004,PRD0063,111
B008,PRD0186,56
B005,PRD0123,105
B004,PRD0908,102
B007,PRD0674,287
B005,PRD0797,74
B009,PRD1459,270
B010,PRD0504,290
B008,PRD1283,238
B001,PRD1233,111
B009,PRD1409,78
B004,PRD1386,180
B003,PRD0380,6
B006,PRD1472,172
B001,PRD0342,64
B004,PRD0552,209
B005,PRD0565,167
B007,PRD0943,182
B006,PRD0465,244
B002,PRD0923,35
B010,PRD0242,269
B003,PRD0966,257
B008,PRD0841,200
B003,PRD0991,300
B003,PRD0562,134
B004,PRD1492,178
B005,PRD0664,37
B007,PRD0445,201
B004,PRD1168,76
B003,PRD0600,204
B008,PRD0247,4
B010,PRD0178,253
B007,PRD0499,221
B002,PRD1195,255
B001,PRD1478,268
B001,PRD1257,239
B010,PRD1278,137
B001,PRD0547,81
B010,PRD1013,271
B006,PRD1133,79
B004,PRD1254,170
B009,PRD1047,92
B001,PRD1183,170
B009,PRD0129,46
B005,PRD0092,81
B007,PRD0642,105
B007,PRD0210,42
B004,PRD0948,51
B006,PRD0103,98
B008,PRD0676,138
B007,PRD1384,52
B009,PRD1156,246
B009,PRD0353,22
B009,PRD0172,298
B005,PRD0966,189
B002,PRD0063,269
B003,PRD0525,287
B005,PRD1013,133
B005,PRD0135,61
B007,PRD1190,183
B008,PRD0284,243
B006,PRD1041,153
B005,PRD1048,249
B009,PRD0826,81
B004,PRD0484,194
B006,PRD0518,75
B005,PRD0009,285
B010,PRD0851,99
B008,PRD1161,132
B004,PRD1123,11
B004,PRD0997,215
B009,PRD0775,118
B010,PRD0800,170
B006,PRD0740,5
B001,PRD0070,45
B002,PRD0776,256
B009,PRD0897,162
B006,PRD0897,11
B006,PRD0953,75
B007,PRD1441,113
B006,PRD0861,238
B004,PRD1264,102
B006,PRD0694,195
B009,PRD0110,250
B006,PRD1081,248
B001,PRD0079,48
B009,PRD1207,278
B006,PRD0380,209
B007,PRD1395,177
B005,PRD0425,174
B002,PRD0044,211
B007,PRD1061,257
B003,PRD0949,290
B001,PRD0374,154
B004,PRD1299,80
B009,PRD0334,40
B007,PRD1259,37
B009,PRD1332,59
B010,PRD0213,269
B002,PRD1180,40
B006,PRD1308,178
B007,PRD0566,56
B003,PRD1294,248
B007,PRD0174,282
B008,PRD1185,256
B003,PRD0772,25
B004,PRD0061,166
B005,PRD0331,140
B007,PRD1267,27
B002,PRD1199,173
B005,PRD0157,138
B005,PRD0487,196
B007,PRD0080,239
B010,PRD0741,195
B004,PRD0926,281
B008,PRD0020,230
B009,PRD1232,182
B006,PRD0037,23
B007,PRD0055,250
B006,PRD1143,26
B008,PRD0718,181
B008,PRD1238,30
B006,PRD0325,16
B006,PRD0607,58
B007,PRD0736,84
B006,PRD0267,254
B004,PRD0302,245
B007,PRD1078,80
B009,PRD0735,187
B002,PRD0539,290
B009,PRD0599,151
B004,PRD0242,115
B009,PRD1342,191
B010,PRD0998,119
B008,PRD1040,249
B004,PRD0132,244
B009,PRD1053,227
B007,PRD0643,113
B007,PRD0282,188
B009,PRD1373,281
B001,PRD0314,199
B002,PRD0236,253
B009,PRD0488,246
B004,PRD0085,153
B006,PRD0986,275
B010,PRD0877,275
B008,PRD1050,283
B009,PRD0362,64
B005,PRD0825,254
B003,PRD1038,275
B003,PRD1311,257
B007,PRD0965,94
B008,PRD0275,135
B007,PRD0443,8
B005,PRD0620,243
B009,PRD1264,80
B001,PRD0733,283
B007,PRD1113,93
B003,PRD0718,228
B009,PRD0482,34
B007,PRD1085,299
B003,PRD0487,52
B004,PRD1479,97
B010,PRD0971,270
B008,PRD0374,136
B006,PRD0600,186
B006,PRD1042,143
B010,PRD1050,101
B005,PRD1295,174
B002,PRD0206,96
B001,PRD0646,107
B009,PRD0944,85
B009,PRD1044,228
B001,PRD0734,257
B008,PRD0123,254
B002,PRD0179,180
B007,PRD0047,110
B009,PRD1419,125
B002,PRD0138,277
B004,PRD1429,167
B009,PRD0751,10
B008,PRD0793,258
B005,PRD1494,226
B009,PRD0204,95
B007,PRD0308,229
B007,PRD0822,219
B008,PRD1119,96
B006,PRD1262,7
B005,PRD0406,15
B002,PRD0810,248
B009,PRD0242,222
B003,PRD0938,122
B006,PRD1477,137
B001,PRD0114,211
B008,PRD0893,295
B004,PRD0159,29
B006,PRD1225,28
B002,PRD0703,83
B004,PRD0102,113
B004,PRD1391,81
B007,PRD0665,74
B009,PRD0948,159
B008,PRD1128,8
B002,PRD1309,96
B010,PRD1046,292
B008,PRD1060,218
B003,PRD1380,88
B010,PRD0544,153
B009,PRD1030,181
B007,PRD0787,98
B004,PRD0881,154
B003,PRD0284,230
B004,PRD0316,226
B005,PRD0423,270
B001,PRD0007,80
B001,PRD1104,131
B006,PRD1011,19
B003,PRD0560,73
B005,PRD1361,249
B004,PRD1060,293
B010,PRD0631,187
B006,PRD1230,167
B005,PRD1392,110
B005,PRD0789,254
B010,PRD0957,225
B007,PRD1196,0
B002,PRD0407,294
B004,PRD0555,83
B001,PRD0327,247
B002,PRD0892,199
B002,PRD1259,131
B004,PRD1213,216
B009,PRD1263,220
B007,PRD1224,248
B010,PRD1265,205
B005,PRD0252,53
B003,PRD1314,2
B007,PRD0696,218
B003,PRD0211,171
B009,PRD0801,101
B005,PRD1186,118
B009,PRD1320,87
B010,PRD0232,168
B010,PRD0127,43
B003,PRD0774,202
B006,PRD0510,269
B002,PRD0978,131
B010,PRD0207,286
B002,PRD0553,209
B005,PRD0306,286
B009,PRD0340,182
B001,PRD0498,280
B002,PRD0534,54
B002,PRD0526,266
B005,PRD0619,35
B005,PRD1134,253
B005,PRD1028,260
B004,PRD0310,278
B001,PRD0515,56
B006,PRD0432,93
B001,PRD1498,20
B010,PRD0855,187
B005,PRD1456,237
B002,PRD1382,119
B005,PRD0269,78
B007,PRD0791,220
B010,PRD1376,106
B002,PRD0948,298
B001,PRD1166,141
B001,PRD1186,252
B009,PRD0704,105
B006,PRD1137,205
B007,PRD1433,44
B001,PRD0876,139
B001,PRD1029,26
B008,PRD1368,43
B008,PRD0588,112
B002,PRD1051,61
B007,PRD0418,233
B008,PRD1046,44
B002,PRD1271,98
B010,PRD1357,43
B002,PRD0641,29
B008,PRD1174,175
B009,PRD0168,41
B007,PRD1290,10
B004,PRD0987,140
B003,PRD1315,66
B007,PRD1354,289
B010,PRD1483,15
B007,PRD0970,131
B010,PRD0449,71
B007,PRD1215,277
B004,PRD0611,142
B003,PRD0694,285
B006,PRD0438,126
B006,PRD1343,268
B002,PRD1019,239
B005,PRD1119,30
B003,PRD0219,51
B009,PRD0914,73
B001,PRD0307,273
B010,PRD0129,217
B009,PRD0463,76
B001,PRD0704,200
B007,PRD1143,241
B004,PRD1384,35
B003,PRD1388,72
B008,PRD1327,178
B007,PRD0239,284
B001,PRD0472,14
B007,PRD0046,128
B003,PRD0132,58
B009,PRD0227,202
B001,PRD0012,296
B001,PRD0120,20
B004,PRD0434,92
B008,PRD0213,176
B003,PRD1078,117
B010,PRD0728,289
B001,PRD0406,169
B005,PRD0427,213
B010,PRD0637,238
B010,PRD1042,291
B009,PRD1012,107
B008,PRD1207,115
B005,PRD1011,58
B009,PRD1234,11
B005,PRD0776,98
B004,PRD1307,262
B002,PRD1112,161
B001,PRD1325,274
B001,PRD1363,5
B005,PRD1452,35
B010,PRD0701,151
B005,PRD0615,215
B009,PRD0791,86
B008,PRD0196,259
B009,PRD0912,29
B008,PRD0988,155
B002,PRD0888,290
B004,PRD0332,27
B007,PRD1358,186
B007,PRD1288,191
B001,PRD1041,188
B002,PRD0929,192
B010,PRD1075,274
B002,PRD1370,242
B004,PRD1292,151
B007,PRD0324,51
B002,PRD0440,103
B001,PRD1159,299
B008,PRD1370,242
B003,PRD0393,263
B002,PRD1341,257
B005,PRD1065,129
B007,PRD0183,244
B008,PRD0995,0
B005,PRD1288,297
B003,PRD0561,140
B002,PRD0823,267
B009,PRD1048,245
B008,PRD0557,208
B005,PRD0337,5
B006,PRD0114,232
B010,PRD0584,161
B009,PRD0082,64
B002,PRD0908,277
B001,PRD0549,46
B002,PRD0433,136
B002,PRD0880,31
B010,PRD0699,26
B006,PRD0982,138
B006,PRD0994,151
B009,PRD0085,264
B009,PRD0160,220
B001,PRD0221,34
B008,PRD1451,2
B010,PRD0432,287
B009,PRD1391,14
B007,PRD0078,287
B002,PRD0357,266
B004,PRD0633,213
B008,PRD1266,201
B003,PRD0493,105
B001,PRD0422,204
B001,PRD1103,135
B009,PRD0720,227
B008,PRD1152,211
B001,PRD0707,122
B008,PRD0601,291
B002,PRD0769,128
B008,PRD0117,9
B007,PRD0287,202
B007,PRD1195,227
B008,PRD1276,23
B008,PRD0333,251
B005,PRD1247,160
B003,PRD1399,236
B006,PRD0617,298
B005,PRD1493,180
B009,PRD1492,203
B006,PRD0146,1
B001,PRD0692,182
B007,PRD0321,294
B002,PRD1398,186
B009,PRD1402,167
B006,PRD0208,128
B001,PRD0607,197
B003,PRD1152,124
B001,PRD0982,58
B003,PRD1144,200
B009,PRD0417,139
B003,PRD1463,278
B007,PRD1396,228
B003,PRD0013,98
B008,PRD0506,86
B001,PRD0385,70
B010,PRD1374,62
B007,PRD1413,110
B008,PRD0012,115
B010,PRD0628,154
B010,PRD0661,211
B004,PRD0646,139
B004,PRD0953,159
B001,PRD1191,53
B002,PRD0966,1
B001,PRD1497,207
B008,PRD1351,205
B007,PRD1019,73
B009,PRD0539,178
B008,PRD0030,223
B001,PRD0434,31
B006,PRD0463,194
B005,PRD0426,218
B008,PRD1255,191
B009,PRD1303,177
B010,PRD1196,231
B009,PRD0079,23
B003,PRD1272,214
B004,PRD0139,152
B010,PRD0810,135
B009,PRD1423,54
B008,PRD0823,56
B010,PRD0564,165
B006,PRD0604,153
B008,PRD1036,271
B009,PRD1289,148
B002,PRD0738,140
B008,PRD0237,99
B009,PRD0604,19
B006,PRD0597,106
B010,PRD0331,201
B008,PRD0332,291
B008,PRD0579,173
B010,PRD1307,102
B003,PRD1006,184
B003,PRD0428,147
B008,PRD1322,160
B002,PRD0965,81
B002,PRD1077,49
B008,PRD0311,5
B005,PRD1062,50
B003,PRD1422,118
B001,PRD0872,216
B008,PRD0339,121
B004,PRD0464,170
B001,PRD0127,131
B006,PRD1457,299
B003,PRD0388,14
B002,PRD0100,103
B005,PRD0162,275
B004,PRD0029,238
B010,PRD0026,0
B004,PRD1407,228
B003,PRD1408,249
B005,PRD0080,243
B006,PRD0664,262
B004,PRD0320,211
B006,PRD1181,181
B010,PRD0396,60
B008,PRD1129,207
B003,PRD0676,271
B007,PRD0933,23
B001,PRD0017,143
B004,PRD0820,106
B007,PRD1343,34
B006,PRD1273,54
B002,PRD0612,294
B003,PRD0329,195
B009,PRD0519,128
B009,PRD0861,255
B006,PRD0507,64
B009,PRD0722,212
B004,PRD0740,15
B009,PRD0122,105
B003,PRD1276,182
B007,PRD1220,224
B007,PRD1024,91
B008,PRD1268,132
B010,PRD0274,137
B003,PRD1130,58
B001,PRD0956,113
B007,PRD0430,181
B004,PRD0839,170
B003,PRD1028,200
B004,PRD0945,121
B005,PRD1239,135
B009,PRD0164,28
B006,PRD0720,9
B009,PRD0723,215
B010,PRD0290,170
B008,PRD0410,130
B005,PRD0416,119
B004,PRD0275,139
B001,PRD0546,24
B002,PRD1292,25
B002,PRD0173,82
B008,PRD0905,143
B007,PRD0513,79
B008,PRD0816,151
B003,PRD0150,166
B007,PRD1205,67
B007,PRD0475,104
B006,PRD1252,216
B005,PRD0991,114
B003,PRD0789,276
B007,PRD0278,300
B005,PRD1343,177
B003,PRD0354,66
B010,PRD0136,262
B006,PRD1493,209
B001,PRD0634,147
B005,PRD0963,189
B001,PRD0953,266
B010,PRD0298,197
B001,PRD1075,266
B005,PRD0284,300
B009,PRD0964,273
B005,PRD1138,167
B008,PRD1393,17
B006,PRD1356,180
B004,PRD0918,280
B003,PRD0010,152
B004,PRD0175,286
B002,PRD0510,250
B002,PRD0838,144
B002,PRD0302,14
B003,PRD0486,36
B010,PRD0720,257
B002,PRD0787,2
B001,PRD1031,86
B002,PRD0648,74
B008,PRD0380,257
B001,PRD0464,206
B001,PRD1297,7
B003,PRD1352,18
B003,PRD0924,84
B008,PRD1265,157
B003,PRD0558,207
B009,PRD0990,101
B004,PRD0122,138
B003,PRD1156,159
B008,PRD0990,196
B007,PRD0992,62
B004,PRD1377,210
B010,PRD1133,251
B003,PRD0041,39
B003,PRD1307,238
B005,PRD0830,100
B006,PRD0984,53
B002,PRD0631,284
B002,PRD0162,37
B010,PRD0483,246
B001,PRD0570,293
B002,PRD0947,112
B003,PRD0752,181
B002,PRD1463,89
B006,PRD1329,173
B002,PRD0664,191
B010,PRD1269,181
B007,PRD0439,138
B009,PRD1073,9
B002,PRD0846,242
B007,PRD0083,214
B010,PRD0355,163
B003,PRD0542,148
B010,PRD0791,131
B005,PRD0286,37
B001,PRD0835,7
B004,PRD0002,175
B003,PRD0851,47
B009,PRD1386,131
B004,PRD0322,266
B008,PRD1317,235
B007,PRD0482,196
B002,PRD1069,49
B003,PRD0306,282
B006,PRD1359,69
B008,PRD0755,282
B008,PRD1471,269
B006,PRD0232,43
B002,PRD0520,208
B009,PRD0609,193
B002,PRD0400,213
B003,PRD1016,11
B010,PRD0965,192
B007,PRD0568,79
B010,PRD0626,156
B001,PRD1018,206
B009,PRD0171,97
B003,PRD1261,29
B007,PRD0832,13
B005,PRD1050,30
B008,PRD0642,48
B008,PRD0716,279
B001,PRD0178,85
B008,PRD0450,73
B007,PRD1115,87
B008,PRD0721,280
B002,PRD0496,248
B001,PRD0197,240
B002,PRD0981,275
B009,PRD0021,51
B004,PRD1020,95
B005,PRD1296,159
B009,PRD1087,238
B001,PRD1241,103
B006,PRD0439,160
B008,PRD1487,166
B002,PRD0508,16
B009,PRD0455,158
B006,PRD0833,176
B007,PRD0485,91
B003,PRD0464,160
B009,PRD0205,84
B003,PRD0279,22
B003,PRD0318,73
B005,PRD0010,158
B009,PRD0344,75
B009,PRD0405,12
B001,PRD1060,140
B001,PRD1116,293
B004,PRD0702,251
B010,PRD0846,96
B008,PRD0394,172
B004,PRD0104,298
B010,PRD1006,12
B005,PRD0958,176
B007,PRD0227,183
B010,PRD0650,260
B003,PRD1234,223
B010,PRD0285,125
B006,PRD0130,299
B001,PRD1047,35
B002,PRD1368,124
B001,PRD0680,14
B006,PRD0462,209
B003,PRD0697,90
B008,PRD0024,116
B009,PRD0631,40
B003,PRD1419,113
B004,PRD0215,245
B003,PRD0128,224
B002,PRD1446,100
B009,PRD0083,209
B003,PRD0005,117
B002,PRD0271,153
B002,PRD0533,197
B005,PRD0818,264
B010,PRD1183,205
B005,PRD0648,289
B002,PRD0380,64
B010,PRD0939,248
B010,PRD0924,210
B001,PRD0665,274
B001,PRD0278,248
B004,PRD0245,241
B001,PRD1424,54
B004,PRD0136,71
B005,PRD0771,64
B002,PRD0465,250
B003,PRD0125,141
B007,PRD0192,111
B010,PRD1173,11
B001,PRD0756,26
B007,PRD0588,288
B008,PRD0627,185
B006,PRD0791,90
B005,PRD0511,19
B004,PRD0709,168
B006,PRD0125,3
B002,PRD1263,124
B002,PRD0085,201
B008,PRD0602,237
B003,PRD0199,108
B004,PRD0328,35
B008,PRD0612,187
B006,PRD0576,267
B009,PRD1098,103
B004,PRD0413,245
B004,PRD0916,257
B006,PRD0033,190
B003,PRD0112,252
B003,PRD1394,140
B003,PRD1141,189
B002,PRD0820,298
B006,PRD1094,239
B008,PRD0517,273
B007,PRD0074,35
B003,PRD1326,213
B003,PRD1447,50
B002,PRD0180,158
B001,PRD0284,34
B007,PRD0662,208
B006,PRD0384,82
B006,PRD0569,77
B006,PRD0755,87
B008,PRD0081,6
B005,PRD0282,146
B009,PRD0951,287
B002,PRD0176,237
B009,PRD0345,29
B006,PRD0299,246
B005,PRD1317,4
B007,PRD0531,239
B009,PRD1439,5
B010,PRD0892,138
B007,PRD0967,115
B006,PRD0890,229
B008,PRD0623,238
B005,PRD0211,225
B001,PRD0574,250
B007,PRD1185,145
B002,PRD0661,120
B008,PRD1326,16
B009,PRD0233,1
B008,PRD0255,35
B003,PRD0961,268
B002,PRD0268,227
B006,PRD0698,50
B008,PRD0953,283
B006,PRD0440,97
B004,PRD0584,230
B006,PRD0914,234
B002,PRD1241,78
B007,PRD0909,247
B008,PRD1086,64
B009,PRD0192,163
B010,PRD0470,193
B001,PRD1071,230
B004,PRD0652,132
B004,PRD1077,44
B005,PRD1404,152
B009,PRD1112,48
B002,PRD1117,78
B005,PRD0213,243
B005,PRD1064,86
B005,PRD0053,14
B010,PRD0959,100
B006,PRD1333,297
B001,PRD0044,70
B010,PRD0088,199
B003,PRD0960,30
B009,PRD0842,292
B004,PRD0755,31
B005,PRD0151,191
B009,PRD0686,26
B007,PRD1066,289
B004,PRD0888,242
B003,PRD0657,168
B008,PRD0303,103
B001,PRD1335,102
B007,PRD0023,292
B008,PRD1284,66
B002,PRD0371,215
B004,PRD1460,168
B002,PRD0874,217
B005,PRD0542,113
B006,PRD0967,68
B008,PRD1216,41
B009,PRD0828,295
B005,PRD0588,274
B006,PRD0138,279
B006,PRD0801,204
B001,PRD0121,191
B003,PRD0675,188
B009,PRD0954,72
B009,PRD0643,0
B002,PRD0283,61
B003,PRD0268,25
B009,PRD0157,191
B007,PRD0853,103
B002,PRD0924,268
B008,PRD0404,248
B007,PRD0941,247
B001,PRD0259,222
B004,PRD0189,185
B008,PRD0125,199
B010,PRD0633,290
B006,PRD0673,237
B005,PRD0488,175
B009,PRD0956,98
B010,PRD0110,200
B008,PRD0187,259
B003,PRD0849,19
B004,PRD1261,24
B007,PRD1069,158
B002,PRD0007,234
B005,PRD0536,130
B008,PRD0846,175
B003,PRD0633,223
B008,PRD1314,278
B002,PRD0784,35
B001,PRD0777,59
B004,PRD0483,78
B006,PRD1453,224
B008,PRD0026,62
B003,PRD1287,9
B008,PRD0299,143
B009,PRD1252,177
B009,PRD1205,118
B004,PRD0608,58
B004,PRD0032,290
B007,PRD0494,10
B005,PRD0137,104
B002,PRD0444,250
B005,PRD0094,80
B003,PRD1456,85
B003,PRD0880,202
B007,PRD1132,37
B009,PRD0260,276
B007,PRD1102,11
B007,PRD0959,265
B010,PRD0424,28
B005,PRD1177,129
B005,PRD1063,28
B010,PRD0081,85
B001,PRD0989,153
B009,PRD0853,244
B008,PRD0880,275
B003,PRD1256,191
B001,PRD1322,164
B006,PRD0010,195
B004,PRD1223,167
B002,PRD0450,120
B010,PRD0786,185
B009,PRD1164,42
B004,PRD0292,187
B010,PRD0045,206
B001,PRD0648,237
B007,PRD1272,217
B010,PRD1255,238
B006,PRD1375,194
B006,PRD0182,294
B002,PRD0864,58
B002,PRD0251,197
B008,PRD0766,249
B005,PRD1349,35
B010,PRD1496,255
B006,PRD0910,135
B005,PRD0500,100
B001,PRD0686,28
B001,PRD0050,106
B008,PRD0044,102
B006,PRD0358,36
B010,PRD0688,154
B010,PRD1403,235
B005,PRD1410,39
B003,PRD0575,114
B002,PRD0954,28
B006,PRD1197,72
B005,PRD0247,27
B009,PRD0045,260
B010,PRD1058,213
B001,PRD0851,58
B007,PRD0215,119
B005,PRD0311,90
B002,PRD1207,267
B008,PRD0706,61
B003,PRD1429,195
B004,PRD1287,234
B006,PRD0587,232
B008,PRD0528,98
B006,PRD1243,35
B009,PRD0676,13
B005,PRD0596,86
B005,PRD1102,65
B010,PRD0821,40
B001,PRD0023,52
B006,PRD0160,68
B002,PRD1357,118
B002,PRD0324,85
B007,PRD0826,146
B005,PRD0086,73
B007,PRD1266,272
B010,PRD0058,298
B003,PRD0252,107
B003,PRD1329,287
B001,PRD0318,262
B010,PRD0473,144
B002,PRD1392,102
B003,PRD1174,31
B005,PRD1145,196
B009,PRD0819,241
B001,PRD0655,199
B009,PRD0678,27
B007,PRD0821,130
B006,PRD0045,115
B002,PRD1198,57
B009,PRD1045,226
B004,PRD0239,227
B010,PRD1108,292
B009,PRD0818,185
B009,PRD0938,152
B007,PRD0839,157
B004,PRD1459,105
B006,PRD0695,294
B010,PRD0598,214
B007,PRD1107,133
B004,PRD0087,33
B005,PRD0796,173
B004,PRD0373,114
B009,PRD0326,21
B006,PRD1266,299
B008,PRD1176,262
B002,PRD0404,68
B009,PRD0126,89
B010,PRD1340,98
B005,PRD0343,13
B007,PRD0616,106
B002,PRD1130,255
B006,PRD0675,236
B010,PRD0919,56
B005,PRD1081,128
B007,PRD1416,30
B006,PRD0089,155
B001,PRD0042,249
B001,PRD0442,175
B004,PRD0422,130
B006,PRD0315,136
B008,PRD1433,117
B001,PRD0675,72
B003,PRD1381,68
B002,PRD0996,233
B001,PRD1434,228
B008,PRD1469,143
B007,PRD0211,64
B008,PRD0498,26
B002,PRD0712,201
B002,PRD0613,219
B006,PRD0158,74
B007,PRD1357,125
B002,PRD1083,292
B009,PRD1154,2
B002,PRD0194,104
B006,PRD0028,275
B010,PRD0903,53
B003,PRD1119,218
B008,PRD1258,82
B008,PRD0577,57
B002,PRD0497,230
B010,PRD0116,19
B005,PRD0276,251
B008,PRD0328,252
B003,PRD1096,228
B001,PRD0031,263
B003,PRD1275,238
B006,PRD1063,60
B002,PRD0418,258
B007,PRD0830,161
B009,PRD1198,151
B005,PRD1459,29
B007,PRD1049,136
B004,PRD0697,222
B001,PRD1373,173
B003,PRD0773,28
B005,PRD1492,68
B010,PRD0019,268
B003,PRD0631,289
B003,PRD1216,286
B003,PRD0244,23
B010,PRD1038,109
B007,PRD0190,196
B003,PRD0839,297
B002,PRD0175,238
B002,PRD0436,214
B008,PRD1407,294
B003,PRD0153,106
B009,PRD0513,178
B009,PRD0030,269
B010,PRD0427,64
B010,PRD1157,255
B003,PRD1387,85
B009,PRD1369,121
B006,PRD0756,249
B008,PRD0675,290
B009,PRD0102,140
B007,PRD0876,293
B001,PRD0681,11
B006,PRD1445,52
B010,PRD1361,256
B001,PRD0354,10
B005,PRD0399,128
B005,PRD1285,279
B004,PRD0473,96
B010,PRD0395,204
B004,PRD0658,237
B001,PRD0524,3
B009,PRD0928,46
B001,PRD0476,40
B010,PRD0408,108
B003,PRD1345,120
B007,PRD0446,230
B004,PRD0831,150
B003,PRD0775,37
B004,PRD0867,292
B010,PRD0612,159
B009,PRD1298,98
B001,PRD0392,208
B003,PRD1104,109
B007,PRD0732,76
B010,PRD0055,20
B001,PRD0913,263
B009,PRD1260,288
B008,PRD0225,100
B008,PRD1418,167
B004,PRD0236,187
B005,PRD0007,42
B009,PRD0851,219
B007,PRD0713,59
B007,PRD0393,155
B005,PRD0751,116
B005,PRD0146,14
B002,PRD0862,90
B002,PRD1425,144
B005,PRD0535,218
B006,PRD0937,118
B004,PRD1080,219
B005,PRD0905,89
B009,PRD0733,37
B002,PRD0980,287
B008,PRD1401,15
B008,PRD0571,231
B001,PRD0510,294
B004,PRD0442,192
B009,PRD0220,40
B009,PRD0946,176
B003,PRD0159,120
B005,PRD0272,39
B010,PRD0366,237
B006,PRD0908,33
B005,PRD0265,294
B009,PRD1372,14
B005,PRD1371,72
B010,PRD0670,80
B008,PRD0973,156
B005,PRD0173,160
B001,PRD1100,205
B007,PRD0686,80
B008,PRD0058,5
B008,PRD1153,251
B010,PRD0507,10
B004,PRD1414,183
B009,PRD0254,232
B004,PRD0128,54
B004,PRD1126,6
B001,PRD1431,220
B009,PRD1105,2
B002,PRD0160,196
B002,PRD1248,191
B002,PRD0956,202
B003,PRD1325,131
B003,PRD1131,28
B004,PRD1085,30
B006,PRD0917,209
B002,PRD0865,175
B002,PRD0146,264
B010,PRD1059,156
B002,PRD1023,70
B009,PRD0049,119
B001,PRD0693,105
B004,PRD1228,289
B005,PRD0782,273
B010,PRD1270,293
B009,PRD0989,235
B004,PRD1124,157
B002,PRD0883,285
B008,PRD0911,162
B005,PRD0368,8
B010,PRD0056,277
B008,PRD0180,183
B003,PRD0006,133
B001,PRD0582,15
B001,PRD0976,68
B005,PRD1144,89
B005,PRD1126,29
B007,PRD1324,22
B004,PRD0729,238
B009,PRD0039,182
B005,PRD1170,152
B001,PRD1137,122
B008,PRD0182,275
B003,PRD1372,120
B010,PRD0027,68
B010,PRD0975,23
B008,PRD0797,63
B010,PRD1071,71
B004,PRD0377,38
B001,PRD0262,125
B004,PRD0947,210
B008,PRD0458,136
B002,PRD0392,0
B010,PRD1325,269
B002,PRD0891,228
B005,PRD0690,236
B006,PRD1301,100
B007,PRD0548,9
B008,PRD0770,161
B007,PRD0619,227
B006,PRD0863,80
B007,PRD0444,162
B002,PRD1343,132
B007,PRD0118,263
B010,PRD0580,32
B008,PRD1099,272
B006,PRD0848,190
B002,PRD0723,145
B005,PRD1201,159
B006,PRD0367,295
B003,PRD1175,19
B004,PRD1147,199
B005,PRD0814,19
B002,PRD0451,118
B002,PRD0096,138
B006,PRD0585,282
B002,PRD0726,289
B006,PRD0071,84
B003,PRD1159,109
B010,PRD0477,262
B006,PRD0053,96
B003,PRD0394,96
B009,PRD0006,186
B001,PRD1300,80
B005,PRD1338,26
B006,PRD1162,107
B004,PRD0641,144
B001,PRD0059,54
B006,PRD0470,44
B005,PRD0553,138
B003,PRD1128,249
B010,PRD0377,166
B006,PRD0965,219
B002,PRD1072,248
B007,PRD0707,10
B007,PRD0079,94
B004,PRD0406,103
B010,PRD0850,197
B004,PRD1183,175
B010,PRD0927,14
B004,PRD0911,201
B001,PRD1365,187
B010,PRD0159,241
B006,PRD0334,76
B006,PRD0796,28
B006,PRD0683,267
B003,PRD0241,79
B004,PRD0626,89
B002,PRD1178,16
B006,PRD0680,86
B004,PRD0897,177
B002,PRD1122,201
B009,PRD1366,213
B001,PRD0405,219
B006,PRD0737,7
B004,PRD0214,248
B006,PRD1452,237
B009,PRD1096,166
B005,PRD1082,238
B001,PRD0791,115
B003,PRD1254,147
B008,PRD0817,286
B009,PRD0411,91
B010,PRD1158,30
B004,PRD0427,173
B005,PRD0411,190
B002,PRD0821,141
B005,PRD0895,252
B007,PRD0516,231
B005,PRD0926,139
B001,PRD1287,222
B010,PRD0152,134
B009,PRD0579,213
B002,PRD1299,218
B005,PRD0529,11
B002,PRD1455,26
B003,PRD0956,121
B003,PRD0983,252
B001,PRD0003,172
B010,PRD0606,103
B004,PRD1226,30
B008,PRD1021,63
B007,PRD0611,218
B007,PRD0075,182
B010,PRD0286,215
B007,PRD1449,231
B007,PRD1306,228
B002,PRD0056,19
B004,PRD0773,118
B006,PRD1170,288
B005,PRD1108,67
B007,PRD0648,100
B008,PRD1165,182
B006,PRD1157,122
B004,PRD0082,234
B005,PRD0835,27
B010,PRD1313,173
B001,PRD0469,12
B009,PRD0299,16
B010,PRD0708,175
B003,PRD0756,152
B002,PRD0866,284
B005,PRD1249,60
B006,PRD0964,129
B006,PRD1206,57
B003,PRD1430,55
B006,PRD0498,211
B010,PRD0415,249
B010,PRD0332,106
B006,PRD1030,274
B007,PRD0885,286
B004,PRD0506,265
B004,PRD0785,39
B004,PRD1344,143
B004,PRD0156,211
B002,PRD0742,167
B004,PRD1072,258
B004,PRD0339,22
B003,PRD0239,263
B002,PRD1194,260
B003,PRD0879,68
B001,PRD0068,230
B008,PRD0918,150
B008,PRD1247,82
B010,PRD0865,66
B005,PRD0278,158
B009,PRD0608,130
B005,PRD1481,160
B009,PRD1061,154
B009,PRD1287,97
B004,PRD0205,221
B005,PRD0509,163
B007,PRD1498,235
B001,PRD0272,71
B009,PRD1293,220
B003,PRD0436,15
B005,PRD1297,243
B009,PRD1466,265
B004,PRD0754,147
B007,PRD1055,235
B005,PRD0894,121
B010,PRD0367,274
B008,PRD0379,297
B004,PRD1312,156
B001,PRD0966,105
B003,PRD1397,41
B002,PRD0725,123
B009,PRD0506,143
B003,PRD1190,137
B010,PRD0583,17
B003,PRD0944,299
B010,PRD0642,156
B003,PRD1310,107
B004,PRD0357,265
B002,PRD0192,242
B002,PRD1253,39
B004,PRD1118,256
B003,PRD0352,184
B005,PRD0330,192
B004,PRD0485,146
B005,PRD1474,116
B002,PRD0275,149
B007,PRD0663,153
B004,PRD1310,281
B006,PRD0363,51
B005,PRD1496,160
B007,PRD0845,252
B001,PRD0156,42
B005,PRD1433,298
B008,PRD0317,164
B005,PRD0733,183
B004,PRD1483,134
B002,PRD1331,173
B005,PRD0451,51
B005,PRD1077,93
B002,PRD0945,194
B003,PRD0455,210
B009,PRD0409,299
B008,PRD0047,148
B007,PRD0346,262
B006,PRD1105,248
B010,PRD0464,277
B010,PRD0610,29
B007,PRD1295,40
B002,PRD0961,55
B009,PRD0053,156
B004,PRD1036,10
B006,PRD0949,258
B001,PRD1412,106
B002,PRD1066,280
B008,PRD0063,266
B006,PRD1479,98
B008,PRD0295,194
B005,PRD1279,96
B010,PRD0574,79
B010,PRD1456,155
B006,PRD0927,38
B004,PRD0515,74
B008,PRD0049,207
B007,PRD1186,41
B004,PRD0970,240
B002,PRD0554,258
B008,PRD1349,61
B006,PRD1437,146
B009,PRD0131,179
B001,PRD0687,253
B003,PRD0067,266
B007,PRD1101,123
B005,PRD0030,73
B002,PRD0715,188
B006,PRD0844,218
B005,PRD1054,156
B006,PRD0533,171
B006,PRD0173,206
B005,PRD0767,113
B009,PRD0319,146
B004,PRD1477,144
B001,PRD0703,46
B006,PRD1201,60
B005,PRD0497,7
B008,PRD1064,22
B006,PRD0301,154
B003,PRD0645,247
B010,PRD0798,162
B004,PRD0170,255
B003,PRD1110,220
B001,PRD0768,284
B007,PRD0012,226
B007,PRD0158,134
B005,PRD0288,100
B004,PRD0863,230
B010,PRD1283,205
B004,PRD0597,184
B008,PRD0753,232
B002,PRD1442,62
B001,PRD0473,7
B010,PRD1216,57
B001,PRD0544,184
B004,PRD0352,151
B004,PRD1280,102
B010,PRD0037,58
B010,PRD1222,16
B003,PRD0792,121
B001,PRD0379,103
B003,PRD0713,157
B006,PRD1173,224
B001,PRD0798,81
B005,PRD1304,183
B006,PRD1244,294
B009,PRD0778,31
B002,PRD0047,263
B004,PRD0164,48
B003,PRD1061,221
B004,PRD0792,238
B009,PRD1306,189
B005,PRD1107,102
B008,PRD0783,115
B002,PRD1041,135
B009,PRD0239,38
B007,PRD1226,205
B008,PRD0010,65
B005,PRD0502,280
B007,PRD0819,195
B008,PRD0401,154
B005,PRD0703,256
B006,PRD0579,208
B001,PRD0901,203
B004,PRD0079,58
B007,PRD1300,44
B003,PRD0793,53
B004,PRD0123,175
B005,PRD0193,181
B008,PRD0327,47
B010,PRD1106,30
B005,PRD0442,256
B009,PRD1027,75
B010,PRD0882,222
B001,PRD1061,48
B009,PRD0913,220
B006,PRD0059,132
B007,PRD0687,210
B009,PRD0575,167
B004,PRD1050,81
B008,PRD0743,88
B001,PRD1330,67
B009,PRD0479,105
B007,PRD0972,90
B007,PRD0392,79
B008,PRD0434,10
B010,PRD0337,57
B004,PRD1316,67
B008,PRD0364,81
B008,PRD0946,224
B004,PRD0554,182
B001,PRD0387,96
B004,PRD0134,264
B001,PRD0959,149
B009,PRD0071,235
B008,PRD0105,249
B006,PRD0520,70
B006,PRD0885,40
B010,PRD1396,199
B006,PRD0929,154
B006,PRD0851,193
B001,PRD0369,10
B009,PRD0258,286
B007,PRD1268,141
B008,PRD1102,141
B002,PRD1223,270
B003,PRD1398,38
B006,PRD0668,182
B001,PRD0572,218
B002,PRD0034,86
B002,PRD1003,98
B002,PRD0813,244
B003,PRD0272,262
B005,PRD0930,240
B003,PRD0597,31
B010,PRD1274,113
B009,PRD1083,87
B003,PRD0607,89
B001,PRD1269,117
B008,PRD1077,110
B001,PRD0282,120
B002,PRD1378,120
B005,PRD0792,197
B007,PRD1296,239
B006,PRD1271,26
B003,PRD0642,269
B010,PRD0103,79
B009,PRD0877,151
B006,PRD0807,37
B002,PRD0992,100
B003,PRD0202,162
B002,PRD1298,3
B001,PRD0584,88
B009,PRD0468,64
B004,PRD1054,268
B007,PRD0955,12
B003,PRD0549,137
B007,PRD0856,85
B006,PRD1264,103
B007,PRD0144,104
B005,PRD0266,73
B002,PRD0246,197
B009,PRD0132,293
B008,PRD1472,48
B008,PRD0833,2
B002,PRD1478,81
B009,PRD0151,246
B001,PRD1153,60
B002,PRD0294,281
B005,PRD1123,145
B007,PRD0553,108
B006,PRD1347,194
B005,PRD0468,101
B003,PRD1407,23
B009,PRD1322,148
B005,PRD0091,269
B007,PRD1380,80
B001,PRD0239,146
B005,PRD1113,259
B001,PRD0237,201
B001,PRD0979,92
B004,PRD0291,266
B002,PRD0228,106
B004,PRD0297,218
B009,PRD1270,191
B008,PRD0856,230
B003,PRD1260,66
B003,PRD0237,277
B004,PRD1012,271
B001,PRD0143,49
B007,PRD0864,73
B005,PRD0237,229
B003,PRD0314,262
B007,PRD0556,290
B008,PRD0370,124
B002,PRD0882,84
B004,PRD0157,105
B009,PRD0185,267
B005,PRD0741,287
B010,PRD0104,136
B010,PRD0577,252
B008,PRD1331,126
B004,PRD0922,118
B009,PRD0924,195
B009,PRD0652,183
B007,PRD0230,23
B003,PRD0526,187
B010,PRD0169,23
B007,PRD0756,159
B009,PRD0125,87
B005,PRD0494,243
B007,PRD1419,11
B007,PRD0872,262
B003,PRD0640,59
B008,PRD0604,40
B008,PRD0511,119
B009,PRD0615,11
B009,PRD0119,146
B006,PRD0567,251
B006,PRD1249,237
B008,PRD1071,114
B005,PRD0264,236
B006,PRD0990,181
B004,PRD1115,48
B008,PRD0958,203
B010,PRD0673,33
B005,PRD0994,182
B001,PRD1083,117
B003,PRD0090,41
B010,PRD1035,6
B006,PRD0872,37
B007,PRD0813,283
B003,PRD0777,200
B010,PRD1194,197
B006,PRD0650,96
B003,PRD0573,130
B002,PRD0662,113
B001,PRD0826,254
B005,PRD1233,33
B004,PRD0929,38
B004,PRD0661,40
B005,PRD0396,131
B008,PRD0551,261
B004,PRD0351,209
B002,PRD1017,293
B007,PRD0680,158
B006,PRD0824,300
B004,PRD1327,98
B004,PRD0167,107
B006,PRD0198,84
B007,PRD0637,87
B001,PRD1376,38
B001,PRD0852,55
B010,PRD0736,116
B001,PRD0621,172
B006,PRD1398,202
B005,PRD0621,275
B002,PRD0374,185
B003,PRD0767,199
B001,PRD0097,82
B006,PRD0145,229
B007,PRD0969,102
B006,PRD0660,128
B010,PRD1024,261
B007,PRD1251,249
B007,PRD0844,294
B005,PRD1106,246
B002,PRD0557,28
B008,PRD1419,246
B005,PRD0198,39
B006,PRD1204,136
B005,PRD0699,71
B008,PRD0417,218
B002,PRD1116,176
B003,PRD1464,49
B005,PRD0186,32
B003,PRD0626,197
B007,PRD1489,46
B005,PRD0810,183
B005,PRD0382,261
B007,PRD0054,227
B002,PRD0580,59
B003,PRD1241,72
B004,PRD0923,72
B007,PRD0108,115
B001,PRD0554,78
B004,PRD0355,144
B003,PRD0871,251
B008,PRD0622,76
B008,PRD0573,199
B009,PRD1364,245
B002,PRD0040,168
B008,PRD0007,292
B004,PRD0998,133
B004,PRD0870,96
B005,PRD0809,74
B004,PRD0089,211
B005,PRD0274,236
B003,PRD1035,170
B007,PRD0133,279
B003,PRD0187,30
B007,PRD0159,143
B010,PRD1412,80
B006,PRD0816,17
B008,PRD0899,3
B007,PRD1426,223
B004,PRD0685,151
B007,PRD0862,77
B008,PRD0997,208
B005,PRD1167,73
B001,PRD0180,161
B002,PRD0365,93
B010,PRD1449,249
B008,PRD0782,23
B008,PRD0825,154
B001,PRD1390,68
B009,PRD1015,115
B005,PRD1116,217
B002,PRD0920,42
B003,PRD1178,62
B006,PRD0291,245
B005,PRD1104,135
B005,PRD0297,90
B003,PRD0568,175
B001,PRD0311,203
B006,PRD0804,214
B008,PRD1363,94
B010,PRD1077,178
B010,PRD1383,198
B001,PRD0020,142
B008,PRD0193,145
B009,PRD0476,0
B008,PRD0655,148
B002,PRD0777,211
B001,PRD0223,43
B009,PRD1185,11
B009,PRD1144,241
B002,PRD1228,299
B009,PRD0806,165
B006,PRD0586,118
B005,PRD0005,217
B006,PRD0474,233
B002,PRD0626,87
B004,PRD1458,152
B005,PRD0299,113
B010,PRD0211,54
B008,PRD1143,146
B006,PRD0532,263
B004,PRD0119,58
B001,PRD0481,91
B010,PRD1031,288
B009,PRD1349,233
B002,PRD0387,252
B008,PRD0769,80
B003,PRD0823,251
B008,PRD0871,282
B002,PRD0530,183
B003,PRD0706,49
B008,PRD0455,69
B009,PRD0890,287
B002,PRD0332,105
B009,PRD1182,99
B007,PRD0879,127
B007,PRD0640,227
B006,PRD1224,185
B004,PRD1242,159
B004,PRD1300,143
B001,PRD0426,91
B003,PRD0196,39
B006,PRD1077,107
B010,PRD1045,231
B006,PRD0866,53
B003,PRD0925,290
B009,PRD0046,0
B006,PRD0773,241
B001,PRD0978,64
B010,PRD1000,208
B003,PRD0598,69
B003,PRD0955,182
B008,PRD0472,247
B007,PRD1448,267
B006,PRD1298,151
B008,PRD0710,0
B002,PRD0462,102
B001,PRD0266,35
B010,PRD0476,103
B001,PRD1426,288
B003,PRD0634,0
B009,PRD0624,283
B002,PRD1010,63
B006,PRD0453,57
B005,PRD1194,119
B005,PRD0202,128
B005,PRD0683,130
B009,PRD0487,191
B003,PRD1324,172
B007,PRD0824,255
B005,PRD0661,51
B006,PRD1454,236
B008,PRD1457,80
B002,PRD0106,6
B009,PRD1454,91
B006,PRD1340,68
B004,PRD0493,14
B009,PRD1359,70
B004,PRD1022,237
B009,PRD0682,276
B003,PRD0660,11
B009,PRD0855,17
B002,PRD0503,275
B010,PRD0734,187
B001,PRD1413,1
B001,PRD0823,148
B002,PRD0786,59
B008,PRD0148,239
B002,PRD0057,202
B008,PRD1085,266
B008,PRD0561,275
B001,PRD1387,191
B005,PRD0636,92
B007,PRD0550,262
B006,PRD0009,46
B009,PRD0896,198
B006,PRD0960,219
B005,PRD0373,138
B004,PRD0563,7
B002,PRD0454,259
B003,PRD1249,158
B001,PRD1483,70
B008,PRD1480,136
B009,PRD0174,172
B007,PRD0433,14
B002,PRD0709,242
B005,PRD1078,0
B001,PRD0077,8
B006,PRD0697,129
B009,PRD0050,16
B001,PRD1362,147
B005,PRD1212,106
B002,PRD1216,122
B010,PRD0438,172
B008,PRD1154,258
B008,PRD0475,119
B005,PRD0090,174
B005,PRD0925,146
B003,PRD0727,300
B009,PRD1436,139
B008,PRD0277,259
B004,PRD1207,286
B008,PRD0367,215
B005,PRD0986,289
B006,PRD0862,124
B004,PRD0781,121
B007,PRD0372,6
B010,PRD0048,68
B005,PRD0228,203
B001,PRD0847,101
B002,PRD0147,240
B004,PRD0043,290
B004,PRD1339,97
B010,PRD0845,275
B008,PRD0776,165
B009,PRD1121,67
B001,PRD1167,155
B005,PRD0779,199
B009,PRD0949,137
B008,PRD0844,136
B009,PRD0919,20
B006,PRD0852,239
B004,PRD0991,185
B004,PRD1358,271
B010,PRD0224,29
B006,PRD1122,98
B004,PRD1062,212
B003,PRD0484,122
B002,PRD0111,236
B005,PRD0504,133
B009,PRD0935,171
B009,PRD1395,94
B002,PRD0210,113
B004,PRD1007,39
B003,PRD1161,184
B009,PRD1120,246
B009,PRD0226,160
B001,PRD0740,89
B003,PRD1102,287
B002,PRD0284,297
B005,PRD1490,250
B007,PRD0731,293
B008,PRD0027,282
B003,PRD0424,235
B001,PRD0329,242
B008,PRD1035,216
B006,PRD0338,114
B008,PRD0667,206
B002,PRD0334,79
B006,PRD0873,300
B007,PRD0470,8
B007,PRD1026,136
B003,PRD1005,64
B002,PRD0137,29
B003,PRD1270,245
B004,PRD1040,208
B010,PRD1221,79
B001,PRD0773,96
B003,PRD0347,218
B008,PRD0002,39
B001,PRD0500,76
B010,PRD0698,250
B005,PRD0438,223
B010,PRD0768,6
B009,PRD1463,42
B006,PRD0403,255
B005,PRD1322,214
B001,PRD0013,275
B008,PRD0892,270
B004,PRD0803,81
B004,PRD0894,184
B005,PRD1495,222
B007,PRD1120,76
B004,PRD0177,44
B004,PRD0064,195
B003,PRD1149,73
B004,PRD0985,3
B006,PRD1104,56
B004,PRD0186,116
B001,PRD0280,74
B005,PRD0694,66
B006,PRD0977,115
B004,PRD0570,243
B008,PRD0038,51
B004,PRD0667,157
B006,PRD0027,39
B010,PRD0931,168
B002,PRD1208,270
B005,PRD0987,167
B004,PRD1378,244
B009,PRD0745,139
B004,PRD0056,236
B006,PRD0783,278
B007,PRD1031,297
B004,PRD0182,287
B001,PRD0045,257
B010,PRD0981,41
B003,PRD0126,26
B005,PRD0708,128
B002,PRD1145,179
B003,PRD1295,289
B008,PRD0979,288
B010,PRD0524,124
B006,PRD1374,88
B002,PRD0347,237
B001,PRD0019,75
B001,PRD1164,22
B004,PRD0693,146
B010,PRD0249,86
B001,PRD0900,42
B003,PRD0117,132
B001,PRD1284,59
B006,PRD1182,297
B005,PRD1110,185
B003,PRD1051,288
B003,PRD0643,174
B001,PRD0921,107
B005,PRD1001,300
B010,PRD0805,51
B004,PRD0151,124
B004,PRD1058,94
B009,PRD1461,19
B006,PRD0395,168
B004,PRD0454,215
B002,PRD1344,67
B002,PRD1028,275
B008,PRD1282,135
B005,PRD1375,144
B003,PRD1435,115
B002,PRD1086,119
B004,PRD0436,297
B005,PRD1008,224
B006,PRD0564,91
B008,PRD0715,24
B001,PRD1369,17
B003,PRD1498,25
B010,PRD0769,170
B003,PRD0267,288
B004,PRD1143,67
B010,PRD0363,290
B008,PRD1358,118
B004,PRD1266,288
B004,PRD1175,83
B008,PRD1353,195
B001,PRD0636,9
B001,PRD0028,279
B002,PRD0678,191
B005,PRD0354,232
B010,PRD0871,18
B003,PRD0331,238
B004,PRD1011,45
B003,PRD1171,163
B004,PRD0743,261
B005,PRD1161,260
B006,PRD0504,163
B007,PRD0181,222
B009,PRD0601,51
B003,PRD1363,6
B007,PRD1279,222
B002,PRD0618,119
B008,PRD1302,130
B005,PRD0008,22
B001,PRD1155,26
B006,PRD1025,190
B001,PRD1336,206
B010,PRD0203,72
B006,PRD0468,33
B010,PRD1367,59
B010,PRD0077,266
B007,PRD1044,103
B009,PRD1381,248
B004,PRD0841,260
B004,PRD0168,43
B001,PRD1001,271
B002,PRD1031,141
B010,PRD0711,128
B005,PRD0210,143
B003,PRD0404,73
B005,PRD0610,31
B004,PRD0150,218
B009,PRD0257,258
B006,PRD1226,178
B009,PRD1010,110
B004,PRD0604,203
B009,PRD1176,238
B002,PRD0187,196
B004,PRD0810,271
B005,PRD0790,282
B010,PRD0621,124
B010,PRD1245,88
B008,PRD0954,183
B006,PRD0001,283
B010,PRD0857,293
B006,PRD0809,122
B007,PRD0630,206
B005,PRD1053,102
B007,PRD0395,87
B008,PRD0737,144
B002,PRD1091,164
B006,PRD0901,176
B006,PRD0610,275
B006,PRD0031,232
B001,PRD0174,94
B004,PRD0433,55
B004,PRD1105,210
B003,PRD0712,68
B005,PRD1342,111
B007,PRD1210,168
B001,PRD0690,187
B010,PRD1452,297
B001,PRD0800,65
B003,PRD0751,272
B007,PRD0285,167
B005,PRD1319,297
B005,PRD0854,159
B006,PRD0427,46
B003,PRD1432,116
B005,PRD0440,276
B010,PRD0906,221
B005,PRD0660,195
B009,PRD0698,74
B001,PRD0117,273
B004,PRD0928,69
B007,PRD0930,128
B007,PRD0649,234
B008,PRD1205,208
B004,PRD1446,291
B009,PRD0657,104
B001,PRD0864,56
B007,PRD0804,171
B002,PRD1296,273
B001,PRD0046,205
B005,PRD0250,10
B008,PRD1146,88
B006,PRD0155,150
B003,PRD1423,158
B003,PRD0375,28
B010,PRD0977,10
B007,PRD0958,82
B002,PRD1247,47
B006,PRD0238,29
B009,PRD0510,43
B005,PRD1057,265
B008,PRD0785,212
B006,PRD0639,137
B007,PRD0051,299
B010,PRD1399,13
B005,PRD0341,150
B001,PRD0274,233
B008,PRD0353,50
B006,PRD0019,189
B008,PRD0062,92
B008,PRD0228,127
B005,PRD0257,290
B006,PRD1489,76
B006,PRD0051,109
B006,PRD0955,200
B004,PRD0475,84
B009,PRD0222,137
B009,PRD1474,23
B008,PRD0843,192
B009,PRD1385,180
B001,PRD1098,184
B005,PRD1052,211
B004,PRD0218,257
B009,PRD0329,168
B001,PRD1090,180
B008,PRD0752,95
B005,PRD0138,86
B009,PRD0385,288
B009,PRD0265,167
B007,PRD0483,196
B006,PRD1164,73
B006,PRD1348,74
B005,PRD0993,207
B010,PRD0140,212
B008,PRD1000,72
B008,PRD0473,112
B001,PRD0598,9
B002,PRD0141,183
B003,PRD0257,182
B004,PRD0822,218
B004,PRD0905,277
B010,PRD0176,228
B006,PRD0669,213
B007,PRD0343,89
B005,PRD0377,263
B006,PRD0322,51
B001,PRD0512,1
B004,PRD0144,154
B008,PRD0593,108
B003,PRD0641,163
B002,PRD0910,182
B003,PRD0781,154
B007,PRD0816,281
B008,PRD1303,288
B004,PRD0958,300
B004,PRD0999,64
B007,PRD1394,14
B007,PRD0451,219
B001,PRD1092,137
B008,PRD0132,134
B010,PRD0737,109
B007,PRD0794,240
B010,PRD0318,140
B009,PRD1335,3
B004,PRD1104,16
B004,PRD0790,217
B006,PRD0441,270
B008,PRD0013,10
B008,PRD0957,169
B005,PRD1094,262
B004,PRD0062,88
B006,PRD0255,123
B002,PRD0204,179
B002,PRD0255,69
B007,PRD1420,193
B001,PRD0861,19
B003,PRD1098,46
B001,PRD1216,136
B005,PRD0737,187
B004,PRD0425,203
B004,PRD0133,223
B002,PRD0627,71
B003,PRD0031,157
B003,PRD0755,286
B005,PRD0136,164
B001,PRD0428,282
B003,PRD1284,215
B004,PRD1371,161
B009,PRD0544,79
B008,PRD0357,184
B007,PRD0920,96
B007,PRD1060,74
B010,PRD0130,207
B009,PRD0937,90
B010,PRD1239,204
B010,PRD0954,138
B001,PRD0113,131
B004,PRD1042,4
B001,PRD0807,200
B008,PRD1254,200
B007,PRD0313,143
B002,PRD0940,299
B008,PRD0978,274
B002,PRD0122,96
B001,PRD0505,186
B005,PRD0584,278
B001,PRD0736,266
B002,PRD1377,168
B009,PRD0750,31
B005,PRD0505,148
B002,PRD0125,250
B010,PRD0219,13
B002,PRD0505,62
B002,PRD0308,259
B010,PRD0111,17
B003,PRD0646,126
B005,PRD0003,184
B007,PRD0634,104
B005,PRD0196,8
B002,PRD0969,217
B002,PRD1390,191
B007,PRD0518,107
B001,PRD1359,138
B010,PRD0726,253
B007,PRD0694,108
B003,PRD0400,77
B001,PRD0160,230
B008,PRD1098,213
B005,PRD1122,156
B002,PRD0390,203
B003,PRD1042,144
B007,PRD0050,231
B005,PRD1480,258
B002,PRD0854,189
B007,PRD0436,5
B006,PRD0811,283
B009,PRD0484,97
B005,PRD0637,115
B001,PRD0281,194
B002,PRD1184,159
B006,PRD1080,8
B010,PRD0683,65
B001,PRD0010,108
B001,PRD0106,298
B008,PRD0089,197
B008,PRD0514,207
B006,PRD0330,178
B003,PRD1091,153
B009,PRD0670,284
B009,PRD0821,6
B006,PRD0875,143
B003,PRD0260,259
B005,PRD0374,158
B007,PRD0132,140
B007,PRD0723,46
B004,PRD1108,295
B004,PRD1470,56
B003,PRD0351,23
B003,PRD0859,92
B010,PRD0336,126
B010,PRD0475,270
B002,PRD0174,148
B006,PRD1436,6
B001,PRD0804,218
B010,PRD0184,277
B010,PRD0190,253
B005,PRD1332,157
B010,PRD1137,159
B009,PRD0792,100
B006,PRD0151,121
B006,PRD0464,54
B010,PRD0218,145
B008,PRD1188,45
B010,PRD0573,70
B009,PRD1180,113
B008,PRD0713,66
B001,PRD0460,272
B009,PRD1467,166
B009,PRD0908,114
B002,PRD0633,258
B006,PRD0782,212
B002,PRD0528,270
B007,PRD0721,103
B009,PRD1102,176
B003,PRD1009,7
B006,PRD0979,19
B004,PRD0488,214
B008,PRD0848,21
B002,PRD1098,172
B001,PRD0001,99
B003,PRD0696,120
B006,PRD0340,158
B001,PRD0784,115
B008,PRD1034,90
B007,PRD0827,63
B007,PRD1271,198
B010,PRD0487,253
B008,PRD1150,202
B007,PRD1369,10
B006,PRD0281,98
B006,PRD0088,104
B004,PRD0910,228
B007,PRD0754,255
B003,PRD0361,299
B003,PRD1414,166
B010,PRD0530,116
B005,PRD1328,204
B002,PRD1203,167
B002,PRD1008,105
B003,PRD1240,0
B003,PRD0286,92
B010,PRD0624,80
B007,PRD1221,299
B001,PRD0705,210
B003,PRD0262,157
B008,PRD0648,98
B010,PRD1444,138
B010,PRD0816,67
B008,PRD1420,215
B003,PRD0704,249
B001,PRD0662,210
B003,PRD0072,17
B007,PRD1217,31
B001,PRD1368,281
B002,PRD0679,105
B008,PRD0337,205
B009,PRD0197,233
B008,PRD1406,102
B009,PRD0762,111
B009,PRD0297,136
B002,PRD0783,182
B005,PRD0418,108
B004,PRD0618,262
B010,PRD1472,123
B002,PRD1100,153
B009,PRD0421,195
B005,PRD1014,95
B006,PRD1280,104
B005,PRD0657,143
B009,PRD0992,89
B001,PRD1486,111
B009,PRD0546,32
B007,PRD1056,234
B003,PRD0844,153
B004,PRD0038,100
B007,PRD0330,270
B008,PRD1181,95
B007,PRD1393,226
B005,PRD1427,264
B002,PRD0859,68
B008,PRD1136,245
B003,PRD0119,13
B008,PRD0423,284
B010,PRD0934,281
B007,PRD0902,40
B010,PRD0239,273
B001,PRD0205,93
B003,PRD0282,219
B001,PRD1004,193
B001,PRD0139,257
B004,PRD0529,218
B006,PRD1259,122
B001,PRD0749,211
B005,PRD0512,198
B001,PRD0939,24
B002,PRD0006,34
B002,PRD0049,185
B009,PRD1286,84
B002,PRD0941,108
B009,PRD0187,76
B009,PRD1088,99
B008,PRD0160,225
B008,PRD0106,179
B002,PRD0052,273
B008,PRD0983,106
B002,PRD0780,137
B010,PRD1187,54
B002,PRD1082,17
B008,PRD0307,98
B009,PRD1231,270
B007,PRD0957,64
B009,PRD1274,190
B010,PRD1260,216
B010,PRD0700,66
B007,PRD1021,281
B004,PRD1471,257
B005,PRD0467,262
B008,PRD0310,172
B001,PRD1114,176
B007,PRD0503,217
B004,PRD0767,167
B005,PRD0381,286
B009,PRD0974,269
B008,PRD1004,95
B006,PRD0263,1
B003,PRD1036,218
B001,PRD0899,250
B010,PRD0702,92
B002,PRD1125,96
B004,PRD0507,255
B002,PRD1240,120
B007,PRD0064,247
B001,PRD1433,14
B004,PRD0714,83
B006,PRD0699,219
B001,PRD1174,265
B001,PRD0111,240
B003,PRD1474,90
B007,PRD0320,129
B002,PRD0095,22
B008,PRD0278,215
B002,PRD1059,135
B003,PRD1245,56
B010,PRD0421,33
B003,PRD0910,3
B002,PRD1407,89
B008,PRD0269,127
B004,PRD0096,114
B007,PRD0041,143
B004,PRD0023,169
B008,PRD0885,79
B001,PRD0452,218
B007,PRD0386,230
B001,PRD0916,124
B003,PRD0521,187
B002,PRD0576,142
B004,PRD0504,55
B010,PRD0639,214
B009,PRD0094,143
B002,PRD0258,38
B002,PRD1085,106
B004,PRD0188,111
B010,PRD0295,156
B008,PRD0842,252
B010,PRD1125,108
B010,PRD1436,274
B007,PRD1184,81
B002,PRD0962,278
B004,PRD0745,248
B001,PRD0096,48
B010,PRD1167,30
B004,PRD0866,110
B008,PRD1381,293
B002,PRD0396,231
B009,PRD0696,162
B006,PRD0662,154
B005,PRD1301,266
B004,PRD1119,140
B001,PRD0660,103
B003,PRD0766,275
B002,PRD0027,113
B007,PRD0146,60
B004,PRD0871,250
B008,PRD0690,1
B008,PRD1217,132
B006,PRD0670,274
B009,PRD0574,121
B006,PRD0827,285
B002,PRD0062,294
B002,PRD0150,242
B006,PRD0867,94
B008,PRD0935,293
B005,PRD0606,272
B002,PRD0886,278
B001,PRD0868,175
B007,PRD1144,254
B004,PRD0269,166
B005,PRD0937,175
B001,PRD0878,6
B002,PRD0675,297
B002,PRD0354,56
B004,PRD0410,100
B009,PRD0076,91
B003,PRD0717,299
B005,PRD1244,256
B002,PRD0912,28
B006,PRD0541,70
B002,PRD0391,34
B003,PRD0408,233
B005,PRD0130,241
B004,PRD0249,158
B002,PRD1278,92
B010,PRD1162,94
B004,PRD1297,29
B005,PRD1058,170
B002,PRD0143,130
B004,PRD1084,14
B002,PRD0037,181
B001,PRD0580,254
B002,PRD1007,191
B004,PRD0800,258
B004,PRD0814,196
B005,PRD0461,286
B002,PRD1464,73
B010,PRD0133,215
B006,PRD1045,276
B008,PRD1439,190
B004,PRD1467,251
B002,PRD1127,91
B008,PRD1126,216
B007,PRD0289,80
B008,PRD0480,172
B008,PRD1340,135
B001,PRD0301,164
B010,PRD0794,238
B003,PRD1049,126
B008,PRD1167,96
B010,PRD0025,62
B006,PRD1089,31
B007,PRD1104,58
B003,PRD1079,105
B009,PRD0061,171
B008,PRD0566,208
B010,PRD0914,184
B001,PRD0292,40
B001,PRD0831,207
B001,PRD1395,21
B004,PRD0817,119
B006,PRD0222,148
B010,PRD0521,72
B004,PRD1219,231
B002,PRD0561,275
B006,PRD0704,84
B010,PRD0467,98
B002,PRD0997,191
B007,PRD0272,120
B009,PRD0467,170
B007,PRD1466,233
B005,PRD0191,19
B010,PRD0347,264
B002,PRD1303,195
B002,PRD0791,90
B005,PRD0645,46
B006,PRD0186,112
B009,PRD1458,159
B010,PRD0259,24
B007,PRD0157,11
B008,PRD0764,43
B003,PRD0728,39
B009,PRD0481,72
B005,PRD1325,87
B003,PRD0029,212
B009,PRD0589,127
B009,PRD1495,235
B003,PRD0630,198
B002,PRD0544,162
B010,PRD0505,173
B001,PRD1427,183
B003,PRD0223,285
B009,PRD0555,71
B004,PRD0187,121
B008,PRD0415,81
B003,PRD0271,223
B001,PRD0123,15
B004,PRD1098,40
B009,PRD0158,13
B005,PRD0034,97
B008,PRD1267,246
B006,PRD0923,297
B003,PRD0818,176
B002,PRD0507,192
B005,PRD0915,154
B003,PRD0709,97
B010,PRD0344,278
B007,PRD0070,92
B009,PRD1427,64
B006,PRD0869,219
B009,PRD0966,0
B002,PRD0710,21
B008,PRD0625,20
B005,PRD0258,206
B003,PRD0115,142
B004,PRD0468,298
B003,PRD0200,57
B007,PRD1491,127
B009,PRD1066,241
B006,PRD0849,126
B001,PRD0225,125
B007,PRD0538,45
B010,PRD0844,25
B001,PRD0585,1
B007,PRD0551,44
B005,PRD0727,214
B006,PRD0772,288
B007,PRD0394,292
B002,PRD1189,247
B005,PRD0088,265
B008,PRD0159,102
B003,PRD0465,108
B006,PRD0943,294
B006,PRD0797,255
B002,PRD1096,120
B004,PRD1263,55
B006,PRD0287,215
B008,PRD0231,55
B007,PRD0725,67
B010,PRD1481,119
B004,PRD1474,219
B007,PRD1408,171
B005,PRD0319,117
B010,PRD0428,162
B010,PRD0890,181
B006,PRD0492,6
B002,PRD0663,30
B004,PRD0591,226
B009,PRD0628,150
B005,PRD1305,205
B002,PRD0616,5
B004,PRD0579,296
B010,PRD0783,44
B003,PRD0929,267
B008,PRD0640,243
B004,PRD0010,277
B008,PRD0300,38
B002,PRD0689,49
B006,PRD1421,280
B008,PRD0495,295
B003,PRD1168,160
B003,PRD1057,270
B004,PRD1498,16
B004,PRD0298,163
B005,PRD0521,61
B003,PRD0595,153
B006,PRD1040,131
B001,PRD0760,204
B007,PRD1167,38
B004,PRD0544,244
B006,PRD0700,24
B001,PRD1432,160
B009,PRD0618,127
B008,PRD1242,55
B001,PRD1035,220
B004,PRD0065,258
B001,PRD1078,165
B004,PRD0517,70
B008,PRD0638,182
B009,PRD0343,284
B008,PRD0525,75
B003,PRD0565,205
B010,PRD1168,236
B004,PRD0270,74
B005,PRD0439,183
B001,PRD0086,43
B009,PRD0703,166
B009,PRD1330,79
B002,PRD1014,117
B002,PRD0885,257
B004,PRD1453,279
B010,PRD1204,200
B001,PRD1096,187
B002,PRD1045,78
B008,PRD0781,10
B003,PRD1413,74
B003,PRD0167,60
B007,PRD0421,147
B010,PRD1330,195
B008,PRD0966,50
B003,PRD1279,74
B005,PRD1076,262
B006,PRD1147,173
B004,PRD0542,272
B002,PRD0240,236
B006,PRD0121,15
B004,PRD0545,126
B002,PRD0314,221
B004,PRD0696,12
B004,PRD1140,54
B001,PRD0035,115
B001,PRD0746,203
B002,PRD0072,262
B008,PRD0702,107
B008,PRD0126,276
B009,PRD0199,259
B004,PRD0482,228
B005,PRD0446,151
B006,PRD0048,191
B001,PRD1298,48
B001,PRD0856,3
B009,PRD0101,73
B009,PRD0323,202
B008,PRD1478,52
B007,PRD0668,18
B005,PRD0543,160
B004,PRD1379,36
B009,PRD0372,73
B010,PRD0161,194
B006,PRD0195,16
B010,PRD0843,251
B003,PRD1291,185
B006,PRD0226,154
B008,PRD0919,130
B010,PRD1299,107
B006,PRD0216,31
B002,PRD0716,167
B004,PRD1354,289
B004,PRD0031,92
B007,PRD1308,273
B006,PRD0317,195
B003,PRD1476,214
B008,PRD1388,238
B003,PRD0855,52
B008,PRD0060,159
B010,PRD1213,172
B003,PRD0291,11
B006,PRD0574,173
B009,PRD1159,232
B002,PRD0676,75
B008,PRD1049,67
B005,PRD0310,232
B002,PRD0083,134
B010,PRD1499,265
B002,PRD0375,276
B006,PRD1325,196
B006,PRD0681,99
B005,PRD0132,19
B008,PRD0811,75
B005,PRD0965,60
B004,PRD0282,249
B010,PRD0243,242
B006,PRD0948,29
B010,PRD0018,97
B007,PRD0019,196
B010,PRD0824,261
B002,PRD0926,8
B009,PRD0303,25
B003,PRD1089,267
B006,PRD0584,258
B005,PRD1236,180
B009,PRD0903,69
B002,PRD0785,251
B009,PRD0410,179
B005,PRD0105,96
B005,PRD0884,21
B010,PRD1347,34
B006,PRD0812,38
B004,PRD1410,189
B004,PRD0448,142
B010,PRD0538,8
B010,PRD1351,7
B001,PRD0078,58
B002,PRD1140,13
B005,PRD1294,233
B003,PRD0213,143
B005,PRD0582,164
B003,PRD1346,184
B010,PRD0732,144
B008,PRD0505,91
B006,PRD0042,15
B004,PRD1238,62
B003,PRD0328,63
B001,PRD1246,295
B004,PRD1449,30
B004,PRD1345,21
B001,PRD0141,264
B009,PRD0714,64
B004,PRD1372,11
B009,PRD0386,42
B004,PRD0263,156
B006,PRD1203,101
B003,PRD1280,2
B007,PRD0748,282
B007,PRD1307,207
B008,PRD0184,264
B003,PRD1366,295
B006,PRD0210,202
B008,PRD1213,276
B010,PRD1355,217
B007,PRD1111,244
B009,PRD0984,87
B008,PRD1477,287
B008,PRD0773,239
B010,PRD0316,178
B002,PRD1498,22
B001,PRD0720,222
B008,PRD0315,175
B010,PRD1257,55
B005,PRD0623,101
B004,PRD1451,51
B003,PRD0893,73
B006,PRD1069,167
B008,PRD1194,252
B007,PRD0189,123
B005,PRD0579,167
B008,PRD1163,269
B001,PRD1457,1
B007,PRD0063,140
B010,PRD1267,4
B005,PRD1302,39
B007,PRD0654,154
B002,PRD0201,87
B008,PRD0552,131
B009,PRD0201,35
B009,PRD0823,101
B002,PRD1231,217
B005,PRD0205,144
B010,PRD1459,134
B007,PRD0266,3
B010,PRD0215,199
B009,PRD1086,225
B002,PRD0427,199
B002,PRD1379,232
B001,PRD0962,209
B008,PRD1470,20
B010,PRD0567,70
B009,PRD1225,7
B008,PRD0377,236
B001,PRD1454,222
B004,PRD0471,256
B008,PRD0141,136
B008,PRD0248,58
B007,PRD0484,79
B005,PRD0172,189
B010,PRD0280,116
B003,PRD1019,46
B003,PRD1478,73
B002,PRD1092,74
B007,PRD0586,152
B010,PRD0513,211
B009,PRD0767,220
B008,PRD0934,33
B009,PRD0439,271
B005,PRD1154,24
B005,PRD0508,135
B001,PRD1099,186
B009,PRD0310,189
B010,PRD1074,55
B007,PRD0295,128
B008,PRD1100,289
B004,PRD0716,293
B010,PRD0690,185
B010,PRD1190,74
B005,PRD0375,30
B001,PRD1143,277
B003,PRD0033,182
B002,PRD1154,138
B003,PRD1438,99
B009,PRD0535,82
B002,PRD1381,208
B006,PRD1455,241
B010,PRD1247,227
B002,PRD1213,222
B008,PRD1494,240
B002,PRD1210,10
B003,PRD1396,269
B001,PRD1248,46
B009,PRD0660,274
B010,PRD0138,213
B004,PRD1269,213
B005,PRD0935,271
B003,PRD1328,193
B008,PRD0666,187
B010,PRD0092,127
B007,PRD1096,212
B010,PRD1356,90
B010,PRD1182,236
B004,PRD1017,123
B005,PRD1394,41
B007,PRD1011,143
B005,PRD0585,111
B005,PRD0360,79
B004,PRD1359,255
B009,PRD0566,122
B003,PRD0863,157
B005,PRD0464,103
B007,PRD0814,58
B005,PRD0041,180
B005,PRD0314,146
B009,PRD1313,32
B003,PRD0762,8
B002,PRD1159,110
B010,PRD0678,234
B001,PRD0418,39
B010,PRD0076,254
B007,PRD0666,7
B006,PRD0154,95
B006,PRD0922,78
B004,PRD0627,136
B010,PRD1421,208
B006,PRD1185,189
B008,PRD0288,233
B007,PRD0358,147
B010,PRD0371,77
B008,PRD0341,290
B001,PRD0206,20
B008,PRD0545,50
B004,PRD0258,73
B007,PRD0596,108
B004,PRD0025,100
B004,PRD0976,235
B010,PRD0401,213
B005,PRD1491,104
B008,PRD0114,293
B004,PRD1202,154
B009,PRD0077,66
B006,PRD0958,91
B010,PRD0080,119
B009,PRD0868,33
B002,PRD0916,220
B002,PRD0333,135
B004,PRD0807,130
B001,PRD0632,132
B010,PRD0591,49
B001,PRD0848,61
B003,PRD1213,251
B001,PRD0168,210
B004,PRD0950,50
B008,PRD0888,1
B005,PRD1185,71
B008,PRD1425,121
B004,PRD0278,58
B003,PRD1298,192
B008,PRD0406,123
B003,PRD0653,92
B010,PRD1266,75
B008,PRD1320,175
B005,PRD1099,152
B009,PRD0653,250
B009,PRD0822,146
B004,PRD1055,121
B003,PRD1247,211
B006,PRD0159,223
B009,PRD0017,80
B002,PRD0921,63
B002,PRD1282,158
B003,PRD0471,64
B003,PRD1116,14
B001,PRD0729,46
B001,PRD0969,115
B006,PRD0758,263
B006,PRD0734,221
B006,PRD1386,137
B003,PRD0420,42
B009,PRD0955,282
B003,PRD0930,265
B002,PRD0573,227
B002,PRD1084,146
B007,PRD0983,89
B008,PRD1234,191
B005,PRD0227,242
B006,PRD0511,15
B005,PRD1183,6
B002,PRD0402,190
B004,PRD0607,10
B010,PRD0879,75
B005,PRD1478,67
B006,PRD1446,16
B009,PRD1244,63
B003,PRD1186,128
B003,PRD0509,211
B009,PRD1000,50
B008,PRD0920,55
B007,PRD1032,59
B001,PRD0501,107
B007,PRD0923,169
B005,PRD0577,109
B001,PRD0516,180
B006,PRD0259,238
B008,PRD1409,263
B010,PRD1493,74
B009,PRD1170,219
B003,PRD0473,19
B010,PRD0256,31
B003,PRD0763,7
B005,PRD0628,119
B001,PRD0793,17
B007,PRD0868,145
B010,PRD1214,148
B003,PRD0571,120
B009,PRD0469,290
B007,PRD0115,161
B009,PRD0542,115
B001,PRD1391,295
B003,PRD0939,277
B005,PRD0058,257
B006,PRD1327,178
B001,PRD0946,50
B010,PRD0571,266
B002,PRD0413,6
B002,PRD0216,76
B008,PRD0838,19
B008,PRD1096,16
B006,PRD1302,134
B009,PRD0780,180
B005,PRD0031,66
B001,PRD1262,214
B008,PRD0645,86
B010,PRD1188,134
B007,PRD0328,215
B007,PRD0441,238
B004,PRD0595,79
B002,PRD1304,236
B009,PRD1309,56
B002,PRD1347,190
B003,PRD1067,54
B008,PRD1467,277
B005,PRD1118,291
B006,PRD0800,94
B008,PRD1027,182
B004,PRD0568,215
B007,PRD1283,174
B007,PRD0715,193
B010,PRD1423,13
B003,PRD1074,104
B010,PRD0493,100
B007,PRD0982,156
B008,PRD0179,15
B006,PRD0526,46
B009,PRD0143,24
B010,PRD0951,229
B007,PRD0881,13
B001,PRD0298,14
B007,PRD0449,238
B006,PRD0319,291
B010,PRD0556,193
B001,PRD0752,287
B005,PRD1264,68
B003,PRD0065,155
B002,PRD0378,94
B002,PRD1284,231
B001,PRD0033,62
B004,PRD0942,249
B010,PRD1457,126
B006,PRD1267,85
B008,PRD0469,182
B005,PRD0153,149
B001,PRD0303,17
B001,PRD0840,228
B007,PRD0847,156
B010,PRD0206,92
B008,PRD1023,259
B004,PRD0279,43
B006,PRD1384,157
B001,PRD0715,27
B008,PRD0926,182
B003,PRD0450,204
B001,PRD1119,141
B007,PRD0061,42
B002,PRD0803,262
B008,PRD0563,146
B009,PRD0824,8
B007,PRD0980,13
B003,PRD0847,128
B005,PRD0899,36
B006,PRD0815,151
B009,PRD1416,222
B003,PRD0386,200
B007,PRD1074,271
B002,PRD1238,146
B010,PRD1009,233
B008,PRD0955,131
B002,PRD1136,216
B006,PRD0883,25
B008,PRD0129,176
B005,PRD1045,154
B010,PRD1422,153
B001,PRD0295,166
B005,PRD1372,71
B004,PRD0498,131
B007,PRD0672,86
B006,PRD0653,193
B009,PRD0235,102
B007,PRD0831,114
B002,PRD1252,191
B005,PRD0598,59
B003,PRD0579,269
B003,PRD0962,187
B009,PRD0983,245
B007,PRD0878,124
B008,PRD1106,75
B007,PRD0095,63
B002,PRD0638,105
B009,PRD1016,225
B003,PRD0656,216
B008,PRD0853,138
B008,PRD0722,146
B005,PRD1423,263
B002,PRD0872,281
B001,PRD0388,133
B009,PRD0630,223
B004,PRD1368,208
B004,PRD0512,248
B009,PRD0812,125
B002,PRD0242,51
B010,PRD1359,257
B006,PRD0583,141
B001,PRD1343,164
B001,PRD0994,133
B008,PRD0617,284
B001,PRD0883,252
B009,PRD1421,208
B002,PRD1361,47
B001,PRD1406,25
B008,PRD0874,76
B002,PRD0213,74
B007,PRD1258,92
B005,PRD1213,158
B009,PRD1193,37
B004,PRD0744,13
B008,PRD0845,164
B006,PRD0830,98
B002,PRD1063,230
B002,PRD1260,103
B002,PRD1369,25
B003,PRD1337,212
B004,PRD1130,205
B009,PRD0093,279
B007,PRD0504,221
B004,PRD0492,226
B001,PRD0923,208
B008,PRD1350,40
B005,PRD0999,142
B004,PRD1490,280
B004,PRD0026,142
B006,PRD1335,150
B010,PRD0220,154
B002,PRD1128,63
B008,PRD0686,295
B002,PRD0262,268
B002,PRD0208,248
B010,PRD1012,170
B003,PRD1075,104
B009,PRD1057,225
B002,PRD0881,217
B007,PRD0908,223
B004,PRD0889,124
B003,PRD1274,298
B009,PRD0321,62
B009,PRD0473,82
B001,PRD0508,52
B004,PRD0708,96
B003,PRD1108,143
B006,PRD1399,203
B001,PRD0590,64
B001,PRD1110,274
B006,PRD1447,18
B007,PRD1250,132
B003,PRD0002,157
B006,PRD1148,195
B007,PRD0422,235
B002,PRD0209,164
B007,PRD1360,220
B001,PRD1211,24
B010,PRD1401,4
B008,PRD0674,253
B008,PRD1162,170
B009,PRD0925,271
B009,PRD1056,10
B008,PRD0163,217
B001,PRD1193,52
B009,PRD1480,70
B010,PRD0788,139
B001,PRD1009,116
B004,PRD0640,110
B006,PRD0786,25
B001,PRD1084,118
B004,PRD1232,56
B010,PRD0687,187
B001,PRD1182,93
B008,PRD0583,210
B008,PRD0584,194
B006,PRD1346,212
B008,PRD0221,179
B004,PRD0426,215
B001,PRD0683,61
B010,PRD1479,219
B001,PRD1350,139
B010,PRD0374,84
B010,PRD0214,150
B008,PRD0102,117
B007,PRD1352,20
B001,PRD0727,281
B004,PRD1187,213
B009,PRD1493,71
B010,PRD0156,184
B008,PRD1490,70
B001,PRD1146,13
B009,PRD0419,77
B002,PRD0126,159
B002,PRD0658,196
B001,PRD0813,265
B010,PRD1054,113
B007,PRD0818,123
B009,PRD1060,197
B010,PRD0358,206
B001,PRD0858,39
B006,PRD0309,179
B007,PRD1228,104
B002,PRD1414,79
B009,PRD1013,188
B009,PRD0834,212
B004,PRD0578,133
B007,PRD0922,80
B003,PRD0829,192
B003,PRD0105,111
B007,PRD1176,235
B009,PRD0726,296
B009,PRD1380,235
B001,PRD0021,8
B010,PRD1225,22
B005,PRD0537,113
B006,PRD1357,141
B002,PRD1163,266
B006,PRD0991,1
B004,PRD0389,292
B006,PRD1119,76
B007,PRD0848,139
B008,PRD0395,93
B002,PRD1297,202
B001,PRD0138,42
B006,PRD0256,179
B001,PRD0960,23
B004,PRD0752,278
B001,PRD0244,120
B001,PRD0589,11
B003,PRD0589,271
B009,PRD0034,263
B007,PRD1440,228
B003,PRD0051,74
B004,PRD1308,67
B008,PRD0465,80
B004,PRD0636,29
B008,PRD1428,50
B007,PRD0258,89
B007,PRD0291,10
B005,PRD1415,66
B007,PRD0900,55
B002,PRD1206,85
B003,PRD0381,155
B009,PRD0804,107
B008,PRD0351,220
B005,PRD0351,147
B003,PRD0056,243
B003,PRD1210,142
B007,PRD0301,106
B008,PRD0527,116
B007,PRD1168,7
B005,PRD1365,182
B002,PRD0065,14
B010,PRD0082,67
B005,PRD1003,114
B004,PRD0643,204
B007,PRD0942,50
B004,PRD0793,198
B003,PRD1080,28
B007,PRD0104,35
B008,PRD0677,97
B005,PRD1486,119
B007,PRD1083,2
B009,PRD0156,51
B004,PRD0053,177
B007,PRD0891,134
B006,PRD0894,54
B001,PRD1181,117
B001,PRD1133,17
B008,PRD0095,97
B004,PRD1034,245
B003,PRD0281,230
B002,PRD0373,101
B003,PRD0971,253
B007,PRD0469,18
B006,PRD0742,282
B008,PRD0652,238
B010,PRD0502,25
B003,PRD0222,98
B002,PRD0492,258
B006,PRD1361,223
B003,PRD0442,166
B009,PRD0138,271
B007,PRD1336,30
B005,PRD0772,80
B010,PRD1475,25
B007,PRD1013,154
B004,PRD1461,108
B004,PRD0331,25
B006,PRD0102,17
B008,PRD1344,265
B009,PRD0490,236
B009,PRD0097,199
B010,PRD1114,292
B006,PRD1428,82
B005,PRD1174,155
B010,PRD0561,101
B003,PRD0635,172
B005,PRD0358,105
B006,PRD0005,80
B007,PRD1201,287
B007,PRD1084,238
B006,PRD0249,253
B009,PRD1140,181
B010,PRD0489,172
B010,PRD1003,235
B006,PRD1391,58
B003,PRD0530,167
B001,PRD1409,48
B001,PRD0015,275
B005,PRD0650,54
B001,PRD0220,201
B010,PRD0353,122
B009,PRD0070,135
B007,PRD1193,86
B008,PRD1357,163
B009,PRD0023,187
B004,PRD0193,119
B008,PRD1164,226
B001,PRD0420,10
B002,PRD1025,165
B006,PRD1324,192
B009,PRD1082,64
B010,PRD1068,41
B009,PRD0121,107
B006,PRD0570,24
B009,PRD1468,236
B010,PRD1155,102
B006,PRD0057,192
B008,PRD1088,211
B006,PRD1154,145
B010,PRD1334,30
B009,PRD0738,249
B008,PRD0799,238
B001,PRD0513,59
B010,PRD0755,216
B006,PRD0383,258
B004,PRD1419,37
B002,PRD0873,22
B010,PRD1076,61
B005,PRD0701,210
B001,PRD0148,64
B008,PRD0826,179
B004,PRD0560,92
B002,PRD0397,234
B005,PRD1223,236
B007,PRD0749,191
B006,PRD1012,117
B003,PRD1115,24
B007,PRD0651,5
B005,PRD0556,23
B002,PRD0671,58
B009,PRD0547,151
B002,PRD0828,15
B005,PRD0617,123
B005,PRD1483,116
B002,PRD0479,47
B005,PRD0791,19
B001,PRD0751,17
B010,PRD1049,281
B007,PRD0105,98
B005,PRD0229,45
B007,PRD0163,40
B003,PRD1252,227
B008,PRD0301,127
B003,PRD1126,285
B007,PRD1041,223
B002,PRD0304,26
B003,PRD0750,160
B010,PRD1473,215
B005,PRD0498,200
B010,PRD1127,11
B006,PRD0344,151
B003,PRD0928,2
B002,PRD0750,199
B003,PRD1357,29
B010,PRD1021,90
B005,PRD0107,219
B009,PRD0870,149
B002,PRD0073,137
B006,PRD0893,163
B008,PRD0144,63
B008,PRD1041,54
B007,PRD0869,130
B010,PRD0936,279
B002,PRD0562,9
B007,PRD0811,215
B007,PRD1428,44
B004,PRD0052,68
B004,PRD1063,266
B002,PRD0754,180
B010,PRD0719,268
B001,PRD0293,250
B007,PRD0664,216
B005,PRD1360,33
B006,PRD1017,208
B003,PRD0980,284
B004,PRD1121,287
B009,PRD0452,27
B009,PRD0507,142
B001,PRD0242,252
B010,PRD1141,296
B006,PRD0969,299
B002,PRD1418,92
B009,PRD0645,284
B003,PRD0403,115
B005,PRD1425,108
B007,PRD0759,159
B005,PRD1463,136
B010,PRD0084,10
B003,PRD0819,186
B003,PRD0922,70
B006,PRD0035,232
B009,PRD1050,164
B010,PRD0585,182
B007,PRD0360,181
B010,PRD0997,80
B005,PRD0839,154
B005,PRD0287,108
B004,PRD0088,262
B005,PRD0783,170
B004,PRD0166,44
B010,PRD0792,153
B009,PRD1025,234
B007,PRD0858,49
B007,PRD1161,86
B001,PRD0164,175
B002,PRD1431,4
B002,PRD0117,178
B008,PRD1346,123
B005,PRD0918,172
B003,PRD0300,288
B002,PRD0377,245
B010,PRD0440,76
B005,PRD1269,29
B004,PRD0804,218
B009,PRD1106,82
B006,PRD0825,150
B006,PRD0280,167
B009,PRD0291,89
B010,PRD0829,112
B001,PRD0991,188
B008,PRD1172,240
B006,PRD0409,155
B002,PRD0234,24
B009,PRD0404,77
B001,PRD0243,279
B005,PRD1273,1
B002,PRD1106,48
B006,PRD0652,95
B008,PRD0217,105
B001,PRD0605,62
B010,PRD0254,9
B005,PRD1143,30
B009,PRD0155,217
B010,PRD1128,127
B008,PRD0778,56
B004,PRD1462,16
B002,PRD0591,100
B008,PRD0041,106
B004,PRD1155,287
B001,PRD1023,252
B005,PRD0339,61
B010,PRD0312,267
B004,PRD1317,243
B006,PRD0300,266
B010,PRD1440,138
B002,PRD0793,257
B008,PRD0497,185
B006,PRD0107,70
B007,PRD1462,151
B002,PRD0988,105
B003,PRD0677,225
B003,PRD0214,53
B010,PRD0044,244
B004,PRD0147,285
B008,PRD0065,119
B008,PRD0512,228
B003,PRD1205,263
B008,PRD0004,64
B007,PRD1497,22
B008,PRD1168,255
B003,PRD1123,72
B004,PRD1178,112
B008,PRD0138,264
B006,PRD1053,14
B005,PRD0609,78
B004,PRD0615,186
B005,PRD1298,260
B007,PRD0037,291
B002,PRD1153,78
B005,PRD0746,17
B006,PRD0485,141
B006,PRD1004,77
B008,PRD0308,289
B010,PRD0761,115
B002,PRD1255,42
B007,PRD1042,196
B009,PRD0059,134
B009,PRD1206,67
B009,PRD1431,23
B010,PRD1014,288
B007,PRD0151,238
B003,PRD0108,75
B003,PRD0730,18
B006,PRD0874,164
B004,PRD1059,5
B009,PRD0161,35
B010,PRD0419,38
B005,PRD0559,24
B009,PRD0578,53
B006,PRD0798,77
B005,PRD1129,273
B006,PRD1086,232
B006,PRD1372,226
B007,PRD0354,235
B009,PRD1489,283
B004,PRD0688,261
B004,PRD1454,289
B001,PRD1430,142
B008,PRD0493,194
B006,PRD0196,119
B004,PRD0494,25
B006,PRD0402,127
B006,PRD0228,227
B001,PRD0468,160
B010,PRD0163,33
B004,PRD1431,184
B009,PRD0991,286
B002,PRD1448,266
B009,PRD0232,200
B001,PRD1370,133
B007,PRD0605,130
B010,PRD1201,96
B006,PRD0954,206
B003,PRD1263,228
B002,PRD1182,80
B001,PRD0535,114
B003,PRD0835,274
B001,PRD0264,212
B010,PRD0451,249
B008,PRD0292,262
B010,PRD0811,111
B010,PRD0097,30
B004,PRD0490,73
B003,PRD0661,115
B009,PRD0730,86
B001,PRD0267,60
B005,PRD0334,196
B008,PRD0851,133
B003,PRD0099,89
B005,PRD0061,57
B005,PRD1140,112
B002,PRD1452,284
B005,PRD1331,260
B005,PRD0401,116
B004,PRD1356,58
B002,PRD1314,215
B001,PRD0571,107
B004,PRD1206,175
B007,PRD1373,276
B006,PRD0161,68
B008,PRD0242,193
B009,PRD0976,5
B007,PRD0160,215
B004,PRD0428,43
B003,PRD1163,168
B007,PRD0066,246
B004,PRD0698,1
B002,PRD0651,91
B005,PRD0811,81
B001,PRD1476,201
B003,PRD0443,124
B007,PRD1399,73
B008,PRD1063,241
B002,PRD0443,192
B006,PRD0324,240
B004,PRD0815,100
B002,PRD0652,216
B004,PRD1381,6
B001,PRD1058,157
B001,PRD1356,136
B007,PRD1411,124
B006,PRD1195,115
B009,PRD0905,115
B008,PRD1270,116
B006,PRD1082,290
B010,PRD1262,69
B001,PRD0504,99
B003,PRD0293,264
B001,PRD0624,269
B002,PRD1419,196
B006,PRD0717,195
B006,PRD1425,182
B003,PRD0315,29
B004,PRD1074,256
B009,PRD0677,180
B008,PRD0950,173
B001,PRD0674,141
B006,PRD0630,118
B003,PRD0654,275
B003,PRD0895,173
B002,PRD0301,119
B004,PRD0868,55
B008,PRD1338,74
B005,PRD0828,197
B006,PRD0729,209
B003,PRD0501,51
B010,PRD0716,172
B008,PRD0939,134
B004,PRD0070,26
B001,PRD1455,290
B005,PRD1060,286
B010,PRD0539,35
B007,PRD1010,151
B001,PRD0702,293
B005,PRD0945,163
B007,PRD0171,56
B002,PRD0599,98
B002,PRD1155,199
B010,PRD0346,42
B003,PRD0288,80
B008,PRD1386,85
B001,PRD0669,96
B009,PRD1446,80
B001,PRD0522,238
B004,PRD0234,88
B009,PRD0440,273
B002,PRD0355,225
B010,PRD1195,267
B007,PRD1128,212
B001,PRD0581,273
B007,PRD1125,223
B003,PRD0732,232
B002,PRD1360,101
B005,PRD1103,8
B006,PRD1026,66
B004,PRD0644,136
B007,PRD0478,281
B003,PRD0545,61
B001,PRD1117,215
B008,PRD0398,54
B010,PRD0999,163
B002,PRD0778,201
B004,PRD0994,120
B001,PRD1347,297
B007,PRD0247,131
B002,PRD0906,151
B003,PRD0996,83
B006,PRD0199,9
B002,PRD0299,221
B009,PRD1418,149
B004,PRD0642,192
B001,PRD0821,167
B008,PRD0861,79
B002,PRD0532,46
B006,PRD1251,160
B005,PRD0557,13
B008,PRD0113,295
B010,PRD0916,32
B001,PRD1213,0
B009,PRD1145,258
B010,PRD0378,152
B005,PRD1096,134
B007,PRD0800,125
B001,PRD1003,12
B010,PRD0329,222
B003,PRD0452,208
B010,PRD0776,180
B007,PRD0286,196
B010,PRD0808,213
B004,PRD0522,119
B005,PRD0597,71
B008,PRD0261,167
B004,PRD0654,149
B006,PRD1231,48
B007,PRD0264,129
B009,PRD0243,170
B010,PRD0373,149
B007,PRD0631,211
B006,PRD1473,71
B007,PRD1320,146
B006,PRD1344,196
B003,PRD0036,19
B001,PRD0640,88
B004,PRD1489,196
B004,PRD0499,104
B005,PRD0669,247
B009,PRD0829,202
B002,PRD1179,188
B006,PRD0859,227
B010,PRD0299,219
B008,PRD0108,122
B007,PRD1191,68
B006,PRD1451,264
B002,PRD0249,223
B008,PRD1104,299
B002,PRD0437,135
B008,PRD1001,243
B001,PRD1311,217
B010,PRD1005,22
B003,PRD0515,295
B007,PRD0901,189
B008,PRD1412,73
B004,PRD1234,101
B010,PRD0407,236
B003,PRD1428,264
B009,PRD0520,234
B001,PRD0888,229
B005,PRD0240,227
B009,PRD1261,33
B005,PRD1382,287
B003,PRD1088,275
B003,PRD1481,143
B003,PRD1273,104
B002,PRD1167,241
B001,PRD1474,78
B006,PRD1355,83
B010,PRD0468,81
B009,PRD0198,199
B002,PRD1265,52
B005,PRD0838,47
B010,PRD1306,126
B008,PRD0960,39
B006,PRD0118,177
B006,PRD1103,49
B006,PRD1207,60
B001,PRD1366,40
B001,PRD1291,170
B004,PRD1398,267
B001,PRD0577,162
B010,PRD0675,183
B001,PRD0166,134
B008,PRD0378,2
B007,PRD0045,147
B004,PRD0125,43
B007,PRD0131,281
B006,PRD0749,151
B001,PRD0337,208
B003,PRD1129,110
B010,PRD1292,108
B008,PRD0467,259
B006,PRD1027,36
B004,PRD1068,162
B008,PRD0191,206
B010,PRD1104,235
B008,PRD0849,116
B005,PRD0880,71
B010,PRD1366,127
B005,PRD1449,118
B008,PRD1493,51
B006,PRD1115,283
B010,PRD1061,76
B002,PRD0297,0
B008,PRD1259,254
B004,PRD0115,234
B002,PRD0422,289
B002,PRD1113,82
B003,PRD0624,293
B004,PRD1003,22
B008,PRD0143,297
B006,PRD1155,39
B001,PRD0542,159
B004,PRD0845,51
B003,PRD0055,144
B008,PRD1121,136
B007,PRD1432,70
B002,PRD0632,295
B003,PRD0142,111
B007,PRD0693,160
B008,PRD1045,152
B010,PRD0122,173
B005,PRD1030,38
B008,PRD0442,252
B006,PRD1293,209
B005,PRD0150,165
B008,PRD1199,29
B008,PRD0637,300
B006,PRD0774,29
B005,PRD0627,195
B005,PRD1241,65
B001,PRD0944,282
B003,PRD0559,129
B002,PRD0904,290
B002,PRD0755,81
B005,PRD0200,215
B007,PRD0996,52
B003,PRD1204,258
B007,PRD0797,236
B003,PRD1015,258
B008,PRD0244,250
B010,PRD0320,272
B005,PRD1130,5
B005,PRD1395,135
B008,PRD1496,183
B007,PRD1274,215
B010,PRD0031,188
B007,PRD0851,296
B003,PRD0990,175
B004,PRD0631,106
B006,PRD0473,127
B007,PRD1475,230
B003,PRD1395,182
B007,PRD0932,143
B002,PRD0772,198
B008,PRD0929,289
B003,PRD1313,251
B010,PRD1017,144
B003,PRD1410,82
B002,PRD0166,281
B001,PRD1008,231
B004,PRD0222,5
B002,PRD0207,46
B001,PRD0116,86
B010,PRD0817,121
B005,PRD0235,212
B003,PRD0629,220
B002,PRD1150,48
B009,PRD1006,243
B009,PRD0727,20
B009,PRD0967,96
B010,PRD0305,265
B002,PRD0732,119
B006,PRD1351,118
B006,PRD1379,115
B003,PRD1244,104
B005,PRD0056,112
B002,PRD1042,38
B005,PRD0916,250
B005,PRD0728,237
B010,PRD0748,214
B003,PRD0218,98
B003,PRD0868,22
B010,PRD0948,73
B009,PRD1257,227
B006,PRD1383,234
B009,PRD0540,51
B004,PRD0783,196
B004,PRD0655,212
B001,PRD0459,125
B005,PRD0813,189
B002,PRD0325,258
B004,PRD0446,157
B003,PRD1236,11
B005,PRD1402,35
B010,PRD0202,216
B006,PRD0113,180
B006,PRD0536,259
B009,PRD1127,32
B010,PRD0707,36
B001,PRD0637,183
B010,PRD0191,156
B004,PRD0734,292
B010,PRD1179,104
B006,PRD1334,9
B003,PRD0176,207
B004,PRD1364,157
B001,PRD1446,272
B007,PRD0592,95
B008,PRD0227,143
B003,PRD0269,181
B006,PRD1358,129
B007,PRD0846,211
B008,PRD0101,263
B009,PRD0518,26
B004,PRD0289,139
B009,PRD0849,178
B008,PRD0804,12
B005,PRD0077,281
B006,PRD0613,212
B001,PRD0060,284
B002,PRD0112,292
B003,PRD0609,145
B002,PRD1495,235
B009,PRD1008,228
B001,PRD0085,286
B003,PRD0289,125
B002,PRD0630,108
B001,PRD1327,124
B006,PRD0428,162
B001,PRD1131,160
B003,PRD0587,285
B007,PRD1447,214
B002,PRD1105,199
B009,PRD0701,194
B008,PRD0916,70
B004,PRD0786,265
B001,PRD0095,19
B005,PRD0753,40
B010,PRD1375,108
B004,PRD0712,41
B008,PRD0444,178
B007,PRD0010,41
B004,PRD0983,88
B008,PRD0502,78
B004,PRD0848,167
B003,PRD0457,227
B003,PRD0227,60
B006,PRD0164,295
B006,PRD0219,288
B010,PRD1419,33
B001,PRD0881,73
B005,PRD0675,218
B004,PRD0145,1
B009,PRD0674,202
B004,PRD0206,173
B002,PRD0794,128
B002,PRD0634,292
B001,PRD0191,16
B001,PRD0218,21
B008,PRD0075,64
B002,PRD0935,91
B003,PRD0852,178
B010,PRD1011,118
B004,PRD0172,166
B005,PRD0548,117
B009,PRD0784,115
B002,PRD0702,24
B001,PRD0710,296
B009,PRD0261,227
B006,PRD0611,95
B006,PRD1158,280
B001,PRD0774,223
B009,PRD0529,245
B001,PRD0971,172
B001,PRD0834,164
B009,PRD0293,247
B005,PRD1366,177
B004,PRD1244,140
B002,PRD0600,246
B001,PRD0074,289
B008,PRD0863,142
B007,PRD0277,163
B002,PRD0066,19
B004,PRD0226,11
B006,PRD1332,260
B008,PRD0700,227
B004,PRD0401,38
B008,PRD1208,289
B001,PRD0972,82
B006,PRD0685,187
B005,PRD0167,263
B004,PRD0623,181
B001,PRD0639,223
B010,PRD1290,247
B006,PRD0998,43
B009,PRD1265,104
B010,PRD0930,45
B007,PRD0148,48
B001,PRD0260,136
B007,PRD1391,22
B004,PRD0359,37
B004,PRD0852,52
B005,PRD1281,76
B003,PRD0395,150
B001,PRD1464,238
B002,PRD0628,300
B002,PRD0653,36
B001,PRD0797,298
B004,PRD0501,145
B005,PRD0251,76
B006,PRD1463,242
B010,PRD0431,164
B007,PRD0562,15
B010,PRD1165,190
B008,PRD0962,264
B001,PRD0987,219
B001,PRD1120,216
B004,PRD0775,46
B007,PRD0122,68
B002,PRD1440,109
B006,PRD0169,247
B003,PRD1296,165
B005,PRD0984,82
B006,PRD1276,265
B004,PRD1478,165
B005,PRD0747,280
B010,PRD1115,264
B007,PRD1485,48
B005,PRD1307,171
B001,PRD1118,135
B007,PRD1493,147
B006,PRD0841,224
B002,PRD1204,41
B006,PRD0505,262
B002,PRD1302,235
B003,PRD1207,136
B008,PRD1289,220
B003,PRD0021,254
B006,PRD0193,251
B004,PRD1435,51
B007,PRD0140,284
B010,PRD1150,48
B006,PRD0150,299
B006,PRD1209,279
B009,PRD1403,34
B003,PRD1319,67
B004,PRD0993,73
B003,PRD1494,203
B006,PRD1071,90
B009,PRD1353,63
B005,PRD1497,185
B007,PRD0510,57
B009,PRD0879,249
B003,PRD1439,28
B003,PRD1253,187
B004,PRD0380,14
B006,PRD1496,102
B005,PRD0412,267
B009,PRD1449,210
B006,PRD1294,79
B004,PRD0285,205
B001,PRD1381,248
B006,PRD0860,143
B005,PRD0326,188
B006,PRD0392,294
B005,PRD1391,162
B005,PRD0429,184
B005,PRD1231,106
B009,PRD0882,274
B001,PRD1294,42
B003,PRD0872,212
B009,PRD0058,236
B002,PRD0248,82
B006,PRD1307,217
B005,PRD0778,277
B006,PRD0471,117
B006,PRD0221,45
B008,PRD0354,258
B007,PRD0310,249
B003,PRD0670,205
B009,PRD0968,125
B001,PRD0071,183
B003,PRD0364,226
B006,PRD0456,87
B003,PRD0963,202
B009,PRD0556,0
B003,PRD0231,152
B001,PRD0347,231
B003,PRD1068,13
B001,PRD0517,103
B003,PRD0419,225
B002,PRD0752,243
B007,PRD0302,298
B001,PRD1256,103
B009,PRD0862,93
B007,PRD1255,261
B004,PRD0728,4
B001,PRD1331,228
B004,PRD0462,146
B003,PRD0446,111
B005,PRD0651,110
B008,PRD1475,196
B009,PRD0374,279
B008,PRD1005,173
B003,PRD1169,210
B008,PRD0178,212
B004,PRD0077,9
B007,PRD1286,154
B009,PRD1172,197
B009,PRD0137,133
B008,PRD0090,286
B009,PRD1259,209
B010,PRD0773,248
B004,PRD0277,210
B008,PRD1256,123
B003,PRD1070,102
B008,PRD0650,267
B002,PRD0084,13
B006,PRD0139,9
B004,PRD0281,72
B003,PRD1375,29
B003,PRD0171,245
B002,PRD1295,201
B001,PRD0682,271
B008,PRD0077,107
B007,PRD0829,214
B005,PRD1256,92
B001,PRD0836,201
B002,PRD0887,11
B009,PRD1414,124
B010,PRD1360,227
B001,PRD1101,144
B010,PRD0712,175
B008,PRD0142,239
B009,PRD1001,16
B004,PRD0213,282
B002,PRD1036,28
B004,PRD1083,97
B001,PRD1275,274
B007,PRD0987,106
B002,PRD0369,118
B006,PRD1322,161
B008,PRD0896,258
B010,PRD1110,163
B007,PRD1310,254
B002,PRD1026,110
B003,PRD0429,116
B001,PRD0006,113
B010,PRD0113,198
B007,PRD1208,157
B009,PRD0934,102
B007,PRD1134,51
B003,PRD1259,1
B009,PRD0644,217
B002,PRD0995,216
B005,PRD0901,83
B010,PRD0778,153
B007,PRD1294,183
B005,PRD0096,107
B009,PRD0255,204
B001,PRD0908,126
B006,PRD0626,279
B009,PRD1124,278
B001,PRD0490,269
B004,PRD0383,50
B004,PRD0535,24
B001,PRD0630,236
B002,PRD1289,80
B001,PRD1160,136
B007,PRD0917,298
B008,PRD1375,116
B008,PRD0053,253
B008,PRD0840,205
B004,PRD0100,285
B003,PRD1221,49
B006,PRD0836,100
B009,PRD1354,208
B004,PRD0978,222
B004,PRD0097,105
B002,PRD0328,4
B010,PRD1067,20
B006,PRD0185,287
B005,PRD0342,265
B006,PRD0514,87
B004,PRD0326,277
B004,PRD0393,165
B010,PRD0434,162
B009,PRD0066,118
B010,PRD0247,280
B006,PRD0414,243
B009,PRD0332,5
B003,PRD0603,5
B009,PRD1360,154
B010,PRD0034,128
B007,PRD0491,196
B002,PRD1242,161
B007,PRD0001,277
B010,PRD0510,203
B009,PRD0659,136
B007,PRD0463,252
B002,PRD1016,26
B008,PRD1318,247
B007,PRD0545,284
B004,PRD1002,60
B005,PRD0804,239
B007,PRD0361,116
B010,PRD1152,204
B005,PRD0618,236
B008,PRD0111,253
B005,PRD1234,142
B001,PRD1022,43
B003,PRD1045,182
B003,PRD1062,133
B003,PRD0800,243
B002,PRD1384,241
B003,PRD0982,144
B006,PRD1409,268
B010,PRD1485,87
B002,PRD0853,55
B009,PRD0591,294
B001,PRD0860,233
B007,PRD0615,130
B005,PRD0878,52
B005,PRD0527,150
B001,PRD0110,70
B003,PRD1023,227
B004,PRD0537,270
B009,PRD0263,158
B004,PRD0358,286
B008,PRD1399,269
B004,PRD0497,68
B003,PRD1390,30
B006,PRD0122,93
B008,PRD1300,275
B001,PRD0277,163
B005,PRD0616,31
B001,PRD1235,154
B005,PRD0366,273
B007,PRD0293,158
B001,PRD0162,115
B003,PRD1201,77
B004,PRD0005,216
B002,PRD1192,5
B004,PRD0238,204
B008,PRD1087,95
B007,PRD0895,263
B004,PRD1218,264
B001,PRD1388,241
B008,PRD1182,225
B010,PRD1417,129
B007,PRD0222,231
B007,PRD0200,16
B009,PRD1442,144
B006,PRD0011,32
B002,PRD0807,158
B004,PRD0900,136
B003,PRD0518,130
B003,PRD0769,143
B010,PRD1329,294
B004,PRD0246,2
B001,PRD0945,225
B009,PRD0830,197
B010,PRD0335,222
B002,PRD0845,269
B005,PRD0273,228
B005,PRD1109,48
B001,PRD1224,110
B007,PRD0699,61
B006,PRD0612,277
B003,PRD1150,128
B007,PRD0363,199
B010,PRD0028,290
B008,PRD0836,16
B004,PRD1045,206
B009,PRD0389,258
B005,PRD0735,234
B002,PRD0668,43
B006,PRD0030,82
B005,PRD0687,145
B010,PRD1084,163
B001,PRD0805,122
B007,PRD0138,101
B001,PRD1385,10
B006,PRD0924,186
B005,PRD1100,158
B002,PRD1322,59
B010,PRD1424,244
B005,PRD1149,248
B010,PRD0356,14
B006,PRD0073,3
B002,PRD0256,268
B003,PRD0759,188
B010,PRD0278,6
B004,PRD0692,156
B010,PRD0024,240
B009,PRD0577,259
B005,PRD0821,15
B007,PRD1155,44
B008,PRD0097,50
B004,PRD0037,123
B010,PRD0201,86
B010,PRD1027,172
B004,PRD0049,278
B001,PRD1400,6
B002,PRD1129,199
B004,PRD0364,118
B003,PRD0430,231
B006,PRD1223,234
B005,PRD1272,181
B008,PRD0033,156
B007,PRD0429,35
B003,PRD0618,177
B004,PRD0967,226
B004,PRD0956,221
B003,PRD1154,223
B008,PRD0006,160
B001,PRD0066,282
B010,PRD0167,95
B006,PRD1072,123
B010,PRD0267,164
B005,PRD1175,157
B003,PRD0460,54
B008,PRD0518,244
B009,PRD1390,244
B004,PRD0235,88
B008,PRD1202,281
B008,PRD0533,207
B007,PRD1034,245
B006,PRD1058,68
B007,PRD0161,99
B008,PRD1058,49
B007,PRD0806,188
B007,PRD1361,280
B007,PRD0143,160
B005,PRD0303,80
B005,PRD1021,18
B003,PRD0889,166
B010,PRD0766,8
B004,PRD0613,272
B005,PRD0763,214
B010,PRD1062,24
B005,PRD0603,199
B002,PRD1040,199
B009,PRD0412,89
B008,PRD0272,234
B009,PRD1238,74
B003,PRD0601,194
B007,PRD1480,131
B001,PRD1315,84
B004,PRD1230,1
B005,PRD0973,129
B010,PRD1268,103
B001,PRD1125,242
B002,PRD0438,212
B002,PRD1000,260
B003,PRD0491,233
B003,PRD0433,161
B002,PRD0075,125
B007,PRD0323,76
B010,PRD0099,67
B010,PRD0643,220
B007,PRD0509,188
B009,PRD1301,97
B006,PRD1368,11
B008,PRD0578,37
B005,PRD0139,119
B004,PRD0058,114
B001,PRD0699,288
B001,PRD0381,153
B007,PRD1365,280
B010,PRD0112,264
B003,PRD0123,210
B005,PRD1386,162
B006,PRD0098,15
B001,PRD0998,257
B008,PRD1397,66
B009,PRD0275,270
B002,PRD1450,112
B004,PRD0099,12
B005,PRD0332,160
B008,PRD0072,126
B001,PRD1210,58
B004,PRD0932,18
B008,PRD0451,174
B002,PRD1148,274
B005,PRD0545,36
B001,PRD0684,298
B006,PRD1233,298
B010,PRD0856,143
B002,PRD0919,159
B003,PRD1197,126
B009,PRD0694,4
B010,PRD0198,65
B003,PRD0476,170
B009,PRD0298,290
B010,PRD0747,127
B001,PRD0163,114
B006,PRD0530,139
B002,PRD1489,176
B006,PRD0480,143
B003,PRD0140,49
B001,PRD1011,261
B008,PRD1273,147
B001,PRD0286,219
B006,PRD1402,271
B001,PRD1038,58
B007,PRD0145,1
B002,PRD0329,78
B007,PRD1305,205
B006,PRD1090,129
B006,PRD1405,108
B008,PRD0771,109
B007,PRD0403,244
B004,PRD0210,294
B004,PRD0963,101
B004,PRD1149,176
B005,PRD1315,147
B007,PRD0098,53
B007,PRD1499,125
B001,PRD1272,163
B001,PRD1194,3
B009,PRD1130,144
B002,PRD0089,255
B001,PRD1308,218
B003,PRD1230,217
B006,PRD0012,66
B010,PRD1420,32
B007,PRD0604,290
B001,PRD0338,35
B008,PRD0653,115
B001,PRD0567,125
B001,PRD0320,16
B002,PRD0401,42
B002,PRD0911,221
B007,PRD0091,32
B007,PRD1282,299
B001,PRD0997,204
B002,PRD0011,149
B009,PRD0231,106
B006,PRD1364,300
B001,PRD0072,24
B007,PRD0082,124
B008,PRD0531,119
B005,PRD1067,253
B006,PRD1296,139
B009,PRD1315,260
B004,PRD0439,20
B006,PRD1140,144
B005,PRD0048,228
B001,PRD0357,76
B003,PRD0236,154
B002,PRD0558,171
B009,PRD0331,183
B005,PRD1290,284
B006,PRD1498,212
B006,PRD0050,248
B001,PRD1338,233
B001,PRD0926,163
B007,PRD0340,3
B003,PRD0060,140
B005,PRD0531,126
B009,PRD1462,233
B005,PRD1484,298
B005,PRD1467,230
B007,PRD1130,49
B008,PRD0711,144
B003,PRD0050,208
B005,PRD0655,123
B004,PRD0706,21
B009,PRD0693,231
B006,PRD0282,30
B005,PRD1157,237
B006,PRD1456,171
B002,PRD0518,76
B002,PRD0345,84
B007,PRD0646,195
B005,PRD1318,292
B008,PRD1240,173
B005,PRD1399,87
B003,PRD1002,162
B010,PRD0307,274
B010,PRD0463,170
B003,PRD0451,258
B009,PRD1498,220
B003,PRD0313,164
B006,PRD1102,265
B009,PRD0669,42
B009,PRD0413,25
B004,PRD0113,253
B002,PRD0227,245
B009,PRD0621,265
B006,PRD0335,128
B009,PRD0098,78
B008,PRD0678,122
B005,PRD0640,199
B008,PRD1155,205
B005,PRD0759,1
B002,PRD0358,113
B003,PRD0743,170
B010,PRD1095,255
B006,PRD1014,189
B008,PRD0976,1
B010,PRD0552,271
B006,PRD0079,61
B002,PRD1475,131
B008,PRD0243,210
B002,PRD1367,38
B006,PRD1406,224
B005,PRD1345,1
B005,PRD0576,173
B006,PRD0329,158
B002,PRD1492,174
B004,PRD1179,212
B009,PRD1404,139
B004,PRD0809,255
B009,PRD0341,3
B009,PRD0349,221
B007,PRD1003,244
B010,PRD0652,69
B005,PRD1068,161
B009,PRD0181,242
B002,PRD0899,152
B009,PRD0335,9
B004,PRD1444,250
B004,PRD0300,276
B004,PRD0231,273
B009,PRD0587,293
B005,PRD0544,255
B007,PRD0812,258
B005,PRD0893,11
B009,PRD0980,202
B005,PRD0363,135
B009,PRD1043,140
B001,PRD1109,76
B006,PRD1287,267
B005,PRD1151,281
B007,PRD0956,172
B004,PRD0657,73
B004,PRD0653,78
B008,PRD1078,186
B006,PRD0839,112
B004,PRD0243,48
B003,PRD1351,90
B002,PRD0796,181
B006,PRD1500,142
B001,PRD1237,27
B010,PRD0686,56
B006,PRD0218,119
B009,PRD0835,144
B006,PRD0775,294
B010,PRD1091,215
B002,PRD0578,73
B003,PRD0638,148
B007,PRD1476,11
B005,PRD0263,124
B005,PRD0441,171
B005,PRD0149,16
B002,PRD0998,50
B007,PRD0617,292
B004,PRD1134,268
B010,PRD1130,198
B010,PRD0837,248
B008,PRD0431,98
B010,PRD0905,87
B010,PRD0306,73
B010,PRD1371,256
B004,PRD0898,177
B002,PRD0685,190
B002,PRD0849,87
B008,PRD0897,87
B006,PRD1464,81
B004,PRD0934,257
B005,PRD0093,29
B004,PRD1000,104
B006,PRD0817,43
B009,PRD0384,68
B008,PRD1298,226
B001,PRD0869,147
B005,PRD0845,32
B006,PRD1435,280
B005,PRD0349,93
B008,PRD0835,20
B008,PRD0445,184
B002,PRD0687,90
B002,PRD0511,133
B001,PRD0296,293
B010,PRD1230,165
B004,PRD0086,201
B006,PRD0658,180
B002,PRD0501,168
B007,PRD0226,228
B009,PRD1017,237
B002,PRD0623,59
B007,PRD0576,9
B004,PRD1170,146
B008,PRD1016,100
B007,PRD0366,120
B003,PRD0794,178
B002,PRD1006,180
B002,PRD0545,18
B006,PRD1390,25
B008,PRD1043,138
B010,PRD1275,46
B001,PRD0825,66
B005,PRD0757,182
B008,PRD1250,77
B001,PRD1377,134
B006,PRD0236,54
B009,PRD0929,90
B008,PRD1426,22
B008,PRD0468,283
B002,PRD1187,61
B001,PRD0008,93
B004,PRD1468,131
B003,PRD0539,181
B006,PRD0451,265
B006,PRD1397,86
B010,PRD1078,240
B006,PRD0524,287
B007,PRD0990,97
B003,PRD1189,250
B002,PRD0360,134
B007,PRD0243,37
B008,PRD1462,51
B008,PRD1465,89
B002,PRD1353,72
B001,PRD0974,169
B003,PRD0931,33
B004,PRD0207,18
B006,PRD0904,119
B005,PRD1098,52
B003,PRD1211,19
B001,PRD0394,185
B007,PRD1289,242
B006,PRD1427,137
B002,PRD0029,145
B008,PRD1374,135
B001,PRD0555,11
B010,PRD0404,136
B007,PRD0384,267
B007,PRD0600,139
B002,PRD0730,93
B005,PRD0117,272
B006,PRD0354,85
B001,PRD1154,297
B004,PRD0784,144
B010,PRD0007,61
B009,PRD0857,7
B010,PRD1285,53
B010,PRD1145,170
B008,PRD1145,137
B004,PRD0513,117
B002,PRD1258,60
B007,PRD0737,40
